,abilities,v_measure,mutual_info,adjusted_rand_score,calinski_harabasz,davies_bouldin,silhouette
abilities,1.0,0.7528483299060745,0.8217640193408547,0.754515644973045,0.7617962540988162,-0.5224809648196521,0.5633301839604291
v_measure,0.7528483299060745,1.0,0.9520924804090479,0.9667648529983882,0.7963096759851053,-0.7480686933807592,0.6559217473461901
mutual_info,0.8217640193408547,0.9520924804090479,1.0,0.9359751014283333,0.750903128994609,-0.6165731117656866,0.5533818707275051
adjusted_rand_score,0.754515644973045,0.9667648529983882,0.9359751014283333,1.0,0.77118879564275,-0.6989940532429278,0.6300227866392486
calinski_harabasz,0.7617962540988162,0.7963096759851053,0.750903128994609,0.77118879564275,1.0,-0.8699494247763019,0.686155727227255
davies_bouldin,-0.5224809648196521,-0.7480686933807592,-0.6165731117656866,-0.6989940532429278,-0.8699494247763019,1.0,-0.6693158450508531
silhouette,0.5633301839604291,0.6559217473461901,0.5533818707275051,0.6300227866392486,0.686155727227255,-0.6693158450508531,1.0
