,abilities,v_measure,mutual_info,adjusted_rand_score,calinski_harabasz,davies_bouldin,silhouette
abilities,1.0,0.8230422942255321,0.8870116156282999,0.795086978269327,0.7926971600066692,-0.5647751903518035,0.5245373200689157
v_measure,0.8230422942255321,1.0,0.9635413772022453,0.9702662146390263,0.7996443061190462,-0.70677485688879,0.6089034624576224
mutual_info,0.8870116156282999,0.9635413772022453,1.0,0.9408658922914467,0.7666870449619296,-0.600400155616073,0.5196465292058022
adjusted_rand_score,0.795086978269327,0.9702662146390263,0.9408658922914467,1.0,0.778135941755127,-0.6683154560106708,0.5815594953593064
calinski_harabasz,0.7926971600066692,0.7996443061190462,0.7666870449619296,0.778135941755127,1.0,-0.8829544822986717,0.6710387372867226
davies_bouldin,-0.5647751903518035,-0.70677485688879,-0.600400155616073,-0.6683154560106708,-0.8829544822986717,1.0,-0.6643694770188406
silhouette,0.5245373200689157,0.6089034624576224,0.5196465292058022,0.5815594953593064,0.6710387372867226,-0.6643694770188406,1.0
