,abilities,v_measure,mutual_info,adjusted_rand_score,calinski_harabasz,davies_bouldin,silhouette
abilities,1.0,0.8011448896793197,0.8605410513398228,0.7868059801033735,0.7444006002334241,-0.525648863446896,0.5560495748346579
v_measure,0.8011448896793197,1.0,0.9593030527110157,0.9647640749180236,0.7825821152670484,-0.7426221308286556,0.6571444450619686
mutual_info,0.8605410513398228,0.9593030527110157,1.0,0.9407678093473169,0.7436884301338954,-0.6230287199612112,0.5665615317827464
adjusted_rand_score,0.7868059801033735,0.9647640749180236,0.9407678093473169,1.0,0.7587395098093703,-0.6899349747123882,0.6238537208914577
calinski_harabasz,0.7444006002334241,0.7825821152670484,0.7436884301338954,0.7587395098093703,1.0,-0.8755627188351025,0.6864336130717501
davies_bouldin,-0.525648863446896,-0.7426221308286556,-0.6230287199612112,-0.6899349747123882,-0.8755627188351025,1.0,-0.6723170121713999
silhouette,0.5560495748346579,0.6571444450619686,0.5665615317827464,0.6238537208914577,0.6864336130717501,-0.6723170121713999,1.0
