,abilities,v_measure,mutual_info,adjusted_rand_score,calinski_harabasz,davies_bouldin,silhouette
abilities,1.0,0.7408140394771946,0.765571152605413,0.6631044278561674,0.3052770448548813,-0.2675461741424802,0.579155672823219
v_measure,0.7408140394771946,1.0,0.9898866536173183,0.9678057791265339,-0.18253182967349932,0.19810013896260154,0.10337093498314906
mutual_info,0.765571152605413,0.9898866536173183,1.0,0.9412253807705145,-0.11833958231119941,0.1388341468455412,0.1468336381637843
adjusted_rand_score,0.6631044278561674,0.9678057791265339,0.9412253807705145,1.0,-0.310376674598415,0.32462563564267805,-0.017481364244119016
calinski_harabasz,0.3052770448548813,-0.18253182967349932,-0.11833958231119941,-0.310376674598415,1.0,-0.9823218997361478,0.8117414248021109
davies_bouldin,-0.2675461741424802,0.19810013896260154,0.1388341468455412,0.32462563564267805,-0.9823218997361478,1.0,-0.8329815303430079
silhouette,0.579155672823219,0.10337093498314906,0.1468336381637843,-0.017481364244119016,0.8117414248021109,-0.8329815303430079,1.0
