,abilities,v_measure,mutual_info,adjusted_rand_score,calinski_harabasz,davies_bouldin,silhouette
abilities,1.0,0.7087964646488665,0.7359893672722039,0.6171503957783642,0.31266490765171506,-0.2784960422163588,0.591820580474934
v_measure,0.7087964646488665,1.0,0.990242815276399,0.9589366409121054,-0.23932187750079922,0.2518552724085037,0.043075299340689606
mutual_info,0.7359893672722039,0.990242815276399,1.0,0.93368723058534,-0.1730766362784904,0.19094688170686225,0.08438727007842266
adjusted_rand_score,0.6171503957783642,0.9589366409121054,0.93368723058534,1.0,-0.38812664907651717,0.3854881266490765,-0.07730870712401056
calinski_harabasz,0.31266490765171506,-0.23932187750079922,-0.1730766362784904,-0.38812664907651717,1.0,-0.9794195250659631,0.7986807387862797
davies_bouldin,-0.2784960422163588,0.2518552724085037,0.19094688170686225,0.3854881266490765,-0.9794195250659631,1.0,-0.8279683377308708
silhouette,0.591820580474934,0.043075299340689606,0.08438727007842266,-0.07730870712401056,0.7986807387862797,-0.8279683377308708,1.0
