,abilities,v_measure,mutual_info,adjusted_rand_score,calinski_harabasz,davies_bouldin,silhouette
abilities,1.0,0.7131501702483849,0.7332095513166794,0.6222955145118734,0.31398416886543534,-0.2763852242744063,0.5864116094986808
v_measure,0.7131501702483849,1.0,0.9910370746028689,0.9585408494939673,-0.2386622251372358,0.24209241742776547,0.04703321352206997
mutual_info,0.7332095513166794,0.9910370746028689,1.0,0.9371289074826561,-0.18684334386775464,0.19597702486447804,0.06896591013467954
adjusted_rand_score,0.6222955145118734,0.9585408494939673,0.9371289074826561,1.0,-0.38258575197889183,0.36846965699208445,-0.06688654353562005
calinski_harabasz,0.31398416886543534,-0.2386622251372358,-0.18684334386775464,-0.38258575197889183,1.0,-0.9794195250659631,0.803957783641161
davies_bouldin,-0.2763852242744063,0.24209241742776547,0.19597702486447804,0.36846965699208445,-0.9794195250659631,1.0,-0.8311345646437994
silhouette,0.5864116094986808,0.04703321352206997,0.06896591013467954,-0.06688654353562005,0.803957783641161,-0.8311345646437994,1.0
