,abilities,v_measure,mutual_info,adjusted_rand_score,calinski_harabasz,davies_bouldin,silhouette
abilities,1.0,0.1706714131254405,0.22005110168002784,-0.05088991430454845,0.7748187211601846,-0.7661173368490442,0.8352010547132498
v_measure,0.1706714131254405,1.0,0.9941250073134543,0.9213883125740757,-0.3024489932095485,0.16941889985800776,-0.09552061707947597
mutual_info,0.22005110168002784,0.9941250073134543,1.0,0.891758244942135,-0.24560158963387443,0.11276546104695095,-0.0647675159760298
adjusted_rand_score,-0.05088991430454845,0.9213883125740757,0.891758244942135,1.0,-0.5103493737640079,0.33711272247857615,-0.2539222148978246
calinski_harabasz,0.7748187211601846,-0.3024489932095485,-0.24560158963387443,-0.5103493737640079,1.0,-0.9052076466710614,0.8209624258404746
davies_bouldin,-0.7661173368490442,0.16941889985800776,0.11276546104695095,0.33711272247857615,-0.9052076466710614,1.0,-0.7897165458141068
silhouette,0.8352010547132498,-0.09552061707947597,-0.0647675159760298,-0.2539222148978246,0.8209624258404746,-0.7897165458141068,1.0
