,abilities,v_measure,mutual_info,adjusted_rand_score,calinski_harabasz,davies_bouldin,silhouette
abilities,1.0,0.7301032359919641,0.7528939710869076,0.648438273382816,0.3079155672823219,-0.2728232189973615,0.5718997361477572
v_measure,0.7301032359919641,1.0,0.9919039190339537,0.962134705455505,-0.19855536143258148,0.2106269996857916,0.07058280290128312
mutual_info,0.7528939710869076,0.9919039190339537,1.0,0.9468173772596831,-0.1426591614369608,0.15442622850636722,0.11284485105324009
adjusted_rand_score,0.648438273382816,0.962134705455505,0.9468173772596831,1.0,-0.324417032400477,0.33002407749076584,-0.03825983708667683
calinski_harabasz,0.3079155672823219,-0.19855536143258148,-0.1426591614369608,-0.324417032400477,1.0,-0.9828496042216359,0.8155672823218998
davies_bouldin,-0.2728232189973615,0.2106269996857916,0.15442622850636722,0.33002407749076584,-0.9828496042216359,1.0,-0.8364116094986808
silhouette,0.5718997361477572,0.07058280290128312,0.11284485105324009,-0.03825983708667683,0.8155672823218998,-0.8364116094986808,1.0
