,abilities,v_measure,mutual_info,adjusted_rand_score,calinski_harabasz,davies_bouldin,silhouette
abilities,1.0,0.777615429573349,0.795791934541204,0.7925774400935126,0.6666277030976038,-0.6019871420222093,0.4303915838690824
v_measure,0.777615429573349,1.0,0.9954412624196376,0.958094681472823,0.8803623611922852,-0.815604909409702,0.49824663939216834
mutual_info,0.795791934541204,0.9954412624196376,1.0,0.9599649327878433,0.8725891291642315,-0.8068381063705435,0.482583284628872
adjusted_rand_score,0.7925774400935126,0.958094681472823,0.9599649327878433,1.0,0.8374050263004091,-0.7462302746931619,0.489187609585038
calinski_harabasz,0.6666277030976038,0.8803623611922852,0.8725891291642315,0.8374050263004091,1.0,-0.9281706604324956,0.492343658679135
davies_bouldin,-0.6019871420222093,-0.815604909409702,-0.8068381063705435,-0.7462302746931619,-0.9281706604324956,1.0,-0.45645821157218003
silhouette,0.4303915838690824,0.49824663939216834,0.482583284628872,0.489187609585038,0.492343658679135,-0.45645821157218003,1.0
