,abilities,v_measure,mutual_info,adjusted_rand_score,calinski_harabasz,davies_bouldin,silhouette
abilities,1.0,0.7712448860315605,0.7895967270601987,0.7886031560490941,0.6592635885447107,-0.5940385739333723,0.4179427235534775
v_measure,0.7712448860315605,1.0,0.9945061367621274,0.958094681472823,0.8798363530099357,-0.8151957919345412,0.4966101694915254
mutual_info,0.7895967270601987,0.9945061367621274,1.0,0.9586791350087668,0.8697837521917008,-0.8046171829339568,0.4776738749269433
adjusted_rand_score,0.7886031560490941,0.958094681472823,0.9586791350087668,1.0,0.8367036820572764,-0.7444769140853302,0.4832846288720047
calinski_harabasz,0.6592635885447107,0.8798363530099357,0.8697837521917008,0.8367036820572764,1.0,-0.9272939801285798,0.4917592051431911
davies_bouldin,-0.5940385739333723,-0.8151957919345412,-0.8046171829339568,-0.7444769140853302,-0.9272939801285798,1.0,-0.45412039742840443
silhouette,0.4179427235534775,0.4966101694915254,0.4776738749269433,0.4832846288720047,0.4917592051431911,-0.45412039742840443,1.0
