,abilities,v_measure,mutual_info,adjusted_rand_score,calinski_harabasz,davies_bouldin,silhouette
abilities,1.0,0.9333740831295844,0.5806845965770171,0.9382640586797066,0.8490220048899756,-0.3389364303178484,0.7371638141809291
v_measure,0.9333740831295844,1.0,0.6894865525672371,0.9654645476772616,0.8187652811735942,-0.36491442542787283,0.6824572127139364
mutual_info,0.5806845965770171,0.6894865525672371,1.0,0.6748166259168704,0.48594132029339854,-0.0339242053789731,0.30165036674816625
adjusted_rand_score,0.9382640586797066,0.9654645476772616,0.6748166259168704,1.0,0.7606968215158925,-0.3050122249388753,0.65739608801956
calinski_harabasz,0.8490220048899756,0.8187652811735942,0.48594132029339854,0.7606968215158925,1.0,-0.6534229828850856,0.9067848410757946
davies_bouldin,-0.3389364303178484,-0.36491442542787283,-0.0339242053789731,-0.3050122249388753,-0.6534229828850856,1.0,-0.8092909535452323
silhouette,0.7371638141809291,0.6824572127139364,0.30165036674816625,0.65739608801956,0.9067848410757946,-0.8092909535452323,1.0
