,abilities,v_measure,mutual_info,adjusted_rand_score,calinski_harabasz,davies_bouldin,silhouette
abilities,1.0,0.9330684596577017,0.5449266503667481,0.9119804400977995,0.7988997555012225,-0.3652200488997555,0.7160757946210269
v_measure,0.9330684596577017,1.0,0.6849022004889975,0.9773838630806846,0.7570293398533008,-0.3658312958435208,0.6341687041564792
mutual_info,0.5449266503667481,0.6849022004889975,1.0,0.7148533007334963,0.4480440097799511,-0.023227383863080684,0.2741442542787286
adjusted_rand_score,0.9119804400977995,0.9773838630806846,0.7148533007334963,1.0,0.6745110024449877,-0.2784229828850856,0.5693765281173594
calinski_harabasz,0.7988997555012225,0.7570293398533008,0.4480440097799511,0.6745110024449877,1.0,-0.6286674816625917,0.8581907090464548
davies_bouldin,-0.3652200488997555,-0.3658312958435208,-0.023227383863080684,-0.2784229828850856,-0.6286674816625917,1.0,-0.8184596577017115
silhouette,0.7160757946210269,0.6341687041564792,0.2741442542787286,0.5693765281173594,0.8581907090464548,-0.8184596577017115,1.0
