,abilities,v_measure,mutual_info,adjusted_rand_score,calinski_harabasz,davies_bouldin,silhouette
abilities,1.0,0.7835968379446641,0.22035573122529645,0.7569169960474308,0.7628458498023716,-0.7786561264822134,0.8003952569169961
v_measure,0.7835968379446641,1.0,0.6452569169960475,0.9792490118577075,0.9782608695652174,-0.7569169960474308,0.8952569169960475
mutual_info,0.22035573122529645,0.6452569169960475,1.0,0.6007905138339921,0.6017786561264822,-0.5029644268774703,0.5355731225296443
adjusted_rand_score,0.7569169960474308,0.9792490118577075,0.6007905138339921,1.0,0.9812252964426877,-0.7351778656126482,0.8636363636363636
calinski_harabasz,0.7628458498023716,0.9782608695652174,0.6017786561264822,0.9812252964426877,1.0,-0.7401185770750988,0.8972332015810277
davies_bouldin,-0.7786561264822134,-0.7569169960474308,-0.5029644268774703,-0.7351778656126482,-0.7401185770750988,1.0,-0.8695652173913043
silhouette,0.8003952569169961,0.8952569169960475,0.5355731225296443,0.8636363636363636,0.8972332015810277,-0.8695652173913043,1.0
