,abilities,v_measure,mutual_info,adjusted_rand_score,calinski_harabasz,davies_bouldin,silhouette
abilities,1.0,-0.43564356435643564,-0.6217161066295996,-0.502970297029703,0.17907499364747478,-0.8950495049504951,0.8336633663366336
v_measure,-0.43564356435643564,1.0,0.9310868008376301,0.9297029702970298,0.6707892027236901,0.29504950495049503,-0.27821782178217824
mutual_info,-0.6217161066295996,0.9310868008376301,1.0,0.9043143369157812,0.5390154588850022,0.42984678185635,-0.4224099863225031
adjusted_rand_score,-0.502970297029703,0.9297029702970298,0.9043143369157812,1.0,0.6549593690310956,0.3792079207920792,-0.3306930693069307
calinski_harabasz,0.17907499364747478,0.6707892027236901,0.5390154588850022,0.6549593690310956,1.0,-0.3769479148049055,0.45312898945051633
davies_bouldin,-0.8950495049504951,0.29504950495049503,0.42984678185635,0.3792079207920792,-0.3769479148049055,1.0,-0.9287128712871288
silhouette,0.8336633663366336,-0.27821782178217824,-0.4224099863225031,-0.3306930693069307,0.45312898945051633,-0.9287128712871288,1.0
