,abilities,v_measure,mutual_info,adjusted_rand_score,calinski_harabasz,davies_bouldin,silhouette
abilities,1.0,0.782608695652174,0.24110671936758893,0.766798418972332,0.7648221343873518,-0.758893280632411,0.7924901185770751
v_measure,0.782608695652174,1.0,0.6709486166007905,0.9802371541501976,0.9703557312252964,-0.7213438735177866,0.8824110671936759
mutual_info,0.24110671936758893,0.6709486166007905,1.0,0.6156126482213439,0.607707509881423,-0.5079051383399209,0.5405138339920948
adjusted_rand_score,0.766798418972332,0.9802371541501976,0.6156126482213439,1.0,0.9881422924901185,-0.7154150197628458,0.8754940711462451
calinski_harabasz,0.7648221343873518,0.9703557312252964,0.607707509881423,0.9881422924901185,1.0,-0.7203557312252964,0.8952569169960475
davies_bouldin,-0.758893280632411,-0.7213438735177866,-0.5079051383399209,-0.7154150197628458,-0.7203557312252964,1.0,-0.8537549407114624
silhouette,0.7924901185770751,0.8824110671936759,0.5405138339920948,0.8754940711462451,0.8952569169960475,-0.8537549407114624,1.0
