,abilities,v_measure,mutual_info,adjusted_rand_score,calinski_harabasz,davies_bouldin,silhouette
abilities,1.0,0.6434037343128253,0.2689217119683255,0.7603305785123967,0.6825834098561371,-0.5013774104683195,0.7398224670951944
v_measure,0.6434037343128253,1.0,0.10132394611441746,0.9097030915212734,0.716865625956535,-0.5824915824915825,0.9142944597490053
mutual_info,0.2689217119683255,0.10132394611441746,1.0,0.14662891295711772,0.22315757316438165,-0.21229050341495018,0.004132547651192253
adjusted_rand_score,0.7603305785123967,0.9097030915212734,0.14662891295711772,1.0,0.7030915212733394,-0.5696357514539333,0.8402203856749312
calinski_harabasz,0.6825834098561371,0.716865625956535,0.22315757316438165,0.7030915212733394,1.0,-0.9146005509641874,0.8065503520048974
davies_bouldin,-0.5013774104683195,-0.5824915824915825,-0.21229050341495018,-0.5696357514539333,-0.9146005509641874,1.0,-0.6443220079583716
silhouette,0.7398224670951944,0.9142944597490053,0.004132547651192253,0.8402203856749312,0.8065503520048974,-0.6443220079583716,1.0
