,abilities,v_measure,mutual_info,adjusted_rand_score,calinski_harabasz,davies_bouldin,silhouette
abilities,1.0,0.6531986531986532,0.21979031211526204,0.7704315886134068,0.6890113253749618,-0.5405570860116314,0.7502295684113865
v_measure,0.6531986531986532,1.0,0.10606872304726782,0.9054178145087236,0.7040097949188858,-0.5956535047444138,0.9149066421793695
mutual_info,0.21979031211526204,0.10606872304726782,1.0,0.1186194233212591,0.21825973891111677,-0.22422897440728334,0.01300987223523487
adjusted_rand_score,0.7704315886134068,0.9054178145087236,0.1186194233212591,1.0,0.6715641261095806,-0.5598408325681052,0.8405264768901133
calinski_harabasz,0.6890113253749618,0.7040097949188858,0.21825973891111677,0.6715641261095806,1.0,-0.921028466483012,0.7988980716253443
davies_bouldin,-0.5405570860116314,-0.5956535047444138,-0.22422897440728334,-0.5598408325681052,-0.921028466483012,1.0,-0.6489133761861035
silhouette,0.7502295684113865,0.9149066421793695,0.01300987223523487,0.8405264768901133,0.7988980716253443,-0.6489133761861035,1.0
