,abilities,v_measure,mutual_info,adjusted_rand_score,calinski_harabasz,davies_bouldin,silhouette
abilities,1.0,0.6409550045913682,0.19070942123650175,0.7744107744107744,0.6841138659320477,-0.5381083562901745,0.7483930211202938
v_measure,0.6409550045913682,1.0,0.08923241780166975,0.9011325374961738,0.7125803489439853,-0.5959595959595959,0.9170492806856443
mutual_info,0.19070942123650175,0.08923241780166975,1.0,0.0844876408688194,0.22407591708686883,-0.21933114015401844,0.0044386622920213085
adjusted_rand_score,0.7744107744107744,0.9011325374961738,0.0844876408688194,1.0,0.6835016835016835,-0.5589225589225589,0.84726048362412
calinski_harabasz,0.6841138659320477,0.7125803489439853,0.22407591708686883,0.6835016835016835,1.0,-0.9222528313437405,0.8010407101316193
davies_bouldin,-0.5381083562901745,-0.5959595959595959,-0.21933114015401844,-0.5589225589225589,-0.9222528313437405,1.0,-0.6507499234771962
silhouette,0.7483930211202938,0.9170492806856443,0.0044386622920213085,0.84726048362412,0.8010407101316193,-0.6507499234771962,1.0
