,abilities,v_measure,mutual_info,adjusted_rand_score,calinski_harabasz,davies_bouldin,silhouette
abilities,1.0,0.6629935720844812,0.19745905634661468,0.7704315886134068,0.726660544842363,-0.5901438628711356,0.780838689929599
v_measure,0.6629935720844812,1.0,0.07423848242489,0.8977655341291705,0.7122742577288032,-0.5711662075298439,0.9060299969390878
mutual_info,0.19745905634661468,0.07423848242489,1.0,0.06918720423927893,0.221950102095032,-0.2038879558555742,-0.01500076552090561
adjusted_rand_score,0.7704315886134068,0.8977655341291705,0.06918720423927893,1.0,0.7015610651974288,-0.5463728191000918,0.84726048362412
calinski_harabasz,0.726660544842363,0.7122742577288032,0.221950102095032,0.7015610651974288,1.0,-0.9286807468625651,0.8056320783593511
davies_bouldin,-0.5901438628711356,-0.5711662075298439,-0.2038879558555742,-0.5463728191000918,-0.9286807468625651,1.0,-0.6473829201101928
silhouette,0.780838689929599,0.9060299969390878,-0.01500076552090561,0.84726048362412,0.8056320783593511,-0.6473829201101928,1.0
