,abilities,v_measure,mutual_info,adjusted_rand_score,calinski_harabasz,davies_bouldin,silhouette
abilities,1.0,0.6800774836970167,0.6980052831610708,0.5636235256969899,0.4115558424790187,-0.3757262750161394,0.7050516462233699
v_measure,0.6800774836970167,1.0,0.9949516237923697,0.9449746783793966,-0.1075824228052125,0.12408700304802268,0.19648117653360078
mutual_info,0.6980052831610708,0.9949516237923697,1.0,0.9255066680449676,-0.0667555388258071,0.08614008730517032,0.22809152044050726
adjusted_rand_score,0.5636235256969899,0.9449746783793966,0.9255066680449676,1.0,-0.27781700847821994,0.2803187738414225,0.04168263903529429
calinski_harabasz,0.4115558424790187,-0.1075824228052125,-0.0667555388258071,-0.27781700847821994,1.0,-0.9836184635248547,0.7863137508069722
davies_bouldin,-0.3757262750161394,0.12408700304802268,0.08614008730517032,0.2803187738414225,-0.9836184635248547,1.0,-0.8083440929632021
silhouette,0.7050516462233699,0.19648117653360078,0.22809152044050726,0.04168263903529429,0.7863137508069722,-0.8083440929632021,1.0
