,abilities,v_measure,mutual_info,adjusted_rand_score,calinski_harabasz,davies_bouldin,silhouette
abilities,1.0,0.729048138429917,0.7442280710529163,0.6257515237309693,0.39791801162040025,-0.36241123305358297,0.6788250484183345
v_measure,0.729048138429917,1.0,0.9952128825500582,0.9494794608990397,-0.06895856035957097,0.09583182027734409,0.21119315677120798
mutual_info,0.7442280710529163,0.9952128825500582,1.0,0.9348479746482359,-0.02771663717384911,0.05539287108651185,0.2378539986041541
adjusted_rand_score,0.6257515237309693,0.9494794608990397,0.9348479746482359,1.0,-0.22140176752075244,0.23544365108139065,0.07497074613697066
calinski_harabasz,0.39791801162040025,-0.06895856035957097,-0.02771663717384911,-0.22140176752075244,1.0,-0.9866849580374435,0.790510006455778
davies_bouldin,-0.36241123305358297,0.09583182027734409,0.05539287108651185,0.23544365108139065,-0.9866849580374435,1.0,-0.808989670755326
silhouette,0.6788250484183345,0.21119315677120798,0.2378539986041541,0.07497074613697066,0.790510006455778,-0.808989670755326,1.0
