,abilities,v_measure,mutual_info,adjusted_rand_score,calinski_harabasz,davies_bouldin,silhouette
abilities,1.0,0.7034825119142046,0.7301527366260716,0.5620901856356723,0.4101032924467398,-0.37451581665590705,0.7058586184635248
v_measure,0.7034825119142046,1.0,0.9930664729387454,0.9257652511967611,-0.07755942109212995,0.0993906629291967,0.2266655922343881
mutual_info,0.7301527366260716,0.9930664729387454,1.0,0.8975716394789812,-0.018074889143925018,0.04383261707385843,0.2652601180853425
adjusted_rand_score,0.5620901856356723,0.9257652511967611,0.8975716394789812,1.0,-0.2838696666150003,0.2848380919168852,0.03821244837020687
calinski_harabasz,0.4101032924467398,-0.07755942109212995,-0.018074889143925018,-0.2838696666150003,1.0,-0.9832956746287927,0.7856681730148483
davies_bouldin,-0.37451581665590705,0.0993906629291967,0.04383261707385843,0.2848380919168852,-0.9832956746287927,1.0,-0.8083440929632021
silhouette,0.7058586184635248,0.2266655922343881,0.2652601180853425,0.03821244837020687,0.7856681730148483,-0.8083440929632021,1.0
