,abilities,v_measure,mutual_info,adjusted_rand_score,calinski_harabasz,davies_bouldin,silhouette
abilities,1.0,0.7089123867069487,0.8016616314199396,0.7873111782477341,0.7102719033232628,-0.28957703927492445,0.5898791540785498
v_measure,0.7089123867069487,1.0,0.9078549848942599,0.9154078549848943,0.7285498489425982,-0.5574018126888217,0.638821752265861
mutual_info,0.8016616314199396,0.9078549848942599,1.0,0.840785498489426,0.6799093655589123,-0.35075528700906344,0.4788519637462236
adjusted_rand_score,0.7873111782477341,0.9154078549848943,0.840785498489426,1.0,0.6678247734138972,-0.456797583081571,0.6137462235649547
calinski_harabasz,0.7102719033232628,0.7285498489425982,0.6799093655589123,0.6678247734138972,1.0,-0.7463746223564954,0.8477341389728097
davies_bouldin,-0.28957703927492445,-0.5574018126888217,-0.35075528700906344,-0.456797583081571,-0.7463746223564954,1.0,-0.7179758308157099
silhouette,0.5898791540785498,0.638821752265861,0.4788519637462236,0.6137462235649547,0.8477341389728097,-0.7179758308157099,1.0
