,abilities,v_measure,mutual_info,adjusted_rand_score,calinski_harabasz,davies_bouldin,silhouette
abilities,1.0,0.8078549848942598,0.8635522495678221,0.8422960725075529,0.6758308157099698,-0.2693353474320242,0.5761329305135952
v_measure,0.8078549848942598,1.0,0.9283583223509229,0.9143504531722054,0.6933534743202417,-0.538821752265861,0.64607250755287
mutual_info,0.8635522495678221,0.9283583223509229,1.0,0.8589448248128464,0.653952188993108,-0.36224932991579417,0.5049284342133202
adjusted_rand_score,0.8422960725075529,0.9143504531722054,0.8589448248128464,1.0,0.6367069486404834,-0.4259818731117825,0.5983383685800604
calinski_harabasz,0.6758308157099698,0.6933534743202417,0.653952188993108,0.6367069486404834,1.0,-0.7669184290030211,0.8489425981873112
davies_bouldin,-0.2693353474320242,-0.538821752265861,-0.36224932991579417,-0.4259818731117825,-0.7669184290030211,1.0,-0.7330815709969789
silhouette,0.5761329305135952,0.64607250755287,0.5049284342133202,0.5983383685800604,0.8489425981873112,-0.7330815709969789,1.0
