,abilities,v_measure,mutual_info,adjusted_rand_score,calinski_harabasz,davies_bouldin,silhouette
abilities,1.0,0.8090634441087613,0.8637256481713148,0.8438066465256797,0.6758308157099698,-0.2693353474320242,0.5774924471299093
v_measure,0.8090634441087613,1.0,0.9277836637082463,0.9166163141993958,0.6879154078549848,-0.5350453172205438,0.6404833836858006
mutual_info,0.8637256481713148,0.9277836637082463,1.0,0.8605529634395328,0.6496449688886923,-0.3592687758179791,0.4990179842417094
adjusted_rand_score,0.8438066465256797,0.9166163141993958,0.8605529634395328,1.0,0.6345921450151057,-0.4243202416918429,0.5980362537764351
calinski_harabasz,0.6758308157099698,0.6879154078549848,0.6496449688886923,0.6345921450151057,1.0,-0.7669184290030211,0.8486404833836858
davies_bouldin,-0.2693353474320242,-0.5350453172205438,-0.3592687758179791,-0.4243202416918429,-0.7669184290030211,1.0,-0.7326283987915407
silhouette,0.5774924471299093,0.6404833836858006,0.4990179842417094,0.5980362537764351,0.8486404833836858,-0.7326283987915407,1.0
