,abilities,v_measure,mutual_info,adjusted_rand_score,calinski_harabasz,davies_bouldin,silhouette
abilities,1.0,0.8282477341389728,0.8670694864048338,0.8439577039274925,0.68595166163142,-0.2854984894259819,0.5691842900302114
v_measure,0.8282477341389728,1.0,0.9374622356495468,0.9217522658610272,0.7013595166163142,-0.5084592145015105,0.6265861027190333
mutual_info,0.8670694864048338,0.9374622356495468,1.0,0.861178247734139,0.6696374622356496,-0.3750755287009063,0.49939577039274924
adjusted_rand_score,0.8439577039274925,0.9217522658610272,0.861178247734139,1.0,0.6623867069486404,-0.4425981873111782,0.5921450151057401
calinski_harabasz,0.68595166163142,0.7013595166163142,0.6696374622356496,0.6623867069486404,1.0,-0.7382175226586103,0.8527190332326284
davies_bouldin,-0.2854984894259819,-0.5084592145015105,-0.3750755287009063,-0.4425981873111782,-0.7382175226586103,1.0,-0.7577039274924471
silhouette,0.5691842900302114,0.6265861027190333,0.49939577039274924,0.5921450151057401,0.8527190332326284,-0.7577039274924471,1.0
