,abilities,v_measure,mutual_info,adjusted_rand_score,calinski_harabasz,davies_bouldin,silhouette
abilities,1.0,0.8462873004857737,0.8877964200517516,0.8444367337497108,0.7303955586398334,-0.3614388156372889,0.5644228544991904
v_measure,0.8462873004857737,1.0,0.9469057321880963,0.9412445061300023,0.7624334952579227,-0.6022438121674762,0.6204024982650936
mutual_info,0.8877964200517516,0.9469057321880963,1.0,0.8914979816728142,0.7317524629638281,-0.47646038491116155,0.5097744395007257
adjusted_rand_score,0.8444367337497108,0.9412445061300023,0.8914979816728142,1.0,0.7301642377978256,-0.5514688873467499,0.5914873930141106
calinski_harabasz,0.7303955586398334,0.7624334952579227,0.7317524629638281,0.7301642377978256,1.0,-0.8014110571362479,0.804765209345362
davies_bouldin,-0.3614388156372889,-0.6022438121674762,-0.47646038491116155,-0.5514688873467499,-0.8014110571362479,1.0,-0.7377978255840851
silhouette,0.5644228544991904,0.6204024982650936,0.5097744395007257,0.5914873930141106,0.804765209345362,-0.7377978255840851,1.0
