,abilities,v_measure,mutual_info,adjusted_rand_score,calinski_harabasz,davies_bouldin,silhouette
abilities,1.0,0.8177191764978025,0.868114391826943,0.8288225769141799,0.7143187601202868,-0.36814712005551703,0.6055979643765903
v_measure,0.8177191764978025,1.0,0.9410982278462356,0.9360397871848254,0.7279666897987509,-0.6135785334258617,0.6692111959287532
mutual_info,0.868114391826943,0.9410982278462356,1.0,0.8923459506954721,0.6914379900528234,-0.46369603581829516,0.5490558947441874
adjusted_rand_score,0.8288225769141799,0.9360397871848254,0.8923459506954721,1.0,0.6856349757113116,-0.527527180198936,0.6392551468887346
calinski_harabasz,0.7143187601202868,0.7279666897987509,0.6914379900528234,0.6856349757113116,1.0,-0.8076567198704603,0.8202637057598889
davies_bouldin,-0.36814712005551703,-0.6135785334258617,-0.46369603581829516,-0.527527180198936,-0.8076567198704603,1.0,-0.7338653712699514
silhouette,0.6055979643765903,0.6692111959287532,0.5490558947441874,0.6392551468887346,0.8202637057598889,-0.7338653712699514,1.0
