,abilities,v_measure,mutual_info,adjusted_rand_score,calinski_harabasz,davies_bouldin,silhouette
abilities,1.0,0.726000462641684,0.8113578533425861,0.7795512375665048,0.7376821651630812,-0.3876937312051816,0.6206338191071016
v_measure,0.726000462641684,1.0,0.9273652556095304,0.9373120518158686,0.7520240573675688,-0.6256072172102707,0.6621559102475133
mutual_info,0.8113578533425861,0.9273652556095304,1.0,0.8821420309969928,0.7091140411751099,-0.4498033772842933,0.5293777469349988
adjusted_rand_score,0.7795512375665048,0.9373120518158686,0.8821420309969928,1.0,0.7040249826509368,-0.5526254915567893,0.64735137635901
calinski_harabasz,0.7376821651630812,0.7520240573675688,0.7091140411751099,0.7040249826509368,1.0,-0.7972472819801064,0.8194540828128615
davies_bouldin,-0.3876937312051816,-0.6256072172102707,-0.4498033772842933,-0.5526254915567893,-0.7972472819801064,1.0,-0.731089521165857
silhouette,0.6206338191071016,0.6621559102475133,0.5293777469349988,0.64735137635901,0.8194540828128615,-0.731089521165857,1.0
