,abilities,v_measure,mutual_info,adjusted_rand_score,calinski_harabasz,davies_bouldin,silhouette
abilities,1.0,0.8260467268100856,0.8750723019793487,0.8362248438584317,0.7083044182280823,-0.36941938468656027,0.6024751330094842
v_measure,0.8260467268100856,1.0,0.9415847373578187,0.936733749710849,0.7281980106407587,-0.6126532500578302,0.6734906315058987
mutual_info,0.8750723019793487,0.9415847373578187,1.0,0.8920763506761054,0.6916136541354297,-0.4638519406394168,0.5534991361495285
adjusted_rand_score,0.8362248438584317,0.936733749710849,0.8920763506761054,1.0,0.6871385611843627,-0.5245200092528337,0.6400647698357622
calinski_harabasz,0.7083044182280823,0.7281980106407587,0.6916136541354297,0.6871385611843627,1.0,-0.8074253990284525,0.8211889891279204
davies_bouldin,-0.36941938468656027,-0.6126532500578302,-0.4638519406394168,-0.5245200092528337,-0.8074253990284525,1.0,-0.7356002775850105
silhouette,0.6024751330094842,0.6734906315058987,0.5534991361495285,0.6400647698357622,0.8211889891279204,-0.7356002775850105,1.0
