,abilities,v_measure,mutual_info,adjusted_rand_score,calinski_harabasz,davies_bouldin,silhouette
abilities,1.0,0.8140594609613782,0.7408549716604333,0.8606835232008891,0.8379549874965269,-0.7898860794665185,0.8150041678243957
v_measure,0.8140594609613782,1.0,0.9591964323853212,0.9727146429563768,0.8347318699638788,-0.8275632120033343,0.6417338149485968
mutual_info,0.7408549716604333,0.9591964323853212,1.0,0.9179621835031968,0.8094861001906538,-0.8171827895035572,0.5792522819714606
adjusted_rand_score,0.8606835232008891,0.9727146429563768,0.9179621835031968,1.0,0.8180050013892748,-0.8114476243400944,0.6661294804112253
calinski_harabasz,0.8379549874965269,0.8347318699638788,0.8094861001906538,0.8180050013892748,1.0,-0.9569324812447902,0.7703806612948041
davies_bouldin,-0.7898860794665185,-0.8275632120033343,-0.8171827895035572,-0.8114476243400944,-0.9569324812447902,1.0,-0.6998055015282023
silhouette,0.8150041678243957,0.6417338149485968,0.5792522819714606,0.6661294804112253,0.7703806612948041,-0.6998055015282023,1.0
