,abilities,v_measure,mutual_info,adjusted_rand_score,calinski_harabasz,davies_bouldin,silhouette
abilities,1.0,0.06532515450189735,-0.009644773782762177,-0.014893954144923238,0.24807605251244907,-0.4094160253508375,0.6339520144861929
v_measure,0.06532515450189735,1.0,0.992256862961324,0.9425053193897415,0.861087847387796,-0.7716335817635762,0.390275923049797
mutual_info,-0.009644773782762177,0.992256862961324,1.0,0.9430809877650479,0.847879760949398,-0.7581335560788128,0.3527813734342729
adjusted_rand_score,-0.014893954144923238,0.9425053193897415,0.9430809877650479,1.0,0.7791484644020481,-0.6539306006790765,0.3265352317548064
calinski_harabasz,0.24807605251244907,0.861087847387796,0.847879760949398,0.7791484644020481,1.0,-0.9438660027161612,0.5606156631960163
davies_bouldin,-0.4094160253508375,-0.7716335817635762,-0.7581335560788128,-0.6539306006790765,-0.9438660027161612,1.0,-0.602806699864192
silhouette,0.6339520144861929,0.390275923049797,0.3527813734342729,0.3265352317548064,0.5606156631960163,-0.602806699864192,1.0
