,abilities,v_measure,mutual_info,adjusted_rand_score,calinski_harabasz,davies_bouldin,silhouette
abilities,1.0,0.5348084799667414,0.44602819079720535,0.5581574245189742,0.5374660633484163,-0.5390045248868778,0.7828054298642534
v_measure,0.5348084799667414,1.0,0.9698628897235169,0.9708584098828001,0.8876671420177313,-0.8638656985400678,0.6018688207155959
mutual_info,0.44602819079720535,0.9698628897235169,1.0,0.937463233630481,0.8544537208911057,-0.8443177449614543,0.5654879071109542
adjusted_rand_score,0.5581574245189742,0.9708584098828001,0.937463233630481,1.0,0.8615127041278272,-0.8341817690318029,0.6081133058865419
calinski_harabasz,0.5374660633484163,0.8876671420177313,0.8544537208911057,0.8615127041278272,1.0,-0.9742986425339366,0.6033484162895928
davies_bouldin,-0.5390045248868778,-0.8638656985400678,-0.8443177449614543,-0.8341817690318029,-0.9742986425339366,1.0,-0.5952941176470589
silhouette,0.7828054298642534,0.6018688207155959,0.5654879071109542,0.6081133058865419,0.6033484162895928,-0.5952941176470589,1.0
