,abilities,v_measure,mutual_info,adjusted_rand_score,calinski_harabasz,davies_bouldin,silhouette
abilities,1.0,0.9589430316806364,0.854499320096864,0.9583747691433442,0.9252734763460719,-0.6057678647535161,0.7905952550078136
v_measure,0.9589430316806364,1.0,0.7782676057587851,0.9860775678363404,0.9049580906378747,-0.6756641568404603,0.8472794431027134
mutual_info,0.854499320096864,0.7782676057587851,1.0,0.759227639406673,0.8350282601669683,-0.4225435551576269,0.5486384266593504
adjusted_rand_score,0.9583747691433442,0.9860775678363404,0.759227639406673,1.0,0.8852109674669697,-0.67239664725103,0.833925273476346
calinski_harabasz,0.9252734763460719,0.9049580906378747,0.8350282601669683,0.8852109674669697,1.0,-0.6684188094899843,0.8063645404176729
davies_bouldin,-0.6057678647535161,-0.6756641568404603,-0.4225435551576269,-0.67239664725103,-0.6684188094899843,1.0,-0.8951555618695838
silhouette,0.7905952550078136,0.8472794431027134,0.5486384266593504,0.833925273476346,0.8063645404176729,-0.8951555618695838,1.0
