,abilities,v_measure,mutual_info,adjusted_rand_score,calinski_harabasz,davies_bouldin,silhouette
abilities,1.0,0.9548022598870056,0.7119576169966536,0.9663232524648278,0.8805804807798826,-0.4381300542815996,0.7316938074664894
v_measure,0.9548022598870056,1.0,0.6440231605959584,0.9802813780879583,0.8568738229755178,-0.5041542040545032,0.7835382740666889
mutual_info,0.7119576169966536,0.6440231605959584,1.0,0.6205507902781103,0.7787635940551445,-0.08993980357367774,0.28855216780162357
adjusted_rand_score,0.9663232524648278,0.9802813780879583,0.6205507902781103,1.0,0.8305084745762712,-0.4988368228647391,0.7678076880469702
calinski_harabasz,0.8805804807798826,0.8568738229755178,0.7787635940551445,0.8305084745762712,1.0,-0.46095048188767035,0.7119751855544477
davies_bouldin,-0.4381300542815996,-0.5041542040545032,-0.08993980357367774,-0.4988368228647391,-0.46095048188767035,1.0,-0.874155311842251
silhouette,0.7316938074664894,0.7835382740666889,0.28855216780162357,0.7678076880469702,0.7119751855544477,-0.874155311842251,1.0
