,abilities,v_measure,mutual_info,adjusted_rand_score,calinski_harabasz,davies_bouldin,silhouette
abilities,1.0,0.9864429381042338,0.5425519849097846,0.9973330370041116,0.8362040226691855,-0.4308256472941438,0.728636515168352
v_measure,0.9864429381042338,1.0,0.5511245318647001,0.9802200244471608,0.8564284920546728,-0.4454939437715302,0.7513057006334037
mutual_info,0.5425519849097846,0.5511245318647001,1.0,0.5267604510454665,0.7312608145883853,-0.009362123648131418,0.1875808629740066
adjusted_rand_score,0.9973330370041116,0.9802200244471608,0.5267604510454665,1.0,0.8250916768529837,-0.43549283253694854,0.7290810090010001
calinski_harabasz,0.8362040226691855,0.8564284920546728,0.7312608145883853,0.8250916768529837,1.0,-0.37437493054783866,0.6510723413712635
davies_bouldin,-0.4308256472941438,-0.4454939437715302,-0.009362123648131418,-0.43549283253694854,-0.37437493054783866,1.0,-0.8679853317035227
silhouette,0.728636515168352,0.7513057006334037,0.1875808629740066,0.7290810090010001,0.6510723413712635,-0.8679853317035227,1.0
