,abilities,v_measure,mutual_info,adjusted_rand_score,calinski_harabasz,davies_bouldin,silhouette
abilities,1.0,0.9886654072674742,0.7915730976497188,0.9975552839204356,0.8553172574730525,-0.43104789421046785,0.7375263918213135
v_measure,0.9886654072674742,1.0,0.7966617818488956,0.9835537281920214,0.8786531836870763,-0.4481609067674186,0.7628625402822535
mutual_info,0.7915730976497188,0.7966617818488956,1.0,0.7803779924115299,0.8574998284968312,-0.13637673653793728,0.4315204200901896
adjusted_rand_score,0.9975552839204356,0.9835537281920214,0.7803779924115299,1.0,0.8466496277364152,-0.4357150794532726,0.7379708856539615
calinski_harabasz,0.8553172574730525,0.8786531836870763,0.8574998284968312,0.8466496277364152,1.0,-0.44838315368374265,0.7233025891765752
davies_bouldin,-0.43104789421046785,-0.4481609067674186,-0.13637673653793728,-0.4357150794532726,-0.44838315368374265,1.0,-0.8693188132014669
silhouette,0.7375263918213135,0.7628625402822535,0.4315204200901896,0.7379708856539615,0.7233025891765752,-0.8693188132014669,1.0
