,abilities,v_measure,mutual_info,adjusted_rand_score,calinski_harabasz,davies_bouldin,silhouette
abilities,1.0,0.7826735630542445,0.8105206528970781,0.783751730170152,0.7415808261122765,-0.7323726961493905,0.5000247687061369
v_measure,0.7826735630542445,1.0,0.9806997005269115,0.998496398349535,0.89113457817563,-0.8726134694733898,0.47150150360165044
mutual_info,0.8105206528970781,0.9806997005269115,1.0,0.9791530212791691,0.8871693799794803,-0.854117136281502,0.44741636895631665
adjusted_rand_score,0.783751730170152,0.998496398349535,0.9791530212791691,1.0,0.8911462340023778,-0.8718092174277922,0.47174627596335406
calinski_harabasz,0.7415808261122765,0.89113457817563,0.8871693799794803,0.8911462340023778,1.0,-0.8787094668624845,0.3790707974916661
davies_bouldin,-0.7323726961493905,-0.8726134694733898,-0.854117136281502,-0.8718092174277922,-0.8787094668624845,1.0,-0.44588199641000537
silhouette,0.5000247687061369,0.47150150360165044,0.44741636895631665,0.47174627596335406,0.3790707974916661,-0.44588199641000537,1.0
