,abilities,v_measure,mutual_info,adjusted_rand_score,calinski_harabasz,davies_bouldin,silhouette
abilities,1.0,0.7867011636918809,0.8116194387006825,0.7887057205624414,0.7398038564410957,-0.7326364001888013,0.5060632018134247
v_measure,0.7867011636918809,1.0,0.984073841447613,0.9976225023163121,0.8919287449958918,-0.8727456019206452,0.4699345605416965
mutual_info,0.8116194387006825,0.984073841447613,1.0,0.9826622888038751,0.8880882616734302,-0.8540943409804346,0.4479638142110619
adjusted_rand_score,0.7887057205624414,0.9976225023163121,0.9826622888038751,1.0,0.8910779737659447,-0.8712538386681351,0.46834956208590456
calinski_harabasz,0.7398038564410957,0.8919287449958918,0.8880882616734302,0.8910779737659447,1.0,-0.8806822486000152,0.3791817445471974
davies_bouldin,-0.7326364001888013,-0.8727456019206452,-0.8540943409804346,-0.8712538386681351,-0.8806822486000152,1.0,-0.44408510043179555
silhouette,0.5060632018134247,0.4699345605416965,0.4479638142110619,0.46834956208590456,0.3791817445471974,-0.44408510043179555,1.0
