,abilities,v_measure,mutual_info,adjusted_rand_score,calinski_harabasz,davies_bouldin,silhouette
abilities,1.0,0.8236185591046864,0.8419673187719872,0.8246677547213803,0.7649918395896479,-0.7589414782000466,0.5256703194217767
v_measure,0.8236185591046864,1.0,0.9884255961319672,0.9988109116344136,0.892504080205176,-0.8694567498251341,0.47050594544182794
mutual_info,0.8419673187719872,0.9884255961319672,1.0,0.9874568718206249,0.8907420042792077,-0.8536678744601873,0.45240008908545776
adjusted_rand_score,0.8246677547213803,0.9988109116344136,0.9874568718206249,1.0,0.8923991606435067,-0.8680578223362089,0.4702145022149685
calinski_harabasz,0.7649918395896479,0.892504080205176,0.8907420042792077,0.8923991606435067,1.0,-0.8757635812543717,0.37856143623222194
davies_bouldin,-0.7589414782000466,-0.8694567498251341,-0.8536678744601873,-0.8680578223362089,-0.8757635812543717,1.0,-0.4447889951037538
silhouette,0.5256703194217767,0.47050594544182794,0.45240008908545776,0.4702145022149685,0.37856143623222194,-0.4447889951037538,1.0
