,abilities,v_measure,mutual_info,adjusted_rand_score,calinski_harabasz,davies_bouldin,silhouette
abilities,1.0,0.7828668659569137,0.8122523304018522,0.7847315700225512,0.7380673507799708,-0.7173807900518038,0.49425729419785674
v_measure,0.7828668659569137,1.0,0.9790449818978202,0.9975875391150814,0.8905069081458432,-0.8726640211177735,0.47050562616179803
mutual_info,0.8122523304018522,0.9790449818978202,1.0,0.977341706587027,0.8860764822285631,-0.8505993574332047,0.4429682434987695
adjusted_rand_score,0.7847315700225512,0.9975875391150814,0.977341706587027,1.0,0.8892249241007173,-0.8692725905983952,0.46857099569369903
calinski_harabasz,0.7380673507799708,0.8905069081458432,0.8860764822285631,0.8892249241007173,1.0,-0.8764050836494589,0.3763730340483308
davies_bouldin,-0.7173807900518038,-0.8726640211177735,-0.8505993574332047,-0.8692725905983952,-0.8764050836494589,1.0,-0.44635770851179135
silhouette,0.49425729419785674,0.47050562616179803,0.4429682434987695,0.46857099569369903,0.3763730340483308,-0.44635770851179135,1.0
