,abilities,v_measure,mutual_info,adjusted_rand_score,calinski_harabasz,davies_bouldin,silhouette
abilities,1.0,0.7458128078817734,0.7941321375956218,0.8064586754241927,0.6159824849480022,-0.10804597701149425,0.5194307608100711
v_measure,0.7458128078817734,1.0,0.9057967061574546,0.8782703886152162,0.5916803503010399,-0.3620142309797482,0.578544061302682
mutual_info,0.7941321375956218,0.9057967061574546,1.0,0.7946795129317094,0.5527396143810718,-0.15753462172595808,0.4030871974947725
adjusted_rand_score,0.8064586754241927,0.8782703886152162,0.7946795129317094,1.0,0.5216201423097975,-0.24422550629447182,0.5319102353585112
calinski_harabasz,0.6159824849480022,0.5916803503010399,0.5527396143810718,0.5216201423097975,1.0,-0.666776135741653,0.8686371100164204
davies_bouldin,-0.10804597701149425,-0.3620142309797482,-0.15753462172595808,-0.24422550629447182,-0.666776135741653,1.0,-0.7046524356869185
silhouette,0.5194307608100711,0.578544061302682,0.4030871974947725,0.5319102353585112,0.8686371100164204,-0.7046524356869185,1.0
