,abilities,v_measure,mutual_info,adjusted_rand_score,calinski_harabasz,davies_bouldin,silhouette
abilities,1.0,0.7517241379310344,0.8015986177092908,0.8033935413245759,0.6111658456486043,-0.10673234811165845,0.5113300492610837
v_measure,0.7517241379310344,1.0,0.9058360011349491,0.8852764094143405,0.5842364532019705,-0.3552271483305966,0.5697865353037767
mutual_info,0.8015986177092908,0.9058360011349491,1.0,0.7987517984140522,0.5460418394367208,-0.15361874889306584,0.39559838898834415
adjusted_rand_score,0.8033935413245759,0.8852764094143405,0.7987517984140522,1.0,0.5216201423097975,-0.24422550629447182,0.5319102353585112
calinski_harabasz,0.6111658456486043,0.5842364532019705,0.5460418394367208,0.5216201423097975,1.0,-0.666776135741653,0.8686371100164204
davies_bouldin,-0.10673234811165845,-0.3552271483305966,-0.15361874889306584,-0.24422550629447182,-0.666776135741653,1.0,-0.7046524356869185
silhouette,0.5113300492610837,0.5697865353037767,0.39559838898834415,0.5319102353585112,0.8686371100164204,-0.7046524356869185,1.0
