,abilities,v_measure,mutual_info,adjusted_rand_score,calinski_harabasz,davies_bouldin,silhouette
abilities,1.0,0.7512862616310892,0.7941981390257252,0.8053639846743295,0.6155446086480569,-0.10629447181171318,0.5216201423097975
v_measure,0.7512862616310892,1.0,0.9054187192118227,0.8857142857142857,0.5831417624521072,-0.35697865353037767,0.5647509578544061
mutual_info,0.7941981390257252,0.9054187192118227,1.0,0.7994526546250684,0.5450465243568692,-0.15402298850574714,0.38894362342638206
adjusted_rand_score,0.8053639846743295,0.8857142857142857,0.7994526546250684,1.0,0.5185550082101806,-0.24313081554460864,0.5279693486590038
calinski_harabasz,0.6155446086480569,0.5831417624521072,0.5450465243568692,0.5185550082101806,1.0,-0.6687465790914067,0.8699507389162562
davies_bouldin,-0.10629447181171318,-0.35697865353037767,-0.15402298850574714,-0.24313081554460864,-0.6687465790914067,1.0,-0.6998357963875205
silhouette,0.5216201423097975,0.5647509578544061,0.38894362342638206,0.5279693486590038,0.8699507389162562,-0.6998357963875205,1.0
