,abilities,v_measure,mutual_info,adjusted_rand_score,calinski_harabasz,davies_bouldin,silhouette
abilities,1.0,0.7750423740587402,0.7674289366195226,0.8174442190669371,0.7683180971963656,-0.5611436827919642,0.6534496651754703
v_measure,0.7750423740587402,1.0,0.9420378448970519,0.9789380088360332,0.9100836366667593,-0.8059962766400844,0.7072438800744671
mutual_info,0.7674289366195226,0.9420378448970519,1.0,0.9333129567367807,0.839006363055378,-0.7198032732223735,0.620550723832282
adjusted_rand_score,0.8174442190669371,0.9789380088360332,0.9333129567367807,1.0,0.8782961460446247,-0.7400872488816027,0.6690099752702214
calinski_harabasz,0.7683180971963656,0.9100836366667593,0.839006363055378,0.8782961460446247,1.0,-0.9074717274722832,0.7024646419739364
davies_bouldin,-0.5611436827919642,-0.8059962766400844,-0.7198032732223735,-0.7400872488816027,-0.9074717274722832,1.0,-0.7097446441968379
silhouette,0.6534496651754703,0.7072438800744671,0.620550723832282,0.6690099752702214,0.7024646419739364,-0.7097446441968379,1.0
