,abilities,v_measure,mutual_info,adjusted_rand_score,calinski_harabasz,davies_bouldin,silhouette
abilities,1.0,0.8107199422045626,0.8068298646808747,0.849342854761177,0.7646503098168885,-0.4911778599016366,0.6257189696851816
v_measure,0.8107199422045626,1.0,0.941315401928367,0.9838283920086693,0.9074717274722832,-0.7553696962960905,0.6999083053155131
mutual_info,0.8068298646808747,0.941315401928367,1.0,0.9362583011475729,0.8385617827669566,-0.6679540970852205,0.6072133151796382
adjusted_rand_score,0.849342854761177,0.9838283920086693,0.9362583011475729,1.0,0.8800744671983106,-0.6989635722026175,0.665231042818639
calinski_harabasz,0.7646503098168885,0.9074717274722832,0.8385617827669566,0.8800744671983106,1.0,-0.8507877406985468,0.6923504404123482
davies_bouldin,-0.4911778599016366,-0.7553696962960905,-0.6679540970852205,-0.6989635722026175,-0.8507877406985468,1.0,-0.7283058712384339
silhouette,0.6257189696851816,0.6999083053155131,0.6072133151796382,0.665231042818639,0.6923504404123482,-0.7283058712384339,1.0
