,abilities,v_measure,mutual_info,adjusted_rand_score,calinski_harabasz,davies_bouldin,silhouette
abilities,1.0,0.6672929143578022,0.702426088077103,0.7211592590834176,0.6351575905967892,-0.5485455001729529,0.4320634296217419
v_measure,0.6672929143578022,1.0,0.9815923873601964,0.9813210887214373,0.8511384369128928,-0.8061842524705132,0.4254844376318342
mutual_info,0.702426088077103,0.9815923873601964,1.0,0.9785267127422188,0.8223400864086164,-0.7657743202273483,0.3828362916189068
adjusted_rand_score,0.7211592590834176,0.9813210887214373,0.9785267127422188,1.0,0.8228148590264448,-0.7522093882893942,0.3811271101947246
calinski_harabasz,0.6351575905967892,0.8511384369128928,0.8223400864086164,0.8228148590264448,1.0,-0.8905581291245871,0.3257143632281825
davies_bouldin,-0.5485455001729529,-0.8061842524705132,-0.7657743202273483,-0.7522093882893942,-0.8905581291245871,1.0,-0.4014473782377797
silhouette,0.4320634296217419,0.4254844376318342,0.3828362916189068,0.3811271101947246,0.3257143632281825,-0.4014473782377797,1.0
