,abilities,v_measure,mutual_info,adjusted_rand_score,calinski_harabasz,davies_bouldin,silhouette
abilities,1.0,0.6662438915247025,0.7012686645658668,0.7205716281745332,0.6351054846633577,-0.5452646357665215,0.43256001655176046
v_measure,0.6662438915247025,1.0,0.9810362251507403,0.9812803939256235,0.8508264434783198,-0.8060621680830716,0.42528096365276485
mutual_info,0.7012686645658668,0.9810362251507403,1.0,0.978174024511832,0.821878878722726,-0.7646348659445601,0.38256499298014773
adjusted_rand_score,0.7205716281745332,0.9812803939256235,0.978174024511832,1.0,0.8226656447751274,-0.7519380896506351,0.38103215567115895
calinski_harabasz,0.6351054846633577,0.8508264434783198,0.821878878722726,0.8226656447751274,1.0,-0.890286830485828,0.32570079829624454
davies_bouldin,-0.5452646357665215,-0.8060621680830716,-0.7646348659445601,-0.7519380896506351,-0.890286830485828,1.0,-0.4013252938503381
silhouette,0.43256001655176046,0.42528096365276485,0.38256499298014773,0.38103215567115895,0.32570079829624454,-0.4013252938503381,1.0
