,abilities,v_measure,mutual_info,adjusted_rand_score,calinski_harabasz,davies_bouldin,silhouette
abilities,1.0,0.6894987079402329,0.720128324256133,0.7332591783720726,0.6259063070151045,-0.5418986835233555,0.4255929570873378
v_measure,0.6894987079402329,1.0,0.98349147783151,0.9850378800724368,0.8569306628503991,-0.7795020313485577,0.4130589599766683
mutual_info,0.720128324256133,0.98349147783151,1.0,0.9790421801558611,0.8305333052991407,-0.7406791961421334,0.37433107929380965
adjusted_rand_score,0.7332591783720726,0.9850378800724368,0.9790421801558611,1.0,0.8297194093828634,-0.7316720813353319,0.37958070795379784
calinski_harabasz,0.6259063070151045,0.8569306628503991,0.8305333052991407,0.8297194093828634,1.0,-0.9032006456907602,0.3024505049545914
davies_bouldin,-0.5418986835233555,-0.7795020313485577,-0.7406791961421334,-0.7316720813353319,-0.9032006456907602,1.0,-0.3796892274093015
silhouette,0.4255929570873378,0.4130589599766683,0.37433107929380965,0.37958070795379784,0.3024505049545914,-0.3796892274093015,1.0
