,abilities,v_measure,mutual_info,adjusted_rand_score,calinski_harabasz,davies_bouldin,silhouette
abilities,1.0,0.6662529334517522,0.7015016481665445,0.7201467735756196,0.6357926721886904,-0.5478641869928916,0.4314559340296476
v_measure,0.6662529334517522,1.0,0.9817009068157001,0.9813075237894994,0.8510299174573892,-0.8059807784914439,0.42545730776795826
mutual_info,0.7015016481665445,0.9817009068157001,1.0,0.9786487971296604,0.8224079110683062,-0.765285982677582,0.3829855058702243
adjusted_rand_score,0.7201467735756196,0.9813075237894994,0.9786487971296604,1.0,0.8228148590264448,-0.7518295701951315,0.3811678049905385
calinski_harabasz,0.6357926721886904,0.8510299174573892,0.8224079110683062,0.8228148590264448,1.0,-0.8904089148732697,0.3257414930920584
davies_bouldin,-0.5478641869928916,-0.8059807784914439,-0.765285982677582,-0.7518295701951315,-0.8904089148732697,1.0,-0.4012574691906483
silhouette,0.4314559340296476,0.42545730776795826,0.3829855058702243,0.3811678049905385,0.3257414930920584,-0.4012574691906483,1.0
