,abilities,v_measure,mutual_info,adjusted_rand_score,calinski_harabasz,davies_bouldin,silhouette
abilities,1.0,0.8301814300960513,0.768281750266809,0.864247598719317,0.8096051227321238,-0.5456990394877268,0.6963927427961579
v_measure,0.8301814300960513,1.0,0.9106937033084311,0.9771184631803629,0.9051440768409819,-0.7637566702241195,0.7649519743863393
mutual_info,0.768281750266809,0.9106937033084311,1.0,0.9029242262540021,0.8045677694770544,-0.6467022411953042,0.6454215581643543
adjusted_rand_score,0.864247598719317,0.9771184631803629,0.9029242262540021,1.0,0.871760939167556,-0.6900747065101387,0.727812166488794
calinski_harabasz,0.8096051227321238,0.9051440768409819,0.8045677694770544,0.871760939167556,1.0,-0.8838847385272145,0.7959445037353255
davies_bouldin,-0.5456990394877268,-0.7637566702241195,-0.6467022411953042,-0.6900747065101387,-0.8838847385272145,1.0,-0.7888580576307364
silhouette,0.6963927427961579,0.7649519743863393,0.6454215581643543,0.727812166488794,0.7959445037353255,-0.7888580576307364,1.0
