,abilities,v_measure,mutual_info,adjusted_rand_score,calinski_harabasz,davies_bouldin,silhouette
abilities,1.0,0.84034151547492,0.792102454642476,0.8777374599786553,0.8151547491995731,-0.5532977588046958,0.6765848452508004
v_measure,0.84034151547492,1.0,0.9108644610458911,0.9755816435432231,0.8913127001067236,-0.7787833511205976,0.7670010672358591
mutual_info,0.792102454642476,0.9108644610458911,1.0,0.9050586979722519,0.7851867662753469,-0.6438847385272145,0.631590181430096
adjusted_rand_score,0.8777374599786553,0.9755816435432231,0.9050586979722519,1.0,0.8493916755602988,-0.7016862326574173,0.7237993596584845
calinski_harabasz,0.8151547491995731,0.8913127001067236,0.7851867662753469,0.8493916755602988,1.0,-0.8913127001067236,0.8059338313767342
davies_bouldin,-0.5532977588046958,-0.7787833511205976,-0.6438847385272145,-0.7016862326574173,-0.8913127001067236,1.0,-0.7866382070437566
silhouette,0.6765848452508004,0.7670010672358591,0.631590181430096,0.7237993596584845,0.8059338313767342,-0.7866382070437566,1.0
