,abilities,v_measure,mutual_info,adjusted_rand_score,calinski_harabasz,davies_bouldin,silhouette
abilities,1.0,0.831803628601921,0.768537886872999,0.8678335112059765,0.7917609391675561,-0.5613233724653148,0.6911846318036287
v_measure,0.831803628601921,1.0,0.9107790821771612,0.9807897545357525,0.888068303094984,-0.7624759871931697,0.7518036286019211
mutual_info,0.768537886872999,0.9107790821771612,1.0,0.9141942369263607,0.7925293489861259,-0.6449092849519744,0.6403842049092849
adjusted_rand_score,0.8678335112059765,0.9807897545357525,0.9141942369263607,1.0,0.848452508004269,-0.6844397011739595,0.7082604055496264
calinski_harabasz,0.7917609391675561,0.888068303094984,0.7925293489861259,0.848452508004269,1.0,-0.8758591248665956,0.7820277481323372
davies_bouldin,-0.5613233724653148,-0.7624759871931697,-0.6449092849519744,-0.6844397011739595,-0.8758591248665956,1.0,-0.7906510138740662
silhouette,0.6911846318036287,0.7518036286019211,0.6403842049092849,0.7082604055496264,0.7820277481323372,-0.7906510138740662,1.0
