,abilities,v_measure,mutual_info,adjusted_rand_score,calinski_harabasz,davies_bouldin,silhouette
abilities,1.0,0.7917690868602313,0.8049438519277657,0.7280898876404495,0.032303370786516857,0.0056179775280898875,0.2157303370786517
v_measure,0.7917690868602313,1.0,0.9850997679494118,0.9653767844581106,-0.39146007540881045,0.4012922265672664,-0.18835592433556325
mutual_info,0.8049438519277657,0.9850997679494118,1.0,0.9465517246482742,-0.34857322515817485,0.36017347047593873,-0.16650596023180672
adjusted_rand_score,0.7280898876404495,0.9653767844581106,0.9465517246482742,1.0,-0.5224719101123596,0.5191011235955056,-0.2792134831460674
calinski_harabasz,0.032303370786516857,-0.39146007540881045,-0.34857322515817485,-0.5224719101123596,1.0,-0.9702247191011236,0.8421348314606741
davies_bouldin,0.0056179775280898875,0.4012922265672664,0.36017347047593873,0.5191011235955056,-0.9702247191011236,1.0,-0.8775280898876404
silhouette,0.2157303370786517,-0.18835592433556325,-0.16650596023180672,-0.2792134831460674,0.8421348314606741,-0.8775280898876404,1.0
