,abilities,v_measure,mutual_info,adjusted_rand_score,calinski_harabasz,davies_bouldin,silhouette
abilities,1.0,0.7315778730353133,0.80965503163911,0.7794447846499285,0.7396407430087772,-0.4124311083894672,0.6143090426617677
v_measure,0.7315778730353133,1.0,0.9290671565625638,0.9430496019595835,0.7703612982241274,-0.6549295774647887,0.6752398448662993
mutual_info,0.80965503163911,0.9290671565625638,1.0,0.8935497040212288,0.7163706878954889,-0.47672994488671155,0.5414370279648908
adjusted_rand_score,0.7794447846499285,0.9430496019595835,0.8935497040212288,1.0,0.722188201673811,-0.5775668503776281,0.6487038171055317
calinski_harabasz,0.7396407430087772,0.7703612982241274,0.7163706878954889,0.722188201673811,1.0,-0.8173096550316391,0.7990406205348031
davies_bouldin,-0.4124311083894672,-0.6549295774647887,-0.47672994488671155,-0.5775668503776281,-0.8173096550316391,1.0,-0.7195345988977342
silhouette,0.6143090426617677,0.6752398448662993,0.5414370279648908,0.6487038171055317,0.7990406205348031,-0.7195345988977342,1.0
