,abilities,v_measure,mutual_info,adjusted_rand_score,calinski_harabasz,davies_bouldin,silhouette
abilities,1.0,0.8226168605837926,0.8732265024564678,0.8323127168809962,0.7129005919575424,-0.3939579506021637,0.6047152480097979
v_measure,0.8226168605837926,1.0,0.9419210011301327,0.9408042457644418,0.7452541334966319,-0.646050214329455,0.6802408654827515
mutual_info,0.8732265024564678,0.9419210011301327,1.0,0.9016025360839253,0.7033785889453559,-0.48984383229556855,0.564050222393272
adjusted_rand_score,0.8323127168809962,0.9408042457644418,0.9016025360839253,1.0,0.7038171055317411,-0.5596040008164932,0.6415595019391712
calinski_harabasz,0.7129005919575424,0.7452541334966319,0.7033785889453559,0.7038171055317411,1.0,-0.8277199428454787,0.8000612369871403
davies_bouldin,-0.3939579506021637,-0.646050214329455,-0.48984383229556855,-0.5596040008164932,-0.8277199428454787,1.0,-0.7260665441926923
silhouette,0.6047152480097979,0.6802408654827515,0.564050222393272,0.6415595019391712,0.8000612369871403,-0.7260665441926923,1.0
