,abilities,v_measure,mutual_info,adjusted_rand_score,calinski_harabasz,davies_bouldin,silhouette
abilities,1.0,0.864564196774852,0.9063305353668697,0.8523167993468055,0.7453561951418657,-0.42743417023882424,0.5720555215350072
v_measure,0.864564196774852,1.0,0.9453701107923007,0.9468258828332313,0.7775056133904878,-0.6362522963870177,0.6122678097570933
mutual_info,0.9063305353668697,0.9453701107923007,1.0,0.8947972751758273,0.7298614480189736,-0.4786813300529976,0.5074124162811253
adjusted_rand_score,0.8523167993468055,0.9468258828332313,0.8947972751758273,1.0,0.7490304143702796,-0.5860379669320269,0.5873647683200653
calinski_harabasz,0.7453561951418657,0.7775056133904878,0.7298614480189736,0.7490304143702796,1.0,-0.8087364768320066,0.7885282710757298
davies_bouldin,-0.42743417023882424,-0.6362522963870177,-0.4786813300529976,-0.5860379669320269,-0.8087364768320066,1.0,-0.7335170442947541
silhouette,0.5720555215350072,0.6122678097570933,0.5074124162811253,0.5873647683200653,0.7885282710757298,-0.7335170442947541,1.0
