,abilities,v_measure,mutual_info,adjusted_rand_score,calinski_harabasz,davies_bouldin,silhouette
abilities,1.0,0.6834166447426115,0.8391481650194046,0.7002543190388494,0.7852611885761057,-0.7286094302668888,0.7271478265953404
v_measure,0.6834166447426115,1.0,0.823245684640022,0.9777251600456021,0.8852348797100178,-0.8418544827384606,0.771112865035517
mutual_info,0.8391481650194046,0.823245684640022,1.0,0.8248534721783788,0.7890144263233732,-0.7593434381155179,0.58497157145556
adjusted_rand_score,0.7002543190388494,0.9777251600456021,0.8248534721783788,1.0,0.8834224911572978,-0.8225613142740215,0.7652079862024613
calinski_harabasz,0.7852611885761057,0.8852348797100178,0.7890144263233732,0.8834224911572978,1.0,-0.9497792978455962,0.7697681896576924
davies_bouldin,-0.7286094302668888,-0.8418544827384606,-0.7593434381155179,-0.8225613142740215,-0.9497792978455962,1.0,-0.6944663684995177
silhouette,0.7271478265953404,0.771112865035517,0.58497157145556,0.7652079862024613,0.7697681896576924,-0.6944663684995177,1.0
