,abilities,v_measure,mutual_info,adjusted_rand_score,calinski_harabasz,davies_bouldin,silhouette
abilities,1.0,0.705282235668976,0.8171826127627233,0.745096319681955,0.8089391680551902,-0.7362682335058026,0.744219357479026
v_measure,0.705282235668976,1.0,0.8182934315531001,0.9771989827238446,0.8871641965564617,-0.8343710719401327,0.770118974538864
mutual_info,0.8171826127627233,0.8182934315531001,1.0,0.82946008360373,0.7905814259405419,-0.7593615715162676,0.5825659914057704
adjusted_rand_score,0.745096319681955,0.9771989827238446,0.82946008360373,1.0,0.8827793855418165,-0.8200473559589582,0.7641556315589465
calinski_harabasz,0.8089391680551902,0.8871641965564617,0.7905814259405419,0.8827793855418165,1.0,-0.9272706013037505,0.7663772691397001
davies_bouldin,-0.7362682335058026,-0.8343710719401327,-0.7593615715162676,-0.8200473559589582,-0.9272706013037505,1.0,-0.6859890672045368
silhouette,0.744219357479026,0.770118974538864,0.5825659914057704,0.7641556315589465,0.7663772691397001,-0.6859890672045368,1.0
