,abilities,v_measure,mutual_info,adjusted_rand_score,calinski_harabasz,davies_bouldin,silhouette
abilities,1.0,0.5759685241716554,0.6001203824832475,0.47172719262601553,0.5302007008601466,-0.49934692577253903,0.8249601784007645
v_measure,0.5759685241716554,1.0,0.9958763610783461,0.9607194205177318,0.001640754431774774,0.01965719387194244,0.3021138657847037
mutual_info,0.6001203824832475,0.9958763610783461,1.0,0.9384757170446324,0.044963610897458255,-0.021824442716310146,0.33379684347267785
adjusted_rand_score,0.47172719262601553,0.9607194205177318,0.9384757170446324,1.0,-0.11373637548245735,0.1283198000978901,0.1856818012340706
calinski_harabasz,0.5302007008601466,0.001640754431774774,0.044963610897458255,-0.11373637548245735,1.0,-0.9876075183179357,0.7490124243389614
davies_bouldin,-0.49934692577253903,0.01965719387194244,-0.021824442716310146,0.1283198000978901,-0.9876075183179357,1.0,-0.7645906339598598
silhouette,0.8249601784007645,0.3021138657847037,0.33379684347267785,0.1856818012340706,0.7490124243389614,-0.7645906339598598,1.0
