,abilities,v_measure,mutual_info,adjusted_rand_score,calinski_harabasz,davies_bouldin,silhouette
abilities,1.0,0.6096199196777157,0.6332036559984427,0.5276794361669302,0.5347562918126793,-0.5034246575342466,0.8298343421471807
v_measure,0.6096199196777157,1.0,0.9965616555913145,0.9754391834732492,0.03490983822557687,-0.009709124525890532,0.3344669944345538
mutual_info,0.6332036559984427,0.9965616555913145,1.0,0.9585880738451202,0.07379992275957085,-0.04756915772777348,0.3636052553754585
adjusted_rand_score,0.5276794361669302,0.9754391834732492,0.9585880738451202,1.0,-0.05531506496678336,0.07768799765097262,0.24033579343019262
calinski_harabasz,0.5347562918126793,0.03490983822557687,0.07379992275957085,-0.05531506496678336,1.0,-0.9877668047148773,0.7493628544122332
davies_bouldin,-0.5034246575342466,-0.009709124525890532,-0.04756915772777348,0.07768799765097262,-0.9877668047148773,1.0,-0.764510990761389
silhouette,0.8298343421471807,0.3344669944345538,0.3636052553754585,0.24033579343019262,0.7493628544122332,-0.764510990761389,1.0
