,abilities,v_measure,mutual_info,adjusted_rand_score,calinski_harabasz,davies_bouldin,silhouette
abilities,1.0,0.8236503648752167,0.7721243397976051,0.8606620166915292,0.8033302423093981,-0.5482804499455711,0.6939886304076119
v_measure,0.8236503648752167,1.0,0.9195258638067976,0.9757287424908277,0.9004152723460872,-0.7703503608434463,0.7614804660726525
mutual_info,0.7721243397976051,0.9195258638067976,1.0,0.9098496149659315,0.8051042212635569,-0.6523807603918881,0.6470588235294118
adjusted_rand_score,0.8606620166915292,0.9757287424908277,0.9098496149659315,1.0,0.8651775994839334,-0.6915695681973955,0.7212433979760513
calinski_harabasz,0.8033302423093981,0.9004152723460872,0.8051042212635569,0.8651775994839334,1.0,-0.884368826351651,0.7847840986977381
davies_bouldin,-0.5482804499455711,-0.7703503608434463,-0.6523807603918881,-0.6915695681973955,-0.884368826351651,1.0,-0.7803491513123413
silhouette,0.6939886304076119,0.7614804660726525,0.6470588235294118,0.7212433979760513,0.7847840986977381,-0.7803491513123413,1.0
