,abilities,v_measure,mutual_info,adjusted_rand_score,calinski_harabasz,davies_bouldin,silhouette
abilities,1.0,0.833084707495061,0.7760754747409587,0.8748538483247994,0.790670483409265,-0.5683586662903681,0.688424787324114
v_measure,0.833084707495061,1.0,0.9175099786316171,0.9791960649921381,0.8854170866427449,-0.7706729024714752,0.7497076966495988
mutual_info,0.7760754747409587,0.9175099786316171,1.0,0.9198484054348264,0.7938152642825465,-0.6506067814377293,0.6410111680038705
adjusted_rand_score,0.8748538483247994,0.9791960649921381,0.9198484054348264,1.0,0.8433254041849776,-0.6877797040680563,0.7025359835503769
calinski_harabasz,0.790670483409265,0.8854170866427449,0.7938152642825465,0.8433254041849776,1.0,-0.8775148167560376,0.7718824335765835
davies_bouldin,-0.5683586662903681,-0.7706729024714752,-0.6506067814377293,-0.6877797040680563,-0.8775148167560376,1.0,-0.7829294843365722
silhouette,0.688424787324114,0.7497076966495988,0.6410111680038705,0.7025359835503769,0.7718824335765835,-0.7829294843365722,1.0
