,abilities,v_measure,mutual_info,adjusted_rand_score,calinski_harabasz,davies_bouldin,silhouette
abilities,1.0,0.8638067975648107,0.8191347820828125,0.9113816876990687,0.8302624682498085,-0.5423940652340443,0.6494778857396283
v_measure,0.8638067975648107,1.0,0.913720114502278,0.9737934927226545,0.9191226867717615,-0.7546264564770391,0.7300326573398379
mutual_info,0.8191347820828125,0.913720114502278,1.0,0.9056565738015563,0.8192154174898197,-0.6247228157884127,0.6013385477563198
adjusted_rand_score,0.9113816876990687,0.9737934927226545,0.9056565738015563,1.0,0.880256420594283,-0.6667338628391727,0.6807644236584284
calinski_harabasz,0.8302624682498085,0.9191226867717615,0.8192154174898197,0.880256420594283,1.0,-0.865016328669919,0.7738176833447566
davies_bouldin,-0.5423940652340443,-0.7546264564770391,-0.6247228157884127,-0.6667338628391727,-0.865016328669919,1.0,-0.7862355360238681
silhouette,0.6494778857396283,0.7300326573398379,0.6013385477563198,0.6807644236584284,0.7738176833447566,-0.7862355360238681,1.0
