,abilities,v_measure,mutual_info,adjusted_rand_score,calinski_harabasz,davies_bouldin,silhouette
abilities,1.0,0.8231665524331734,0.7729306938676773,0.8616296415756158,0.8038946901584486,-0.5486029915735999,0.6927790993025037
v_measure,0.8231665524331734,1.0,0.9199290408418337,0.9756481070838205,0.8996895536830222,-0.7696246421803814,0.760916018223602
mutual_info,0.7729306938676773,0.9199290408418337,1.0,0.9096883441519171,0.8050235858565497,-0.6525420312059025,0.6466556464943757
adjusted_rand_score,0.8616296415756158,0.9756481070838205,0.9096883441519171,1.0,0.8651775994839334,-0.6915695681973955,0.7212433979760513
calinski_harabasz,0.8038946901584486,0.8996895536830222,0.8050235858565497,0.8651775994839334,1.0,-0.884368826351651,0.7847840986977381
davies_bouldin,-0.5486029915735999,-0.7696246421803814,-0.6525420312059025,-0.6915695681973955,-0.884368826351651,1.0,-0.7803491513123413
silhouette,0.6927790993025037,0.760916018223602,0.6466556464943757,0.7212433979760513,0.7847840986977381,-0.7803491513123413,1.0
