,abilities,v_measure,mutual_info,adjusted_rand_score,calinski_harabasz,davies_bouldin,silhouette
abilities,1.0,0.5331578414498329,0.5506935304242179,0.5605345752758935,0.44094360635820595,-0.39165738584590465,0.22792345854004253
v_measure,0.5331578414498329,1.0,0.9978131011440721,0.9534271539941278,0.8083223650906146,-0.7185987648071277,0.3421484256353144
mutual_info,0.5506935304242179,0.9978131011440721,1.0,0.9588944011339475,0.8040903108231244,-0.7140427255239445,0.32835881340488005
adjusted_rand_score,0.5605345752758935,0.9534271539941278,0.9588944011339475,1.0,0.7689784347473929,-0.6645135162498734,0.3319428976409841
calinski_harabasz,0.44094360635820595,0.8083223650906146,0.8040903108231244,0.7689784347473929,1.0,-0.9017717930545712,0.31062063379568694
davies_bouldin,-0.39165738584590465,-0.7185987648071277,-0.7140427255239445,-0.6645135162498734,-0.9017717930545712,1.0,-0.3217981168370963
silhouette,0.22792345854004253,0.3421484256353144,0.32835881340488005,0.3319428976409841,0.31062063379568694,-0.3217981168370963,1.0
