,abilities,v_measure,mutual_info,adjusted_rand_score,calinski_harabasz,davies_bouldin,silhouette
abilities,1.0,0.535000506226587,0.553508150248051,0.5616077756403767,0.44302925989672975,-0.39372279032094765,0.22595929938240356
v_measure,0.535000506226587,1.0,0.9974688670648982,0.9534676521210894,0.8083021160271338,-0.7191049913941481,0.3422901690796801
mutual_info,0.553508150248051,0.9974688670648982,1.0,0.9583274273564848,0.8037460767439506,-0.7145692011744457,0.3283385643413992
adjusted_rand_score,0.5616077756403767,0.9534676521210894,0.9583274273564848,1.0,0.7690594310013162,-0.6647362559481624,0.3320238938949074
calinski_harabasz,0.44302925989672975,0.8083021160271338,0.8037460767439506,0.7690594310013162,1.0,-0.9018730383719753,0.31043839222435965
davies_bouldin,-0.39372279032094765,-0.7191049913941481,-0.7145692011744457,-0.6647362559481624,-0.9018730383719753,1.0,-0.3235395362964463
silhouette,0.22595929938240356,0.3422901690796801,0.3283385643413992,0.3320238938949074,0.31043839222435965,-0.3235395362964463,1.0
