,abilities,v_measure,mutual_info,adjusted_rand_score,calinski_harabasz,davies_bouldin,silhouette
abilities,1.0,0.8492678725236865,0.8428694475206103,0.8994708994708994,0.8031253845207333,-0.5516180632459702,0.626984126984127
v_measure,0.8492678725236865,1.0,0.9322628276116648,0.97182232065953,0.9299249415528485,-0.7985726590377753,0.6829703457610434
mutual_info,0.8428694475206103,0.9322628276116648,1.0,0.9248185062138551,0.8493293958410237,-0.6997662113941183,0.5794266026824166
adjusted_rand_score,0.8994708994708994,0.97182232065953,0.9248185062138551,1.0,0.8881506090808416,-0.7158853205364833,0.6347360649686231
calinski_harabasz,0.8031253845207333,0.9299249415528485,0.8493293958410237,0.8881506090808416,1.0,-0.8763996554694229,0.7224683154915713
davies_bouldin,-0.5516180632459702,-0.7985726590377753,-0.6997662113941183,-0.7158853205364833,-0.8763996554694229,1.0,-0.7433247200689062
silhouette,0.626984126984127,0.6829703457610434,0.5794266026824166,0.6347360649686231,0.7224683154915713,-0.7433247200689062,1.0
