,abilities,v_measure,mutual_info,adjusted_rand_score,calinski_harabasz,davies_bouldin,silhouette
abilities,1.0,0.7972191460563554,0.7822689799433985,0.8408391780484804,0.7893441614371847,-0.5733357942660269,0.6552233296419343
v_measure,0.7972191460563554,1.0,0.9352159468438538,0.9773594192198843,0.9083302571674665,-0.7967884828349945,0.728066937369263
mutual_info,0.7822689799433985,0.9352159468438538,1.0,0.9274640088593576,0.8294573643410853,-0.7025347606742955,0.6331979820351913
adjusted_rand_score,0.8408391780484804,0.9773594192198843,0.9274640088593576,1.0,0.8745539559493047,-0.7253599114064231,0.6850621385505107
calinski_harabasz,0.7893441614371847,0.9083302571674665,0.8294573643410853,0.8745539559493047,1.0,-0.9024855420204257,0.7272671342438785
davies_bouldin,-0.5733357942660269,-0.7967884828349945,-0.7025347606742955,-0.7253599114064231,-0.9024855420204257,1.0,-0.7343423157376646
silhouette,0.6552233296419343,0.728066937369263,0.6331979820351913,0.6850621385505107,0.7272671342438785,-0.7343423157376646,1.0
