,abilities,v_measure,mutual_info,adjusted_rand_score,calinski_harabasz,davies_bouldin,silhouette
abilities,1.0,0.8849210218408736,0.879184201029105,0.8845553822152886,0.8490395865834633,-0.7948761700468019,0.6816741419656787
v_measure,0.8849210218408736,1.0,0.962995792040724,0.9975867784711389,0.9274083463338534,-0.8833365834633385,0.6297776911076443
mutual_info,0.879184201029105,0.962995792040724,1.0,0.9598047161466274,0.9208393564742671,-0.8440456871607763,0.5816316568351192
adjusted_rand_score,0.8845553822152886,0.9975867784711389,0.9598047161466274,1.0,0.9245076053042122,-0.8826784321372855,0.6288026521060842
calinski_harabasz,0.8490395865834633,0.9274083463338534,0.9208393564742671,0.9245076053042122,1.0,-0.8837022230889235,0.5724697737909517
davies_bouldin,-0.7948761700468019,-0.8833365834633385,-0.8440456871607763,-0.8826784321372855,-0.8837022230889235,1.0,-0.6269257020280812
silhouette,0.6816741419656787,0.6297776911076443,0.5816316568351192,0.6288026521060842,0.5724697737909517,-0.6269257020280812,1.0
