,abilities,v_measure,mutual_info,adjusted_rand_score,calinski_harabasz,davies_bouldin,silhouette
abilities,1.0,0.8864370225054528,0.8787984559234999,0.8861445856535355,0.8532210700751807,-0.7913950456323338,0.6636976202951175
v_measure,0.8864370225054528,1.0,0.9565524548859003,0.9976605051846617,0.9275244001998318,-0.8852916448354433,0.6208556214892347
mutual_info,0.8787984559234999,0.9565524548859003,1.0,0.9547453581763471,0.9176266149530906,-0.8381876204101607,0.5626175823161884
adjusted_rand_score,0.8861445856535355,0.9976605051846617,0.9547453581763471,1.0,0.9251849053844935,-0.8848286198199077,0.6198077227698644
calinski_harabasz,0.8532210700751807,0.9275244001998318,0.9176266149530906,0.9251849053844935,1.0,-0.880685764417746,0.5587615299321302
davies_bouldin,-0.7913950456323338,-0.8852916448354433,-0.8381876204101607,-0.8848286198199077,-0.880685764417746,1.0,-0.6199783109334828
silhouette,0.6636976202951175,0.6208556214892347,0.5626175823161884,0.6198077227698644,0.5587615299321302,-0.6199783109334828,1.0
