,abilities,v_measure,mutual_info,adjusted_rand_score,calinski_harabasz,davies_bouldin,silhouette
abilities,1.0,0.8815327613104524,0.8780859309559207,0.8809477379095164,0.8470163806552262,-0.7918779251170047,0.6775789781591264
v_measure,0.8815327613104524,1.0,0.9589772191780188,0.9973673946957878,0.9272133385335414,-0.8826296801872074,0.6285832683307332
mutual_info,0.8780859309559207,0.9589772191780188,1.0,0.9553969854243821,0.9180428059538454,-0.8418803589012263,0.5763565381963633
adjusted_rand_score,0.8809477379095164,0.9973673946957878,0.9553969854243821,1.0,0.9236300702028081,-0.8826784321372855,0.6281445007800313
calinski_harabasz,0.8470163806552262,0.9272133385335414,0.9180428059538454,0.9236300702028081,1.0,-0.8814108814352574,0.5705196957878315
davies_bouldin,-0.7918779251170047,-0.8826296801872074,-0.8418803589012263,-0.8826784321372855,-0.8814108814352574,1.0,-0.626340678627145
silhouette,0.6775789781591264,0.6285832683307332,0.5763565381963633,0.6281445007800313,0.5705196957878315,-0.626340678627145,1.0
