,abilities,v_measure,mutual_info,adjusted_rand_score,calinski_harabasz,davies_bouldin,silhouette
abilities,1.0,0.8850604832730845,0.8793240494293427,0.8846948414192736,0.8492885219085762,-0.7951979036681373,0.6814345348857451
v_measure,0.8850604832730845,1.0,0.962995792040724,0.9975867784711389,0.9274083463338534,-0.8833365834633385,0.6297776911076443
mutual_info,0.8793240494293427,0.962995792040724,1.0,0.9598047161466274,0.9208393564742671,-0.8440456871607763,0.5816316568351192
adjusted_rand_score,0.8846948414192736,0.9975867784711389,0.9598047161466274,1.0,0.9245076053042122,-0.8826784321372855,0.6288026521060842
calinski_harabasz,0.8492885219085762,0.9274083463338534,0.9208393564742671,0.9245076053042122,1.0,-0.8837022230889235,0.5724697737909517
davies_bouldin,-0.7951979036681373,-0.8833365834633385,-0.8440456871607763,-0.8826784321372855,-0.8837022230889235,1.0,-0.6269257020280812
silhouette,0.6814345348857451,0.6297776911076443,0.5816316568351192,0.6288026521060842,0.5724697737909517,-0.6269257020280812,1.0
