,abilities,v_measure,mutual_info,adjusted_rand_score,calinski_harabasz,davies_bouldin,silhouette
abilities,1.0,0.8875640087783467,0.8898731805753944,0.8875640087783467,0.8472811509387954,-0.7845647403072421,0.6585223116313095
v_measure,0.8875640087783467,1.0,0.9735369930858392,0.9982443306510607,0.9303340648622287,-0.8769324554986588,0.628334552548159
mutual_info,0.8898731805753944,0.9735369930858392,1.0,0.9717535332192127,0.924394122925302,-0.8396675637820045,0.5869903902123521
adjusted_rand_score,0.8875640087783467,0.9982443306510607,0.9717535332192127,1.0,0.9276517922457937,-0.8752987076322848,0.6264325774201415
calinski_harabasz,0.8472811509387954,0.9303340648622287,0.924394122925302,0.9276517922457937,1.0,-0.877517678614972,0.5715435259692758
davies_bouldin,-0.7845647403072421,-0.8769324554986588,-0.8396675637820045,-0.8752987076322848,-0.877517678614972,1.0,-0.624652523774689
silhouette,0.6585223116313095,0.628334552548159,0.5869903902123521,0.6264325774201415,0.5715435259692758,-0.624652523774689,1.0
