,abilities,v_measure,mutual_info,adjusted_rand_score,calinski_harabasz,davies_bouldin,silhouette
abilities,1.0,0.6806928527687867,0.7015484209605459,0.7036479748053539,0.5630478523313796,-0.4689178549558219,0.2849269530224827
v_measure,0.6806928527687867,1.0,0.9969206543609483,0.9537048377219841,0.8422535211267606,-0.7514128247747354,0.41621905345114163
mutual_info,0.7015484209605459,0.9969206543609483,1.0,0.9576939900271192,0.8356049339515353,-0.7431895722159041,0.40127722858892484
adjusted_rand_score,0.7036479748053539,0.9537048377219841,0.9576939900271192,1.0,0.8079608083282303,-0.6987140232700552,0.4164989939637827
calinski_harabasz,0.5630478523313796,0.8422535211267606,0.8356049339515353,0.8079608083282303,1.0,-0.9168926603096842,0.4155541947336191
davies_bouldin,-0.4689178549558219,-0.7514128247747354,-0.7431895722159041,-0.6987140232700552,-0.9168926603096842,1.0,-0.3873151955209518
silhouette,0.2849269530224827,0.41621905345114163,0.40127722858892484,0.4164989939637827,0.4155541947336191,-0.3873151955209518,1.0
