,abilities,v_measure,mutual_info,adjusted_rand_score,calinski_harabasz,davies_bouldin,silhouette
abilities,1.0,0.6404164115125536,0.6603971656023095,0.6608870614994313,0.5164027644125623,-0.4238474324206106,0.25290875688916103
v_measure,0.6404164115125536,1.0,0.9962557956434258,0.9535648674656636,0.8422885136908407,-0.7510279065698539,0.4154492170413787
mutual_info,0.6603971656023095,0.9962557956434258,1.0,0.9567141982328755,0.8361648149768174,-0.7445192896509492,0.40099728807628376
adjusted_rand_score,0.6608870614994313,0.9535648674656636,0.9567141982328755,1.0,0.8084856967894323,-0.6990639489108564,0.4164989939637827
calinski_harabasz,0.5164027644125623,0.8422885136908407,0.8361648149768174,0.8084856967894323,1.0,-0.9178374595398477,0.4157291575540198
davies_bouldin,-0.4238474324206106,-0.7510279065698539,-0.7445192896509492,-0.6990639489108564,-0.9178374595398477,1.0,-0.38801504680255444
silhouette,0.25290875688916103,0.4154492170413787,0.40099728807628376,0.4164989939637827,0.4157291575540198,-0.38801504680255444,1.0
