,abilities,v_measure,mutual_info,adjusted_rand_score,calinski_harabasz,davies_bouldin,silhouette
abilities,1.0,0.7143207068497944,0.746082985620235,0.7679293150205582,0.5988102528212754,-0.50261569416499,0.2958446330154842
v_measure,0.7143207068497944,1.0,0.9936575423137842,0.9354387192721547,0.8407488408713149,-0.7445542822150293,0.40204706499868775
mutual_info,0.746082985620235,0.9936575423137842,1.0,0.9486742076664969,0.8303808099417559,-0.7194534113949642,0.3726390748027711
adjusted_rand_score,0.7679293150205582,0.9354387192721547,0.9486742076664969,1.0,0.7780771586037967,-0.6566529612457352,0.3639051701513428
calinski_harabasz,0.5988102528212754,0.8407488408713149,0.8303808099417559,0.7780771586037967,1.0,-0.908424459802292,0.4133146706324906
davies_bouldin,-0.50261569416499,-0.7445542822150293,-0.7194534113949642,-0.6566529612457352,-0.908424459802292,1.0,-0.38927477910943925
silhouette,0.2958446330154842,0.40204706499868775,0.3726390748027711,0.3639051701513428,0.4133146706324906,-0.38927477910943925,1.0
