,abilities,v_measure,mutual_info,adjusted_rand_score,calinski_harabasz,davies_bouldin,silhouette
abilities,1.0,0.7114863091593037,0.7434345201644651,0.7643600734843846,0.5984603271804741,-0.5027906569853906,0.2925203394278716
v_measure,0.7114863091593037,1.0,0.994191234362698,0.935508704400315,0.8403639226664333,-0.7451841483684717,0.4020120724346076
mutual_info,0.7434345201644651,0.994191234362698,1.0,0.9496457002886887,0.8308109526725571,-0.7210042865890998,0.3730382293762575
adjusted_rand_score,0.7643600734843846,0.935508704400315,0.9496457002886887,1.0,0.7776572478348351,-0.6573178199632578,0.3637302073309422
calinski_harabasz,0.5984603271804741,0.8403639226664333,0.8308109526725571,0.7776572478348351,1.0,-0.9082844895459715,0.41243985653048726
davies_bouldin,-0.5027906569853906,-0.7451841483684717,-0.7210042865890998,-0.6573178199632578,-0.9082844895459715,1.0,-0.39263406526113204
silhouette,0.2925203394278716,0.4020120724346076,0.3730382293762575,0.3637302073309422,0.41243985653048726,-0.39263406526113204,1.0
