,abilities,v_measure,mutual_info,adjusted_rand_score,calinski_harabasz,davies_bouldin,silhouette
abilities,1.0,0.9568792061530426,0.9657222742064332,0.04717816077698357,-0.3268900793657787,0.27089120642310643,-0.5465073854825834
v_measure,0.9568792061530426,1.0,0.998222723134943,0.1998742883773669,-0.3733148380944124,0.2465068562428656,-0.54467033681564
mutual_info,0.9657222742064332,0.998222723134943,1.0,0.16192960149654526,-0.3639371739852905,0.24085713872874132,-0.5445402921669773
adjusted_rand_score,0.04717816077698357,0.1998742883773669,0.16192960149654526,1.0,0.015403288733798887,-0.08699390227189137,0.08913244517301917
calinski_harabasz,-0.3268900793657787,-0.3733148380944124,-0.3639371739852905,0.015403288733798887,1.0,-0.46570433626656266,0.7313855534844741
davies_bouldin,0.27089120642310643,0.2465068562428656,0.24085713872874132,-0.08699390227189137,-0.46570433626656266,1.0,-0.5579782391954571
silhouette,-0.5465073854825834,-0.54467033681564,-0.5445402921669773,0.08913244517301917,0.7313855534844741,-0.5579782391954571,1.0
