,abilities,v_measure,mutual_info,adjusted_rand_score,calinski_harabasz,davies_bouldin,silhouette
abilities,1.0,0.6406228082480011,0.29066423582757506,0.7792116706410436,0.6989760134661243,-0.5564595314910927,0.749193435264413
v_measure,0.6406228082480011,1.0,0.17128428182696387,0.916117267498948,0.733763501192313,-0.6291204937578903,0.9152756347313789
mutual_info,0.29066423582757506,0.17128428182696387,1.0,0.18026232772125192,0.2843515473081538,-0.2797222423939115,0.07350775075948326
adjusted_rand_score,0.7792116706410436,0.916117267498948,0.18026232772125192,1.0,0.7138448590265114,-0.6005049796605415,0.8580446065366811
calinski_harabasz,0.6989760134661243,0.733763501192313,0.2843515473081538,0.7138448590265114,1.0,-0.9225697853836443,0.8179267779492215
davies_bouldin,-0.5564595314910927,-0.6291204937578903,-0.2797222423939115,-0.6005049796605415,-0.9225697853836443,1.0,-0.66615233553093
silhouette,0.749193435264413,0.9152756347313789,0.07350775075948326,0.8580446065366811,0.8179267779492215,-0.66615233553093,1.0
