,abilities,v_measure,mutual_info,adjusted_rand_score,calinski_harabasz,davies_bouldin,silhouette
abilities,1.0,0.7957637817365689,0.1493898162435124,0.913031280684528,0.6425866180389956,-0.4776265955954552,0.8252209286014869
v_measure,0.7957637817365689,1.0,0.15780614391920325,0.913031280684528,0.7598541169869547,-0.5741338196100435,0.9183616215457988
mutual_info,0.1493898162435124,0.15780614391920325,1.0,0.20493757890307196,0.2975171833356712,-0.2708654790293169,0.06522653948660401
adjusted_rand_score,0.913031280684528,0.913031280684528,0.20493757890307196,1.0,0.732921868424744,-0.5699256557721981,0.859447327815963
calinski_harabasz,0.6425866180389956,0.7598541169869547,0.2975171833356712,0.732921868424744,1.0,-0.8266236498807686,0.803619020900547
davies_bouldin,-0.4776265955954552,-0.5741338196100435,-0.2708654790293169,-0.5699256557721981,-0.8266236498807686,1.0,-0.6251928741759013
silhouette,0.8252209286014869,0.9183616215457988,0.06522653948660401,0.859447327815963,0.803619020900547,-0.6251928741759013,1.0
