,abilities,v_measure,mutual_info,adjusted_rand_score,calinski_harabasz,davies_bouldin,silhouette
abilities,1.0,0.8047906285514468,0.8575862227889764,0.7948247224407728,0.7383075443657663,-0.5377218288311916,0.511626890462453
v_measure,0.8047906285514468,1.0,0.9660357573595179,0.9719818165923595,0.7820613690007868,-0.7371273712737128,0.6226942914590436
mutual_info,0.8575862227889764,0.9660357573595179,1.0,0.9516982130873947,0.7446343496207867,-0.6319010365786963,0.5422913848779266
adjusted_rand_score,0.7948247224407728,0.9719818165923595,0.9516982130873947,1.0,0.7630474691843693,-0.6938980680129382,0.5907859078590786
calinski_harabasz,0.7383075443657663,0.7820613690007868,0.7446343496207867,0.7630474691843693,1.0,-0.8869219337354664,0.6244864061543841
davies_bouldin,-0.5377218288311916,-0.7371273712737128,-0.6319010365786963,-0.6938980680129382,-0.8869219337354664,1.0,-0.6334906897456072
silhouette,0.511626890462453,0.6226942914590436,0.5422913848779266,0.5907859078590786,0.6244864061543841,-0.6334906897456072,1.0
