,abilities,v_measure,mutual_info,adjusted_rand_score,calinski_harabasz,davies_bouldin,silhouette
abilities,1.0,0.8508173791415333,0.8985881024452311,0.8260774543229303,0.7576711250983478,-0.5476877349418655,0.533656788180785
v_measure,0.8508173791415333,1.0,0.969882415578868,0.976746219075094,0.8108226243552759,-0.7287350292857767,0.555337004982953
mutual_info,0.8985881024452311,0.969882415578868,1.0,0.948856931448102,0.7726974698119546,-0.6246885524174149,0.47965205273782757
adjusted_rand_score,0.8260774543229303,0.976746219075094,0.948856931448102,1.0,0.7950869831278958,-0.7063117405367602,0.5372847276859866
calinski_harabasz,0.7576711250983478,0.8108226243552759,0.7726974698119546,0.7950869831278958,1.0,-0.8646734854445318,0.6038552321007081
davies_bouldin,-0.5476877349418655,-0.7287350292857767,-0.6246885524174149,-0.7063117405367602,-0.8646734854445318,1.0,-0.6326164874551972
silhouette,0.533656788180785,0.555337004982953,0.47965205273782757,0.5372847276859866,0.6038552321007081,-0.6326164874551972,1.0
