,abilities,v_measure,mutual_info,adjusted_rand_score,calinski_harabasz,davies_bouldin,silhouette
abilities,1.0,0.7396858940492772,0.8183564670284809,0.7829114835982902,0.7466980452427837,-0.42778925123673217,0.6130829451035013
v_measure,0.7396858940492772,1.0,0.9300706017962634,0.9445751885115988,0.7783007540463954,-0.6709091782335143,0.6764804764420537
mutual_info,0.8183564670284809,0.9300706017962634,1.0,0.8939532203064214,0.7271024446472312,-0.491282839440949,0.5515104942125738
adjusted_rand_score,0.7829114835982902,0.9445751885115988,0.8939532203064214,1.0,0.7339224821094088,-0.5991546995821526,0.6479515873397051
calinski_harabasz,0.7466980452427837,0.7783007540463954,0.7271024446472312,0.7339224821094088,1.0,-0.826905528072619,0.7878103837471784
davies_bouldin,-0.42778925123673217,-0.6709091782335143,-0.491282839440949,-0.5991546995821526,-0.826905528072619,1.0,-0.7148071658421785
silhouette,0.6130829451035013,0.6764804764420537,0.5515104942125738,0.6479515873397051,0.7878103837471784,-0.7148071658421785,1.0
