,abilities,v_measure,mutual_info,adjusted_rand_score,calinski_harabasz,davies_bouldin,silhouette
abilities,1.0,0.8238317083713559,0.8757714754812741,0.8246962201623361,0.7225877719610009,-0.4149176312376927,0.5954084818212382
v_measure,0.8238317083713559,1.0,0.9414759494561772,0.9435185629892897,0.7555352768839153,-0.660919264204409,0.6853177080831853
mutual_info,0.8757714754812741,0.9414759494561772,1.0,0.9059820852255827,0.7083883674384837,-0.49917148978155546,0.5674215318271236
adjusted_rand_score,0.8246962201623361,0.9435185629892897,0.9059820852255827,1.0,0.7177849286777772,-0.5804236107775803,0.643052687190817
calinski_harabasz,0.7225877719610009,0.7555352768839153,0.7083883674384837,0.7177849286777772,1.0,-0.8367033283703953,0.7888670092694875
davies_bouldin,-0.4149176312376927,-0.660919264204409,-0.49917148978155546,-0.5804236107775803,-0.8367033283703953,1.0,-0.7198981797223957
silhouette,0.5954084818212382,0.6853177080831853,0.5674215318271236,0.643052687190817,0.7888670092694875,-0.7198981797223957,1.0
