,abilities,v_measure,mutual_info,adjusted_rand_score,calinski_harabasz,davies_bouldin,silhouette
abilities,1.0,0.8241198789683493,0.8760747434632346,0.8238317083713559,0.7247970798712838,-0.41482157437202827,0.5929110033139618
v_measure,0.8241198789683493,1.0,0.9418800177954145,0.9438067335862831,0.7531338552423035,-0.6581336151001392,0.6805148647999616
mutual_info,0.8760747434632346,0.9418800177954145,1.0,0.9044142411683339,0.7075748147352874,-0.49930352312628556,0.567606515900271
adjusted_rand_score,0.8238317083713559,0.9438067335862831,0.9044142411683339,1.0,0.7168243600211325,-0.5773497910763172,0.6409394361461985
calinski_harabasz,0.7247970798712838,0.7531338552423035,0.7075748147352874,0.7168243600211325,1.0,-0.8367033283703953,0.7894433504634744
davies_bouldin,-0.41482157437202827,-0.6581336151001392,-0.49930352312628556,-0.5773497910763172,-0.8367033283703953,1.0,-0.7205705777820469
silhouette,0.5929110033139618,0.6805148647999616,0.567606515900271,0.6409394361461985,0.7894433504634744,-0.7205705777820469,1.0
