,abilities,v_measure,mutual_info,adjusted_rand_score,calinski_harabasz,davies_bouldin,silhouette
abilities,1.0,0.825272561356323,0.8769393383084748,0.8266173574756256,0.7245089092742903,-0.41482157437202827,0.5971375054031987
v_measure,0.825272561356323,1.0,0.9423603482649925,0.9428461649296384,0.7570721867345469,-0.6613034916670669,0.6852216512175208
mutual_info,0.8769393383084748,0.9423603482649925,1.0,0.9043181750744184,0.7110331941162488,-0.5010327128167662,0.5719294901264725
adjusted_rand_score,0.8266173574756256,0.9428461649296384,0.9043181750744184,1.0,0.7186494404687574,-0.5794630421209356,0.6424763459968301
calinski_harabasz,0.7245089092742903,0.7570721867345469,0.7110331941162488,0.7186494404687574,1.0,-0.8367033283703953,0.7885788386724941
davies_bouldin,-0.41482157437202827,-0.6613034916670669,-0.5010327128167662,-0.5794630421209356,-0.8367033283703953,1.0,-0.7207626915133759
silhouette,0.5971375054031987,0.6852216512175208,0.5719294901264725,0.6424763459968301,0.7885788386724941,-0.7207626915133759,1.0
