,abilities,v_measure,mutual_info,adjusted_rand_score,calinski_harabasz,davies_bouldin,silhouette
abilities,1.0,0.8594765070252304,0.873257943619004,0.8591365765221333,0.8214231757063001,-0.7615765221332528,0.6222427859193231
v_measure,0.8594765070252304,1.0,0.9684822065954917,0.9963363045777308,0.9166981417132497,-0.8761519867049403,0.5777685450974468
mutual_info,0.873257943619004,0.9684822065954917,1.0,0.9657393543643453,0.9109012259637022,-0.8448457777487846,0.538024652306069
adjusted_rand_score,0.8591365765221333,0.9963363045777308,0.9657393543643453,1.0,0.9121090799214383,-0.8741124036863575,0.5740293095633782
calinski_harabasz,0.8214231757063001,0.9166981417132497,0.9109012259637022,0.9121090799214383,1.0,-0.8827239764314851,0.5057599335247016
davies_bouldin,-0.7615765221332528,-0.8761519867049403,-0.8448457777487846,-0.8741124036863575,-0.8827239764314851,1.0,-0.5677972503399304
silhouette,0.6222427859193231,0.5777685450974468,0.538024652306069,0.5740293095633782,0.5057599335247016,-0.5677972503399304,1.0
