,abilities,v_measure,mutual_info,adjusted_rand_score,calinski_harabasz,davies_bouldin,silhouette
abilities,1.0,0.8672523735298285,0.8651885667358711,0.8675735676160786,0.8291247461149686,-0.7624297387936328,0.618837088470077
v_measure,0.8672523735298285,1.0,0.9652644768532402,0.9980161541731614,0.9174720136035143,-0.8708421897879174,0.5754569930565396
mutual_info,0.8651885667358711,0.9652644768532402,1.0,0.962964425197275,0.908416286541605,-0.8353068256746269,0.5286711324785338
adjusted_rand_score,0.8675735676160786,0.9980161541731614,0.962964425197275,1.0,0.9151291861508668,-0.8694629445940201,0.5746445609560248
calinski_harabasz,0.8291247461149686,0.9174720136035143,0.908416286541605,0.9151291861508668,1.0,-0.8716357281186529,0.49903169429880495
davies_bouldin,-0.7624297387936328,-0.8708421897879174,-0.8353068256746269,-0.8694629445940201,-0.8716357281186529,1.0,-0.5669359028860234
silhouette,0.618837088470077,0.5754569930565396,0.5286711324785338,0.5746445609560248,0.49903169429880495,-0.5669359028860234,1.0
