,abilities,v_measure,mutual_info,adjusted_rand_score,calinski_harabasz,davies_bouldin,silhouette
abilities,1.0,0.8885244852358745,0.8702764470406391,0.9068071760618329,0.8376475732400525,-0.8420638390905116,0.8503716659379099
v_measure,0.8885244852358745,1.0,0.9891415057896537,0.9709194280629384,0.8024444395059263,-0.8138576434355764,0.7819137910577623
mutual_info,0.8702764470406391,0.9891415057896537,1.0,0.9499961979433335,0.8065955491166683,-0.8185138490371917,0.7836992922051308
adjusted_rand_score,0.9068071760618329,0.9709194280629384,0.9499961979433335,1.0,0.7819014619900504,-0.7826010914054709,0.7726095088164975
calinski_harabasz,0.8376475732400525,0.8024444395059263,0.8065955491166683,0.7819014619900504,1.0,-0.9948404022737211,0.9853957149103629
davies_bouldin,-0.8420638390905116,-0.8138576434355764,-0.8185138490371917,-0.7826010914054709,-0.9948404022737211,1.0,-0.9786620026235243
silhouette,0.8503716659379099,0.7819137910577623,0.7836992922051308,0.7726095088164975,0.9853957149103629,-0.9786620026235243,1.0
