,abilities,v_measure,mutual_info,adjusted_rand_score,calinski_harabasz,davies_bouldin,silhouette
abilities,1.0,0.8888961796167252,0.8726135896193328,0.9082720251503694,0.8362920857017927,-0.8418889374726716,0.85002186270223
v_measure,0.8888961796167252,1.0,0.99082530816442,0.9694763319644776,0.8030566420155626,-0.8152569634576026,0.7817826048056974
mutual_info,0.8726135896193328,0.99082530816442,1.0,0.9509355037162202,0.8059133879166871,-0.818313064757802,0.7832353193377877
adjusted_rand_score,0.9082720251503694,0.9694763319644776,0.9509355037162202,1.0,0.7818140083131228,-0.7832569939824275,0.7740087676473384
calinski_harabasz,0.8362920857017927,0.8030566420155626,0.8059133879166871,0.7818140083131228,1.0,-0.9942282466112812,0.9843900306077831
davies_bouldin,-0.8418889374726716,-0.8152569634576026,-0.818313064757802,-0.7832569939824275,-0.9942282466112812,1.0,-0.9779623961521644
silhouette,0.85002186270223,0.7817826048056974,0.7832353193377877,0.7740087676473384,0.9843900306077831,-0.9779623961521644,1.0
