,abilities,v_measure,mutual_info,adjusted_rand_score,calinski_harabasz,davies_bouldin,silhouette
abilities,1.0,0.6114138784275963,0.6356393222446017,0.5022695324605876,0.5155649917433357,-0.4833309742863883,0.821033262561925
v_measure,0.6114138784275963,1.0,0.995151634002501,0.9598014374106659,-0.005747045098972159,0.027697171371893738,0.2999787678261527
mutual_info,0.6356393222446017,0.995151634002501,1.0,0.9361634952982701,0.040144647577928655,-0.016390194777818473,0.33319491008294455
adjusted_rand_score,0.5022695324605876,0.9598014374106659,0.9361634952982701,1.0,-0.1271503932432871,0.141749002293856,0.17767460323471945
calinski_harabasz,0.5155649917433357,-0.005747045098972159,0.040144647577928655,-0.1271503932432871,1.0,-0.9866383581033262,0.746694975230007
davies_bouldin,-0.4833309742863883,0.027697171371893738,-0.016390194777818473,0.141749002293856,-0.9866383581033262,1.0,-0.7634536447275301
silhouette,0.821033262561925,0.2999787678261527,0.33319491008294455,0.17767460323471945,0.746694975230007,-0.7634536447275301,1.0
