,abilities,v_measure,mutual_info,adjusted_rand_score,calinski_harabasz,davies_bouldin,silhouette
abilities,1.0,0.3195017818385173,0.364554340471529,0.13121467481563473,0.6860121715337076,-0.660234938906449,0.8817568523847714
v_measure,0.3195017818385173,1.0,0.9947573388713248,0.9435744517159523,-0.08712226673700621,0.07095845834098198,0.16327994190589792
mutual_info,0.364554340471529,0.9947573388713248,1.0,0.9137874163133781,-0.03988109352401454,0.026612561225206107,0.20355778213748074
adjusted_rand_score,0.13121467481563473,0.9435744517159523,0.9137874163133781,1.0,-0.2499929235269255,0.21777899430065076,-0.0011511714603413947
calinski_harabasz,0.6860121715337076,-0.08712226673700621,-0.03988109352401454,-0.2499929235269255,1.0,-0.9760909562673963,0.7822144643109874
davies_bouldin,-0.660234938906449,0.07095845834098198,0.026612561225206107,0.21777899430065076,-0.9760909562673963,1.0,-0.7904231730905317
silhouette,0.8817568523847714,0.16327994190589792,0.20355778213748074,-0.0011511714603413947,0.7822144643109874,-0.7904231730905317,1.0
