,abilities,v_measure,mutual_info,adjusted_rand_score,calinski_harabasz,davies_bouldin,silhouette
abilities,1.0,0.6183764770444681,0.6357844203923814,0.5203291551193718,0.507329593445578,-0.47499162534911954,0.8166775969781721
v_measure,0.6183764770444681,1.0,0.9973236881110017,0.9711640549662935,0.006143393036832308,0.017543114678143255,0.30684879874906196
mutual_info,0.6357844203923814,0.9973236881110017,1.0,0.9587554421493154,0.03811771640966069,-0.013631001113311053,0.3300609099216904
adjusted_rand_score,0.5203291551193718,0.9711640549662935,0.9587554421493154,1.0,-0.10512508391941655,0.1231586598054134,0.19290547266433689
calinski_harabasz,0.507329593445578,0.006143393036832308,0.03811771640966069,-0.10512508391941655,1.0,-0.9865817409766454,0.746279782967681
davies_bouldin,-0.47499162534911954,0.017543114678143255,-0.013631001113311053,0.1231586598054134,-0.9865817409766454,1.0,-0.7632271762208068
silhouette,0.8166775969781721,0.30684879874906196,0.3300609099216904,0.19290547266433689,0.746279782967681,-0.7632271762208068,1.0
