,abilities,v_measure,mutual_info,adjusted_rand_score,calinski_harabasz,davies_bouldin,silhouette
abilities,1.0,0.6167722040125722,0.6362478180668791,0.5410522945707921,0.5121420719192267,-0.4791907487231855,0.8171116636640307
v_measure,0.6167722040125722,1.0,0.997342888395825,0.9804881962827056,0.00882346004521998,0.015561374988842512,0.307915163439019
mutual_info,0.6362478180668791,0.997342888395825,1.0,0.9687662406090471,0.03969834662569943,-0.014856204847563222,0.3341041545070158
adjusted_rand_score,0.5410522945707921,0.9804881962827056,0.9687662406090471,1.0,-0.07270050686850853,0.09647160977631915,0.21920561708834174
calinski_harabasz,0.5121420719192267,0.00882346004521998,0.03969834662569943,-0.07270050686850853,1.0,-0.986827081858929,0.7462042934654399
davies_bouldin,-0.4791907487231855,0.015561374988842512,-0.014856204847563222,0.09647160977631915,-0.986827081858929,1.0,-0.7627176220806794
silhouette,0.8171116636640307,0.307915163439019,0.3341041545070158,0.21920561708834174,0.7462042934654399,-0.7627176220806794,1.0
