,abilities,v_measure,mutual_info,adjusted_rand_score,calinski_harabasz,davies_bouldin,silhouette
abilities,1.0,0.966620114929371,0.9718400146523501,-0.09274585895269806,-0.501728519425811,0.46793653700863114,-0.7208269420087456
v_measure,0.966620114929371,1.0,0.9983516106137961,0.061036894586001735,-0.5456397811305204,0.4767279470683853,-0.7603882872776392
mutual_info,0.9718400146523501,0.9983516106137961,1.0,0.028480831532252872,-0.5440829689324389,0.4773231987911811,-0.7594725153964148
adjusted_rand_score,-0.09274585895269806,0.061036894586001735,0.028480831532252872,1.0,0.09210481129763128,-0.21955882186037384,0.07273601429097055
calinski_harabasz,-0.501728519425811,-0.5456397811305204,-0.5440829689324389,0.09210481129763128,1.0,-0.4427528102749605,0.8249044163098972
davies_bouldin,0.46793653700863114,0.4767279470683853,0.4773231987911811,-0.21955882186037384,-0.4427528102749605,1.0,-0.5801643810526798
silhouette,-0.7208269420087456,-0.7603882872776392,-0.7594725153964148,0.07273601429097055,0.8249044163098972,-0.5801643810526798,1.0
