,abilities,v_measure,mutual_info,adjusted_rand_score,calinski_harabasz,davies_bouldin,silhouette
abilities,1.0,0.8947386998760136,0.8378943307158973,0.950741002117149,0.5511644318983768,-0.5657021877205364,0.5710656316160904
v_measure,0.8947386998760136,1.0,0.9659606470912042,0.905395392073622,0.6147005896766113,-0.65083453937976,0.5998094502481653
mutual_info,0.8378943307158973,0.9659606470912042,1.0,0.8399422814610099,0.6294270686616766,-0.6667845150121788,0.60435732678185
adjusted_rand_score,0.950741002117149,0.905395392073622,0.8399422814610099,1.0,0.5497529992942837,-0.5515878616796048,0.5664079040225829
calinski_harabasz,0.5511644318983768,0.6147005896766113,0.6294270686616766,0.5497529992942837,1.0,-0.9833450952717008,0.9854622441778406
davies_bouldin,-0.5657021877205364,-0.65083453937976,-0.6667845150121788,-0.5515878616796048,-0.9833450952717008,1.0,-0.963726182074806
silhouette,0.5710656316160904,0.5998094502481653,0.60435732678185,0.5664079040225829,0.9854622441778406,-0.963726182074806,1.0
