,abilities,v_measure,mutual_info,adjusted_rand_score,calinski_harabasz,davies_bouldin,silhouette
abilities,1.0,0.8898690855605502,0.8353636359816852,0.9514467184191955,0.5491884262526464,-0.5672547635850388,0.5671136203246295
v_measure,0.8898690855605502,1.0,0.9682227376540953,0.9042662061453985,0.6131479590253042,-0.6522460217900393,0.5919051487506015
mutual_info,0.8353636359816852,0.9682227376540953,1.0,0.8409421420884099,0.6238747019356035,-0.6638422267002386,0.5976769074344027
adjusted_rand_score,0.9514467184191955,0.9042662061453985,0.8409421420884099,1.0,0.5483415666901905,-0.552999294283698,0.5693719124911786
calinski_harabasz,0.5491884262526464,0.6131479590253042,0.6238747019356035,0.5483415666901905,1.0,-0.9813690896259704,0.9822159491884263
davies_bouldin,-0.5672547635850388,-0.6522460217900393,-0.6638422267002386,-0.552999294283698,-0.9813690896259704,1.0,-0.9613267466478476
silhouette,0.5671136203246295,0.5919051487506015,0.5976769074344027,0.5693719124911786,0.9822159491884263,-0.9613267466478476,1.0
