,abilities,v_measure,mutual_info,adjusted_rand_score,calinski_harabasz,davies_bouldin,silhouette
abilities,1.0,0.9410612244897959,0.8215462933482368,0.929795918367347,0.9147755102040817,-0.5871020408163266,0.7631020408163265
v_measure,0.9410612244897959,1.0,0.6921065236567139,0.9728979591836735,0.8733061224489795,-0.6542040816326531,0.8277551020408164
mutual_info,0.8215462933482368,0.6921065236567139,1.0,0.6715513561483024,0.8100717219278786,-0.37230443961018367,0.46921916513177025
adjusted_rand_score,0.929795918367347,0.9728979591836735,0.6715513561483024,1.0,0.8339591836734694,-0.6191020408163266,0.7867755102040817
calinski_harabasz,0.9147755102040817,0.8733061224489795,0.8100717219278786,0.8339591836734694,1.0,-0.654530612244898,0.7812244897959184
davies_bouldin,-0.5871020408163266,-0.6542040816326531,-0.37230443961018367,-0.6191020408163266,-0.654530612244898,1.0,-0.9108571428571428
silhouette,0.7631020408163265,0.8277551020408164,0.46921916513177025,0.7867755102040817,0.7812244897959184,-0.9108571428571428,1.0
