,abilities,v_measure,mutual_info,adjusted_rand_score,calinski_harabasz,davies_bouldin,silhouette
abilities,1.0,0.9404081632653061,0.8458646797528532,0.9275102040816326,0.9328979591836735,-0.5683265306122449,0.7459591836734694
v_measure,0.9404081632653061,1.0,0.7272307765552912,0.9707755102040816,0.897469387755102,-0.6788571428571428,0.8282448979591837
mutual_info,0.8458646797528532,0.7272307765552912,1.0,0.7047909840172266,0.8418222171265106,-0.34327932629002456,0.4442583927113152
adjusted_rand_score,0.9275102040816326,0.9707755102040816,0.7047909840172266,1.0,0.8520816326530612,-0.6568163265306123,0.7884081632653062
calinski_harabasz,0.9328979591836735,0.897469387755102,0.8418222171265106,0.8520816326530612,1.0,-0.6465306122448979,0.7797551020408163
davies_bouldin,-0.5683265306122449,-0.6788571428571428,-0.34327932629002456,-0.6568163265306123,-0.6465306122448979,1.0,-0.8914285714285715
silhouette,0.7459591836734694,0.8282448979591837,0.4442583927113152,0.7884081632653062,0.7797551020408163,-0.8914285714285715,1.0
