,abilities,v_measure,mutual_info,adjusted_rand_score,calinski_harabasz,davies_bouldin,silhouette
abilities,1.0,0.7641835645677695,0.7878335112059766,0.8172038420490928,0.7447171824973319,-0.42693703308431163,0.3422411953041622
v_measure,0.7641835645677695,1.0,0.8938740661686233,0.9454429028815369,0.8699679829242263,-0.703991462113127,0.6439701173959445
mutual_info,0.7878335112059766,0.8938740661686233,1.0,0.8342796157950907,0.8024332977588047,-0.6347491995731056,0.479957310565635
adjusted_rand_score,0.8172038420490928,0.9454429028815369,0.8342796157950907,1.0,0.8073852721451441,-0.6263820704375667,0.5591035218783351
calinski_harabasz,0.7447171824973319,0.8699679829242263,0.8024332977588047,0.8073852721451441,1.0,-0.8699679829242263,0.776392742796158
davies_bouldin,-0.42693703308431163,-0.703991462113127,-0.6347491995731056,-0.6263820704375667,-0.8699679829242263,1.0,-0.8423906083244397
silhouette,0.3422411953041622,0.6439701173959445,0.479957310565635,0.5591035218783351,0.776392742796158,-0.8423906083244397,1.0
