,abilities,v_measure,mutual_info,adjusted_rand_score,calinski_harabasz,davies_bouldin,silhouette
abilities,1.0,0.848535185744488,0.8536695862277257,0.8698278465720326,0.7837511325883418,-0.654485049833887,0.5856236786469344
v_measure,0.848535185744488,1.0,0.9859559045605557,0.9607369374811235,0.9192086982784657,-0.871488976140139,0.6472364844457867
mutual_info,0.8536695862277257,0.9859559045605557,1.0,0.9539414074297795,0.8961038961038961,-0.8462700090607067,0.6186952582301419
adjusted_rand_score,0.8698278465720326,0.9607369374811235,0.9539414074297795,1.0,0.8742071881606766,-0.7789187556629417,0.6383267894895802
calinski_harabasz,0.7837511325883418,0.9192086982784657,0.8961038961038961,0.8742071881606766,1.0,-0.9358199939595289,0.6830262760495318
davies_bouldin,-0.654485049833887,-0.871488976140139,-0.8462700090607067,-0.7789187556629417,-0.9358199939595289,1.0,-0.6097855632739354
silhouette,0.5856236786469344,0.6472364844457867,0.6186952582301419,0.6383267894895802,0.6830262760495318,-0.6097855632739354,1.0
