,abilities,v_measure,mutual_info,adjusted_rand_score,calinski_harabasz,davies_bouldin,silhouette
abilities,1.0,0.8328299607369375,0.834340078526125,0.9056176381757777,0.7331621866505588,-0.6153729990939293,0.5297493204469949
v_measure,0.8328299607369375,1.0,0.9880700694654183,0.9408033826638478,0.9110540622168529,-0.8477801268498943,0.6064633041377228
mutual_info,0.834340078526125,0.9880700694654183,1.0,0.9460887949260042,0.8995771670190275,-0.8024765931742676,0.5684083358501963
adjusted_rand_score,0.9056176381757777,0.9408033826638478,0.9460887949260042,1.0,0.8251283600120809,-0.7067351253397764,0.5456055572334642
calinski_harabasz,0.7331621866505588,0.9110540622168529,0.8995771670190275,0.8251283600120809,1.0,-0.8977650256720024,0.6695862277257626
davies_bouldin,-0.6153729990939293,-0.8477801268498943,-0.8024765931742676,-0.7067351253397764,-0.8977650256720024,1.0,-0.6135608577469043
silhouette,0.5297493204469949,0.6064633041377228,0.5684083358501963,0.5456055572334642,0.6695862277257626,-0.6135608577469043,1.0
