,abilities,v_measure,mutual_info,adjusted_rand_score,calinski_harabasz,davies_bouldin,silhouette
abilities,1.0,0.8426457263666566,0.8562367864693446,0.8636363636363636,0.7774086378737541,-0.6484445786771368,0.5833585019631531
v_measure,0.8426457263666566,1.0,0.9927514346118997,0.9619450317124736,0.9189066747206283,-0.8710359408033826,0.6466324373301118
mutual_info,0.8562367864693446,0.9927514346118997,1.0,0.9619450317124736,0.9039565086076714,-0.8554817275747508,0.6238296587133797
adjusted_rand_score,0.8636363636363636,0.9619450317124736,0.9619450317124736,1.0,0.872697070371489,-0.7789187556629417,0.6369676834793114
calinski_harabasz,0.7774086378737541,0.9189066747206283,0.9039565086076714,0.872697070371489,1.0,-0.93325279371791,0.6810631229235881
davies_bouldin,-0.6484445786771368,-0.8710359408033826,-0.8554817275747508,-0.7789187556629417,-0.93325279371791,1.0,-0.6155240108728481
silhouette,0.5833585019631531,0.6466324373301118,0.6238296587133797,0.6369676834793114,0.6810631229235881,-0.6155240108728481,1.0
