,abilities,v_measure,mutual_info,adjusted_rand_score,calinski_harabasz,davies_bouldin,silhouette
abilities,1.0,0.7164366736694465,0.7522722346847595,0.7185824723834683,0.6622064879878057,-0.5268116465710793,0.33096597067549743
v_measure,0.7164366736694465,1.0,0.9810419692076496,0.9896973506440963,0.7557419569253889,-0.7522451250261901,0.42997305127482643
mutual_info,0.7522722346847595,0.9810419692076496,1.0,0.9784988187355051,0.723576883340197,-0.6881028241974988,0.37597445289752984
adjusted_rand_score,0.7185824723834683,0.9896973506440963,0.9784988187355051,1.0,0.7451647629162422,-0.7351366582135813,0.41474304787914257
calinski_harabasz,0.6622064879878057,0.7557419569253889,0.723576883340197,0.7451647629162422,1.0,-0.8768594981612733,0.33976345810665337
davies_bouldin,-0.5268116465710793,-0.7522451250261901,-0.6881028241974988,-0.7351366582135813,-0.8768594981612733,1.0,-0.4107693752664167
silhouette,0.33096597067549743,0.42997305127482643,0.37597445289752984,0.41474304787914257,0.33976345810665337,-0.4107693752664167,1.0
