,abilities,v_measure,mutual_info,adjusted_rand_score,calinski_harabasz,davies_bouldin,silhouette
abilities,1.0,0.6710377065406651,0.7246710836034611,0.6775111804697603,0.6091784612494672,-0.4630340074127056,0.25744341128956516
v_measure,0.6710377065406651,1.0,0.9826456373082615,0.9898996467043805,0.7527219657397172,-0.7508868514785675,0.4326606989328883
mutual_info,0.7246710836034611,0.9826456373082615,1.0,0.9799146010314337,0.7217088484883833,-0.6901646569946523,0.3819910555348261
adjusted_rand_score,0.6775111804697603,0.9898996467043805,0.9799146010314337,1.0,0.743459696122418,-0.7322178150580517,0.4153354863414035
calinski_harabasz,0.6091784612494672,0.7527219657397172,0.7217088484883833,0.743459696122418,1.0,-0.8781744225531207,0.3399224050111624
davies_bouldin,-0.4630340074127056,-0.7508868514785675,-0.6901646569946523,-0.7322178150580517,-0.8781744225531207,1.0,-0.41123176626135205
silhouette,0.25744341128956516,0.4326606989328883,0.3819910555348261,0.4153354863414035,0.3399224050111624,-0.41123176626135205,1.0
