,abilities,v_measure,mutual_info,adjusted_rand_score,calinski_harabasz,davies_bouldin,silhouette
abilities,1.0,0.6679599164806266,0.7215250233001712,0.6741732954750707,0.604308906084054,-0.45640158657910135,0.25711106776195536
v_measure,0.6679599164806266,1.0,0.9827325862828822,0.9897262500812797,0.7532855047647947,-0.7512191950061773,0.43449581319403807
mutual_info,0.7215250233001712,0.9827325862828822,1.0,0.9799293408760864,0.722131911481024,-0.6901546842375245,0.38377730093706425
adjusted_rand_score,0.6741732954750707,0.9897262500812797,0.9799293408760864,1.0,0.7437342407756609,-0.7326368568972119,0.41563893043182987
calinski_harabasz,0.604308906084054,0.7532855047647947,0.722131911481024,0.7437342407756609,1.0,-0.8783333694576299,0.33993685472975416
davies_bouldin,-0.45640158657910135,-0.7512191950061773,-0.6901546842375245,-0.7326368568972119,-0.8783333694576299,1.0,-0.41176640584924606
silhouette,0.25711106776195536,0.43449581319403807,0.38377730093706425,0.41563893043182987,0.33993685472975416,-0.41176640584924606,1.0
