,abilities,v_measure,mutual_info,adjusted_rand_score,calinski_harabasz,davies_bouldin,silhouette
abilities,1.0,0.5373018831764341,0.5593944905885041,0.4342460068350272,0.4963652080846334,-0.4642901247272877,0.7574280656979376
v_measure,0.5373018831764341,1.0,0.9970057166718861,0.9545849407668615,-0.046494586629950714,0.06821456529646568,0.24595117616608603
mutual_info,0.5593944905885041,0.9970057166718861,1.0,0.9352615441703722,-0.00757797375084923,0.03136622178612377,0.272304602423179
adjusted_rand_score,0.4342460068350272,0.9545849407668615,0.9352615441703722,1.0,-0.16181101915605758,0.17563489852119374,0.13279651595013753
calinski_harabasz,0.4963652080846334,-0.046494586629950714,-0.00757797375084923,-0.16181101915605758,1.0,-0.9865804964393035,0.7585312641501667
davies_bouldin,-0.4642901247272877,0.06821456529646568,0.03136622178612377,0.17563489852119374,-0.9865804964393035,1.0,-0.7751121722306837
silhouette,0.7574280656979376,0.24595117616608603,0.272304602423179,0.13279651595013753,0.7585312641501667,-0.7751121722306837,1.0
