,abilities,v_measure,mutual_info,adjusted_rand_score,calinski_harabasz,davies_bouldin,silhouette
abilities,1.0,0.6017792389814514,0.6282968609841261,0.514095408093239,0.5334151130622441,-0.5018997320247193,0.834474270267105
v_measure,0.6017792389814514,1.0,0.9961820818505093,0.9714657412608324,0.01330512035951382,0.009764772739098633,0.3159719084387759
mutual_info,0.6282968609841261,0.9961820818505093,1.0,0.9535009111934957,0.05750104657024226,-0.0330377736417765,0.35040961512551877
adjusted_rand_score,0.514095408093239,0.9714657412608324,0.9535009111934957,1.0,-0.0884334979880456,0.10690071109550173,0.2137026230125418
calinski_harabasz,0.5334151130622441,0.01330512035951382,0.05750104657024226,-0.0884334979880456,1.0,-0.9872061910838513,0.7481249742724242
davies_bouldin,-0.5018997320247193,0.009764772739098633,-0.0330377736417765,0.10690071109550173,-0.9872061910838513,1.0,-0.7639978594656897
silhouette,0.834474270267105,0.3159719084387759,0.35040961512551877,0.2137026230125418,0.7481249742724242,-0.7639978594656897,1.0
