,abilities,v_measure,mutual_info,adjusted_rand_score,calinski_harabasz,davies_bouldin,silhouette
abilities,1.0,0.5721613422918898,0.5973214746713706,0.4838689765159147,0.5311077265055777,-0.5000041164121352,0.8302391635450541
v_measure,0.5721613422918898,1.0,0.9965404184631141,0.9743969766203175,-0.014836526539507365,0.034794207078778096,0.29013560417630413
mutual_info,0.5973214746713706,0.9965404184631141,1.0,0.9588346874509052,0.024001913666658038,-0.0026357626538540055,0.3198745083200634
adjusted_rand_score,0.4838689765159147,0.9743969766203175,0.9588346874509052,1.0,-0.11341322360909861,0.12941045725501357,0.18872289739148881
calinski_harabasz,0.5311077265055777,-0.014836526539507365,0.024001913666658038,-0.11341322360909861,1.0,-0.9873379162721772,0.748009714732639
davies_bouldin,-0.5000041164121352,0.034794207078778096,-0.0026357626538540055,0.12941045725501357,-0.9873379162721772,1.0,-0.7641460503025563
silhouette,0.8302391635450541,0.29013560417630413,0.3198745083200634,0.18872289739148881,0.748009714732639,-0.7641460503025563,1.0
