,abilities,v_measure,mutual_info,adjusted_rand_score,calinski_harabasz,davies_bouldin,silhouette
abilities,1.0,0.6052043338973779,0.6280744691711952,0.5254985271122641,0.5362450088502861,-0.505421314782036,0.8329065986086527
v_measure,0.6052043338973779,1.0,0.9961902878041264,0.9769163315538498,0.026338648057814492,-0.0019513159080031368,0.3246100463668003
mutual_info,0.6280744691711952,0.9961902878041264,1.0,0.959983283974093,0.06618289828188839,-0.04066521080493877,0.3542658936034872
adjusted_rand_score,0.5254985271122641,0.9769163315538498,0.959983283974093,1.0,-0.0648948608826946,0.08660606973167527,0.23044179919382632
calinski_harabasz,0.5362450088502861,0.026338648057814492,0.06618289828188839,-0.0648948608826946,1.0,-0.9872720536780143,0.7478450582472317
davies_bouldin,-0.505421314782036,-0.0019513159080031368,-0.04066521080493877,0.08660606973167527,-0.9872720536780143,1.0,-0.7640472564113119
silhouette,0.8329065986086527,0.3246100463668003,0.3542658936034872,0.23044179919382632,0.7478450582472317,-0.7640472564113119,1.0
