,abilities,v_measure,mutual_info,adjusted_rand_score,calinski_harabasz,davies_bouldin,silhouette
abilities,1.0,0.8883054411145951,0.8731821647683307,0.9032793931815954,0.8523694963149654,-0.8561881849772788,0.8656203459731928
v_measure,0.8883054411145951,1.0,0.990985324503061,0.9743741533581293,0.8113728166600325,-0.8211493129918112,0.7894329840717247
mutual_info,0.8731821647683307,0.990985324503061,1.0,0.9569909076190184,0.814953469164931,-0.8250943144799212,0.7907185676494458
adjusted_rand_score,0.9032793931815954,0.9743741533581293,0.9569909076190184,1.0,0.7931643518456777,-0.7936607955902127,0.7798176527137536
calinski_harabasz,0.8523694963149654,0.8113728166600325,0.814953469164931,0.7931643518456777,1.0,-0.9954939473784702,0.9838087600717913
davies_bouldin,-0.8561881849772788,-0.8211493129918112,-0.8250943144799212,-0.7936607955902127,-0.9954939473784702,1.0,-0.9780425401916981
silhouette,0.8656203459731928,0.7894329840717247,0.7907185676494458,0.7798176527137536,0.9838087600717913,-0.9780425401916981,1.0
