,abilities,v_measure,mutual_info,adjusted_rand_score,calinski_harabasz,davies_bouldin,silhouette
abilities,1.0,0.8876944100938589,0.8740475050234878,0.9046541604741541,0.8503837782105625,-0.8542788406461221,0.8639401229617749
v_measure,0.8876944100938589,1.0,0.9914530077734197,0.9743359628255344,0.8109909222720724,-0.820920176359035,0.786912481111188
mutual_info,0.8740475050234878,0.9914530077734197,1.0,0.9573048101869515,0.8145948571377623,-0.824926974871838,0.7885258354981813
adjusted_rand_score,0.9046541604741541,0.9743359628255344,0.9573048101869515,1.0,0.79308797588498,-0.7938135475116082,0.7806196003010795
calinski_harabasz,0.8503837782105625,0.8109909222720724,0.8145948571377623,0.79308797588498,1.0,-0.9954939473784702,0.9832741436590675
davies_bouldin,-0.8542788406461221,-0.820920176359035,-0.824926974871838,-0.7938135475116082,-0.9954939473784702,1.0,-0.9770114942528736
silhouette,0.8639401229617749,0.786912481111188,0.7885258354981813,0.7806196003010795,0.9832741436590675,-0.9770114942528736,1.0
