,abilities,v_measure,mutual_info,adjusted_rand_score,calinski_harabasz,davies_bouldin,silhouette
abilities,1.0,0.14037908203489674,0.09733729165563897,0.0589723681427182,0.2434622165082976,-0.33451469701675224,0.5440910502566726
v_measure,0.14037908203489674,1.0,0.9974057293189126,0.9355451622332651,0.8147904568996047,-0.7785887191779319,0.4343092031774597
mutual_info,0.09733729165563897,0.9974057293189126,1.0,0.9355086232095878,0.8092367282247733,-0.7723041793262916,0.41666133836151614
adjusted_rand_score,0.0589723681427182,0.9355451622332651,0.9355086232095878,1.0,0.729913406165175,-0.6676592831920011,0.3953596713062468
calinski_harabasz,0.2434622165082976,0.8147904568996047,0.8092367282247733,0.729913406165175,1.0,-0.9769727528061265,0.5225294348905858
davies_bouldin,-0.33451469701675224,-0.7785887191779319,-0.7723041793262916,-0.6676592831920011,-0.9769727528061265,1.0,-0.5356144613529659
silhouette,0.5440910502566726,0.4343092031774597,0.41666133836151614,0.3953596713062468,0.5225294348905858,-0.5356144613529659,1.0
