,abilities,v_measure,mutual_info,adjusted_rand_score,calinski_harabasz,davies_bouldin,silhouette
abilities,1.0,0.4980589532090985,0.45136421365723495,0.5181179610447582,0.4743880160759956,-0.4762879064669346,0.7369017172086226
v_measure,0.4980589532090985,1.0,0.9872481137073643,0.9662750972833732,0.8260913254286845,-0.8163723890274358,0.543493154017191
mutual_info,0.45136421365723495,0.9872481137073643,1.0,0.9525732137311143,0.8127551908931365,-0.8083707083061071,0.5258090742495056
adjusted_rand_score,0.5181179610447582,0.9662750972833732,0.9525732137311143,1.0,0.7956557088037217,-0.7839637552383099,0.5601541878479029
calinski_harabasz,0.4743880160759956,0.8260913254286845,0.8127551908931365,0.7956557088037217,1.0,-0.9899159663865547,0.5386189258312021
davies_bouldin,-0.4762879064669346,-0.8163723890274358,-0.8083707083061071,-0.7839637552383099,-0.9899159663865547,1.0,-0.5347826086956522
silhouette,0.7369017172086226,0.543493154017191,0.5258090742495056,0.5601541878479029,0.5386189258312021,-0.5347826086956522,1.0
