,abilities,v_measure,mutual_info,adjusted_rand_score,calinski_harabasz,davies_bouldin,silhouette
abilities,1.0,0.4992875151551153,0.45259234908352824,0.5170996383631737,0.47616437857648214,-0.4781373596962312,0.7373651568188202
v_measure,0.4992875151551153,1.0,0.9872481137073643,0.9662750972833732,0.8260913254286845,-0.8163723890274358,0.543493154017191
mutual_info,0.45259234908352824,0.9872481137073643,1.0,0.9525732137311143,0.8127551908931365,-0.8083707083061071,0.5258090742495056
adjusted_rand_score,0.5170996383631737,0.9662750972833732,0.9525732137311143,1.0,0.7956557088037217,-0.7839637552383099,0.5601541878479029
calinski_harabasz,0.47616437857648214,0.8260913254286845,0.8127551908931365,0.7956557088037217,1.0,-0.9899159663865547,0.5386189258312021
davies_bouldin,-0.4781373596962312,-0.8163723890274358,-0.8083707083061071,-0.7839637552383099,-0.9899159663865547,1.0,-0.5347826086956522
silhouette,0.7373651568188202,0.543493154017191,0.5258090742495056,0.5601541878479029,0.5386189258312021,-0.5347826086956522,1.0
