,abilities,v_measure,mutual_info,adjusted_rand_score,calinski_harabasz,davies_bouldin,silhouette
abilities,1.0,0.44330772690356834,0.39683221148105624,0.44758259742592205,0.4607234198027037,-0.46642309097552065,0.6686518085495068
v_measure,0.44330772690356834,1.0,0.9873577287757824,0.9747885342638435,0.8489454409135754,-0.8401034010297327,0.5278003600911149
mutual_info,0.39683221148105624,0.9873577287757824,1.0,0.9612693424922812,0.8354631569584599,-0.831699809404593,0.509860518839186
adjusted_rand_score,0.44758259742592205,0.9747885342638435,0.9612693424922812,1.0,0.850735771303279,-0.840761073417787,0.5358020408124435
calinski_harabasz,0.4607234198027037,0.8489454409135754,0.8354631569584599,0.850735771303279,1.0,-0.9895140664961637,0.5970770917062477
davies_bouldin,-0.46642309097552065,-0.8401034010297327,-0.831699809404593,-0.840761073417787,-0.9895140664961637,1.0,-0.5970405553525758
silhouette,0.6686518085495068,0.5278003600911149,0.509860518839186,0.5358020408124435,0.5970770917062477,-0.5970405553525758,1.0
