,abilities,v_measure,mutual_info,adjusted_rand_score,calinski_harabasz,davies_bouldin,silhouette
abilities,1.0,0.3887877785553947,0.4292038099868359,0.18288615148799808,0.6985435091030733,-0.6782268912291859,0.8847041065538583
v_measure,0.3887877785553947,1.0,0.9962369321428934,0.9423953737684682,-0.042511230569609273,0.028060820865678515,0.20211095358437947
mutual_info,0.4292038099868359,0.9962369321428934,1.0,0.9181082921487286,0.001120311813675948,-0.013236727624627775,0.23733562226678503
adjusted_rand_score,0.18288615148799808,0.9423953737684682,0.9181082921487286,1.0,-0.22442159902759187,0.19311092082314563,0.01651966964363668
calinski_harabasz,0.6985435091030733,-0.042511230569609273,0.001120311813675948,-0.22442159902759187,1.0,-0.9731223371880706,0.7875106512477176
davies_bouldin,-0.6782268912291859,0.028060820865678515,-0.013236727624627775,0.19311092082314563,-0.9731223371880706,1.0,-0.7938648813146683
silhouette,0.8847041065538583,0.20211095358437947,0.23733562226678503,0.01651966964363668,0.7875106512477176,-0.7938648813146683,1.0
