,abilities,v_measure,mutual_info,adjusted_rand_score,calinski_harabasz,davies_bouldin,silhouette
abilities,1.0,0.667624465186346,0.6926691310598283,0.5617493270604396,0.5051862673484295,-0.47294862429997564,0.8027514000486974
v_measure,0.667624465186346,1.0,0.9964973162708013,0.9668137957839167,0.024935166223540806,0.0013149404063195348,0.33426272143607877
mutual_info,0.6926691310598283,0.9964973162708013,1.0,0.9494257299762675,0.0679682193995846,-0.040386206723359554,0.36625355436632223
adjusted_rand_score,0.5617493270604396,0.9668137957839167,0.9494257299762675,1.0,-0.09965361715662883,0.1195356399809141,0.20832902176751084
calinski_harabasz,0.5051862673484295,0.024935166223540806,0.0679682193995846,-0.09965361715662883,1.0,-0.9867056245434623,0.7509374239103969
davies_bouldin,-0.47294862429997564,0.0013149404063195348,-0.040386206723359554,0.1195356399809141,-0.9867056245434623,1.0,-0.7682249817384953
silhouette,0.8027514000486974,0.33426272143607877,0.36625355436632223,0.20832902176751084,0.7509374239103969,-0.7682249817384953,1.0
