,abilities,v_measure,mutual_info,adjusted_rand_score,calinski_harabasz,davies_bouldin,silhouette
abilities,1.0,0.3695163907419393,0.4135760502511314,0.18417656846949418,0.6954838709677419,-0.675203895313451,0.8855021302495435
v_measure,0.3695163907419393,1.0,0.996206897594621,0.9515501636061082,-0.07118117934530753,0.04906108307877361,0.17960252075958985
mutual_info,0.4135760502511314,0.996206897594621,1.0,0.9282426709328352,-0.026981615313583986,0.007195909138234718,0.21836114126074693
adjusted_rand_score,0.18417656846949418,0.9515501636061082,0.9282426709328352,1.0,-0.23125243536562307,0.19492598415847318,0.016385859023064258
calinski_harabasz,0.6954838709677419,-0.07118117934530753,-0.026981615313583986,-0.23125243536562307,1.0,-0.9726110772976263,0.7869506999391357
davies_bouldin,-0.675203895313451,0.04906108307877361,0.007195909138234718,0.19492598415847318,-0.9726110772976263,1.0,-0.7932075471698113
silhouette,0.8855021302495435,0.17960252075958985,0.21836114126074693,0.016385859023064258,0.7869506999391357,-0.7932075471698113,1.0
