,abilities,v_measure,mutual_info,adjusted_rand_score,calinski_harabasz,davies_bouldin,silhouette
abilities,1.0,0.6548808355310477,0.6784680429688318,0.5591959495769118,0.5113221329437546,-0.4797662527392257,0.8110786462137813
v_measure,0.6548808355310477,1.0,0.9963998011594072,0.9698087707778222,0.005880741509314445,0.01692387308063577,0.3190819725354113
mutual_info,0.6784680429688318,0.9963998011594072,1.0,0.9531046310742908,0.048561207025925,-0.024548628238143223,0.35036923052146945
adjusted_rand_score,0.5591959495769118,0.9698087707778222,0.9531046310742908,1.0,-0.10485304530375937,0.1215331047633681,0.20822071304980175
calinski_harabasz,0.5113221329437546,0.005880741509314445,0.048561207025925,-0.10485304530375937,1.0,-0.9863890917944972,0.7507426345264183
davies_bouldin,-0.4797662527392257,0.01692387308063577,-0.024548628238143223,0.1215331047633681,-0.9863890917944972,1.0,-0.7683954224494765
silhouette,0.8110786462137813,0.3190819725354113,0.35036923052146945,0.20822071304980175,0.7507426345264183,-0.7683954224494765,1.0
