,abilities,v_measure,mutual_info,adjusted_rand_score,calinski_harabasz,davies_bouldin,silhouette
abilities,1.0,0.8934053626721128,0.7823308518347717,0.91264246656565,0.8484748665920021,-0.517623031820278,0.7130245734238092
v_measure,0.8934053626721128,1.0,0.8620462481059359,0.9794452862507411,0.9114566176955003,-0.7144739442651031,0.7694182752486989
mutual_info,0.7823308518347717,0.8620462481059359,1.0,0.8600698333223532,0.7630937479412346,-0.5408129652809803,0.585743461361091
adjusted_rand_score,0.91264246656565,0.9794452862507411,0.8600698333223532,1.0,0.8810198300283286,-0.6613742670795177,0.7400355754661044
calinski_harabasz,0.8484748665920021,0.9114566176955003,0.7630937479412346,0.8810198300283286,1.0,-0.8467619737795639,0.8611239212069306
davies_bouldin,-0.517623031820278,-0.7144739442651031,-0.5408129652809803,-0.6613742670795177,-0.8467619737795639,1.0,-0.8192239277949799
silhouette,0.7130245734238092,0.7694182752486989,0.585743461361091,0.7400355754661044,0.8611239212069306,-0.8192239277949799,1.0
