,abilities,v_measure,mutual_info,adjusted_rand_score,calinski_harabasz,davies_bouldin,silhouette
abilities,1.0,0.886685552407932,0.7709994070755649,0.9163317741616708,0.8392515976019501,-0.5040516503063442,0.7230384083272943
v_measure,0.886685552407932,1.0,0.8685025363989722,0.9715396271164108,0.898939324066144,-0.6903616839053957,0.7657289676526781
mutual_info,0.7709994070755649,0.8685025363989722,1.0,0.8542723499571777,0.7484682785427235,-0.5228934712431649,0.5915409447262665
adjusted_rand_score,0.9163317741616708,0.9715396271164108,0.8542723499571777,1.0,0.8569075696686211,-0.604848804269056,0.7287041307068977
calinski_harabasz,0.8392515976019501,0.898939324066144,0.7484682785427235,0.8569075696686211,1.0,-0.8403056854865274,0.8598063113512089
davies_bouldin,-0.5040516503063442,-0.6903616839053957,-0.5228934712431649,-0.604848804269056,-0.8403056854865274,1.0,-0.8258119770735886
silhouette,0.7230384083272943,0.7657289676526781,0.5915409447262665,0.7287041307068977,0.8598063113512089,-0.8258119770735886,1.0
