,abilities,v_measure,mutual_info,adjusted_rand_score,calinski_harabasz,davies_bouldin,silhouette
abilities,1.0,0.8858949864944989,0.767968904407405,0.9134330324790829,0.837670465775084,-0.49904473285460177,0.7230384083272943
v_measure,0.8858949864944989,1.0,0.8666578826009619,0.9716713881019831,0.8984122801238553,-0.6919428157322617,0.767178338493972
mutual_info,0.767968904407405,0.8666578826009619,1.0,0.8525594571447395,0.7479412346004348,-0.5203900125172937,0.5904868568416892
adjusted_rand_score,0.9134330324790829,0.9716713881019831,0.8525594571447395,1.0,0.8558534817840437,-0.6040582383556229,0.7292311746491864
calinski_harabasz,0.837670465775084,0.8984122801238553,0.7479412346004348,0.8558534817840437,1.0,-0.8393833585875222,0.8607286382502141
davies_bouldin,-0.49904473285460177,-0.6919428157322617,-0.5203900125172937,-0.6040582383556229,-0.8393833585875222,1.0,-0.8233085183477172
silhouette,0.7230384083272943,0.767178338493972,0.5904868568416892,0.7292311746491864,0.8607286382502141,-0.8233085183477172,1.0
