,abilities,v_measure,mutual_info,adjusted_rand_score,calinski_harabasz,davies_bouldin,silhouette
abilities,1.0,0.8887937281770868,0.7740299097437249,0.9144871203636603,0.8038078924830357,-0.5069503919889321,0.7118387245536597
v_measure,0.8887937281770868,1.0,0.8674484485143948,0.977073588510442,0.8731141708939983,-0.6912840108044008,0.7476777126292905
mutual_info,0.7740299097437249,0.8674484485143948,1.0,0.8750905856775809,0.7329204822452072,-0.5198629685750049,0.5845576124909414
adjusted_rand_score,0.9144871203636603,0.977073588510442,0.8750905856775809,1.0,0.8193556887805521,-0.5958890572501482,0.6970814941695764
calinski_harabasz,0.8038078924830357,0.8731141708939983,0.7329204822452072,0.8193556887805521,1.0,-0.8272613479148824,0.839910402529811
davies_bouldin,-0.5069503919889321,-0.6912840108044008,-0.5198629685750049,-0.5958890572501482,-0.8272613479148824,1.0,-0.825416694116872
silhouette,0.7118387245536597,0.7476777126292905,0.5845576124909414,0.6970814941695764,0.839910402529811,-0.825416694116872,1.0
