,abilities,v_measure,mutual_info,adjusted_rand_score,calinski_harabasz,davies_bouldin,silhouette
abilities,1.0,0.8889254891626589,0.7709994070755649,0.9175176230318203,0.8397786415442388,-0.5012846696093287,0.7226431253705777
v_measure,0.8889254891626589,1.0,0.869820146254694,0.9715396271164108,0.9002569339218658,-0.6927333816456948,0.7690229922919823
mutual_info,0.7709994070755649,0.869820146254694,1.0,0.8551946768561829,0.7518940641676,-0.5244746030700309,0.5924632716252718
adjusted_rand_score,0.9175176230318203,0.9715396271164108,0.8551946768561829,1.0,0.8573028526253377,-0.6031359114566177,0.7305487845049081
calinski_harabasz,0.8397786415442388,0.9002569339218658,0.7518940641676,0.8573028526253377,1.0,-0.8413597733711048,0.8611239212069306
davies_bouldin,-0.5012846696093287,-0.6927333816456948,-0.5244746030700309,-0.6031359114566177,-0.8413597733711048,1.0,-0.8230449963765729
silhouette,0.7226431253705777,0.7690229922919823,0.5924632716252718,0.7305487845049081,0.8611239212069306,-0.8230449963765729,1.0
