,abilities,v_measure,mutual_info,adjusted_rand_score,calinski_harabasz,davies_bouldin,silhouette
abilities,1.0,0.8968311482969893,0.7935305356084064,0.9434745371895382,0.8374069438039397,-0.5140654852098294,0.7169774029909743
v_measure,0.8968311482969893,1.0,0.8612556821925028,0.966269187693524,0.9026286316621648,-0.6969497331840042,0.7667830555372555
mutual_info,0.7935305356084064,0.8612556821925028,1.0,0.8533500230581724,0.7401673364516766,-0.5019434745371896,0.5694050991501416
adjusted_rand_score,0.9434745371895382,0.966269187693524,0.8533500230581724,1.0,0.849924237433296,-0.6031359114566177,0.7207984715725674
calinski_harabasz,0.8374069438039397,0.9026286316621648,0.7401673364516766,0.849924237433296,1.0,-0.8318729824099085,0.8611239212069306
davies_bouldin,-0.5140654852098294,-0.6969497331840042,-0.5019434745371896,-0.6031359114566177,-0.8318729824099085,1.0,-0.831609460438764
silhouette,0.7169774029909743,0.7667830555372555,0.5694050991501416,0.7207984715725674,0.8611239212069306,-0.831609460438764,1.0
