,abilities,v_measure,mutual_info,adjusted_rand_score,calinski_harabasz,davies_bouldin,silhouette
abilities,1.0,0.4939009143588828,0.4297146351932558,0.5293006198381074,0.4980272297860517,-0.49858293970547374,0.7527646568491247
v_measure,0.4939009143588828,1.0,0.9794375903078804,0.9674335889741025,0.8507321684909094,-0.8361165915034117,0.580316207954164
mutual_info,0.4297146351932558,0.9794375903078804,1.0,0.9458708458375014,0.829725749854886,-0.8236683434228051,0.5540303983910978
adjusted_rand_score,0.5293006198381074,0.9674335889741025,0.9458708458375014,1.0,0.822779182845619,-0.8054405515904887,0.5789824670883849
calinski_harabasz,0.4980272297860517,0.8507321684909094,0.829725749854886,0.822779182845619,1.0,-0.9846624062239511,0.5809391497638233
davies_bouldin,-0.49858293970547374,-0.8361165915034117,-0.8236683434228051,-0.8054405515904887,-0.9846624062239511,1.0,-0.5761044734648514
silhouette,0.7527646568491247,0.580316207954164,0.5540303983910978,0.5789824670883849,0.5809391497638233,-0.5761044734648514,1.0
