,abilities,v_measure,mutual_info,adjusted_rand_score,calinski_harabasz,davies_bouldin,silhouette
abilities,1.0,0.47917419229923675,0.4177665399373166,0.4468309763040897,0.48141150319533205,-0.4874687413170325,0.6979160878021673
v_measure,0.47917419229923675,1.0,0.9804379237523619,0.9409803267755918,0.8096362780640859,-0.796632304622738,0.4318819641001471
mutual_info,0.4177665399373166,0.9804379237523619,1.0,0.9199733244414805,0.7884631418198401,-0.7835727586453162,0.40804134612434284
adjusted_rand_score,0.4468309763040897,0.9409803267755918,0.9199733244414805,1.0,0.8012448251168913,-0.7865736755933195,0.4117091335052358
calinski_harabasz,0.48141150319533205,0.8096362780640859,0.7884631418198401,0.8012448251168913,1.0,-0.9850514031675466,0.5397610447346485
davies_bouldin,-0.4874687413170325,-0.796632304622738,-0.7835727586453162,-0.7865736755933195,-0.9850514031675466,1.0,-0.5365379272020006
silhouette,0.6979160878021673,0.4318819641001471,0.40804134612434284,0.4117091335052358,0.5397610447346485,-0.5365379272020006,1.0
