,abilities,v_measure,mutual_info,adjusted_rand_score,calinski_harabasz,davies_bouldin,silhouette
abilities,1.0,0.09095456443695385,0.030654216186300254,0.024538001954729684,0.2436503084532874,-0.3640304562885567,0.5845606624798533
v_measure,0.09095456443695385,1.0,0.994913985837801,0.9430302356602934,0.8338752261105024,-0.7785188275897532,0.4342086982362982
mutual_info,0.030654216186300254,0.994913985837801,1.0,0.9437203001035915,0.8242454611543907,-0.7677449883468218,0.4051192287830451
adjusted_rand_score,0.024538001954729684,0.9430302356602934,0.9437203001035915,1.0,0.7581214397814049,-0.6745866335799129,0.3751285259194745
calinski_harabasz,0.2436503084532874,0.8338752261105024,0.8242454611543907,0.7581214397814049,1.0,-0.9652086922692158,0.5573834268882343
davies_bouldin,-0.3640304562885567,-0.7785188275897532,-0.7677449883468218,-0.6745866335799129,-0.9652086922692158,1.0,-0.5776690935363753
silhouette,0.5845606624798533,0.4342086982362982,0.4051192287830451,0.3751285259194745,0.5573834268882343,-0.5776690935363753,1.0
