,abilities,v_measure,mutual_info,adjusted_rand_score,calinski_harabasz,davies_bouldin,silhouette
abilities,1.0,0.8912820512820513,0.8413675213675214,0.8721367521367521,0.9364102564102564,-0.783931623931624,0.9035897435897436
v_measure,0.8912820512820513,1.0,0.9774358974358974,0.9781196581196581,0.8947008547008547,-0.692991452991453,0.7394871794871795
mutual_info,0.8413675213675214,0.9774358974358974,1.0,0.9623931623931624,0.8543589743589743,-0.6471794871794871,0.7018803418803419
adjusted_rand_score,0.8721367521367521,0.9781196581196581,0.9623931623931624,1.0,0.8618803418803419,-0.5842735042735042,0.7230769230769231
calinski_harabasz,0.9364102564102564,0.8947008547008547,0.8543589743589743,0.8618803418803419,1.0,-0.8290598290598291,0.8762393162393163
davies_bouldin,-0.783931623931624,-0.692991452991453,-0.6471794871794871,-0.5842735042735042,-0.8290598290598291,1.0,-0.762051282051282
silhouette,0.9035897435897436,0.7394871794871795,0.7018803418803419,0.7230769230769231,0.8762393162393163,-0.762051282051282,1.0
