,abilities,v_measure,mutual_info,adjusted_rand_score,calinski_harabasz,davies_bouldin,silhouette
abilities,1.0,0.571965811965812,0.43939135537036034,0.49948717948717947,0.6868376068376069,-0.9015384615384615,0.7798290598290598
v_measure,0.571965811965812,1.0,0.9519576135027884,0.961025641025641,0.8947008547008547,-0.5911111111111111,0.6608547008547009
mutual_info,0.43939135537036034,0.9519576135027884,1.0,0.9064797533749612,0.866814852812345,-0.47221747997390473,0.5867669772883567
adjusted_rand_score,0.49948717948717947,0.961025641025641,0.9064797533749612,1.0,0.8215384615384616,-0.4687179487179487,0.6047863247863248
calinski_harabasz,0.6868376068376069,0.8947008547008547,0.866814852812345,0.8215384615384616,1.0,-0.6854700854700855,0.8488888888888889
davies_bouldin,-0.9015384615384615,-0.5911111111111111,-0.47221747997390473,-0.4687179487179487,-0.6854700854700855,1.0,-0.7032478632478633
silhouette,0.7798290598290598,0.6608547008547009,0.5867669772883567,0.6047863247863248,0.8488888888888889,-0.7032478632478633,1.0
