,abilities,v_measure,mutual_info,adjusted_rand_score,calinski_harabasz,davies_bouldin,silhouette
abilities,1.0,0.8741880341880341,0.8153846153846154,0.865982905982906,0.9494017094017094,-0.79008547008547,0.9008547008547009
v_measure,0.8741880341880341,1.0,0.9671794871794872,0.9781196581196581,0.9029059829059829,-0.7005128205128205,0.7271794871794872
mutual_info,0.8153846153846154,0.9671794871794872,1.0,0.9637606837606838,0.8543589743589743,-0.6505982905982906,0.6827350427350427
adjusted_rand_score,0.865982905982906,0.9781196581196581,0.9637606837606838,1.0,0.8796581196581197,-0.6068376068376068,0.7203418803418803
calinski_harabasz,0.9494017094017094,0.9029059829059829,0.8543589743589743,0.8796581196581197,1.0,-0.8338461538461538,0.8810256410256411
davies_bouldin,-0.79008547008547,-0.7005128205128205,-0.6505982905982906,-0.6068376068376068,-0.8338461538461538,1.0,-0.7586324786324786
silhouette,0.9008547008547009,0.7271794871794872,0.6827350427350427,0.7203418803418803,0.8810256410256411,-0.7586324786324786,1.0
