,abilities,v_measure,mutual_info,adjusted_rand_score,calinski_harabasz,davies_bouldin,silhouette
abilities,1.0,0.8591452991452991,0.7825641025641026,0.8434188034188034,0.9398290598290598,-0.8051282051282052,0.9083760683760683
v_measure,0.8591452991452991,1.0,0.9644444444444444,0.976068376068376,0.8892307692307693,-0.7155555555555555,0.7552136752136752
mutual_info,0.7825641025641026,0.9644444444444444,1.0,0.9418803418803419,0.8167521367521368,-0.6430769230769231,0.6936752136752137
adjusted_rand_score,0.8434188034188034,0.976068376068376,0.9418803418803419,1.0,0.8618803418803419,-0.6006837606837607,0.7388034188034188
calinski_harabasz,0.9398290598290598,0.8892307692307693,0.8167521367521368,0.8618803418803419,1.0,-0.8427350427350427,0.8851282051282051
davies_bouldin,-0.8051282051282052,-0.7155555555555555,-0.6430769230769231,-0.6006837606837607,-0.8427350427350427,1.0,-0.7695726495726496
silhouette,0.9083760683760683,0.7552136752136752,0.6936752136752137,0.7388034188034188,0.8851282051282051,-0.7695726495726496,1.0
