,abilities,v_measure,mutual_info,adjusted_rand_score,calinski_harabasz,davies_bouldin,silhouette
abilities,1.0,0.7008338045218167,0.758733281043855,0.711521155699257,0.7309527032946029,-0.6960077726190381,0.6291919183875001
v_measure,0.7008338045218167,1.0,0.951520484842514,0.99023644370824,0.8642021518049837,-0.8094911960754645,0.5125229953252793
mutual_info,0.758733281043855,0.951520484842514,1.0,0.9509391288495652,0.8410628461822611,-0.7851332141483061,0.46146127412893656
adjusted_rand_score,0.711521155699257,0.99023644370824,0.9509391288495652,1.0,0.8675309988930389,-0.7962395177153597,0.5210282792727504
calinski_harabasz,0.7309527032946029,0.8642021518049837,0.8410628461822611,0.8675309988930389,1.0,-0.9066807890482523,0.5069324435171101
davies_bouldin,-0.6960077726190381,-0.8094911960754645,-0.7851332141483061,-0.7962395177153597,-0.9066807890482523,1.0,-0.5098631031544409
silhouette,0.6291919183875001,0.5125229953252793,0.46146127412893656,0.5210282792727504,0.5069324435171101,-0.5098631031544409,1.0
