,abilities,v_measure,mutual_info,adjusted_rand_score,calinski_harabasz,davies_bouldin,silhouette
abilities,1.0,0.6992569822169484,0.757729844672464,0.7092913059752008,0.729216606009445,-0.6975049574337615,0.6310872906529478
v_measure,0.6992569822169484,1.0,0.9503975917602432,0.9899816037397765,0.865205584180809,-0.8117051183014916,0.5137653401715392
mutual_info,0.757729844672464,0.9503975917602432,1.0,0.9492269159936204,0.840839860321952,-0.7864074190643581,0.4621620868327651
adjusted_rand_score,0.7092913059752008,0.9899816037397765,0.9492269159936204,1.0,0.8673717239127492,-0.7979596875024887,0.5217131616879962
calinski_harabasz,0.729216606009445,0.865205584180809,0.840839860321952,0.8673717239127492,1.0,-0.9066330065541655,0.5072350659796606
davies_bouldin,-0.6975049574337615,-0.8117051183014916,-0.7864074190643581,-0.7979596875024887,-0.9066330065541655,1.0,-0.5101338706209335
silhouette,0.6310872906529478,0.5137653401715392,0.4621620868327651,0.5217131616879962,0.5072350659796606,-0.5101338706209335,1.0
