,abilities,v_measure,mutual_info,adjusted_rand_score,calinski_harabasz,davies_bouldin,silhouette
abilities,1.0,0.9241063244729606,0.4218148487626031,0.8925756186984418,0.7917506874427132,-0.35985334555453713,0.7418881759853345
v_measure,0.9241063244729606,1.0,0.6249312557286892,0.9728689275893676,0.7129239230064162,-0.24436296975252061,0.5706691109074243
mutual_info,0.4218148487626031,0.6249312557286892,1.0,0.6634280476626948,0.33602199816681944,0.1688359303391384,0.1391384051329056
adjusted_rand_score,0.8925756186984418,0.9728689275893676,0.6634280476626948,1.0,0.6157653528872594,-0.1673693858845096,0.5002749770852429
calinski_harabasz,0.7917506874427132,0.7129239230064162,0.33602199816681944,0.6157653528872594,1.0,-0.5552703941338222,0.8401466544454629
davies_bouldin,-0.35985334555453713,-0.24436296975252061,0.1688359303391384,-0.1673693858845096,-0.5552703941338222,1.0,-0.7924839596700275
silhouette,0.7418881759853345,0.5706691109074243,0.1391384051329056,0.5002749770852429,0.8401466544454629,-0.7924839596700275,1.0
