,abilities,v_measure,mutual_info,adjusted_rand_score,calinski_harabasz,davies_bouldin,silhouette
abilities,1.0,0.9321723189734189,0.4925756186984418,0.9307057745187901,0.844179651695692,-0.29642529789184235,0.7363886342804766
v_measure,0.9321723189734189,1.0,0.6289642529789184,0.962603116406966,0.7825847846012832,-0.23336388634280478,0.6249312557286892
mutual_info,0.4925756186984418,0.6289642529789184,1.0,0.6139321723189735,0.38661778185151235,0.1538038496791934,0.17066911090742437
adjusted_rand_score,0.9307057745187901,0.962603116406966,0.6139321723189735,1.0,0.7213565536205316,-0.19523373052245646,0.6058661778185152
calinski_harabasz,0.844179651695692,0.7825847846012832,0.38661778185151235,0.7213565536205316,1.0,-0.5860678276810266,0.8966086159486709
davies_bouldin,-0.29642529789184235,-0.23336388634280478,0.1538038496791934,-0.19523373052245646,-0.5860678276810266,1.0,-0.7811182401466544
silhouette,0.7363886342804766,0.6249312557286892,0.17066911090742437,0.6058661778185152,0.8966086159486709,-0.7811182401466544,1.0
