,abilities,v_measure,mutual_info,adjusted_rand_score,calinski_harabasz,davies_bouldin,silhouette
abilities,1.0,0.9354720439963337,0.49000916590284144,0.9340054995417049,0.8445462878093493,-0.3008249312557287,0.7363886342804766
v_measure,0.9354720439963337,1.0,0.6311640696608616,0.9607699358386801,0.7877176901924839,-0.24289642529789185,0.6285976168652613
mutual_info,0.49000916590284144,0.6311640696608616,1.0,0.6128322639780018,0.38221814848762603,0.1611365719523373,0.16663611365719525
adjusted_rand_score,0.9340054995417049,0.9607699358386801,0.6128322639780018,1.0,0.722089825847846,-0.19413382218148487,0.6065994500458295
calinski_harabasz,0.8445462878093493,0.7877176901924839,0.38221814848762603,0.722089825847846,1.0,-0.5853345554537122,0.8966086159486709
davies_bouldin,-0.3008249312557287,-0.24289642529789185,0.1611365719523373,-0.19413382218148487,-0.5853345554537122,1.0,-0.7825847846012832
silhouette,0.7363886342804766,0.6285976168652613,0.16663611365719525,0.6065994500458295,0.8966086159486709,-0.7825847846012832,1.0
