,abilities,v_measure,mutual_info,adjusted_rand_score,calinski_harabasz,davies_bouldin,silhouette
abilities,1.0,0.9288725939505041,0.4962419798350137,0.9318056828597617,0.8467461044912924,-0.2967919340054995,0.7356553620531623
v_measure,0.9288725939505041,1.0,0.628230980751604,0.9607699358386801,0.7774518790100825,-0.23373052245646195,0.6230980751604033
mutual_info,0.4962419798350137,0.628230980751604,1.0,0.6102658111824014,0.38661778185151235,0.1541704857928506,0.17066911090742437
adjusted_rand_score,0.9318056828597617,0.9607699358386801,0.6102658111824014,1.0,0.7187901008249312,-0.1904674610449129,0.6058661778185152
calinski_harabasz,0.8467461044912924,0.7774518790100825,0.38661778185151235,0.7187901008249312,1.0,-0.5857011915673694,0.8966086159486709
davies_bouldin,-0.2967919340054995,-0.23373052245646195,0.1541704857928506,-0.1904674610449129,-0.5857011915673694,1.0,-0.7807516040329973
silhouette,0.7356553620531623,0.6230980751604033,0.17066911090742437,0.6058661778185152,0.8966086159486709,-0.7807516040329973,1.0
