,abilities,v_measure,mutual_info,adjusted_rand_score,calinski_harabasz,davies_bouldin,silhouette
abilities,1.0,-0.10110478741211919,-0.0547811182704994,-0.2976230331436224,0.7673250753264145,-0.812855708068296,0.7619685302979579
v_measure,-0.10110478741211919,1.0,0.9917734970321701,0.9296953465015065,-0.4867760294609977,0.2654837629728825,-0.4224974891195179
mutual_info,-0.0547811182704994,0.9917734970321701,1.0,0.9064090550646434,-0.4385850266441823,0.19660708090946105,-0.4012800933434128
adjusted_rand_score,-0.2976230331436224,0.9296953465015065,0.9064090550646434,1.0,-0.6806160026782725,0.43220622698359557,-0.535319718781386
calinski_harabasz,0.7673250753264145,-0.4867760294609977,-0.4385850266441823,-0.6806160026782725,1.0,-0.7777033813190493,0.812855708068296
davies_bouldin,-0.812855708068296,0.2654837629728825,0.19660708090946105,0.43220622698359557,-0.7777033813190493,1.0,-0.7110813525276197
silhouette,0.7619685302979579,-0.4224974891195179,-0.4012800933434128,-0.535319718781386,0.812855708068296,-0.7110813525276197,1.0
