,abilities,v_measure,mutual_info,adjusted_rand_score,calinski_harabasz,davies_bouldin,silhouette
abilities,1.0,0.7793427230046949,0.8002321056545877,0.7263581488933601,-0.06673373574782025,0.10462776659959759,0.06472166331321261
v_measure,0.7793427230046949,1.0,0.9818570594739087,0.9704896042924211,-0.4936284372904091,0.49631120053655264,-0.352112676056338
mutual_info,0.8002321056545877,0.9818570594739087,1.0,0.9456673573162414,-0.4412099669595983,0.44729795423845825,-0.31928111062465375
adjusted_rand_score,0.7263581488933601,0.9704896042924211,0.9456673573162414,1.0,-0.6116700201207244,0.6096579476861167,-0.4312541918175721
calinski_harabasz,-0.06673373574782025,-0.4936284372904091,-0.4412099669595983,-0.6116700201207244,1.0,-0.96579476861167,0.8363514419852448
davies_bouldin,0.10462776659959759,0.49631120053655264,0.44729795423845825,0.6096579476861167,-0.96579476861167,1.0,-0.8775989268947015
silhouette,0.06472166331321261,-0.352112676056338,-0.31928111062465375,-0.4312541918175721,0.8363514419852448,-0.8775989268947015,1.0
