,abilities,v_measure,mutual_info,adjusted_rand_score,calinski_harabasz,davies_bouldin,silhouette
abilities,1.0,0.7877924065586979,0.8080801169851277,0.7250775576755661,-0.06539235412474849,0.10127431254191818,0.07914151576123407
v_measure,0.7877924065586979,1.0,0.9821922755696183,0.9527083682710046,-0.48880691041264457,0.48327324727589765,-0.3175987266969293
mutual_info,0.8080801169851277,0.9821922755696183,1.0,0.9321270243954135,-0.44479922722287274,0.4354973422429267,-0.28463768038634785
adjusted_rand_score,0.7250775576755661,0.9527083682710046,0.9321270243954135,1.0,-0.6397249959602879,0.6036723421905731,-0.38970403423635885
calinski_harabasz,-0.06539235412474849,-0.48880691041264457,-0.44479922722287274,-0.6397249959602879,1.0,-0.960093896713615,0.8420523138832998
davies_bouldin,0.10127431254191818,0.48327324727589765,0.4354973422429267,0.6036723421905731,-0.960093896713615,1.0,-0.8913480885311871
silhouette,0.07914151576123407,-0.3175987266969293,-0.28463768038634785,-0.38970403423635885,0.8420523138832998,-0.8913480885311871,1.0
