,abilities,v_measure,mutual_info,adjusted_rand_score,calinski_harabasz,davies_bouldin,silhouette
abilities,1.0,0.7742688061909639,0.8244339965071167,0.7762319335381814,0.6913622396722431,-0.5158472743826107,0.466484579492432
v_measure,0.7742688061909639,1.0,0.971513112528221,0.9806532377375669,0.7488904062820075,-0.7045920109252305,0.5864345055195175
mutual_info,0.8244339965071167,0.971513112528221,1.0,0.9651542417610836,0.7099458713753005,-0.6141218143564245,0.5165764522753034
adjusted_rand_score,0.7762319335381814,0.9806532377375669,0.9651542417610836,1.0,0.733071583020371,-0.6704222146352566,0.558979173779447
calinski_harabasz,0.6913622396722431,0.7488904062820075,0.7099458713753005,0.733071583020371,1.0,-0.898600204848071,0.517952657334699
davies_bouldin,-0.5158472743826107,-0.7045920109252305,-0.6141218143564245,-0.6704222146352566,-0.898600204848071,1.0,-0.5493911460111528
silhouette,0.466484579492432,0.5864345055195175,0.5165764522753034,0.558979173779447,0.517952657334699,-0.5493911460111528,1.0
