,abilities,v_measure,mutual_info,adjusted_rand_score,calinski_harabasz,davies_bouldin,silhouette
abilities,1.0,0.771878912029134,0.8220440853463133,0.7736428815295323,0.6921019688175715,-0.5133720268578582,0.46568794810515535
v_measure,0.771878912029134,1.0,0.9713139532648207,0.9802264709229543,0.7494309775805167,-0.7051325822237396,0.5888528508023216
mutual_info,0.8220440853463133,0.9713139532648207,1.0,0.9652680470544551,0.7099458713753005,-0.6139226550930242,0.5170032221254468
adjusted_rand_score,0.7736428815295323,0.9802264709229543,0.9652680470544551,1.0,0.7332138386252418,-0.670820530328895,0.5593774894730852
calinski_harabasz,0.6921019688175715,0.7494309775805167,0.7099458713753005,0.7332138386252418,1.0,-0.8982872425173551,0.5177250483669057
davies_bouldin,-0.5133720268578582,-0.7051325822237396,-0.6139226550930242,-0.670820530328895,-0.8982872425173551,1.0,-0.5495618527369979
silhouette,0.46568794810515535,0.5888528508023216,0.5170032221254468,0.5593774894730852,0.5177250483669057,-0.5495618527369979,1.0
