,abilities,v_measure,mutual_info,adjusted_rand_score,calinski_harabasz,davies_bouldin,silhouette
abilities,1.0,0.7517070672584499,0.8051667235689086,0.7538693524524867,0.6879196540343689,-0.5034710367588483,0.4517468988278138
v_measure,0.7517070672584499,1.0,0.9675372709684762,0.9820188915443269,0.7559178331626266,-0.708091498805053,0.5834755889382042
mutual_info,0.8051667235689086,0.9675372709684762,1.0,0.9626152270399454,0.7142938431774212,-0.6111585296460681,0.5072834869693866
adjusted_rand_score,0.7538693524524867,0.9820188915443269,0.9626152270399454,1.0,0.7379367247069535,-0.6759417321042449,0.5599180607715945
calinski_harabasz,0.6879196540343689,0.7559178331626266,0.7142938431774212,0.7379367247069535,1.0,-0.8954990326618869,0.5176965972459315
davies_bouldin,-0.5034710367588483,-0.708091498805053,-0.6111585296460681,-0.6759417321042449,-0.8954990326618869,1.0,-0.5472573119380904
silhouette,0.4517468988278138,0.5834755889382042,0.5072834869693866,0.5599180607715945,0.5176965972459315,-0.5472573119380904,1.0
