,abilities,v_measure,mutual_info,adjusted_rand_score,calinski_harabasz,davies_bouldin,silhouette
abilities,1.0,0.8366336633663366,0.885874629266102,0.8237168544440651,0.7334414475930352,-0.5675145100716968,0.44838966655286217
v_measure,0.8366336633663366,1.0,0.9731917406054519,0.9848924547627177,0.7944406509616478,-0.7441390690793217,0.4910378968931376
mutual_info,0.885874629266102,0.9731917406054519,1.0,0.9619676935466792,0.7490095383250976,-0.6494583579483022,0.42934469490598215
adjusted_rand_score,0.8237168544440651,0.9848924547627177,0.9619676935466792,1.0,0.7808694662569705,-0.7268407875270285,0.4724308637760328
calinski_harabasz,0.7334414475930352,0.7944406509616478,0.7490095383250976,0.7808694662569705,1.0,-0.824883350404006,0.5011664959599408
davies_bouldin,-0.5675145100716968,-0.7441390690793217,-0.6494583579483022,-0.7268407875270285,-0.824883350404006,1.0,-0.5415955388642313
silhouette,0.44838966655286217,0.4910378968931376,0.42934469490598215,0.4724308637760328,0.5011664959599408,-0.5415955388642313,1.0
