,abilities,v_measure,mutual_info,adjusted_rand_score,calinski_harabasz,davies_bouldin,silhouette
abilities,1.0,0.7648547463013607,0.6154323244986472,0.9425101214574899,-0.27408906882591094,0.2222672064777328,-0.22672064777327935
v_measure,0.7648547463013607,1.0,0.9099586098623251,0.7253770661719893,-0.06397408677375066,-0.04818301472200208,-0.1101326050788619
mutual_info,0.6154323244986472,0.9099586098623251,1.0,0.5462849035253231,-0.038527888518860944,-0.07928633900460332,-0.10605308260718038
adjusted_rand_score,0.9425101214574899,0.7253770661719893,0.5462849035253231,1.0,-0.2493927125506073,0.2360323886639676,-0.15465587044534412
calinski_harabasz,-0.27408906882591094,-0.06397408677375066,-0.038527888518860944,-0.2493927125506073,1.0,-0.9465587044534413,0.962753036437247
davies_bouldin,0.2222672064777328,-0.04818301472200208,-0.07928633900460332,0.2360323886639676,-0.9465587044534413,1.0,-0.8939271255060729
silhouette,-0.22672064777327935,-0.1101326050788619,-0.10605308260718038,-0.15465587044534412,0.962753036437247,-0.8939271255060729,1.0
