,abilities,v_measure,mutual_info,adjusted_rand_score,calinski_harabasz,davies_bouldin,silhouette
abilities,1.0,0.7648547463013607,0.6105656438436332,0.9469635627530364,-0.28259109311740893,0.23198380566801619,-0.23765182186234818
v_measure,0.7648547463013607,1.0,0.911378202077399,0.7302358575725273,-0.06721328104077601,-0.04980261185551475,-0.09677092872738233
mutual_info,0.6105656438436332,0.911378202077399,1.0,0.5456765684434464,-0.03609454819135394,-0.08151690097148473,-0.08232801441398707
adjusted_rand_score,0.9469635627530364,0.7302358575725273,0.5456765684434464,1.0,-0.2493927125506073,0.2360323886639676,-0.16072874493927125
calinski_harabasz,-0.28259109311740893,-0.06721328104077601,-0.03609454819135394,-0.2493927125506073,1.0,-0.9465587044534413,0.9643724696356275
davies_bouldin,0.23198380566801619,-0.04980261185551475,-0.08151690097148473,0.2360323886639676,-0.9465587044534413,1.0,-0.9044534412955466
silhouette,-0.23765182186234818,-0.09677092872738233,-0.08232801441398707,-0.16072874493927125,0.9643724696356275,-0.9044534412955466,1.0
