,abilities,v_measure,mutual_info,adjusted_rand_score,calinski_harabasz,davies_bouldin,silhouette
abilities,1.0,0.5345994572181736,0.31307532767386903,0.9531313131313132,-0.1305050505050505,0.19717171717171716,0.03434343434343434
v_measure,0.5345994572181736,1.0,0.8537625725289457,0.6018789807456307,0.24487322076660104,-0.2404283273203426,0.17213860073691756
mutual_info,0.31307532767386903,0.8537625725289457,1.0,0.33067064647724537,0.23500874079911874,-0.24148058219806176,0.06552739416429816
adjusted_rand_score,0.9531313131313132,0.6018789807456307,0.33067064647724537,1.0,-0.11595959595959596,0.1797979797979798,0.06828282828282828
calinski_harabasz,-0.1305050505050505,0.24487322076660104,0.23500874079911874,-0.11595959595959596,1.0,-0.9595959595959596,0.9212121212121213
davies_bouldin,0.19717171717171716,-0.2404283273203426,-0.24148058219806176,0.1797979797979798,-0.9595959595959596,1.0,-0.8404040404040404
silhouette,0.03434343434343434,0.17213860073691756,0.06552739416429816,0.06828282828282828,0.9212121212121213,-0.8404040404040404,1.0
