,abilities,v_measure,mutual_info,adjusted_rand_score,calinski_harabasz,davies_bouldin,silhouette
abilities,1.0,0.6992700729927007,0.6845093268450932,0.8168694241686942,0.7354420113544201,-0.6619626926196269,0.7177615571776156
v_measure,0.6992700729927007,1.0,0.49845904298459043,0.9490673154906731,0.853852392538524,-0.740470397404704,0.9020275750202758
mutual_info,0.6845093268450932,0.49845904298459043,1.0,0.5315490673154907,0.5862124898621249,-0.5493917274939173,0.3933495539334955
adjusted_rand_score,0.8168694241686942,0.9490673154906731,0.5315490673154907,1.0,0.8347120843471209,-0.7208434712084347,0.8671532846715329
calinski_harabasz,0.7354420113544201,0.853852392538524,0.5862124898621249,0.8347120843471209,1.0,-0.8879156528791565,0.8343876723438767
davies_bouldin,-0.6619626926196269,-0.740470397404704,-0.5493917274939173,-0.7208434712084347,-0.8879156528791565,1.0,-0.6948905109489051
silhouette,0.7177615571776156,0.9020275750202758,0.3933495539334955,0.8671532846715329,0.8343876723438767,-0.6948905109489051,1.0
