,abilities,v_measure,mutual_info,adjusted_rand_score,calinski_harabasz,davies_bouldin,silhouette
abilities,1.0,0.6227088402270884,0.7856766298686415,0.7017031630170316,0.7527980535279806,-0.6833738848337388,0.6559610705596107
v_measure,0.6227088402270884,1.0,0.5130783896509782,0.9480940794809408,0.8415247364152474,-0.7665855636658556,0.897161394971614
mutual_info,0.7856766298686415,0.5130783896509782,1.0,0.521594550086222,0.5748002762340314,-0.5494951137978782,0.39563648193447226
adjusted_rand_score,0.7017031630170316,0.9480940794809408,0.521594550086222,1.0,0.8266017842660178,-0.7343065693430657,0.8637469586374696
calinski_harabasz,0.7527980535279806,0.8415247364152474,0.5748002762340314,0.8266017842660178,1.0,-0.9471208434712084,0.8428223844282239
davies_bouldin,-0.6833738848337388,-0.7665855636658556,-0.5494951137978782,-0.7343065693430657,-0.9471208434712084,1.0,-0.7205190592051905
silhouette,0.6559610705596107,0.897161394971614,0.39563648193447226,0.8637469586374696,0.8428223844282239,-0.7205190592051905,1.0
