,abilities,v_measure,mutual_info,adjusted_rand_score,calinski_harabasz,davies_bouldin,silhouette
abilities,1.0,0.6228710462287105,0.7898941569413337,0.7114355231143552,0.7526358475263585,-0.6716950527169505,0.6613138686131387
v_measure,0.6228710462287105,1.0,0.5156737909264811,0.9412814274128143,0.8330900243309003,-0.756853203568532,0.8872668288726683
mutual_info,0.7898941569413337,0.5156737909264811,1.0,0.5153493657670433,0.5764224020312206,-0.5623099075956737,0.40058396561589965
adjusted_rand_score,0.7114355231143552,0.9412814274128143,0.5153493657670433,1.0,0.83227899432279,-0.7437145174371452,0.8684509326845093
calinski_harabasz,0.7526358475263585,0.8330900243309003,0.5764224020312206,0.83227899432279,1.0,-0.9484184914841849,0.8384428223844282
davies_bouldin,-0.6716950527169505,-0.756853203568532,-0.5623099075956737,-0.7437145174371452,-0.9484184914841849,1.0,-0.7354420113544201
silhouette,0.6613138686131387,0.8872668288726683,0.40058396561589965,0.8684509326845093,0.8384428223844282,-0.7354420113544201,1.0
