,abilities,v_measure,mutual_info,adjusted_rand_score,calinski_harabasz,davies_bouldin,silhouette
abilities,1.0,0.6171938361719383,0.7830812285931386,0.7004055150040551,0.7573398215733982,-0.678345498783455,0.6593673965936739
v_measure,0.6171938361719383,1.0,0.5307595608403417,0.948905109489051,0.8339010543390105,-0.7446877534468775,0.8903487429034874
mutual_info,0.7830812285931386,0.5307595608403417,1.0,0.5421955477105262,0.5816943108720859,-0.5473052439716726,0.40261162286238633
adjusted_rand_score,0.7004055150040551,0.948905109489051,0.5421955477105262,1.0,0.8278994322789943,-0.7200324412003244,0.859367396593674
calinski_harabasz,0.7573398215733982,0.8339010543390105,0.5816943108720859,0.8278994322789943,1.0,-0.943227899432279,0.8416869424168695
davies_bouldin,-0.678345498783455,-0.7446877534468775,-0.5473052439716726,-0.7200324412003244,-0.943227899432279,1.0,-0.7184103811841038
silhouette,0.6593673965936739,0.8903487429034874,0.40261162286238633,0.859367396593674,0.8416869424168695,-0.7184103811841038,1.0
