,abilities,v_measure,mutual_info,adjusted_rand_score,calinski_harabasz,davies_bouldin,silhouette
abilities,1.0,0.6222222222222222,0.7837300789120143,0.699918896999189,0.7519870235198702,-0.6835360908353609,0.6564476885644769
v_measure,0.6222222222222222,1.0,0.513565027390135,0.948905109489051,0.8436334144363341,-0.7646390916463909,0.8991078669910787
mutual_info,0.7837300789120143,0.513565027390135,1.0,0.521594550086222,0.575935764292064,-0.5493329012181593,0.39693418257222374
adjusted_rand_score,0.699918896999189,0.948905109489051,0.521594550086222,1.0,0.8275750202757503,-0.7344687753446878,0.865044606650446
calinski_harabasz,0.7519870235198702,0.8436334144363341,0.575935764292064,0.8275750202757503,1.0,-0.9484184914841849,0.84330900243309
davies_bouldin,-0.6835360908353609,-0.7646390916463909,-0.5493329012181593,-0.7344687753446878,-0.9484184914841849,1.0,-0.7213300892133009
silhouette,0.6564476885644769,0.8991078669910787,0.39693418257222374,0.865044606650446,0.84330900243309,-0.7213300892133009,1.0
