,abilities,v_measure,mutual_info,adjusted_rand_score,calinski_harabasz,davies_bouldin,silhouette
abilities,1.0,0.91533559578932,0.8901505995085457,0.9429715750943747,0.7744195096640291,-0.7827214943572448,0.7882993903229991
v_measure,0.91533559578932,1.0,0.9856756304236809,0.9559562826195519,0.7804498379716613,-0.7984173084768267,0.7654337028743841
mutual_info,0.8901505995085457,0.9856756304236809,1.0,0.9272146897378316,0.7853945573111153,-0.8037893160370191,0.7679081817321699
adjusted_rand_score,0.9429715750943747,0.9559562826195519,0.9272146897378316,1.0,0.7499797312526226,-0.7521201213876513,0.7546821035189736
calinski_harabasz,0.7744195096640291,0.7804498379716613,0.7853945573111153,0.7499797312526226,1.0,-0.9914385782851213,0.9862498378518615
davies_bouldin,-0.7827214943572448,-0.7984173084768267,-0.8037893160370191,-0.7521201213876513,-0.9914385782851213,1.0,-0.9763912310286678
silhouette,0.7882993903229991,0.7654337028743841,0.7679081817321699,0.7546821035189736,0.9862498378518615,-0.9763912310286678,1.0
