,abilities,v_measure,mutual_info,adjusted_rand_score,calinski_harabasz,davies_bouldin,silhouette
abilities,1.0,0.9159193764194518,0.8893106811173905,0.9419338101804214,0.7752626799844338,-0.7818783240368401,0.7896614346867298
v_measure,0.9159193764194518,1.0,0.9835996805194814,0.9564103415833067,0.781033618601793,-0.797833527846695,0.76854719956842
mutual_info,0.8893106811173905,0.9835996805194814,1.0,0.9258220459600016,0.7864071871362734,-0.8040876424388299,0.7689538202504472
adjusted_rand_score,0.9419338101804214,0.9564103415833067,0.9258220459600016,1.0,0.7506283343238435,-0.7514715183164306,0.7529957355337994
calinski_harabasz,0.7752626799844338,0.781033618601793,0.7864071871362734,0.7506283343238435,1.0,-0.9923466078609418,0.9878713192372551
davies_bouldin,-0.7818783240368401,-0.797833527846695,-0.8040876424388299,-0.7514715183164306,-0.9923466078609418,1.0,-0.97788299390323
silhouette,0.7896614346867298,0.76854719956842,0.7689538202504472,0.7529957355337994,0.9878713192372551,-0.97788299390323,1.0
