,abilities,v_measure,mutual_info,adjusted_rand_score,calinski_harabasz,davies_bouldin,silhouette
abilities,1.0,0.91533559578932,0.8894404459269506,0.9428418544801305,0.7744195096640291,-0.7827214943572448,0.7880399533013361
v_measure,0.91533559578932,1.0,0.9852543159948416,0.9562806104508054,0.7804498379716613,-0.7984173084768267,0.7651742448165477
mutual_info,0.8894404459269506,0.9852543159948416,1.0,0.9265357639854805,0.7860827751123733,-0.8043147308555599,0.768434761012207
adjusted_rand_score,0.9428418544801305,0.9562806104508054,0.9265357639854805,1.0,0.7503688930953551,-0.7527038641517501,0.7544875225976073
calinski_harabasz,0.7744195096640291,0.7804498379716613,0.7860827751123733,0.7503688930953551,1.0,-0.9914385782851213,0.9865092748735245
davies_bouldin,-0.7827214943572448,-0.7984173084768267,-0.8043147308555599,-0.7527038641517501,-0.9914385782851213,1.0,-0.9765858087949151
silhouette,0.7880399533013361,0.7651742448165477,0.768434761012207,0.7544875225976073,0.9865092748735245,-0.9765858087949151,1.0
