,abilities,v_measure,mutual_info,adjusted_rand_score,calinski_harabasz,davies_bouldin,silhouette
abilities,1.0,0.9267132300840166,0.7109019131491041,0.9372406113979148,0.814151229881567,-0.44164389108209334,0.716570503087357
v_measure,0.9267132300840166,1.0,0.7864156291122584,0.97104970138678,0.8305496507743699,-0.5639234740358335,0.7192023484158315
mutual_info,0.7109019131491041,0.7864156291122584,1.0,0.8034213989270169,0.615548132402065,-0.30276343759489827,0.4681647940074906
adjusted_rand_score,0.9372406113979148,0.97104970138678,0.8034213989270169,1.0,0.7564530822957789,-0.4507541249114283,0.6594797044235247
calinski_harabasz,0.814151229881567,0.8305496507743699,0.615548132402065,0.7564530822957789,1.0,-0.749164895232311,0.8702297803421399
davies_bouldin,-0.44164389108209334,-0.5639234740358335,-0.30276343759489827,-0.4507541249114283,-0.749164895232311,1.0,-0.8471505213078246
silhouette,0.716570503087357,0.7192023484158315,0.4681647940074906,0.6594797044235247,0.8702297803421399,-0.8471505213078246,1.0
