,abilities,v_measure,mutual_info,adjusted_rand_score,calinski_harabasz,davies_bouldin,silhouette
abilities,1.0,0.9254985322401053,0.6963255390221682,0.9309646725377062,0.8572730033404191,-0.4529810709585991,0.7602996254681648
v_measure,0.9254985322401053,1.0,0.7989675068326754,0.9787427877315518,0.8649660896851908,-0.5457030063771637,0.7451159024192732
mutual_info,0.6963255390221682,0.7989675068326754,1.0,0.7849984816276951,0.6432837331713737,-0.32827209231703613,0.49185140196376154
adjusted_rand_score,0.9309646725377062,0.9787427877315518,0.7849984816276951,1.0,0.8275129061645916,-0.5258629415932786,0.7366130175118939
calinski_harabasz,0.8572730033404191,0.8649660896851908,0.6432837331713737,0.8275129061645916,1.0,-0.7677902621722846,0.9003947767992712
davies_bouldin,-0.4529810709585991,-0.5457030063771637,-0.32827209231703613,-0.5258629415932786,-0.7677902621722846,1.0,-0.8325741471808887
silhouette,0.7602996254681648,0.7451159024192732,0.49185140196376154,0.7366130175118939,0.9003947767992712,-0.8325741471808887,1.0
