,abilities,v_measure,mutual_info,adjusted_rand_score,calinski_harabasz,davies_bouldin,silhouette
abilities,1.0,0.9182103451766374,0.6989573843506428,0.944123899180079,0.8621317947160644,-0.4505516752707764,0.7558457333738232
v_measure,0.9182103451766374,1.0,0.794311165097682,0.9649762121672234,0.871849377467355,-0.5610891790667072,0.7505820427168742
mutual_info,0.6989573843506428,0.794311165097682,1.0,0.7775078449235753,0.639032290717684,-0.3019536390322907,0.47970442352464826
adjusted_rand_score,0.944123899180079,0.9649762121672234,0.7775078449235753,1.0,0.8147585788035226,-0.46026925802206703,0.7135337584775787
calinski_harabasz,0.8621317947160644,0.871849377467355,0.639032290717684,0.8147585788035226,1.0,-0.761716772952728,0.9018119242838344
davies_bouldin,-0.4505516752707764,-0.5610891790667072,-0.3019536390322907,-0.46026925802206703,-0.761716772952728,1.0,-0.8400647838850086
silhouette,0.7558457333738232,0.7505820427168742,0.47970442352464826,0.7135337584775787,0.9018119242838344,-0.8400647838850086,1.0
