,abilities,v_measure,mutual_info,adjusted_rand_score,calinski_harabasz,davies_bouldin,silhouette
abilities,1.0,0.22853506285840638,0.2813281439823378,-0.0075786063495302215,0.7697558718037718,-0.7650121485595279,0.8604651162790697
v_measure,0.22853506285840638,1.0,0.9947282718902174,0.93488009146598,-0.23894931888739707,0.14417958902358197,-0.037491321704366413
mutual_info,0.2813281439823378,0.9947282718902174,1.0,0.9077382337551155,-0.17832125765602053,0.08180299409041618,0.0006952095815049534
adjusted_rand_score,-0.0075786063495302215,0.93488009146598,0.9077382337551155,1.0,-0.44846836963021586,0.3262271847709994,-0.22799456201143972
calinski_harabasz,0.7697558718037718,-0.23894931888739707,-0.17832125765602053,-0.44846836963021586,1.0,-0.9146129816036098,0.8155732963091519
davies_bouldin,-0.7650121485595279,0.14417958902358197,0.08180299409041618,0.3262271847709994,-0.9146129816036098,1.0,-0.7894249681823441
silhouette,0.8604651162790697,-0.037491321704366413,0.0006952095815049534,-0.22799456201143972,0.8155732963091519,-0.7894249681823441,1.0
