,abilities,v_measure,mutual_info,adjusted_rand_score,calinski_harabasz,davies_bouldin,silhouette
abilities,1.0,0.7054907549246006,0.7431524810716671,0.6059220260766222,0.33410511692521416,-0.29080805742069926,0.6176198194026395
v_measure,0.7054907549246006,1.0,0.9908592458535959,0.9551901812076652,-0.20591044680945303,0.21824076032376663,0.08683319376277188
mutual_info,0.7431524810716671,0.9908592458535959,1.0,0.9294277145255498,-0.13086450721371387,0.1463662034985682,0.14021197201469343
adjusted_rand_score,0.6059220260766222,0.9551901812076652,0.9294277145255498,1.0,-0.3537584313895326,0.3523112114934864,-0.03936438117245658
calinski_harabasz,0.33410511692521416,-0.20591044680945303,-0.13086450721371387,-0.3537584313895326,1.0,-0.9793933780967816,0.800764065755962
davies_bouldin,-0.29080805742069926,0.21824076032376663,0.1463662034985682,0.3523112114934864,-0.9793933780967816,1.0,-0.8258856216716832
silhouette,0.6176198194026395,0.08683319376277188,0.14021197201469343,-0.03936438117245658,0.800764065755962,-0.8258856216716832,1.0
