,abilities,v_measure,mutual_info,adjusted_rand_score,calinski_harabasz,davies_bouldin,silhouette
abilities,1.0,0.7142526388038001,0.7359165607414211,0.6180428933733878,0.34672377865246584,-0.3146561704098171,0.6247974068071313
v_measure,0.7142526388038001,1.0,0.9922523281433759,0.96784091602942,-0.1767975003166482,0.19740650821210556,0.1123075149359193
mutual_info,0.7359165607414211,0.9922523281433759,1.0,0.9488517961291724,-0.12070773410504256,0.14503507445617908,0.14149338528811387
adjusted_rand_score,0.6180428933733878,0.96784091602942,0.9488517961291724,1.0,-0.31825417512099713,0.3312784001850612,-0.023559376004773706
calinski_harabasz,0.34672377865246584,-0.1767975003166482,-0.12070773410504256,-0.31825417512099713,1.0,-0.9817087288724242,0.7953229914332022
davies_bouldin,-0.3146561704098171,0.19740650821210556,0.14503507445617908,0.3312784001850612,-0.9817087288724242,1.0,-0.8225283630470016
silhouette,0.6247974068071313,0.1123075149359193,0.14149338528811387,-0.023559376004773706,0.7953229914332022,-0.8225283630470016,1.0
