,abilities,v_measure,mutual_info,adjusted_rand_score,calinski_harabasz,davies_bouldin,silhouette
abilities,1.0,0.7493342646033708,0.767501460863183,0.6582153920154344,0.34348228756656635,-0.30493169715211854,0.6121787450798796
v_measure,0.7493342646033708,1.0,0.9926007313484825,0.9613569955487826,-0.14692601696255833,0.17170313881440033,0.1514414737486417
mutual_info,0.767501460863183,0.9926007313484825,1.0,0.9430455802674101,-0.09597397040675101,0.12523645140191283,0.175691006927301
adjusted_rand_score,0.6582153920154344,0.9613569955487826,0.9430455802674101,1.0,-0.28375445006240957,0.3010621980364325,0.02286475066802362
calinski_harabasz,0.34348228756656635,-0.14692601696255833,-0.09597397040675101,-0.28375445006240957,1.0,-0.9820560314887705,0.8031951840703867
davies_bouldin,-0.30493169715211854,0.17170313881440033,0.12523645140191283,0.3010621980364325,-0.9820560314887705,1.0,-0.825654086594119
silhouette,0.6121787450798796,0.1514414737486417,0.175691006927301,0.02286475066802362,0.8031951840703867,-0.825654086594119,1.0
