,abilities,v_measure,mutual_info,adjusted_rand_score,calinski_harabasz,davies_bouldin,silhouette
abilities,1.0,0.7043393254765655,0.8050290555585727,0.787541410959648,0.7924292619345028,-0.7150925976212459,0.7298647694563624
v_measure,0.7043393254765655,1.0,0.6718622712214196,0.9599196220061913,0.872481399011568,-0.7873241731385434,0.851952424917178
mutual_info,0.8050290555585727,0.6718622712214196,1.0,0.69054472383642,0.7019497094444143,-0.6677347526204312,0.5192527018954
adjusted_rand_score,0.787541410959648,0.9599196220061913,0.69054472383642,1.0,0.8648780752729051,-0.7736381904089502,0.8357682072448813
calinski_harabasz,0.7924292619345028,0.872481399011568,0.7019497094444143,0.8648780752729051,1.0,-0.9119100635420627,0.8169771357193287
davies_bouldin,-0.7150925976212459,-0.7873241731385434,-0.6677347526204312,-0.7736381904089502,-0.9119100635420627,1.0,-0.7040134687449084
silhouette,0.7298647694563624,0.851952424917178,0.5192527018954,0.8357682072448813,0.8169771357193287,-0.7040134687449084,1.0
