,abilities,v_measure,mutual_info,adjusted_rand_score,calinski_harabasz,davies_bouldin,silhouette
abilities,1.0,0.6866344430565361,0.835899525087566,0.735730190626188,0.7883017433335143,-0.7180253082061587,0.6963015260956933
v_measure,0.6866344430565361,1.0,0.6700339445783446,0.9680660402976158,0.8909466138054636,-0.8441318633574105,0.8511920925433117
mutual_info,0.835899525087566,0.6700339445783446,1.0,0.6748133064266785,0.7097895454076668,-0.6986558047382528,0.5083503056864153
adjusted_rand_score,0.735730190626188,0.9680660402976158,0.6748133064266785,1.0,0.8780209634497366,-0.8278390267745614,0.8254494107424103
calinski_harabasz,0.7883017433335143,0.8909466138054636,0.7097895454076668,0.8780209634497366,1.0,-0.9561179601368598,0.8049204366480204
davies_bouldin,-0.7180253082061587,-0.8441318633574105,-0.6986558047382528,-0.8278390267745614,-0.9561179601368598,1.0,-0.7119426492152283
silhouette,0.6963015260956933,0.8511920925433117,0.5083503056864153,0.8254494107424103,0.8049204366480204,-0.7119426492152283,1.0
