,abilities,v_measure,mutual_info,adjusted_rand_score,calinski_harabasz,davies_bouldin,silhouette
abilities,1.0,0.6573073372074079,0.827318398132603,0.7064030847770597,0.7777657090099386,-0.7053168956715364,0.7027100418182806
v_measure,0.6573073372074079,1.0,0.6793211136245387,0.9626350947699994,0.8654211698256666,-0.8023135827947646,0.8504317601694455
mutual_info,0.827318398132603,0.6793211136245387,1.0,0.6840461645427779,0.6943652412607714,-0.6715003396909016,0.5211133742586703
adjusted_rand_score,0.7064030847770597,0.9626350947699994,0.6840461645427779,1.0,0.8622712214196492,-0.7804811817737468,0.835333731602672
calinski_harabasz,0.7777657090099386,0.8654211698256666,0.6943652412607714,0.8622712214196492,1.0,-0.9492749687720632,0.8206701786781079
davies_bouldin,-0.7053168956715364,-0.8023135827947646,-0.6715003396909016,-0.7804811817737468,-0.9492749687720632,1.0,-0.7211752566121762
silhouette,0.7027100418182806,0.8504317601694455,0.5211133742586703,0.835333731602672,0.8206701786781079,-0.7211752566121762,1.0
