,abilities,v_measure,mutual_info,adjusted_rand_score,calinski_harabasz,davies_bouldin,silhouette
abilities,1.0,0.8421188481300005,0.7378896603220608,0.9545806451612904,0.18374193548387097,-0.20980645161290323,0.2121290322580645
v_measure,0.8421188481300005,1.0,0.9371493280392359,0.8265049375226253,0.320020647159424,-0.3878959940972696,0.29408348986948685
mutual_info,0.7378896603220608,0.9371493280392359,1.0,0.7050773399926135,0.34349590455118345,-0.4139002926596434,0.3059038367721709
adjusted_rand_score,0.9545806451612904,0.8265049375226253,0.7050773399926135,1.0,0.20412903225806453,-0.20903225806451614,0.24516129032258063
calinski_harabasz,0.18374193548387097,0.320020647159424,0.34349590455118345,0.20412903225806453,1.0,-0.9695483870967742,0.9778064516129032
davies_bouldin,-0.20980645161290323,-0.3878959940972696,-0.4139002926596434,-0.20903225806451614,-0.9695483870967742,1.0,-0.9380645161290323
silhouette,0.2121290322580645,0.29408348986948685,0.3059038367721709,0.24516129032258063,0.9778064516129032,-0.9380645161290323,1.0
