,abilities,v_measure,mutual_info,adjusted_rand_score,calinski_harabasz,davies_bouldin,silhouette
abilities,1.0,0.8583225806451613,0.7557482722467487,0.9576774193548387,0.1801290322580645,-0.21316129032258063,0.2178064516129032
v_measure,0.8583225806451613,1.0,0.940584330627384,0.8330322580645161,0.3104516129032258,-0.38425806451612904,0.3014193548387097
mutual_info,0.7557482722467487,0.940584330627384,1.0,0.7109277884884814,0.3285974371211295,-0.40351351948365116,0.2979851758798922
adjusted_rand_score,0.9576774193548387,0.8330322580645161,0.7109277884884814,1.0,0.1945806451612903,-0.20283870967741935,0.24903225806451612
calinski_harabasz,0.1801290322580645,0.3104516129032258,0.3285974371211295,0.1945806451612903,1.0,-0.9659354838709677,0.9687741935483871
davies_bouldin,-0.21316129032258063,-0.38425806451612904,-0.40351351948365116,-0.20283870967741935,-0.9659354838709677,1.0,-0.9329032258064516
silhouette,0.2178064516129032,0.3014193548387097,0.2979851758798922,0.24903225806451612,0.9687741935483871,-0.9329032258064516,1.0
