,abilities,v_measure,mutual_info,adjusted_rand_score,calinski_harabasz,davies_bouldin,silhouette
abilities,1.0,0.8659898477157361,0.926364042011489,0.8304260882941086,0.7864328564836179,-0.5748961698200277,0.5615443777880326
v_measure,0.8659898477157361,1.0,0.9603593349749474,0.9670819873865559,0.8304876172896477,-0.7461313644054761,0.5937855714505461
mutual_info,0.926364042011489,0.9603593349749474,1.0,0.9347936440675864,0.783737636420002,-0.6247442662524428,0.5130366565236488
adjusted_rand_score,0.8304260882941086,0.9670819873865559,0.9347936440675864,1.0,0.8061221350561452,-0.7020766035994462,0.5628364866943547
calinski_harabasz,0.7864328564836179,0.8304876172896477,0.783737636420002,0.8061221350561452,1.0,-0.8722042762651899,0.6892785725273035
davies_bouldin,-0.5748961698200277,-0.7461313644054761,-0.6247442662524428,-0.7020766035994462,-0.8722042762651899,1.0,-0.664482387325027
silhouette,0.5615443777880326,0.5937855714505461,0.5130366565236488,0.5628364866943547,0.6892785725273035,-0.664482387325027,1.0
