,abilities,v_measure,mutual_info,adjusted_rand_score,calinski_harabasz,davies_bouldin,silhouette
abilities,1.0,0.8051500562413297,0.8634014275166133,0.789090741375334,0.7449122430083419,-0.5084219108725007,0.5663215863089067
v_measure,0.8051500562413297,1.0,0.957098248048136,0.962959544685433,0.7901861252115059,-0.738194123980926,0.6671281341332103
mutual_info,0.8634014275166133,0.957098248048136,1.0,0.9364549525019997,0.7513728869199494,-0.6138842314867408,0.5712132166991238
adjusted_rand_score,0.789090741375334,0.962959544685433,0.9364549525019997,1.0,0.7634825411475158,-0.6812182741116751,0.6319335486848178
calinski_harabasz,0.7449122430083419,0.7901861252115059,0.7513728869199494,0.7634825411475158,1.0,-0.8698661744347024,0.7023227195816029
davies_bouldin,-0.5084219108725007,-0.738194123980926,-0.6138842314867408,-0.6812182741116751,-0.8698661744347024,1.0,-0.6846638978618674
silhouette,0.5663215863089067,0.6671281341332103,0.5712132166991238,0.6319335486848178,0.7023227195816029,-0.6846638978618674,1.0
