,abilities,v_measure,mutual_info,adjusted_rand_score,calinski_harabasz,davies_bouldin,silhouette
abilities,1.0,0.7534533148746346,0.8223657898784802,0.7599753884017844,0.7716043685586833,-0.5110290724503922,0.5781572065836025
v_measure,0.7534533148746346,1.0,0.9490539916935856,0.9639440086140594,0.8055683740962929,-0.7411475157668052,0.6609137055837564
mutual_info,0.8223657898784802,0.9490539916935856,1.0,0.9310259960006153,0.759421627441932,-0.6029533917858791,0.5541608983233348
adjusted_rand_score,0.7599753884017844,0.9639440086140594,0.9310259960006153,1.0,0.7783725580679896,-0.6920473773265652,0.6358714043993232
calinski_harabasz,0.7716043685586833,0.8055683740962929,0.759421627441932,0.7783725580679896,1.0,-0.8626057529610829,0.7054606983540994
davies_bouldin,-0.5110290724503922,-0.7411475157668052,-0.6029533917858791,-0.6920473773265652,-0.8626057529610829,1.0,-0.6826334410090755
silhouette,0.5781572065836025,0.6609137055837564,0.5541608983233348,0.6358714043993232,0.7054606983540994,-0.6826334410090755,1.0
