,abilities,v_measure,mutual_info,adjusted_rand_score,calinski_harabasz,davies_bouldin,silhouette
abilities,1.0,0.9039041490009773,0.8627889045713352,0.9525103238426429,0.6490980221690936,-0.6601825690067377,0.663768745924799
v_measure,0.9039041490009773,1.0,0.9750741751583611,0.9270519198139869,0.6966066239971463,-0.7248621188862662,0.6753606653401351
mutual_info,0.8627889045713352,0.9750741751583611,1.0,0.8770862696965486,0.7089427323114348,-0.7375918251669004,0.6834466705482216
adjusted_rand_score,0.9525103238426429,0.9270519198139869,0.8770862696965486,1.0,0.6474679417517931,-0.6495327102803738,0.6540969354488154
calinski_harabasz,0.6490980221690936,0.6966066239971463,0.7089427323114348,0.6474679417517931,1.0,-0.9871767007172354,0.9863073244946751
davies_bouldin,-0.6601825690067377,-0.7248621188862662,-0.7375918251669004,-0.6495327102803738,-0.9871767007172354,1.0,-0.969571832210389
silhouette,0.663768745924799,0.6753606653401351,0.6834466705482216,0.6540969354488154,0.9863073244946751,-0.969571832210389,1.0
