,abilities,v_measure,mutual_info,adjusted_rand_score,calinski_harabasz,davies_bouldin,silhouette
abilities,1.0,0.905672679852206,0.8647768040142906,0.9533797000652032,0.635948706802869,-0.6498587263638339,0.6480113018908933
v_measure,0.905672679852206,1.0,0.9760540304297578,0.9268637252771137,0.6798522060421648,-0.7099543577483156,0.6672462508150402
mutual_info,0.8647768040142906,0.9760540304297578,1.0,0.8787476135837947,0.686852836228348,-0.717893039590943,0.6695116368016094
adjusted_rand_score,0.9533797000652032,0.9268637252771137,0.8787476135837947,1.0,0.6308411214953271,-0.6347533144968485,0.6509454466420344
calinski_harabasz,0.635948706802869,0.6798522060421648,0.686852836228348,0.6308411214953271,1.0,-0.9856552923277548,0.9852206042164747
davies_bouldin,-0.6498587263638339,-0.7099543577483156,-0.717893039590943,-0.6347533144968485,-0.9856552923277548,1.0,-0.9687024559878288
silhouette,0.6480113018908933,0.6672462508150402,0.6695116368016094,0.6509454466420344,0.9852206042164747,-0.9687024559878288,1.0
