,abilities,v_measure,mutual_info,adjusted_rand_score,calinski_harabasz,davies_bouldin,silhouette
abilities,1.0,0.9053712612356046,0.8619734654957527,0.9520756357313628,0.6498587263638339,-0.663768745924799,0.6653988263420996
v_measure,0.9053712612356046,1.0,0.9752916314864517,0.9262911949515876,0.6964979490168035,-0.7266009185717505,0.6737305406349935
mutual_info,0.8619734654957527,0.9752916314864517,1.0,0.8768688192763933,0.7058984264292602,-0.7364502104610848,0.6791520247501538
adjusted_rand_score,0.9520756357313628,0.9262911949515876,0.8768688192763933,1.0,0.6465985655292328,-0.6501847424472941,0.6564877200608563
calinski_harabasz,0.6498587263638339,0.6964979490168035,0.7058984264292602,0.6465985655292328,1.0,-0.9856552923277548,0.9844599000217344
davies_bouldin,-0.663768745924799,-0.7266009185717505,-0.7364502104610848,-0.6501847424472941,-0.9856552923277548,1.0,-0.9678330797652684
silhouette,0.6653988263420996,0.6737305406349935,0.6791520247501538,0.6564877200608563,0.9844599000217344,-0.9678330797652684,1.0
