,abilities,v_measure,mutual_info,adjusted_rand_score,calinski_harabasz,davies_bouldin,silhouette
abilities,1.0,0.8422624707805522,0.7834967891868163,0.9552514391224068,0.6882806560225915,-0.6703595090691865,0.735201477136961
v_measure,0.8422624707805522,1.0,0.9611582275465554,0.8913568852228514,0.7792109053297673,-0.7783419776405232,0.7452684174686645
mutual_info,0.7834967891868163,0.9611582275465554,1.0,0.8188065661383126,0.7765978019978317,-0.7783361294785207,0.7179835722583479
adjusted_rand_score,0.9552514391224068,0.8913568852228514,0.8188065661383126,1.0,0.6808949712175518,-0.6641685673943738,0.7156511350059738
calinski_harabasz,0.6882806560225915,0.7792109053297673,0.7765978019978317,0.6808949712175518,1.0,-0.9891386988161182,0.9730639730639731
davies_bouldin,-0.6703595090691865,-0.7783419776405232,-0.7783361294785207,-0.6641685673943738,-0.9891386988161182,1.0,-0.9512327576843705
silhouette,0.735201477136961,0.7452684174686645,0.7179835722583479,0.7156511350059738,0.9730639730639731,-0.9512327576843705,1.0
