,abilities,v_measure,mutual_info,adjusted_rand_score,calinski_harabasz,davies_bouldin,silhouette
abilities,1.0,0.8108340645205258,0.8399013462640292,0.8114474098936016,0.788157323088194,-0.7334332859126494,0.5618328804232083
v_measure,0.8108340645205258,1.0,0.969568979340973,0.9982621881096184,0.9073337365511249,-0.874656058063362,0.5596861716174428
mutual_info,0.8399013462640292,0.969568979340973,1.0,0.9678290466206088,0.900329891968834,-0.8425112453445754,0.5216727691585995
adjusted_rand_score,0.8114474098936016,0.9982621881096184,0.9678290466206088,1.0,0.9056640741466406,-0.8741790116620808,0.5594987605312253
calinski_harabasz,0.788157323088194,0.9073337365511249,0.900329891968834,0.9056640741466406,1.0,-0.8821525015120667,0.4766460230515636
davies_bouldin,-0.7334332859126494,-0.874656058063362,-0.8425112453445754,-0.8741790116620808,-0.8821525015120667,1.0,-0.5434665939738818
silhouette,0.5618328804232083,0.5596861716174428,0.5216727691585995,0.5594987605312253,0.4766460230515636,-0.5434665939738818,1.0
