,abilities,v_measure,mutual_info,adjusted_rand_score,calinski_harabasz,davies_bouldin,silhouette
abilities,1.0,0.8019064818679774,0.8304074606781604,0.8026390888413736,0.7849883719939688,-0.7330755011116885,0.5623610389389125
v_measure,0.8019064818679774,1.0,0.9728795799414973,0.9982110759951954,0.9073166991796505,-0.8743834601197727,0.5605550775626337
mutual_info,0.8304074606781604,0.9728795799414973,1.0,0.9713177973953615,0.9021811831535805,-0.8462215757491418,0.5257147805571795
adjusted_rand_score,0.8026390888413736,0.9982110759951954,0.9713177973953615,1.0,0.9055618499177946,-0.8739064137184915,0.560367666476416
calinski_harabasz,0.7849883719939688,0.9073166991796505,0.9021811831535805,0.9055618499177946,1.0,-0.8821013893976437,0.47761715322560033
davies_bouldin,-0.7330755011116885,-0.8743834601197727,-0.8462215757491418,-0.8739064137184915,-0.8821013893976437,1.0,-0.5445058736338158
silhouette,0.5623610389389125,0.5605550775626337,0.5257147805571795,0.560367666476416,0.47761715322560033,-0.5445058736338158,1.0
