,abilities,v_measure,mutual_info,adjusted_rand_score,calinski_harabasz,davies_bouldin,silhouette
abilities,1.0,0.8390873151114443,0.872628463685525,0.8399052552654898,0.8559573307886307,-0.7451264399154796,0.502539022561516
v_measure,0.8390873151114443,1.0,0.9701531109195373,0.99810851339377,0.92964010633222,-0.8679537863812964,0.5282189353145661
mutual_info,0.872628463685525,0.9701531109195373,1.0,0.9685065133413583,0.9228710188041584,-0.8374100450185666,0.4899950192101324
adjusted_rand_score,0.8399052552654898,0.99810851339377,0.9685065133413583,1.0,0.9271862858700839,-0.8659941380955627,0.527963329016427
calinski_harabasz,0.8559573307886307,0.92964010633222,0.9228710188041584,0.9271862858700839,1.0,-0.8839377002249336,0.4578420012269102
davies_bouldin,-0.7451264399154796,-0.8679537863812964,-0.8374100450185666,-0.8659941380955627,-0.8839377002249336,1.0,-0.524197396223843
silhouette,0.502539022561516,0.5282189353145661,0.4899950192101324,0.527963329016427,0.4578420012269102,-0.524197396223843,1.0
