,abilities,v_measure,mutual_info,adjusted_rand_score,calinski_harabasz,davies_bouldin,silhouette
abilities,1.0,0.6670579061401652,0.6884420898840531,0.6971083117171024,0.5675973342306236,-0.47564534413190585,0.2967578040307807
v_measure,0.6670579061401652,1.0,0.9956588848157438,0.9541771174995176,0.8405363688983214,-0.7409479709306065,0.39105408707955497
mutual_info,0.6884420898840531,0.9956588848157438,1.0,0.9578751045083285,0.8328831436105216,-0.7328767123287672,0.3741719724741141
adjusted_rand_score,0.6971083117171024,0.9541771174995176,0.9578751045083285,1.0,0.8060003858769053,-0.6891439963984822,0.3894784230497138
calinski_harabasz,0.5675973342306236,0.8405363688983214,0.8328831436105216,0.8060003858769053,1.0,-0.9087722683130748,0.38163225930928035
davies_bouldin,-0.47564534413190585,-0.7409479709306065,-0.7328767123287672,-0.6891439963984822,-0.9087722683130748,1.0,-0.3763264518618561
silhouette,0.2967578040307807,0.39105408707955497,0.3741719724741141,0.3894784230497138,0.38163225930928035,-0.3763264518618561,1.0
