,abilities,v_measure,mutual_info,adjusted_rand_score,calinski_harabasz,davies_bouldin,silhouette
abilities,1.0,0.7045469162003988,0.7376037044182906,0.7645507749694515,0.5888803138465496,-0.5017364460737025,0.29374879413467103
v_measure,0.7045469162003988,1.0,0.9936330310630909,0.9359765901344138,0.8385105151456685,-0.7332947456428066,0.37651939031448967
mutual_info,0.7376037044182906,0.9936330310630909,1.0,0.9493536561836774,0.8275773361630973,-0.709370377516239,0.3457457071194289
adjusted_rand_score,0.7645507749694515,0.9359765901344138,0.9493536561836774,1.0,0.7750659206379832,-0.6476300726734838,0.33902501768602483
calinski_harabasz,0.5888803138465496,0.8385105151456685,0.8275773361630973,0.7750659206379832,1.0,-0.9000257251270178,0.3789954337899543
davies_bouldin,-0.5017364460737025,-0.7332947456428066,-0.709370377516239,-0.6476300726734838,-0.9000257251270178,1.0,-0.38041031577593415
silhouette,0.29374879413467103,0.37651939031448967,0.3457457071194289,0.33902501768602483,0.3789954337899543,-0.38041031577593415,1.0
