,abilities,v_measure,mutual_info,adjusted_rand_score,calinski_harabasz,davies_bouldin,silhouette
abilities,1.0,0.6570197440349862,0.676410058524664,0.6532252877998586,0.6953823397003023,-0.5934786803009839,0.29953694771367934
v_measure,0.6570197440349862,1.0,0.9957875104508328,0.9578429480995563,0.8667116856389478,-0.8438484790018651,0.35738632709499
mutual_info,0.676410058524664,0.9957875104508328,1.0,0.9602225223487041,0.8575471091388513,-0.8380603254228568,0.33674191266319375
adjusted_rand_score,0.6532252877998586,0.9578429480995563,0.9602225223487041,1.0,0.8166763135892984,-0.7648723390571741,0.35757926554762365
calinski_harabasz,0.6953823397003023,0.8667116856389478,0.8575471091388513,0.8166763135892984,1.0,-0.9060711299762042,0.4305743134606727
davies_bouldin,-0.5934786803009839,-0.8438484790018651,-0.8380603254228568,-0.7648723390571741,-0.9060711299762042,1.0,-0.32481188500868224
silhouette,0.29953694771367934,0.35738632709499,0.33674191266319375,0.35757926554762365,0.4305743134606727,-0.32481188500868224,1.0
