,abilities,v_measure,mutual_info,adjusted_rand_score,calinski_harabasz,davies_bouldin,silhouette
abilities,1.0,0.6113576435783652,0.633513409222458,0.6403305678821789,0.49466203614380344,-0.40832207859026304,0.2324908354234999
v_measure,0.6113576435783652,1.0,0.9962377001736447,0.9540806482732008,0.8405685253070937,-0.7405620940253392,0.39063605376551547
mutual_info,0.633513409222458,0.9962377001736447,1.0,0.9585825455013184,0.834008617917551,-0.7333590584603511,0.3743649109267477
adjusted_rand_score,0.6403305678821789,0.9540806482732008,0.9585825455013184,1.0,0.8061290115119943,-0.6890475271721654,0.38922117177953564
calinski_harabasz,0.49466203614380344,0.8405685253070937,0.834008617917551,0.8061290115119943,1.0,-0.9085471734516689,0.3818573541706862
davies_bouldin,-0.40832207859026304,-0.7405620940253392,-0.7333590584603511,-0.6890475271721654,-0.9085471734516689,1.0,-0.37613351340922246
silhouette,0.2324908354234999,0.39063605376551547,0.3743649109267477,0.38922117177953564,0.3818573541706862,-0.37613351340922246,1.0
