,abilities,v_measure,mutual_info,adjusted_rand_score,calinski_harabasz,davies_bouldin,silhouette
abilities,1.0,0.6679207666087851,0.6889832143546208,0.6957039037880249,0.5609685510322208,-0.47183098591549294,0.29001865071708793
v_measure,0.6679207666087851,1.0,0.9965914206701395,0.9541771174995176,0.8401826484018264,-0.7408836581130619,0.39118271271464405
mutual_info,0.6889832143546208,0.9965914206701395,1.0,0.9589684224065856,0.8330117692456106,-0.7326516174673613,0.37462216219692585
adjusted_rand_score,0.6957039037880249,0.9541771174995176,0.9589684224065856,1.0,0.8056788217891826,-0.6890475271721654,0.3909254614444659
calinski_harabasz,0.5609685510322208,0.8401826484018264,0.8330117692456106,0.8056788217891826,1.0,-0.9078718888674513,0.38160010290050805
davies_bouldin,-0.47183098591549294,-0.7408836581130619,-0.7326516174673613,-0.6890475271721654,-0.9078718888674513,1.0,-0.37594057495658884
silhouette,0.29001865071708793,0.39118271271464405,0.37462216219692585,0.3909254614444659,0.38160010290050805,-0.37594057495658884,1.0
