,abilities,v_measure,mutual_info,adjusted_rand_score,calinski_harabasz,davies_bouldin,silhouette
abilities,1.0,0.7060261110039231,0.7417256875737106,0.7640362724290951,0.5981735159817352,-0.499163933371921,0.2860634124380989
v_measure,0.7060261110039231,1.0,0.993785724079673,0.9359122773168692,0.8389607048684803,-0.733101807190173,0.3764229210881729
mutual_info,0.7417256875737106,0.993785724079673,1.0,0.9492165832239909,0.8283235925696354,-0.7093921586196065,0.3463273066491313
adjusted_rand_score,0.7640362724290951,0.9359122773168692,0.9492165832239909,1.0,0.7754517975432503,-0.6476300726734838,0.3391536433211139
calinski_harabasz,0.5981735159817352,0.8389607048684803,0.8283235925696354,0.7754517975432503,1.0,-0.9001865071708791,0.3791562158338157
davies_bouldin,-0.499163933371921,-0.733101807190173,-0.7093921586196065,-0.6476300726734838,-0.9001865071708791,1.0,-0.3786095568846871
silhouette,0.2860634124380989,0.3764229210881729,0.3463273066491313,0.3391536433211139,0.3791562158338157,-0.3786095568846871,1.0
