,abilities,v_measure,mutual_info,adjusted_rand_score,calinski_harabasz,davies_bouldin,silhouette
abilities,1.0,0.779559118236473,0.7889529058116233,0.8319973279893119,0.7538827655310621,-0.5703490313961256,0.6005344021376086
v_measure,0.779559118236473,1.0,0.9539913159652639,0.9769539078156313,0.8986723446893787,-0.8116649966599866,0.6574816299265197
mutual_info,0.7889529058116233,0.9539913159652639,1.0,0.9465597862391449,0.8403891115564462,-0.7345941883767535,0.5809953239812959
adjusted_rand_score,0.8319973279893119,0.9769539078156313,0.9465597862391449,1.0,0.865689712758851,-0.7402722110888443,0.612558450233801
calinski_harabasz,0.7538827655310621,0.8986723446893787,0.8403891115564462,0.865689712758851,1.0,-0.9033901135604543,0.6322645290581163
davies_bouldin,-0.5703490313961256,-0.8116649966599866,-0.7345941883767535,-0.7402722110888443,-0.9033901135604543,1.0,-0.6614061456245826
silhouette,0.6005344021376086,0.6574816299265197,0.5809953239812959,0.612558450233801,0.6322645290581163,-0.6614061456245826,1.0
