,abilities,v_measure,mutual_info,adjusted_rand_score,calinski_harabasz,davies_bouldin,silhouette
abilities,1.0,0.7770123580494323,0.7845691382765531,0.8141700066800267,0.7656563126252505,-0.58375083500334,0.5574899799599199
v_measure,0.7770123580494323,1.0,0.9555360721442886,0.987433199732799,0.9231379425517702,-0.8356295925183701,0.6306362725450901
mutual_info,0.7845691382765531,0.9555360721442886,1.0,0.9526970607882431,0.8718269873079493,-0.77125083500334,0.5599114896459586
adjusted_rand_score,0.8141700066800267,0.987433199732799,0.9526970607882431,1.0,0.9019288577154309,-0.792000668002672,0.5962758851035405
calinski_harabasz,0.7656563126252505,0.9231379425517702,0.8718269873079493,0.9019288577154309,1.0,-0.8892785571142284,0.6170257181028724
davies_bouldin,-0.58375083500334,-0.8356295925183701,-0.77125083500334,-0.792000668002672,-0.8892785571142284,1.0,-0.6562291249164997
silhouette,0.5574899799599199,0.6306362725450901,0.5599114896459586,0.5962758851035405,0.6170257181028724,-0.6562291249164997,1.0
