,abilities,v_measure,mutual_info,adjusted_rand_score,calinski_harabasz,davies_bouldin,silhouette
abilities,1.0,0.7776803607214429,0.7901219104876419,0.8300768203072812,0.7535905143620575,-0.5708917835671342,0.5983216432865731
v_measure,0.7776803607214429,1.0,0.9553690714762859,0.9768286573146293,0.8982130928523714,-0.8115814963259853,0.6570641282565131
mutual_info,0.7901219104876419,0.9553690714762859,1.0,0.9471025384101537,0.8410988643954576,-0.7351786907147628,0.5811623246492986
adjusted_rand_score,0.8300768203072812,0.9768286573146293,0.9471025384101537,1.0,0.865564462257849,-0.7400217100868404,0.6123914495657983
calinski_harabasz,0.7535905143620575,0.8982130928523714,0.8410988643954576,0.865564462257849,1.0,-0.9033483633934536,0.632306279225117
davies_bouldin,-0.5708917835671342,-0.8115814963259853,-0.7351786907147628,-0.7400217100868404,-0.9033483633934536,1.0,-0.6611138944555778
silhouette,0.5983216432865731,0.6570641282565131,0.5811623246492986,0.6123914495657983,0.632306279225117,-0.6611138944555778,1.0
