,abilities,v_measure,mutual_info,adjusted_rand_score,calinski_harabasz,davies_bouldin,silhouette
abilities,1.0,0.6804094661595944,0.7137831590603031,0.7325481563086964,0.6591524490982986,-0.5402839845952203,0.4611381397953337
v_measure,0.6804094661595944,1.0,0.9773165555682749,0.9803985453008462,0.8596726046335514,-0.8071554995905357,0.47428299710292965
mutual_info,0.7137831590603031,0.9773165555682749,1.0,0.9734244428202847,0.8257178834655654,-0.7595519667497336,0.42657379604272516
adjusted_rand_score,0.7325481563086964,0.9803985453008462,0.9734244428202847,1.0,0.8292401574456469,-0.7469246145311413,0.4290569991986827
calinski_harabasz,0.6591524490982986,0.8596726046335514,0.8257178834655654,0.8292401574456469,1.0,-0.8906862270281694,0.3980962109137659
davies_bouldin,-0.5402839845952203,-0.8071554995905357,-0.7595519667497336,-0.7469246145311413,-0.8906862270281694,1.0,-0.46565342585172986
silhouette,0.4611381397953337,0.47428299710292965,0.42657379604272516,0.4290569991986827,0.3980962109137659,-0.46565342585172986,1.0
