,abilities,v_measure,mutual_info,adjusted_rand_score,calinski_harabasz,davies_bouldin,silhouette
abilities,1.0,0.6686949094335303,0.7126000545952467,0.733258191488425,0.6908676241381436,-0.5267296566663437,0.41422822574253937
v_measure,0.6686949094335303,1.0,0.9706946804857216,0.9693386050033902,0.8232170689397075,-0.7520143004323592,0.5175893556880322
mutual_info,0.7126000545952467,0.9706946804857216,1.0,0.9694266618528923,0.7785722462421739,-0.686218222484436,0.45642506802391625
adjusted_rand_score,0.733258191488425,0.9693386050033902,0.9694266618528923,1.0,0.7728133282847406,-0.6716536195767988,0.4686825814746
calinski_harabasz,0.6908676241381436,0.8232170689397075,0.7785722462421739,0.7728133282847406,1.0,-0.8580699699726143,0.3888854644558527
davies_bouldin,-0.5267296566663437,-0.7520143004323592,-0.686218222484436,-0.6716536195767988,-0.8580699699726143,1.0,-0.4762554705317753
silhouette,0.41422822574253937,0.5175893556880322,0.45642506802391625,0.4686825814746,0.3888854644558527,-0.4762554705317753,1.0
