,abilities,v_measure,mutual_info,adjusted_rand_score,calinski_harabasz,davies_bouldin,silhouette
abilities,1.0,0.7013111664890853,0.7394573936933685,0.7573505455121826,0.6796139587717831,-0.5688560534681191,0.4391835368914171
v_measure,0.7013111664890853,1.0,0.9767706031013622,0.9809797205075597,0.8559213828447646,-0.8081593476748589,0.4717997939469722
mutual_info,0.7394573936933685,0.9767706031013622,1.0,0.9758195891267403,0.8232170689397075,-0.7603620897651524,0.42740153042804435
adjusted_rand_score,0.7573505455121826,0.9809797205075597,0.9758195891267403,1.0,0.8242561397638315,-0.7489499220696882,0.4267675211116297
calinski_harabasz,0.6796139587717831,0.8559213828447646,0.8232170689397075,0.8242561397638315,1.0,-0.8900522177117547,0.3954897281685056
davies_bouldin,-0.5688560534681191,-0.8081593476748589,-0.7603620897651524,-0.7489499220696882,-0.8900522177117547,1.0,-0.46646354886714864
silhouette,0.4391835368914171,0.4717997939469722,0.42740153042804435,0.4267675211116297,0.3954897281685056,-0.46646354886714864,1.0
