,abilities,v_measure,mutual_info,adjusted_rand_score,calinski_harabasz,davies_bouldin,silhouette
abilities,1.0,0.6831010100120638,0.7174431813178588,0.7356181150550796,0.6588853763990032,-0.5438302968396397,0.4588202143303717
v_measure,0.6831010100120638,1.0,0.9769643281702667,0.9803280998212446,0.8593379886054436,-0.8076838406875478,0.4741773288835272
mutual_info,0.7174431813178588,0.9769643281702667,1.0,0.9733716087105836,0.825876385794669,-0.7601507533263475,0.426697075632028
adjusted_rand_score,0.7356181150550796,0.9803280998212446,0.9733716087105836,1.0,0.8292049347058461,-0.7478051830261617,0.42910983330838387
calinski_harabasz,0.6588853763990032,0.8593379886054436,0.825876385794669,0.8292049347058461,1.0,-0.89114412264558,0.39814904502346715
davies_bouldin,-0.5438302968396397,-0.8076838406875478,-0.7601507533263475,-0.7478051830261617,-0.89114412264558,1.0,-0.46604087598953886
silhouette,0.4588202143303717,0.4741773288835272,0.426697075632028,0.42910983330838387,0.39814904502346715,-0.46604087598953886,1.0
