,abilities,v_measure,mutual_info,adjusted_rand_score,calinski_harabasz,davies_bouldin,silhouette
abilities,1.0,0.8332384253528101,0.8524981759058472,0.8346249071552364,0.7679747462243129,-0.7553973755880168,0.5359247338450112
v_measure,0.8332384253528101,1.0,0.9876618890507998,0.9987620698192622,0.8965461747957415,-0.8748452587274078,0.4776429809358752
mutual_info,0.8524981759058472,0.9876618890507998,1.0,0.9865835540628483,0.8943983072480308,-0.8572391314563235,0.45798250350353015
adjusted_rand_score,0.8346249071552364,0.9987620698192622,0.9865835540628483,1.0,0.8963604852686309,-0.8738425352810102,0.47688784352562513
calinski_harabasz,0.7679747462243129,0.8965461747957415,0.8943983072480308,0.8963604852686309,1.0,-0.8763431542461005,0.3924857638029215
davies_bouldin,-0.7553973755880168,-0.8748452587274078,-0.8572391314563235,-0.8738425352810102,-0.8763431542461005,1.0,-0.46126516464471407
silhouette,0.5359247338450112,0.4776429809358752,0.45798250350353015,0.47688784352562513,0.3924857638029215,-0.46126516464471407,1.0
