,abilities,v_measure,mutual_info,adjusted_rand_score,calinski_harabasz,davies_bouldin,silhouette
abilities,1.0,0.791558638442166,0.8198948995220895,0.7932169619266254,0.7435043840380177,-0.7128377751239102,0.5039013916304166
v_measure,0.791558638442166,1.0,0.9793991118340852,0.9984654319994555,0.8947583364787852,-0.8762197649883361,0.4756356391042578
mutual_info,0.8198948995220895,0.9793991118340852,1.0,0.978073162976735,0.8904614020284531,-0.854103140837186,0.44734044674286094
adjusted_rand_score,0.7932169619266254,0.9984654319994555,0.978073162976735,1.0,0.8947088342852193,-0.8758608740849829,0.4752519971041217
calinski_harabasz,0.7435043840380177,0.8947583364787852,0.8904614020284531,0.8947088342852193,1.0,-0.8750193367943617,0.38823951636356885
davies_bouldin,-0.7128377751239102,-0.8762197649883361,-0.854103140837186,-0.8758608740849829,-0.8750193367943617,1.0,-0.46281457097067613
silhouette,0.5039013916304166,0.4756356391042578,0.44734044674286094,0.4752519971041217,0.38823951636356885,-0.46281457097067613,1.0
