,abilities,v_measure,mutual_info,adjusted_rand_score,calinski_harabasz,davies_bouldin,silhouette
abilities,1.0,0.7924227046562864,0.8221664948798877,0.7940069807163899,0.7383840384186945,-0.7140876797782013,0.5080946604945912
v_measure,0.7924227046562864,1.0,0.9788307158111846,0.9984652325667748,0.8953387627794143,-0.8776270515137262,0.47882268485283563
mutual_info,0.8221664948798877,0.9788307158111846,1.0,0.9775480557735001,0.8904263160157959,-0.8546543527425935,0.45062883372256607
adjusted_rand_score,0.7940069807163899,0.9984652325667748,0.9775480557735001,1.0,0.8953016313092557,-0.8772062281852613,0.47864940465876177
calinski_harabasz,0.7383840384186945,0.8953387627794143,0.8904263160157959,0.8953016313092557,1.0,-0.8763522043716118,0.3915884842933881
davies_bouldin,-0.7140876797782013,-0.8776270515137262,-0.8546543527425935,-0.8772062281852613,-0.8763522043716118,1.0,-0.4618412258336015
silhouette,0.5080946604945912,0.47882268485283563,0.45062883372256607,0.47864940465876177,0.3915884842933881,-0.4618412258336015,1.0
