,abilities,v_measure,mutual_info,adjusted_rand_score,calinski_harabasz,davies_bouldin,silhouette
abilities,1.0,0.7896404284414853,0.8161424040902925,0.7892444108929577,0.7438632749413708,-0.7107215563489657,0.4714774548447178
v_measure,0.7896404284414853,1.0,0.9818237719151798,0.9981065410961023,0.8960825201566744,-0.8781379749890167,0.4492138432884307
mutual_info,0.8161424040902925,0.9818237719151798,1.0,0.9791355068622413,0.8914881554818705,-0.8559956237921515,0.4140423714254062
adjusted_rand_score,0.7892444108929577,0.9981065410961023,0.9791355068622413,1.0,0.8955008693822745,-0.8797839229250847,0.4501667605145753
calinski_harabasz,0.7438632749413708,0.8960825201566744,0.8914881554818705,0.8955008693822745,1.0,-0.8789795122796379,0.3635750484193331
davies_bouldin,-0.7107215563489657,-0.8781379749890167,-0.8559956237921515,-0.8797839229250847,-0.8789795122796379,1.0,-0.4346478228316492
silhouette,0.4714774548447178,0.4492138432884307,0.4140423714254062,0.4501667605145753,0.3635750484193331,-0.4346478228316492,1.0
