,abilities,v_measure,mutual_info,adjusted_rand_score,calinski_harabasz,davies_bouldin,silhouette
abilities,1.0,0.4811190949396117,0.41201651123681393,0.7089130102430821,0.5508332059318147,-0.09188197523314479,0.6349182082250421
v_measure,0.4811190949396117,1.0,0.8342761045711665,0.8370279773734903,0.5168934413698212,-0.23467359730927992,0.462773276257453
mutual_info,0.41201651123681393,0.8342761045711665,1.0,0.6835346277327625,0.46399633083626357,0.07323039290628344,0.2154104876930133
adjusted_rand_score,0.7089130102430821,0.8370279773734903,0.6835346277327625,1.0,0.40712429292157165,-0.10931050298119553,0.44748509402232073
calinski_harabasz,0.5508332059318147,0.5168934413698212,0.46399633083626357,0.40712429292157165,1.0,-0.5080262956734444,0.8688273964225653
davies_bouldin,-0.09188197523314479,-0.23467359730927992,0.07323039290628344,-0.10931050298119553,-0.5080262956734444,1.0,-0.6122916985170463
silhouette,0.6349182082250421,0.462773276257453,0.2154104876930133,0.44748509402232073,0.8688273964225653,-0.6122916985170463,1.0
