,abilities,v_measure,mutual_info,adjusted_rand_score,calinski_harabasz,davies_bouldin,silhouette
abilities,1.0,0.6676349182082251,0.5776316812230742,0.7838251031952301,0.5199510778168476,0.0025989909799724814,0.5578657697599756
v_measure,0.6676349182082251,1.0,0.8742450908505924,0.8376395046628956,0.46460785812566885,-0.20807216022014982,0.48845742241247514
mutual_info,0.5776316812230742,0.8742450908505924,1.0,0.7208929002029631,0.42152740739333394,0.03929363210014031,0.26328262442195177
adjusted_rand_score,0.7838251031952301,0.8376395046628956,0.7208929002029631,1.0,0.3753248738724966,-0.053967283290016814,0.4328084390765938
calinski_harabasz,0.5199510778168476,0.46460785812566885,0.42152740739333394,0.3753248738724966,1.0,-0.541966060235438,0.8712735055801866
davies_bouldin,0.0025989909799724814,-0.20807216022014982,0.03929363210014031,-0.053967283290016814,-0.541966060235438,1.0,-0.6367527900932579
silhouette,0.5578657697599756,0.48845742241247514,0.26328262442195177,0.4328084390765938,0.8712735055801866,-0.6367527900932579,1.0
