,abilities,v_measure,mutual_info,adjusted_rand_score,calinski_harabasz,davies_bouldin,silhouette
abilities,1.0,0.747238506633755,0.7977784634372107,0.7264424560320889,0.719932119716137,-0.5929959888923172,0.5134217834001852
v_measure,0.747238506633755,1.0,0.9709657513113237,0.9842024066646097,0.8410675717371182,-0.7564331996297439,0.5018204257945079
mutual_info,0.7977784634372107,0.9709657513113237,1.0,0.9569268744214748,0.7979635914841099,-0.6622338784325825,0.43782783091638383
adjusted_rand_score,0.7264424560320889,0.9842024066646097,0.9569268744214748,1.0,0.8326442456032089,-0.7384757790805307,0.485930268435668
calinski_harabasz,0.719932119716137,0.8410675717371182,0.7979635914841099,0.8326442456032089,1.0,-0.8725393397099661,0.5182659672940451
davies_bouldin,-0.5929959888923172,-0.7564331996297439,-0.6622338784325825,-0.7384757790805307,-0.8725393397099661,1.0,-0.565658747300216
silhouette,0.5134217834001852,0.5018204257945079,0.43782783091638383,0.485930268435668,0.5182659672940451,-0.565658747300216,1.0
