,abilities,v_measure,mutual_info,adjusted_rand_score,calinski_harabasz,davies_bouldin,silhouette
abilities,1.0,0.7491206417772293,0.804350509102129,0.7479790188213514,0.6838938599197778,-0.49700709657513115,0.46806541190990436
v_measure,0.7491206417772293,1.0,0.9652267818574514,0.977568651650725,0.7576673866090713,-0.7118481950015427,0.5901882135143475
mutual_info,0.804350509102129,0.9652267818574514,1.0,0.9581919160752854,0.7147793890774452,-0.6075902499228634,0.5134834927491515
adjusted_rand_score,0.7479790188213514,0.977568651650725,0.9581919160752854,1.0,0.7373341561246529,-0.6766738660907128,0.5646713977167541
calinski_harabasz,0.6838938599197778,0.7576673866090713,0.7147793890774452,0.7373341561246529,1.0,-0.8912372724467756,0.5405121875964208
davies_bouldin,-0.49700709657513115,-0.7118481950015427,-0.6075902499228634,-0.6766738660907128,-0.8912372724467756,1.0,-0.565998148719531
silhouette,0.46806541190990436,0.5901882135143475,0.5134834927491515,0.5646713977167541,0.5405121875964208,-0.565998148719531,1.0
