,abilities,v_measure,mutual_info,adjusted_rand_score,calinski_harabasz,davies_bouldin,silhouette
abilities,1.0,0.7676951558161061,0.8202161386863789,0.7677877198395557,0.6908670163529774,-0.5132675100277692,0.4778771983955569
v_measure,0.7676951558161061,1.0,0.969075663987979,0.979234804072817,0.7510336315951867,-0.7073434125269978,0.5937056464054304
mutual_info,0.8202161386863789,0.969075663987979,1.0,0.9622104459592493,0.7091693086396468,-0.6097547806011443,0.521046907196211
adjusted_rand_score,0.7677877198395557,0.979234804072817,0.9622104459592493,1.0,0.734001851280469,-0.6707189139154582,0.5655353286022833
calinski_harabasz,0.6908670163529774,0.7510336315951867,0.7091693086396468,0.734001851280469,1.0,-0.894631286639926,0.5406973156433199
davies_bouldin,-0.5132675100277692,-0.7073434125269978,-0.6097547806011443,-0.6707189139154582,-0.894631286639926,1.0,-0.5678494291885221
silhouette,0.4778771983955569,0.5937056464054304,0.521046907196211,0.5655353286022833,0.5406973156433199,-0.5678494291885221,1.0
