,abilities,v_measure,mutual_info,adjusted_rand_score,calinski_harabasz,davies_bouldin,silhouette
abilities,1.0,0.7704720765195927,0.8229930808103594,0.7706572045664918,0.6921012033323048,-0.5151187904967602,0.47849429188522064
v_measure,0.7704720765195927,1.0,0.9689522443380242,0.9788028386300525,0.7517741437827831,-0.7078987966676952,0.5957112002468374
mutual_info,0.8229930808103594,0.9689522443380242,1.0,0.962241300871738,0.7094778577645335,-0.609785635513633,0.5211857543024101
adjusted_rand_score,0.7706572045664918,0.9788028386300525,0.962241300871738,1.0,0.7341561246528849,-0.6710891700092564,0.565813020672632
calinski_harabasz,0.6921012033323048,0.7517741437827831,0.7094778577645335,0.7341561246528849,1.0,-0.894631286639926,0.5406047516198704
davies_bouldin,-0.5151187904967602,-0.7078987966676952,-0.609785635513633,-0.6710891700092564,-0.894631286639926,1.0,-0.5680345572354212
silhouette,0.47849429188522064,0.5957112002468374,0.5211857543024101,0.565813020672632,0.5406047516198704,-0.5680345572354212,1.0
