,abilities,v_measure,mutual_info,adjusted_rand_score,calinski_harabasz,davies_bouldin,silhouette
abilities,1.0,0.8924489715850301,0.8766385040760801,0.9081835335295408,0.8476525071862024,-0.8516448419035452,0.8612663685723411
v_measure,0.8924489715850301,1.0,0.9905752807041157,0.9732087608324376,0.8121774736598896,-0.8223985646665227,0.7917951808517403
mutual_info,0.8766385040760801,0.9905752807041157,1.0,0.9550346615308974,0.8159211148605888,-0.8265231976206763,0.7931396149938096
adjusted_rand_score,0.9081835335295408,0.9732087608324376,0.9550346615308974,1.0,0.7931808884770365,-0.7936999075312571,0.7817824315554985
calinski_harabasz,0.8476525071862024,0.8121774736598896,0.8159211148605888,0.7931808884770365,1.0,-0.9952890450335357,0.9854679016288725
davies_bouldin,-0.8516448419035452,-0.8223985646665227,-0.8265231976206763,-0.7936999075312571,-0.9952890450335357,1.0,-0.9794394762056851
silhouette,0.8612663685723411,0.7917951808517403,0.7931396149938096,0.7817824315554985,0.9854679016288725,-0.9794394762056851,1.0
