,abilities,v_measure,mutual_info,adjusted_rand_score,calinski_harabasz,davies_bouldin,silhouette
abilities,1.0,0.8823852385805301,0.8662134505616027,0.8847010007451305,0.805533375918237,-0.813478122005749,0.8103641009262217
v_measure,0.8823852385805301,1.0,0.9908943995122109,0.9729271068341087,0.7952846323378411,-0.806344393020502,0.7948653995321806
mutual_info,0.8662134505616027,0.9908943995122109,1.0,0.954711567923711,0.7988659188384788,-0.8100672130266414,0.7971487863960867
adjusted_rand_score,0.8847010007451305,0.9729271068341087,0.954711567923711,1.0,0.7770380235581441,-0.7783556123759341,0.7886367978480828
calinski_harabasz,0.805533375918237,0.7952846323378411,0.7988659188384788,0.7770380235581441,1.0,-0.9947301181731076,0.9435483870967742
davies_bouldin,-0.813478122005749,-0.806344393020502,-0.8100672130266414,-0.7783556123759341,-0.9947301181731076,1.0,-0.937639731715107
silhouette,0.8103641009262217,0.7948653995321806,0.7971487863960867,0.7886367978480828,0.9435483870967742,-0.937639731715107,1.0
