,abilities,v_measure,mutual_info,adjusted_rand_score,calinski_harabasz,davies_bouldin,silhouette
abilities,1.0,0.4119589141599413,0.2949376375641966,0.6764490095377843,0.4845928099779897,-0.0062362435803374906,0.6089508437270726
v_measure,0.4119589141599413,1.0,0.8030080704328687,0.8158473954512105,0.45891415994130597,-0.1078503301540719,0.4185619955979457
mutual_info,0.2949376375641966,0.8030080704328687,1.0,0.6360968451944241,0.3745414526779164,0.22780630961115186,0.10711665443873808
adjusted_rand_score,0.6764490095377843,0.8158473954512105,0.6360968451944241,1.0,0.35436537050623623,0.031914893617021274,0.4244314013206163
calinski_harabasz,0.4845928099779897,0.45891415994130597,0.3745414526779164,0.35436537050623623,1.0,-0.4112252384446075,0.8532648569332355
davies_bouldin,-0.0062362435803374906,-0.1078503301540719,0.22780630961115186,0.031914893617021274,-0.4112252384446075,1.0,-0.5561261922230374
silhouette,0.6089508437270726,0.4185619955979457,0.10711665443873808,0.4244314013206163,0.8532648569332355,-0.5561261922230374,1.0
