,abilities,v_measure,mutual_info,adjusted_rand_score,calinski_harabasz,davies_bouldin,silhouette
abilities,1.0,0.5953778429933969,0.4310740181389156,0.772560528246515,0.42002934702861333,0.09941305942773294,0.528980190755686
v_measure,0.5953778429933969,1.0,0.8560946564486465,0.8114453411592076,0.35069699192956716,-0.04181951577402788,0.3950843727072634
mutual_info,0.4310740181389156,0.8560946564486465,1.0,0.6677061387343204,0.3107401645648183,0.19003943948592195,0.1469320376720304
adjusted_rand_score,0.772560528246515,0.8114453411592076,0.6677061387343204,1.0,0.26338958180484223,0.08253851797505503,0.35399853264856934
calinski_harabasz,0.42002934702861333,0.35069699192956716,0.3107401645648183,0.26338958180484223,1.0,-0.4178283198826119,0.8488628026412326
davies_bouldin,0.09941305942773294,-0.04181951577402788,0.19003943948592195,0.08253851797505503,-0.4178283198826119,1.0,-0.5777696258253852
silhouette,0.528980190755686,0.3950843727072634,0.1469320376720304,0.35399853264856934,0.8488628026412326,-0.5777696258253852,1.0
