,abilities,v_measure,mutual_info,adjusted_rand_score,calinski_harabasz,davies_bouldin,silhouette
abilities,1.0,0.6337792642140468,0.4985366686883164,0.7719063545150502,0.4782608695652174,0.03311036789297659,0.5612040133779265
v_measure,0.6337792642140468,1.0,0.8624466958824716,0.8224080267558529,0.4214046822742475,-0.16220735785953178,0.4568561872909699
mutual_info,0.4985366686883164,0.8624466958824716,1.0,0.6947069177226657,0.3752822155439725,0.10535998029977839,0.21423195994288272
adjusted_rand_score,0.7719063545150502,0.8224080267558529,0.6947069177226657,1.0,0.3240802675585284,0.005016722408026756,0.39933110367892977
calinski_harabasz,0.4782608695652174,0.4214046822742475,0.3752822155439725,0.3240802675585284,1.0,-0.5006688963210703,0.8665551839464883
davies_bouldin,0.03311036789297659,-0.16220735785953178,0.10535998029977839,0.005016722408026756,-0.5006688963210703,1.0,-0.6093645484949832
silhouette,0.5612040133779265,0.4568561872909699,0.21423195994288272,0.39933110367892977,0.8665551839464883,-0.6093645484949832,1.0
