,abilities,v_measure,mutual_info,adjusted_rand_score,calinski_harabasz,davies_bouldin,silhouette
abilities,1.0,0.9700306979376689,0.9779540287626739,0.15117538385047868,-0.35650210824587697,0.29536903212169285,-0.5597614241335673
v_measure,0.9700306979376689,1.0,0.997117352423574,0.26927012623142743,-0.34990722971197413,0.27836660588155665,-0.5429331337245877
mutual_info,0.9779540287626739,0.997117352423574,1.0,0.22102065279331842,-0.35615031175594647,0.27229871236432845,-0.5466280190159183
adjusted_rand_score,0.15117538385047868,0.26927012623142743,0.22102065279331842,1.0,0.25417175989397,-0.1804796279916328,0.14413524826370253
calinski_harabasz,-0.35650210824587697,-0.34990722971197413,-0.35615031175594647,0.25417175989397,1.0,-0.48346459200981057,0.7797402431935275
davies_bouldin,0.29536903212169285,0.27836660588155665,0.27229871236432845,-0.1804796279916328,-0.48346459200981057,1.0,-0.5788149292477245
silhouette,-0.5597614241335673,-0.5429331337245877,-0.5466280190159183,0.14413524826370253,0.7797402431935275,-0.5788149292477245,1.0
