,abilities,v_measure,mutual_info,adjusted_rand_score,calinski_harabasz,davies_bouldin,silhouette
abilities,1.0,0.9516566133403269,0.95454148089868,-0.19296040914266374,-0.3973686511058659,0.6546900952880497,-0.7500655651717808
v_measure,0.9516566133403269,1.0,0.9982078853046595,-0.15071412180856372,-0.44619284902526446,0.6959087332808812,-0.7620858466649183
mutual_info,0.95454148089868,0.9982078853046595,1.0,-0.17530132990523342,-0.45108838185156047,0.6932861264096511,-0.7661071772008042
adjusted_rand_score,-0.19296040914266374,-0.15071412180856372,-0.17530132990523342,1.0,0.5168558971361258,-0.41417971612443316,0.42720547259164665
calinski_harabasz,-0.3973686511058659,-0.44619284902526446,-0.45108838185156047,0.5168558971361258,1.0,-0.7993705743509048,0.516435003059708
davies_bouldin,0.6546900952880497,0.6959087332808812,0.6932861264096511,-0.41417971612443316,-0.7993705743509048,1.0,-0.7560538508610892
silhouette,-0.7500655651717808,-0.7620858466649183,-0.7661071772008042,0.42720547259164665,0.516435003059708,-0.7560538508610892,1.0
