,abilities,v_measure,mutual_info,adjusted_rand_score,calinski_harabasz,davies_bouldin,silhouette
abilities,1.0,0.8236295339828619,0.8373346887937014,0.824509919004578,0.8028915756935477,-0.7411863677270415,0.6009703799350471
v_measure,0.8236295339828619,1.0,0.9688681078524912,0.9980240247290371,0.9209414250498885,-0.8755722502641156,0.5862972962397778
mutual_info,0.8373346887937014,0.9688681078524912,1.0,0.9670646690218789,0.9149707701919633,-0.8419020936581869,0.547216268216937
adjusted_rand_score,0.824509919004578,0.9980240247290371,0.9670646690218789,1.0,0.9195132449035489,-0.874457095903275,0.5858668857847165
calinski_harabasz,0.8028915756935477,0.9209414250498885,0.9149707701919633,0.9195132449035489,1.0,-0.8875063583362679,0.5180772391125719
davies_bouldin,-0.7411863677270415,-0.8755722502641156,-0.8419020936581869,-0.874457095903275,-0.8875063583362679,1.0,-0.5750088038502171
silhouette,0.6009703799350471,0.5862972962397778,0.547216268216937,0.5858668857847165,0.5180772391125719,-0.5750088038502171,1.0
