,abilities,v_measure,mutual_info,adjusted_rand_score,calinski_harabasz,davies_bouldin,silhouette
abilities,1.0,0.8212794257156549,0.8413049847074835,0.8219249088010641,0.8038709425031052,-0.7373666246124656,0.5890033154358478
v_measure,0.8212794257156549,1.0,0.964039760551694,0.998024430556778,0.9203121790922161,-0.872781151893906,0.5803186339230701
mutual_info,0.8413049847074835,0.964039760551694,1.0,0.9621305964411627,0.9117286639231349,-0.8354404241833384,0.5356331247336403
adjusted_rand_score,0.8219249088010641,0.998024430556778,0.9621305964411627,1.0,0.9188451720799226,-0.8718813875930327,0.5795949104636721
calinski_harabasz,0.8038709425031052,0.9203121790922161,0.9117286639231349,0.9188451720799226,1.0,-0.8843020469637844,0.5122886287396454
davies_bouldin,-0.7373666246124656,-0.872781151893906,-0.8354404241833384,-0.8718813875930327,-0.8843020469637844,1.0,-0.5753699302682667
silhouette,0.5890033154358478,0.5803186339230701,0.5356331247336403,0.5795949104636721,0.5122886287396454,-0.5753699302682667,1.0
