,abilities,v_measure,mutual_info,adjusted_rand_score,calinski_harabasz,davies_bouldin,silhouette
abilities,1.0,0.8322181789724928,0.8429797920715626,0.833098563994209,0.8022459600109559,-0.7272567202723325,0.5973705834018077
v_measure,0.8322181789724928,1.0,0.9697373354785251,0.9978675118362875,0.922819579762883,-0.8735767108815589,0.5846734749775012
mutual_info,0.8429797920715626,0.9697373354785251,1.0,0.9669059140807348,0.9130893129109677,-0.8387375586278143,0.543456556870012
adjusted_rand_score,0.833098563994209,0.9978675118362875,0.9669059140807348,1.0,0.9205501428180146,-0.8719920178424698,0.5838322181789725
calinski_harabasz,0.8022459600109559,0.922819579762883,0.9130893129109677,0.9205501428180146,1.0,-0.8849238956059006,0.5167860077473881
davies_bouldin,-0.7272567202723325,-0.8735767108815589,-0.8387375586278143,-0.8719920178424698,-0.8849238956059006,1.0,-0.5747935986226865
silhouette,0.5973705834018077,0.5846734749775012,0.543456556870012,0.5838322181789725,0.5167860077473881,-0.5747935986226865,1.0
