,abilities,v_measure,mutual_info,adjusted_rand_score,calinski_harabasz,davies_bouldin,silhouette
abilities,1.0,0.8866377750168752,0.8921987520316745,0.8847790571409005,0.8734506608231185,-0.7584058070259536,0.571242699640974
v_measure,0.8866377750168752,1.0,0.9684757508072172,0.9978478003541347,0.9442188982694358,-0.8782246309466744,0.5473532835718687
mutual_info,0.8921987520316745,0.9684757508072172,1.0,0.966564169421633,0.9377728128602952,-0.8417330034522512,0.5031086147228374
adjusted_rand_score,0.8847790571409005,0.9978478003541347,0.966564169421633,1.0,0.9411079915085941,-0.8762680858140696,0.546198921943632
calinski_harabasz,0.8734506608231185,0.9442188982694358,0.9377728128602952,0.9411079915085941,1.0,-0.8798681288580624,0.4991440115044854
davies_bouldin,-0.7584058070259536,-0.8782246309466744,-0.8417330034522512,-0.8762680858140696,-0.8798681288580624,1.0,-0.5649817552166385
silhouette,0.571242699640974,0.5473532835718687,0.5031086147228374,0.546198921943632,0.4991440115044854,-0.5649817552166385,1.0
