,abilities,v_measure,mutual_info,adjusted_rand_score,calinski_harabasz,davies_bouldin,silhouette
abilities,1.0,0.8697987759339708,0.8803383858919327,0.8701510281465593,0.832675306640624,-0.7617845488572033,0.6097681495579313
v_measure,0.8697987759339708,1.0,0.9761026398312336,0.9984931506849315,0.9229158512720157,-0.8683365949119374,0.5824070450097847
mutual_info,0.8803383858919327,0.9761026398312336,1.0,0.9746331958732379,0.9173346778044614,-0.8374263153686589,0.5480536148671052
adjusted_rand_score,0.8701510281465593,0.9984931506849315,0.9746331958732379,1.0,0.9211350293542074,-0.8661252446183954,0.5809001956947163
calinski_harabasz,0.832675306640624,0.9229158512720157,0.9173346778044614,0.9211350293542074,1.0,-0.8803131115459882,0.5149902152641879
davies_bouldin,-0.7617845488572033,-0.8683365949119374,-0.8374263153686589,-0.8661252446183954,-0.8803131115459882,1.0,-0.5737181996086106
silhouette,0.6097681495579313,0.5824070450097847,0.5480536148671052,0.5809001956947163,0.5149902152641879,-0.5737181996086106,1.0
