,abilities,v_measure,mutual_info,adjusted_rand_score,calinski_harabasz,davies_bouldin,silhouette
abilities,1.0,0.7446007879713757,0.8477582659014623,0.7579802203103643,0.7636085872798907,-0.7211546192811771,0.6380799228109673
v_measure,0.7446007879713757,1.0,0.9047343369238816,0.9869743507276675,0.9167966551419152,-0.8671062153252392,0.6143442952480501
mutual_info,0.8477582659014623,0.9047343369238816,1.0,0.9063907115542258,0.8676830053868638,-0.8202431494692412,0.5132027531861328
adjusted_rand_score,0.7579802203103643,0.9869743507276675,0.9063907115542258,1.0,0.9172469244994773,-0.8595802846345582,0.6118999758784273
calinski_harabasz,0.7636085872798907,0.9167966551419152,0.8676830053868638,0.9172469244994773,1.0,-0.9324917584626518,0.5788373401945807
davies_bouldin,-0.7211546192811771,-0.8671062153252392,-0.8202431494692412,-0.8595802846345582,-0.9324917584626518,1.0,-0.5727587038674922
silhouette,0.6380799228109673,0.6143442952480501,0.5132027531861328,0.6118999758784273,0.5788373401945807,-0.5727587038674922,1.0
