,abilities,v_measure,mutual_info,adjusted_rand_score,calinski_harabasz,davies_bouldin,silhouette
abilities,1.0,0.43112818785792545,0.4051521969308373,0.44885429325452214,0.4080904602643733,-0.41304347826086957,0.6626055104315974
v_measure,0.43112818785792545,1.0,0.9944415687835955,0.9565677881743978,0.7307359998262777,-0.7259421474234244,0.4965141049340508
mutual_info,0.4051521969308373,0.9944415687835955,1.0,0.9506748954807884,0.7248910037071843,-0.7224542614559001,0.48777050038532527
adjusted_rand_score,0.44885429325452214,0.9565677881743978,0.9506748954807884,1.0,0.7038203501225505,-0.6980390596832292,0.5269494934451885
calinski_harabasz,0.4080904602643733,0.7307359998262777,0.7248910037071843,0.7038203501225505,1.0,-0.9955088389870999,0.45687211339385253
davies_bouldin,-0.41304347826086957,-0.7259421474234244,-0.7224542614559001,-0.6980390596832292,-0.9955088389870999,1.0,-0.45695174390826565
silhouette,0.6626055104315974,0.4965141049340508,0.48777050038532527,0.5269494934451885,0.45687211339385253,-0.45695174390826565,1.0
