,abilities,v_measure,mutual_info,adjusted_rand_score,calinski_harabasz,davies_bouldin,silhouette
abilities,1.0,0.4296072147533657,0.4036471502462206,0.4502000757397085,0.40713489409141584,-0.4110527154005415,0.6633540372670808
v_measure,0.4296072147533657,1.0,0.9943619350985466,0.9565837149114075,0.7306882205664486,-0.7258147360638803,0.49638669357450654
mutual_info,0.4036471502462206,0.9943619350985466,1.0,0.9506111885327494,0.7249228565470703,-0.7223268500963558,0.48762716260583794
adjusted_rand_score,0.4502000757397085,0.9565837149114075,0.9506111885327494,1.0,0.7038203501225505,-0.6979912804234002,0.5270609783847897
calinski_harabasz,0.40713489409141584,0.7306882205664486,0.7249228565470703,0.7038203501225505,1.0,-0.9955406911928651,0.456935817805383
davies_bouldin,-0.4110527154005415,-0.7258147360638803,-0.7223268500963558,-0.6979912804234002,-0.9955406911928651,1.0,-0.45699952221691353
silhouette,0.6633540372670808,0.49638669357450654,0.48762716260583794,0.5270609783847897,0.456935817805383,-0.45699952221691353,1.0
