,abilities,v_measure,mutual_info,adjusted_rand_score,calinski_harabasz,davies_bouldin,silhouette
abilities,1.0,0.42984384088524097,0.40377218763332995,0.44473510282203804,0.4046838855099982,-0.40847431308777776,0.6587221640526971
v_measure,0.42984384088524097,1.0,0.9945052757316345,0.9564722277523392,0.7306404413066194,-0.7258147360638803,0.4964185464143926
mutual_info,0.40377218763332995,0.9945052757316345,1.0,0.9505156281106908,0.7248591508672982,-0.7225816728154444,0.48772272112549614
adjusted_rand_score,0.44473510282203804,0.9564722277523392,0.9505156281106908,1.0,0.7037407180228353,-0.6979435011635711,0.5269017141853594
calinski_harabasz,0.4046838855099982,0.7306404413066194,0.7248591508672982,0.7037407180228353,1.0,-0.995333651855391,0.45690396559961777
davies_bouldin,-0.40847431308777776,-0.7258147360638803,-0.7225816728154444,-0.6979435011635711,-0.995333651855391,1.0,-0.456808408982322
silhouette,0.6587221640526971,0.4964185464143926,0.48772272112549614,0.5269017141853594,0.45690396559961777,-0.456808408982322,1.0
