,abilities,v_measure,mutual_info,adjusted_rand_score,calinski_harabasz,davies_bouldin,silhouette
abilities,1.0,0.1349461680960994,0.10523046555387523,0.07977639041583405,0.1963783753653079,-0.25194499080260235,0.48217456740378567
v_measure,0.1349461680960994,1.0,0.9985028156918874,0.9346515572615133,0.7260623051062174,-0.7090447221237222,0.43241542982333847
mutual_info,0.10523046555387523,0.9985028156918874,1.0,0.9355732709474899,0.7222629259780738,-0.7047988416009248,0.4190504259051361
adjusted_rand_score,0.07977639041583405,0.9346515572615133,0.9355732709474899,1.0,0.6501242277449284,-0.6171641079674142,0.41386092895800675
calinski_harabasz,0.1963783753653079,0.7260623051062174,0.7222629259780738,0.6501242277449284,1.0,-0.9895364670844647,0.44750316533815365
davies_bouldin,-0.25194499080260235,-0.7090447221237222,-0.7047988416009248,-0.6171641079674142,-0.9895364670844647,1.0,-0.4578711408754648
silhouette,0.48217456740378567,0.43241542982333847,0.4190504259051361,0.41386092895800675,0.44750316533815365,-0.4578711408754648,1.0
