,abilities,v_measure,mutual_info,adjusted_rand_score,calinski_harabasz,davies_bouldin,silhouette
abilities,1.0,0.6983103455813242,0.8174823493409692,0.7185512251633915,0.7763011213359855,-0.7296552930118692,0.7126057400161753
v_measure,0.6983103455813242,1.0,0.865133664123806,0.9792782355898489,0.9012874598351877,-0.8396030514328182,0.7109007847166058
mutual_info,0.8174823493409692,0.865133664123806,1.0,0.8693304771688999,0.8303350892915692,-0.7839515617827713,0.5694332116548996
adjusted_rand_score,0.7185512251633915,0.9792782355898489,0.8693304771688999,1.0,0.8987518852871101,-0.8256573914183917,0.7104636166910752
calinski_harabasz,0.7763011213359855,0.9012874598351877,0.8303350892915692,0.8987518852871101,1.0,-0.9290476294563815,0.7189009595838161
davies_bouldin,-0.7296552930118692,-0.8396030514328182,-0.7839515617827713,-0.8256573914183917,-0.9290476294563815,1.0,-0.6486480578810466
silhouette,0.7126057400161753,0.7109007847166058,0.5694332116548996,0.7104636166910752,0.7189009595838161,-0.6486480578810466,1.0
