,abilities,v_measure,mutual_info,adjusted_rand_score,calinski_harabasz,davies_bouldin,silhouette
abilities,1.0,0.6821351286366916,0.8151086921369476,0.6990098144221731,0.7733283787623774,-0.7332400708212201,0.6932391964851691
v_measure,0.6821351286366916,1.0,0.8667825175113575,0.9809394740868653,0.8926752497322346,-0.8474283590898162,0.709589280640014
mutual_info,0.8151086921369476,0.8667825175113575,1.0,0.867984742720999,0.8241581691695219,-0.7878728264785235,0.5716034405841025
adjusted_rand_score,0.6990098144221731,0.9809394740868653,0.867984742720999,1.0,0.8955168418981836,-0.8301165052788039,0.7105947670987344
calinski_harabasz,0.7733283787623774,0.8926752497322346,0.8241581691695219,0.8955168418981836,1.0,-0.944348510349953,0.7202124636604079
davies_bouldin,-0.7332400708212201,-0.8474283590898162,-0.7878728264785235,-0.8301165052788039,-0.944348510349953,1.0,-0.6540689413976262
silhouette,0.6932391964851691,0.709589280640014,0.5716034405841025,0.7105947670987344,0.7202124636604079,-0.6540689413976262,1.0
