,abilities,v_measure,mutual_info,adjusted_rand_score,calinski_harabasz,davies_bouldin,silhouette
abilities,1.0,0.7388738305499694,0.8622080382368806,0.7449505989332867,0.9115490125903725,-0.8222435953484305,0.7003147678587042
v_measure,0.7388738305499694,1.0,0.8406107575589901,0.9955845064265104,0.7423631376335483,-0.7471802045991082,0.7507650607676838
mutual_info,0.8622080382368806,0.8406107575589901,1.0,0.8319543576111715,0.8348307000786439,-0.8083022749254655,0.6857573807146815
adjusted_rand_score,0.7449505989332867,0.9955845064265104,0.8319543576111715,1.0,0.7520683738713816,-0.7560549095042406,0.7554865786482469
calinski_harabasz,0.9115490125903725,0.7423631376335483,0.8348307000786439,0.7520683738713816,1.0,-0.8835699531659881,0.7445927189314289
davies_bouldin,-0.8222435953484305,-0.7471802045991082,-0.8083022749254655,-0.7560549095042406,-0.8835699531659881,1.0,-0.7240097927778264
silhouette,0.7003147678587042,0.7507650607676838,0.6857573807146815,0.7554865786482469,0.7445927189314289,-0.7240097927778264,1.0
