,abilities,v_measure,mutual_info,adjusted_rand_score,calinski_harabasz,davies_bouldin,silhouette
abilities,1.0,0.15407745595333966,0.12037343165287272,0.09998425694897928,0.21925212263625757,-0.28582373468763905,0.5170519245473021
v_measure,0.15407745595333966,1.0,0.9981789844482768,0.9417913894078381,0.7521646501980854,-0.7298870180565673,0.4429552743166545
mutual_info,0.12037343165287272,0.9981789844482768,1.0,0.942278526301094,0.7474640408422614,-0.7246717541204913,0.42846797338317844
adjusted_rand_score,0.09998425694897928,0.9417913894078381,0.942278526301094,1.0,0.6847220330636595,-0.646428178076327,0.417850452230043
calinski_harabasz,0.21925212263625757,0.7521646501980854,0.7474640408422614,0.6847220330636595,1.0,-0.986141357121576,0.4476011061787948
davies_bouldin,-0.28582373468763905,-0.7298870180565673,-0.7246717541204913,-0.646428178076327,-0.986141357121576,1.0,-0.4610371209974497
silhouette,0.5170519245473021,0.4429552743166545,0.42846797338317844,0.417850452230043,0.4476011061787948,-0.4610371209974497,1.0
