,abilities,v_measure,mutual_info,adjusted_rand_score,calinski_harabasz,davies_bouldin,silhouette
abilities,1.0,0.4700258182014021,0.43812052653382894,0.4891060222315494,0.43810083539733846,-0.44269761974728183,0.7030561269468116
v_measure,0.4700258182014021,1.0,0.9922544080604534,0.9599706129303107,0.7582649400297666,-0.7519048720197176,0.5203396235482263
mutual_info,0.43812052653382894,0.9922544080604534,1.0,0.9517422334172964,0.750519510670994,-0.7472030395634436,0.5093197037288343
adjusted_rand_score,0.4891060222315494,0.9599706129303107,0.9517422334172964,1.0,0.732320900226398,-0.7249113160430735,0.5386221952866843
calinski_harabasz,0.43810083539733846,0.7582649400297666,0.750519510670994,0.732320900226398,1.0,-0.994122832794593,0.45980437429159143
davies_bouldin,-0.44269761974728183,-0.7519048720197176,-0.7472030395634436,-0.7249113160430735,-0.994122832794593,1.0,-0.4599093237059737
silhouette,0.7030561269468116,0.5203396235482263,0.5093197037288343,0.5386221952866843,0.45980437429159143,-0.4599093237059737,1.0
