,abilities,v_measure,mutual_info,adjusted_rand_score,calinski_harabasz,davies_bouldin,silhouette
abilities,1.0,0.47121177147720333,0.4393064798096302,0.48735333022217947,0.4391503295411612,-0.4437471138911045,0.7016078250283363
v_measure,0.47121177147720333,1.0,0.9922544080604534,0.9599706129303107,0.7582649400297666,-0.7519048720197176,0.5203396235482263
mutual_info,0.4393064798096302,0.9922544080604534,1.0,0.9517422334172964,0.750519510670994,-0.7472030395634436,0.5093197037288343
adjusted_rand_score,0.48735333022217947,0.9599706129303107,0.9517422334172964,1.0,0.732320900226398,-0.7249113160430735,0.5386221952866843
calinski_harabasz,0.4391503295411612,0.7582649400297666,0.750519510670994,0.732320900226398,1.0,-0.994122832794593,0.45980437429159143
davies_bouldin,-0.4437471138911045,-0.7519048720197176,-0.7472030395634436,-0.7249113160430735,-0.994122832794593,1.0,-0.4599093237059737
silhouette,0.7016078250283363,0.5203396235482263,0.5093197037288343,0.5386221952866843,0.45980437429159143,-0.4599093237059737,1.0
