,abilities,v_measure,mutual_info,adjusted_rand_score,calinski_harabasz,davies_bouldin,silhouette
abilities,1.0,0.4646418002324991,0.43405889894325306,0.4808043493009408,0.4310062549850972,-0.4354561101549053,0.7043574996851517
v_measure,0.4646418002324991,1.0,0.9924013434089001,0.9600125944584383,0.7582019690593701,-0.7517789300789245,0.5203396235482263
mutual_info,0.43405889894325306,0.9924013434089001,1.0,0.9519731318219983,0.7504145590536664,-0.7470980879461161,0.5089418779064551
adjusted_rand_score,0.4808043493009408,0.9600125944584383,0.9519731318219983,1.0,0.7323838711967945,-0.7248273547492114,0.5388111081978739
calinski_harabasz,0.4310062549850972,0.7582019690593701,0.7504145590536664,0.7323838711967945,1.0,-0.9940598631459636,0.45986734394022083
davies_bouldin,-0.4354561101549053,-0.7517789300789245,-0.7470980879461161,-0.7248273547492114,-0.9940598631459636,1.0,-0.4596574451114563
silhouette,0.7043574996851517,0.5203396235482263,0.5089418779064551,0.5388111081978739,0.45986734394022083,-0.4596574451114563,1.0
