,abilities,v_measure,mutual_info,adjusted_rand_score,calinski_harabasz,davies_bouldin,silhouette
abilities,1.0,0.744868810833686,0.8870549660616482,0.7496826068556919,0.920016927634363,-0.8356432501057978,0.7442869234024545
v_measure,0.744868810833686,1.0,0.8059302767453591,0.9942869234024545,0.7679327126534067,-0.748518831993229,0.7482014388489209
mutual_info,0.8870549660616482,0.8059302767453591,1.0,0.794159658308532,0.8826376777943447,-0.8193937481708534,0.6699994719209671
adjusted_rand_score,0.7496826068556919,0.9942869234024545,0.794159658308532,1.0,0.7742805755395683,-0.7576703343207787,0.7598391874735506
calinski_harabasz,0.920016927634363,0.7679327126534067,0.8826376777943447,0.7742805755395683,1.0,-0.8772746508675413,0.7598920863309353
davies_bouldin,-0.8356432501057978,-0.748518831993229,-0.8193937481708534,-0.7576703343207787,-0.8772746508675413,1.0,-0.7325433770630554
silhouette,0.7442869234024545,0.7482014388489209,0.6699994719209671,0.7598391874735506,0.7598920863309353,-0.7325433770630554,1.0
