,abilities,v_measure,mutual_info,adjusted_rand_score,calinski_harabasz,davies_bouldin,silhouette
abilities,1.0,0.7002301039435055,0.8132190748234547,0.7327091433256632,0.7910550398053373,-0.7340315797825915,0.7364119654050623
v_measure,0.7002301039435055,1.0,0.8384511624216456,0.9764077336084002,0.887487106244545,-0.8331085191356555,0.7532862545954667
mutual_info,0.8132190748234547,0.8384511624216456,1.0,0.8470734481208178,0.8051257637070539,-0.7665106191647492,0.5868708508556164
adjusted_rand_score,0.7327091433256632,0.9764077336084002,0.8470734481208178,1.0,0.887487106244545,-0.8162871274035283,0.7514877410140443
calinski_harabasz,0.7910550398053373,0.887487106244545,0.8051257637070539,0.887487106244545,1.0,-0.9267370202861752,0.7570948715914201
davies_bouldin,-0.7340315797825915,-0.8331085191356555,-0.7665106191647492,-0.8162871274035283,-0.9267370202861752,1.0,-0.6762146578856886
silhouette,0.7364119654050623,0.7532862545954667,0.5868708508556164,0.7514877410140443,0.7570948715914201,-0.6762146578856886,1.0
