,abilities,v_measure,mutual_info,adjusted_rand_score,calinski_harabasz,davies_bouldin,silhouette
abilities,1.0,0.6734639900552778,0.8249312317739494,0.6920838953688275,0.7732814938242217,-0.7258324737496363,0.7149884948028247
v_measure,0.6734639900552778,1.0,0.8375476092646088,0.9757200666507975,0.8854241053717369,-0.8413605226268878,0.753021767304081
mutual_info,0.8249312317739494,0.8375476092646088,1.0,0.8367276769748594,0.8017086333739518,-0.7685939486395588,0.5860399917411715
adjusted_rand_score,0.6920838953688275,0.9757200666507975,0.8367276769748594,1.0,0.8889153376180274,-0.8218413605226269,0.7525456901795868
calinski_harabasz,0.7732814938242217,0.8854241053717369,0.8017086333739518,0.8889153376180274,1.0,-0.9468909518897617,0.7611150784204819
davies_bouldin,-0.7258324737496363,-0.8413605226268878,-0.7685939486395588,-0.8218413605226269,-0.9468909518897617,1.0,-0.6841492766272581
silhouette,0.7149884948028247,0.753021767304081,0.5860399917411715,0.7525456901795868,0.7611150784204819,-0.6841492766272581,1.0
