,abilities,v_measure,mutual_info,adjusted_rand_score,calinski_harabasz,davies_bouldin,silhouette
abilities,1.0,0.6701314501838187,0.8211910020951629,0.6873760215821629,0.7735459811156074,-0.724880319500648,0.7129783913882938
v_measure,0.6701314501838187,1.0,0.8414774456215411,0.9771482980242799,0.8836784892485916,-0.8433706260414187,0.7533391520537438
mutual_info,0.8211910020951629,0.8414774456215411,1.0,0.8429056958828507,0.800745864095306,-0.7692450111097565,0.588597802133012
adjusted_rand_score,0.6873760215821629,0.9771482980242799,0.8429056958828507,1.0,0.8855827977465682,-0.8223703351053981,0.7514348435557672
calinski_harabasz,0.7735459811156074,0.8836784892485916,0.800745864095306,0.8855827977465682,1.0,-0.9452511306831707,0.7600571292549393
davies_bouldin,-0.724880319500648,-0.8433706260414187,-0.7692450111097565,-0.8223703351053981,-0.9452511306831707,1.0,-0.6836731995027638
silhouette,0.7129783913882938,0.7533391520537438,0.588597802133012,0.7514348435557672,0.7600571292549393,-0.6836731995027638,1.0
