,abilities,v_measure,mutual_info,adjusted_rand_score,calinski_harabasz,davies_bouldin,silhouette
abilities,1.0,0.8469462814612599,0.8409147856374523,0.8507737775094963,0.8873783799916433,-0.8895123261505402,0.9092550587954397
v_measure,0.8469462814612599,1.0,0.9967309791249166,0.9899889952305089,0.8305219500589777,-0.8352753799105241,0.779928144103742
mutual_info,0.8409147856374523,0.9967309791249166,1.0,0.983197079906779,0.8317282526101127,-0.836467040971088,0.7804448610878727
adjusted_rand_score,0.8507737775094963,0.9899889952305089,0.983197079906779,1.0,0.8231730074360207,-0.8241057179683766,0.7765673275552613
calinski_harabasz,0.8873783799916433,0.8305219500589777,0.8317282526101127,0.8231730074360207,1.0,-0.9980152808452217,0.9646182773234645
davies_bouldin,-0.8895123261505402,-0.8352753799105241,-0.836467040971088,-0.8241057179683766,-0.9980152808452217,1.0,-0.9623052587596251
silhouette,0.9092550587954397,0.779928144103742,0.7804448610878727,0.7765673275552613,0.9646182773234645,-0.9623052587596251,1.0
