,abilities,v_measure,mutual_info,adjusted_rand_score,calinski_harabasz,davies_bouldin,silhouette
abilities,1.0,0.8206404394584766,0.8124480091473544,0.8343704308954561,0.8955339689929421,-0.8931315934762821,0.9282868525896414
v_measure,0.8206404394584766,1.0,0.9944849930056456,0.9853931560996465,0.8419360070039117,-0.8421971649801171,0.7898387215791649
mutual_info,0.8124480091473544,0.9944849930056456,1.0,0.975236466354829,0.8416390984463418,-0.8423181345215482,0.7857939777117758
adjusted_rand_score,0.8343704308954561,0.9853931560996465,0.975236466354829,1.0,0.8280210113648153,-0.8261035015888168,0.7848807719686164
calinski_harabasz,0.8955339689929421,0.8419360070039117,0.8416390984463418,0.8280210113648153,1.0,-0.99849291970694,0.9630839936135608
davies_bouldin,-0.8931315934762821,-0.8421971649801171,-0.8423181345215482,-0.8261035015888168,-0.99849291970694,1.0,-0.9599206171568408
silhouette,0.9282868525896414,0.7898387215791649,0.7857939777117758,0.7848807719686164,0.9630839936135608,-0.9599206171568408,1.0
