,abilities,v_measure,mutual_info,adjusted_rand_score,calinski_harabasz,davies_bouldin,silhouette
abilities,1.0,0.8236448509911237,0.8178019281023319,0.8230207030587874,0.7855906404823016,-0.7900077598042141,0.8154658867068585
v_measure,0.8236448509911237,1.0,0.9966977755209743,0.9898217311621602,0.7443561065705508,-0.7495271116414578,0.7478332903556051
mutual_info,0.8178019281023319,0.9966977755209743,1.0,0.9829368885233755,0.7457092167055454,-0.7508357763504675,0.7485971040164403
adjusted_rand_score,0.8230207030587874,0.9898217311621602,0.9829368885233755,1.0,0.7357043996390782,-0.7370400361381491,0.7454940928613187
calinski_harabasz,0.7855906404823016,0.7443561065705508,0.7457092167055454,0.7357043996390782,1.0,-0.9979555900435743,0.9407270339640661
davies_bouldin,-0.7900077598042141,-0.7495271116414578,-0.7508357763504675,-0.7370400361381491,-0.9979555900435743,1.0,-0.9386677013072285
silhouette,0.8154658867068585,0.7478332903556051,0.7485971040164403,0.7454940928613187,0.9407270339640661,-0.9386677013072285,1.0
