,abilities,v_measure,mutual_info,adjusted_rand_score,calinski_harabasz,davies_bouldin,silhouette
abilities,1.0,0.8844205833616331,0.8749452214176852,0.8870206814839577,0.8429997565132701,-0.8467007548088629,0.8433406379352325
v_measure,0.8844205833616331,1.0,0.9946175090187611,0.9836536647022303,0.8184795599797055,-0.8249080792458904,0.7920227941361071
mutual_info,0.8749452214176852,0.9946175090187611,1.0,0.9727893306991708,0.8209293419647827,-0.8275169413299812,0.7934465106020233
adjusted_rand_score,0.8870206814839577,0.9836536647022303,0.9727893306991708,1.0,0.8079187204984211,-0.8084787774793869,0.7878053697906934
calinski_harabasz,0.8429997565132701,0.8184795599797055,0.8209293419647827,0.8079187204984211,1.0,-0.9971025079133187,0.9788653518383248
davies_bouldin,-0.8467007548088629,-0.8249080792458904,-0.8275169413299812,-0.8084787774793869,-0.9971025079133187,1.0,-0.9750669588507427
silhouette,0.8433406379352325,0.7920227941361071,0.7934465106020233,0.7878053697906934,0.9788653518383248,-0.9750669588507427,1.0
