,abilities,v_measure,mutual_info,adjusted_rand_score,calinski_harabasz,davies_bouldin,silhouette
abilities,1.0,0.8887739003807716,0.8793258998470792,0.8981676518838753,0.8825351992810163,-0.8851283487402162,0.8968766549755582
v_measure,0.8887739003807716,1.0,0.9941300450284279,0.9834522581117612,0.829740479552477,-0.8361449213069871,0.8001290682464529
mutual_info,0.8793258998470792,0.9941300450284279,1.0,0.9722716213311863,0.8317574544234375,-0.838442589586944,0.8010228803748216
adjusted_rand_score,0.8981676518838753,0.9834522581117612,0.9722716213311863,1.0,0.8178680363645459,-0.8182576364771406,0.7946137796440462
calinski_harabasz,0.8825351992810163,0.829740479552477,0.8317574544234375,0.8178680363645459,1.0,-0.9971268565863161,0.9783540297053811
davies_bouldin,-0.8851283487402162,-0.8361449213069871,-0.838442589586944,-0.8182576364771406,-0.9971268565863161,1.0,-0.9746043340637935
silhouette,0.8968766549755582,0.8001290682464529,0.8010228803748216,0.7946137796440462,0.9783540297053811,-0.9746043340637935,1.0
