,abilities,v_measure,mutual_info,adjusted_rand_score,calinski_harabasz,davies_bouldin,silhouette
abilities,1.0,0.8883842741760701,0.8781569073474209,0.8966214170247944,0.8821090949097863,-0.8855422787008396,0.8980453983937892
v_measure,0.8883842741760701,1.0,0.9944466818596653,0.9835496694067813,0.8297648310420378,-0.8365101936504002,0.7999342563299658
mutual_info,0.8781569073474209,0.9944466818596653,1.0,0.9723446869206451,0.8319522853207346,-0.8387835436572139,0.8013273036518483
adjusted_rand_score,0.8966214170247944,0.9835496694067813,0.9723446869206451,1.0,0.8179654363926945,-0.8188420366460327,0.7953199298481242
calinski_harabasz,0.8821090949097863,0.8297648310420378,0.8319522853207346,0.8179654363926945,1.0,-0.9967859751643535,0.977891404918432
davies_bouldin,-0.8855422787008396,-0.8365101936504002,-0.8387835436572139,-0.8188420366460327,-0.9967859751643535,1.0,-0.9742878013148284
silhouette,0.8980453983937892,0.7999342563299658,0.8013273036518483,0.7953199298481242,0.977891404918432,-0.9742878013148284,1.0
