,abilities,v_measure,mutual_info,adjusted_rand_score,calinski_harabasz,davies_bouldin,silhouette
abilities,1.0,0.9405763977925191,0.9086085774549497,0.9415240537376666,0.9165505323596633,-0.7850493338536151,0.7398405708233458
v_measure,0.9405763977925191,1.0,0.8987138118266419,0.9948157645353699,0.9203969006076147,-0.8473159038965382,0.7751825631306093
mutual_info,0.9086085774549497,0.8987138118266419,1.0,0.8934160477933553,0.8960228840637027,-0.7432847030193707,0.6327043902610866
adjusted_rand_score,0.9415240537376666,0.9948157645353699,0.8934160477933553,1.0,0.9147667094040917,-0.8478176041027928,0.771614917219466
calinski_harabasz,0.9165505323596633,0.9203969006076147,0.8960228840637027,0.9147667094040917,1.0,-0.8198338814872624,0.7213891521266514
davies_bouldin,-0.7850493338536151,-0.8473159038965382,-0.7432847030193707,-0.8478176041027928,-0.8198338814872624,1.0,-0.7880037906237806
silhouette,0.7398405708233458,0.7751825631306093,0.6327043902610866,0.771614917219466,0.7213891521266514,-0.7880037906237806,1.0
