,abilities,v_measure,mutual_info,adjusted_rand_score,calinski_harabasz,davies_bouldin,silhouette
abilities,1.0,0.9454951185495118,0.9240186454171812,0.9466666666666667,0.9140306834030684,-0.7700976290097629,0.7684239888423989
v_measure,0.9454951185495118,1.0,0.931575363098921,0.9961506276150628,0.9254114365411437,-0.8302370990237099,0.7926917712691771
mutual_info,0.9240186454171812,0.931575363098921,1.0,0.9275451136686598,0.9088212465239045,-0.7411740653623442,0.692587169453084
adjusted_rand_score,0.9466666666666667,0.9961506276150628,0.9275451136686598,1.0,0.9189958158995816,-0.8283403068340307,0.7866108786610879
calinski_harabasz,0.9140306834030684,0.9254114365411437,0.9088212465239045,0.9189958158995816,1.0,-0.8136680613668061,0.7465550906555091
davies_bouldin,-0.7700976290097629,-0.8302370990237099,-0.7411740653623442,-0.8283403068340307,-0.8136680613668061,1.0,-0.8056345885634588
silhouette,0.7684239888423989,0.7926917712691771,0.692587169453084,0.7866108786610879,0.7465550906555091,-0.8056345885634588,1.0
