,abilities,v_measure,mutual_info,adjusted_rand_score,calinski_harabasz,davies_bouldin,silhouette
abilities,1.0,0.9400072481949207,0.9167785354679698,0.9392824287028518,0.9313651696356389,-0.7725739455270274,0.7488221683253882
v_measure,0.9400072481949207,1.0,0.9057144498734129,0.9910791447129994,0.9541133506174905,-0.8557051657327647,0.7535613726966073
mutual_info,0.9167785354679698,0.9057144498734129,1.0,0.9024652500532392,0.9354614344339685,-0.7505651584601197,0.6263112756817539
adjusted_rand_score,0.9392824287028518,0.9910791447129994,0.9024652500532392,1.0,0.9407878230325333,-0.8399264029438822,0.7407376432215439
calinski_harabasz,0.9313651696356389,0.9541133506174905,0.9354614344339685,0.9407878230325333,1.0,-0.8349084218449444,0.7266315407989741
davies_bouldin,-0.7725739455270274,-0.8557051657327647,-0.7505651584601197,-0.8399264029438822,-0.8349084218449444,1.0,-0.7886314850436286
silhouette,0.7488221683253882,0.7535613726966073,0.6263112756817539,0.7407376432215439,0.7266315407989741,-0.7886314850436286,1.0
