,abilities,v_measure,mutual_info,adjusted_rand_score,calinski_harabasz,davies_bouldin,silhouette
abilities,1.0,0.9417914192523208,0.909978456154375,0.9417356639067771,0.9140810125170751,-0.7686153159934209,0.7554570544450949
v_measure,0.9417914192523208,1.0,0.8984540763457065,0.9941456887179059,0.9212734520922193,-0.8409857545092135,0.7885199743525411
mutual_info,0.909978456154375,0.8984540763457065,1.0,0.8900625376500741,0.8960485019196253,-0.7283296151895862,0.6504561360941177
adjusted_rand_score,0.9417356639067771,0.9941456887179059,0.8900625376500741,1.0,0.9113490005854311,-0.8397033815617072,0.7825541523793593
calinski_harabasz,0.9140810125170751,0.9212734520922193,0.8960485019196253,0.9113490005854311,1.0,-0.8085361434027487,0.7273006049454992
davies_bouldin,-0.7686153159934209,-0.8409857545092135,-0.7283296151895862,-0.8397033815617072,-0.8085361434027487,1.0,-0.8108778679155864
silhouette,0.7554570544450949,0.7885199743525411,0.6504561360941177,0.7825541523793593,0.7273006049454992,-0.8108778679155864,1.0
