,abilities,v_measure,mutual_info,adjusted_rand_score,calinski_harabasz,davies_bouldin,silhouette
abilities,1.0,0.9041193774014288,0.8833787984409502,0.9264530810935474,0.8096825396825397,-0.8164550264550264,0.8248148148148148
v_measure,0.9041193774014288,1.0,0.9880908494360069,0.9643348515988044,0.7977088153814555,-0.8123660633573544,0.7787655129432902
mutual_info,0.8833787984409502,0.9880908494360069,1.0,0.9404043941017308,0.8017677441484605,-0.8167456484057722,0.7808092632795722
adjusted_rand_score,0.9264530810935474,0.9643348515988044,0.9404043941017308,1.0,0.7730098682564425,-0.7749146805537307,0.7699939154524029
calinski_harabasz,0.8096825396825397,0.7977088153814555,0.8017677441484605,0.7730098682564425,1.0,-0.993015873015873,0.9843915343915344
davies_bouldin,-0.8164550264550264,-0.8123660633573544,-0.8167456484057722,-0.7749146805537307,-0.993015873015873,1.0,-0.9762962962962963
silhouette,0.8248148148148148,0.7787655129432902,0.7808092632795722,0.7699939154524029,0.9843915343915344,-0.9762962962962963,1.0
