,abilities,v_measure,mutual_info,adjusted_rand_score,calinski_harabasz,davies_bouldin,silhouette
abilities,1.0,0.9041193774014288,0.8833787984409502,0.9265589039989522,0.8096825396825397,-0.8164550264550264,0.8248677248677249
v_measure,0.9041193774014288,1.0,0.9880908494360069,0.9640702733361839,0.7977088153814555,-0.8123660633573544,0.7788713414485313
mutual_info,0.8833787984409502,0.9880908494360069,1.0,0.9403514672447912,0.8017677441484605,-0.8167456484057722,0.7810738905632703
adjusted_rand_score,0.9265589039989522,0.9640702733361839,0.9403514672447912,1.0,0.7726923995402278,-0.7744384774794086,0.769888092546998
calinski_harabasz,0.8096825396825397,0.7977088153814555,0.8017677441484605,0.7726923995402278,1.0,-0.993015873015873,0.9842857142857143
davies_bouldin,-0.8164550264550264,-0.8123660633573544,-0.8167456484057722,-0.7744384774794086,-0.993015873015873,1.0,-0.9764550264550265
silhouette,0.8248677248677249,0.7788713414485313,0.7810738905632703,0.769888092546998,0.9842857142857143,-0.9764550264550265,1.0
