,abilities,v_measure,mutual_info,adjusted_rand_score,calinski_harabasz,davies_bouldin,silhouette
abilities,1.0,0.49370670068558364,0.43532180458394104,0.5225025122139753,0.4852258755828014,-0.48797577973301726,0.7631512844570222
v_measure,0.49370670068558364,1.0,0.9828648491419203,0.9664701060369675,0.8398799535937226,-0.8280338994045721,0.5797956031372842
mutual_info,0.43532180458394104,0.9828648491419203,1.0,0.9479599122087949,0.8212647255822004,-0.815500350999087,0.555521768883623
adjusted_rand_score,0.5225025122139753,0.9664701060369675,0.9479599122087949,1.0,0.8157118876810361,-0.8015918141609326,0.5774686996358439
calinski_harabasz,0.4852258755828014,0.8398799535937226,0.8212647255822004,0.8157118876810361,1.0,-0.9859333685880487,0.5755156002115283
davies_bouldin,-0.48797577973301726,-0.8280338994045721,-0.815500350999087,-0.8015918141609326,-0.9859333685880487,1.0,-0.5705975674246431
silhouette,0.7631512844570222,0.5797956031372842,0.555521768883623,0.5774686996358439,0.5755156002115283,-0.5705975674246431,1.0
