,abilities,v_measure,mutual_info,adjusted_rand_score,calinski_harabasz,davies_bouldin,silhouette
abilities,1.0,0.4934426229508197,0.4351665785298784,0.46462189317821256,0.5076150185087256,-0.5115811739820201,0.7353252247488101
v_measure,0.4934426229508197,1.0,0.9824960338445267,0.9567424643046007,0.8510312004230566,-0.837916446324696,0.532258064516129
mutual_info,0.4351665785298784,0.9824960338445267,1.0,0.9372289793759916,0.8318350079323109,-0.825753569539926,0.5099947117927023
adjusted_rand_score,0.46462189317821256,0.9567424643046007,0.9372289793759916,1.0,0.8577472236911687,-0.8432575356953993,0.5876784769962983
calinski_harabasz,0.5076150185087256,0.8510312004230566,0.8318350079323109,0.8577472236911687,1.0,-0.9856160761501851,0.5886832363828662
davies_bouldin,-0.5115811739820201,-0.837916446324696,-0.825753569539926,-0.8432575356953993,-0.9856160761501851,1.0,-0.5849286092014807
silhouette,0.7353252247488101,0.532258064516129,0.5099947117927023,0.5876784769962983,0.5886832363828662,-0.5849286092014807,1.0
