,abilities,v_measure,mutual_info,adjusted_rand_score,calinski_harabasz,davies_bouldin,silhouette
abilities,1.0,0.8866995073891626,0.8315270935960591,0.8798029556650246,0.9334975369458128,-0.8211822660098522,0.8714285714285714
v_measure,0.8866995073891626,1.0,0.9748768472906404,0.9694581280788177,0.9078817733990148,-0.7753694581280788,0.7344827586206897
mutual_info,0.8315270935960591,0.9748768472906404,1.0,0.9482758620689655,0.8669950738916257,-0.7320197044334975,0.6975369458128079
adjusted_rand_score,0.8798029556650246,0.9694581280788177,0.9482758620689655,1.0,0.8738916256157635,-0.6586206896551724,0.7083743842364532
calinski_harabasz,0.9334975369458128,0.9078817733990148,0.8669950738916257,0.8738916256157635,1.0,-0.8935960591133005,0.8463054187192118
davies_bouldin,-0.8211822660098522,-0.7753694581280788,-0.7320197044334975,-0.6586206896551724,-0.8935960591133005,1.0,-0.7428571428571429
silhouette,0.8714285714285714,0.7344827586206897,0.6975369458128079,0.7083743842364532,0.8463054187192118,-0.7428571428571429,1.0
