,abilities,v_measure,mutual_info,adjusted_rand_score,calinski_harabasz,davies_bouldin,silhouette
abilities,1.0,0.7083743842364532,0.6182266009852216,0.6586206896551724,0.7551724137931034,-0.8655172413793103,0.8408866995073891
v_measure,0.7083743842364532,1.0,0.9689655172413794,0.951231527093596,0.9044334975369458,-0.6940886699507389,0.6556650246305419
mutual_info,0.6182266009852216,0.9689655172413794,1.0,0.916256157635468,0.8945812807881773,-0.6054187192118227,0.6004926108374384
adjusted_rand_score,0.6586206896551724,0.951231527093596,0.916256157635468,1.0,0.8118226600985222,-0.5576354679802956,0.583743842364532
calinski_harabasz,0.7551724137931034,0.9044334975369458,0.8945812807881773,0.8118226600985222,1.0,-0.770935960591133,0.8014778325123153
davies_bouldin,-0.8655172413793103,-0.6940886699507389,-0.6054187192118227,-0.5576354679802956,-0.770935960591133,1.0,-0.7192118226600985
silhouette,0.8408866995073891,0.6556650246305419,0.6004926108374384,0.583743842364532,0.8014778325123153,-0.7192118226600985,1.0
