,abilities,v_measure,mutual_info,adjusted_rand_score,calinski_harabasz,davies_bouldin,silhouette
abilities,1.0,0.9137931034482759,0.8591133004926108,0.9152709359605912,0.9364532019704433,-0.7916256157635468,0.8458128078817734
v_measure,0.9137931034482759,1.0,0.9724137931034482,0.9655172413793104,0.9211822660098522,-0.7847290640394089,0.7216748768472906
mutual_info,0.8591133004926108,0.9724137931034482,1.0,0.9536945812807882,0.8669950738916257,-0.7334975369458128,0.6645320197044335
adjusted_rand_score,0.9152709359605912,0.9655172413793104,0.9536945812807882,1.0,0.8852216748768473,-0.6591133004926109,0.6970443349753694
calinski_harabasz,0.9364532019704433,0.9211822660098522,0.8669950738916257,0.8852216748768473,1.0,-0.8719211822660099,0.8458128078817734
davies_bouldin,-0.7916256157635468,-0.7847290640394089,-0.7334975369458128,-0.6591133004926109,-0.8719211822660099,1.0,-0.7591133004926108
silhouette,0.8458128078817734,0.7216748768472906,0.6645320197044335,0.6970443349753694,0.8458128078817734,-0.7591133004926108,1.0
