,abilities,v_measure,mutual_info,adjusted_rand_score,calinski_harabasz,davies_bouldin,silhouette
abilities,1.0,0.905911330049261,0.8428571428571429,0.8995073891625616,0.9236453201970444,-0.7965517241379311,0.864039408866995
v_measure,0.905911330049261,1.0,0.9655172413793104,0.9679802955665024,0.9078817733990148,-0.7566502463054188,0.7295566502463054
mutual_info,0.8428571428571429,0.9655172413793104,1.0,0.9364532019704433,0.8571428571428571,-0.7034482758620689,0.6793103448275862
adjusted_rand_score,0.8995073891625616,0.9679802955665024,0.9364532019704433,1.0,0.867487684729064,-0.6463054187192119,0.7049261083743842
calinski_harabasz,0.9236453201970444,0.9078817733990148,0.8571428571428571,0.867487684729064,1.0,-0.8852216748768473,0.8453201970443349
davies_bouldin,-0.7965517241379311,-0.7566502463054188,-0.7034482758620689,-0.6463054187192119,-0.8852216748768473,1.0,-0.738423645320197
silhouette,0.864039408866995,0.7295566502463054,0.6793103448275862,0.7049261083743842,0.8453201970443349,-0.738423645320197,1.0
