,abilities,v_measure,mutual_info,adjusted_rand_score,calinski_harabasz,davies_bouldin,silhouette
abilities,1.0,0.642918765483273,0.6782437684983121,0.695164148093751,0.6133081011912549,-0.5306604575825393,0.4292433139474505
v_measure,0.642918765483273,1.0,0.9819541246389897,0.9807048899498451,0.847741791847816,-0.8055151856226693,0.40928515327862264
mutual_info,0.6782437684983121,0.9819541246389897,1.0,0.9790722267917551,0.8208523243804847,-0.7669249655223594,0.36733065757982425
adjusted_rand_score,0.695164148093751,0.9807048899498451,0.9790722267917551,1.0,0.8182549057198869,-0.7514270341807927,0.3655743078188486
calinski_harabasz,0.6133081011912549,0.847741791847816,0.8208523243804847,0.8182549057198869,1.0,-0.8908094669725849,0.3023086104428599
davies_bouldin,-0.5306604575825393,-0.8055151856226693,-0.7669249655223594,-0.7514270341807927,-0.8908094669725849,1.0,-0.3765329408345135
silhouette,0.4292433139474505,0.40928515327862264,0.36733065757982425,0.3655743078188486,0.3023086104428599,-0.3765329408345135,1.0
