,abilities,v_measure,mutual_info,adjusted_rand_score,calinski_harabasz,davies_bouldin,silhouette
abilities,1.0,0.6407685933158195,0.6763781865087477,0.6929213719535346,0.6130626229260455,-0.530563148595781,0.4282489579421157
v_measure,0.6407685933158195,1.0,0.9819541246389897,0.9807048899498451,0.847741791847816,-0.8056017662446892,0.40928515327862264
mutual_info,0.6763781865087477,0.9819541246389897,1.0,0.9790722267917551,0.8208523243804847,-0.7667765415988967,0.36733065757982425
adjusted_rand_score,0.6929213719535346,0.9807048899498451,0.9790722267917551,1.0,0.8182549057198869,-0.7514641401616584,0.3655743078188486
calinski_harabasz,0.6130626229260455,0.847741791847816,0.8208523243804847,0.8182549057198869,1.0,-0.8908836789343162,0.3023086104428599
davies_bouldin,-0.530563148595781,-0.8056017662446892,-0.7667765415988967,-0.7514641401616584,-0.8908836789343162,1.0,-0.3765453094948021
silhouette,0.4282489579421157,0.40928515327862264,0.36733065757982425,0.3655743078188486,0.3023086104428599,-0.3765453094948021,1.0
