,abilities,v_measure,mutual_info,adjusted_rand_score,calinski_harabasz,davies_bouldin,silhouette
abilities,1.0,0.6589980735783538,0.6967597102047244,0.7147623509219476,0.6318982550888752,-0.5520583060475315,0.40383182280795543
v_measure,0.6589980735783538,1.0,0.9817685947346613,0.981187267701099,0.845181479168084,-0.8057872961490177,0.4074174855750499
mutual_info,0.6967597102047244,0.9817685947346613,1.0,0.9806925212895565,0.8194670344281659,-0.7669744401635137,0.36787487863252094
adjusted_rand_score,0.7147623509219476,0.981187267701099,0.9806925212895565,1.0,0.8147174688773585,-0.7522557344201263,0.3640282252827785
calinski_harabasz,0.6318982550888752,0.845181479168084,0.8194670344281659,0.8147174688773585,1.0,-0.8899312920920971,0.30029251881582447
davies_bouldin,-0.5520583060475315,-0.8057872961490177,-0.7669744401635137,-0.7522557344201263,-0.8899312920920971,1.0,-0.37705242456663307
silhouette,0.40383182280795543,0.4074174855750499,0.36787487863252094,0.3640282252827785,0.30029251881582447,-0.37705242456663307,1.0
