,abilities,v_measure,mutual_info,adjusted_rand_score,calinski_harabasz,davies_bouldin,silhouette
abilities,1.0,0.7403149891383056,0.818519188993483,0.7867487328023172,0.7480992034757422,-0.44560101375814626,0.6101556842867487
v_measure,0.7403149891383056,1.0,0.9302136133236785,0.9454199855177408,0.779869659666908,-0.6827480086893556,0.6782223026792179
mutual_info,0.818519188993483,0.9302136133236785,1.0,0.8991672700941347,0.722664735698769,-0.4988233164373642,0.5504163649529327
adjusted_rand_score,0.7867487328023172,0.9454199855177408,0.8991672700941347,1.0,0.7377805937726285,-0.6144098479362781,0.6527878349022448
calinski_harabasz,0.7480992034757422,0.779869659666908,0.722664735698769,0.7377805937726285,1.0,-0.8340876176683563,0.7788740043446778
davies_bouldin,-0.44560101375814626,-0.6827480086893556,-0.4988233164373642,-0.6144098479362781,-0.8340876176683563,1.0,-0.712436640115858
silhouette,0.6101556842867487,0.6782223026792179,0.5504163649529327,0.6527878349022448,0.7788740043446778,-0.712436640115858,1.0
