,abilities,v_measure,mutual_info,adjusted_rand_score,calinski_harabasz,davies_bouldin,silhouette
abilities,1.0,0.8732802317161478,0.9150072411296162,0.8592505430847213,0.7375090514120203,-0.44080376538740046,0.6087979724837075
v_measure,0.8732802317161478,1.0,0.9520275162925417,0.9501267197682839,0.7296343229543809,-0.5846307023895728,0.6759594496741491
mutual_info,0.9150072411296162,0.9520275162925417,1.0,0.9081281679942071,0.6852824040550326,-0.44732078204199854,0.5752172338884866
adjusted_rand_score,0.8592505430847213,0.9501267197682839,0.9081281679942071,1.0,0.6972302679217958,-0.5314083997103548,0.6464518464880521
calinski_harabasz,0.7375090514120203,0.7296343229543809,0.6852824040550326,0.6972302679217958,1.0,-0.8065713251267198,0.7805032585083272
davies_bouldin,-0.44080376538740046,-0.5846307023895728,-0.44732078204199854,-0.5314083997103548,-0.8065713251267198,1.0,-0.7635771180304127
silhouette,0.6087979724837075,0.6759594496741491,0.5752172338884866,0.6464518464880521,0.7805032585083272,-0.7635771180304127,1.0
