,abilities,v_measure,mutual_info,adjusted_rand_score,calinski_harabasz,davies_bouldin,silhouette
abilities,1.0,0.8241497139536299,0.8791581805838425,0.8196239055299417,0.7188341519344044,-0.43144531703020067,0.5947364849568726
v_measure,0.8241497139536299,1.0,0.9415039263798661,0.9468682114409848,0.7587798696596669,-0.6736965966690803,0.684015206372194
mutual_info,0.8791581805838425,0.9415039263798661,1.0,0.9088728476450739,0.7107329548560024,-0.5100586093496655,0.5720169266699576
adjusted_rand_score,0.8196239055299417,0.9468682114409848,0.9088728476450739,1.0,0.7236603910209993,-0.5977552498189718,0.6456372194062274
calinski_harabasz,0.7188341519344044,0.7587798696596669,0.7107329548560024,0.7236603910209993,1.0,-0.8434105720492396,0.7799601737871108
davies_bouldin,-0.43144531703020067,-0.6736965966690803,-0.5100586093496655,-0.5977552498189718,-0.8434105720492396,1.0,-0.7185010861694424
silhouette,0.5947364849568726,0.684015206372194,0.5720169266699576,0.6456372194062274,0.7799601737871108,-0.7185010861694424,1.0
