,abilities,v_measure,mutual_info,adjusted_rand_score,calinski_harabasz,davies_bouldin,silhouette
abilities,1.0,0.7140742353325351,0.7895765188781294,0.7297703276368782,0.764144987482312,-0.7299662566670295,0.6569064983128333
v_measure,0.7140742353325351,1.0,0.9322680541558239,0.9874387721780777,0.8731250680309133,-0.8277783824970066,0.592859475345597
mutual_info,0.7895765188781294,0.9322680541558239,1.0,0.9338463799331727,0.8401373687800968,-0.7987090383760306,0.5231660126670095
adjusted_rand_score,0.7297703276368782,0.9874387721780777,0.9338463799331727,1.0,0.874888429302275,-0.8145205181234353,0.6019157505170349
calinski_harabasz,0.764144987482312,0.8731250680309133,0.8401373687800968,0.874888429302275,1.0,-0.9173614890606292,0.5752040927397409
davies_bouldin,-0.7299662566670295,-0.8277783824970066,-0.7987090383760306,-0.8145205181234353,-0.9173614890606292,1.0,-0.5480134973331882
silhouette,0.6569064983128333,0.592859475345597,0.5231660126670095,0.6019157505170349,0.5752040927397409,-0.5480134973331882,1.0
