,abilities,v_measure,mutual_info,adjusted_rand_score,calinski_harabasz,davies_bouldin,silhouette
abilities,1.0,0.7184064438881027,0.7973592977112632,0.7308805921410689,0.7441166866224013,-0.6843365625340154,0.6608250789158594
v_measure,0.7184064438881027,1.0,0.9323115941772679,0.988919124850332,0.8784151518449984,-0.8374006748666594,0.5376727985196473
mutual_info,0.7973592977112632,0.9323115941772679,1.0,0.93477160538886,0.8415850744931134,-0.7980559380543689,0.4705370117464471
adjusted_rand_score,0.7308805921410689,0.988919124850332,0.93477160538886,1.0,0.8754762163927289,-0.8230107760966583,0.5435288995319473
calinski_harabasz,0.7441166866224013,0.8784151518449984,0.8415850744931134,0.8754762163927289,1.0,-0.9162076847719604,0.5426145640579079
davies_bouldin,-0.6843365625340154,-0.8374006748666594,-0.7980559380543689,-0.8230107760966583,-0.9162076847719604,1.0,-0.5077391966909763
silhouette,0.6608250789158594,0.5376727985196473,0.4705370117464471,0.5435288995319473,0.5426145640579079,-0.5077391966909763,1.0
