,abilities,v_measure,mutual_info,adjusted_rand_score,calinski_harabasz,davies_bouldin,silhouette
abilities,1.0,0.7123979536301295,0.7876063329077837,0.7250027212365299,0.7646674648960488,-0.7274191792750626,0.6522477413736802
v_measure,0.7123979536301295,1.0,0.9345865602977225,0.9883966474365952,0.8705779906389464,-0.8331555458800479,0.5931424839447045
mutual_info,0.7876063329077837,0.9345865602977225,1.0,0.9354573607266046,0.8372093023379807,-0.7999281589764655,0.5247552234497194
adjusted_rand_score,0.7250027212365299,0.9883966474365952,0.9354573607266046,1.0,0.8716882551431371,-0.8176989223903341,0.601262653749864
calinski_harabasz,0.7646674648960488,0.8705779906389464,0.8372093023379807,0.8716882551431371,1.0,-0.9245455534995102,0.5757483400457167
davies_bouldin,-0.7274191792750626,-0.8331555458800479,-0.7999281589764655,-0.8176989223903341,-0.9245455534995102,1.0,-0.5516708392293458
silhouette,0.6522477413736802,0.5931424839447045,0.5247552234497194,0.601262653749864,0.5757483400457167,-0.5516708392293458,1.0
