,abilities,v_measure,mutual_info,adjusted_rand_score,calinski_harabasz,davies_bouldin,silhouette
abilities,1.0,0.7127680417981931,0.7871927027040647,0.725742897572657,0.7638619788832045,-0.7285294437792533,0.652748448895178
v_measure,0.7127680417981931,1.0,0.9353267406622723,0.988266028083161,0.8702079024708828,-0.8299989115053881,0.5924023076085774
mutual_info,0.7871927027040647,0.9353267406622723,1.0,0.9364914362359021,0.83773178259531,-0.7979144329846756,0.5243742482620835
adjusted_rand_score,0.725742897572657,0.988266028083161,0.9364914362359021,1.0,0.8721671927723957,-0.8146293675846304,0.6008272559050832
calinski_harabasz,0.7638619788832045,0.8702079024708828,0.83773178259531,0.8721671927723957,1.0,-0.9246326330684663,0.5758354196146729
davies_bouldin,-0.7285294437792533,-0.8299989115053881,-0.7979144329846756,-0.8146293675846304,-0.9246326330684663,1.0,-0.5510395123544138
silhouette,0.652748448895178,0.5924023076085774,0.5243742482620835,0.6008272559050832,0.5758354196146729,-0.5510395123544138,1.0
