,abilities,v_measure,mutual_info,adjusted_rand_score,calinski_harabasz,davies_bouldin,silhouette
abilities,1.0,0.7118319364319147,0.7876281029185057,0.7246326330684663,0.7646456950038097,-0.7278545771198432,0.6523783607271144
v_measure,0.7118319364319147,1.0,0.9344450552280291,0.9884184173288342,0.8711875476216393,-0.833852182431697,0.5933819527593338
mutual_info,0.7876281029185057,0.9344450552280291,1.0,0.9349784204907194,0.8376229325416997,-0.8010819695447343,0.5249729235569399
adjusted_rand_score,0.7246326330684663,0.9884184173288342,0.9349784204907194,1.0,0.8718841841732884,-0.8181996299118319,0.6014803526722543
calinski_harabasz,0.7646456950038097,0.8711875476216393,0.8376229325416997,0.8718841841732884,1.0,-0.924393164253837,0.575966038968107
davies_bouldin,-0.7278545771198432,-0.833852182431697,-0.8010819695447343,-0.8181996299118319,-0.924393164253837,1.0,-0.5514966800914336
silhouette,0.6523783607271144,0.5933819527593338,0.5249729235569399,0.6014803526722543,0.575966038968107,-0.5514966800914336,1.0
