,abilities,v_measure,mutual_info,adjusted_rand_score,calinski_harabasz,davies_bouldin,silhouette
abilities,1.0,0.6745187869670758,0.8392909039296681,0.6918185237102124,0.7870012650005128,-0.7217682655817292,0.7216998871756299
v_measure,0.6745187869670758,1.0,0.797203275498129,0.9749735033676366,0.8885431980580533,-0.840746692194605,0.7927450511128585
mutual_info,0.8392909039296681,0.797203275498129,1.0,0.7994598014741497,0.7813392140909526,-0.7513547704398886,0.5827307384136086
adjusted_rand_score,0.6918185237102124,0.9749735033676366,0.7994598014741497,1.0,0.8880645492153578,-0.8217374952989845,0.7853601832541284
calinski_harabasz,0.7870012650005128,0.8885431980580533,0.7813392140909526,0.8880645492153578,1.0,-0.9491948442681801,0.7837874799138432
davies_bouldin,-0.7217682655817292,-0.840746692194605,-0.7513547704398886,-0.8217374952989845,-0.9491948442681801,1.0,-0.7087079900167527
silhouette,0.7216998871756299,0.7927450511128585,0.5827307384136086,0.7853601832541284,0.7837874799138432,-0.7087079900167527,1.0
