,abilities,v_measure,mutual_info,adjusted_rand_score,calinski_harabasz,davies_bouldin,silhouette
abilities,1.0,0.6832028445416938,0.8475990222959264,0.7009812301275258,0.7867277513761154,-0.7215631303634312,0.7227939416732196
v_measure,0.6832028445416938,1.0,0.7942287639842834,0.9739478272761461,0.8928510376423126,-0.8371226366713392,0.7919928886457657
mutual_info,0.8475990222959264,0.7942287639842834,1.0,0.7930321214212421,0.7825700464415094,-0.7475255142381564,0.5768159051734328
adjusted_rand_score,0.7009812301275258,0.9739478272761461,0.7930321214212421,1.0,0.8915518479264248,-0.8171561420903278,0.7843345071626381
calinski_harabasz,0.7867277513761154,0.8928510376423126,0.7825700464415094,0.8915518479264248,1.0,-0.9493999794864781,0.785291804848029
davies_bouldin,-0.7215631303634312,-0.8371226366713392,-0.7475255142381564,-0.8171561420903278,-0.9493999794864781,1.0,-0.7087763684228521
silhouette,0.7227939416732196,0.7919928886457657,0.5768159051734328,0.7843345071626381,0.785291804848029,-0.7087763684228521,1.0
