,abilities,v_measure,mutual_info,adjusted_rand_score,calinski_harabasz,davies_bouldin,silhouette
abilities,1.0,0.7157509658449861,0.8244042531368594,0.7800950459844781,0.8079250572669151,-0.7328455673698246,0.7521282778898424
v_measure,0.7157509658449861,1.0,0.7872747786249102,0.9699135013162843,0.9022872576840234,-0.82857533590892,0.7976682963520121
mutual_info,0.8244042531368594,0.7872747786249102,1.0,0.8039591097131525,0.7857020752846251,-0.7487093575848747,0.5781052343669869
adjusted_rand_score,0.7800950459844781,0.9699135013162843,0.8039591097131525,1.0,0.899894013470546,-0.8144210058463537,0.7842661287565387
calinski_harabasz,0.8079250572669151,0.9022872576840234,0.7857020752846251,0.899894013470546,1.0,-0.925399158945605,0.7833088310711477
davies_bouldin,-0.7328455673698246,-0.82857533590892,-0.7487093575848747,-0.8144210058463537,-0.925399158945605,1.0,-0.6966050121371671
silhouette,0.7521282778898424,0.7976682963520121,0.5781052343669869,0.7842661287565387,0.7833088310711477,-0.6966050121371671,1.0
