,abilities,v_measure,mutual_info,adjusted_rand_score,calinski_harabasz,davies_bouldin,silhouette
abilities,1.0,0.6867478118161926,0.8527858045510874,0.6947483588621444,0.9017898355079406,-0.8176285557986871,0.7408369803063457
v_measure,0.6867478118161926,1.0,0.7513719600260673,0.9923413566739606,0.7025317538678026,-0.694132932166302,0.7649753829321663
mutual_info,0.8527858045510874,0.7513719600260673,1.0,0.73537004524599,0.8432659779691977,-0.7896671406963379,0.6660284145323215
adjusted_rand_score,0.6947483588621444,0.9923413566739606,0.73537004524599,1.0,0.7085491564705247,-0.7034327133479212,0.7766001094091903
calinski_harabasz,0.9017898355079406,0.7025317538678026,0.8432659779691977,0.7085491564705247,1.0,-0.8733439322950726,0.7836299298544889
davies_bouldin,-0.8176285557986871,-0.694132932166302,-0.7896671406963379,-0.7034327133479212,-0.8733439322950726,1.0,-0.7508889496717724
silhouette,0.7408369803063457,0.7649753829321663,0.6660284145323215,0.7766001094091903,0.7836299298544889,-0.7508889496717724,1.0
