,abilities,v_measure,mutual_info,adjusted_rand_score,calinski_harabasz,davies_bouldin,silhouette
abilities,1.0,0.7520090238108095,0.7731697949072329,0.6644736842105263,0.19417293233082708,-0.16447368421052633,0.4550751879699248
v_measure,0.7520090238108095,1.0,0.9881587571564586,0.9631091697274546,-0.3012359606691219,0.3128906437028103,-0.04426899765215489
mutual_info,0.7731697949072329,0.9881587571564586,1.0,0.9395708183134311,-0.24081873421441846,0.2585732134427756,-0.012938104544068758
adjusted_rand_score,0.6644736842105263,0.9631091697274546,0.9395708183134311,1.0,-0.44586466165413535,0.4419172932330827,-0.16484962406015038
calinski_harabasz,0.19417293233082708,-0.3012359606691219,-0.24081873421441846,-0.44586466165413535,1.0,-0.974812030075188,0.8146616541353383
davies_bouldin,-0.16447368421052633,0.3128906437028103,0.2585732134427756,0.4419172932330827,-0.974812030075188,1.0,-0.8494360902255639
silhouette,0.4550751879699248,-0.04426899765215489,-0.012938104544068758,-0.16484962406015038,0.8146616541353383,-0.8494360902255639,1.0
