,abilities,v_measure,mutual_info,adjusted_rand_score,calinski_harabasz,davies_bouldin,silhouette
abilities,1.0,0.0493966286875949,0.09486635596406581,-0.19522959902338247,0.7780073246314207,-0.793971264907503,0.8514414499013991
v_measure,0.0493966286875949,1.0,0.9918140885049909,0.9086725839946165,-0.3587359725981227,0.21167300582098653,-0.20603840939274376
mutual_info,0.09486635596406581,0.9918140885049909,1.0,0.8750668430098054,-0.29796317756173846,0.15189910568055776,-0.18069782088393488
adjusted_rand_score,-0.19522959902338247,0.9086725839946165,0.8750668430098054,1.0,-0.5952671612357968,0.40069490092966475,-0.3787210066672927
calinski_harabasz,0.7780073246314207,-0.3587359725981227,-0.29796317756173846,-0.5952671612357968,1.0,-0.8679688233636961,0.8230819795285942
davies_bouldin,-0.793971264907503,0.21167300582098653,0.15189910568055776,0.40069490092966475,-0.8679688233636961,1.0,-0.7699314489623439
silhouette,0.8514414499013991,-0.20603840939274376,-0.18069782088393488,-0.3787210066672927,0.8230819795285942,-0.7699314489623439,1.0
