,abilities,v_measure,mutual_info,adjusted_rand_score,calinski_harabasz,davies_bouldin,silhouette
abilities,1.0,0.8612189135139237,0.8534114295560514,0.8667686410834546,0.8812744331508992,-0.8840304925723221,0.9058053166536356
v_measure,0.8612189135139237,1.0,0.9954683921490337,0.9867692455512547,0.8304579533083972,-0.8363716428299555,0.7876643454978492
mutual_info,0.8534114295560514,0.9954683921490337,1.0,0.9778866327310881,0.831885765842206,-0.8379954569508133,0.7878764388486853
adjusted_rand_score,0.8667686410834546,0.9867692455512547,0.9778866327310881,1.0,0.8208123005179077,-0.8219558334498874,0.7827336312615548
calinski_harabasz,0.8812744331508992,0.8304579533083972,0.831885765842206,0.8208123005179077,1.0,-0.9974003127443315,0.9687646598905395
davies_bouldin,-0.8840304925723221,-0.8363716428299555,-0.8379954569508133,-0.8219558334498874,-0.9974003127443315,1.0,-0.9658326817826427
silhouette,0.9058053166536356,0.7876643454978492,0.7878764388486853,0.7827336312615548,0.9687646598905395,-0.9658326817826427,1.0
