,abilities,v_measure,mutual_info,adjusted_rand_score,calinski_harabasz,davies_bouldin,silhouette
abilities,1.0,0.8285588712411494,0.8180627660950482,0.84636621850197,0.8856249389230919,-0.8824587120101632,0.9233264927196325
v_measure,0.8285588712411494,1.0,0.9931472713364117,0.9806713983798033,0.8454478906280452,-0.8458095189366767,0.8009187399760213
mutual_info,0.8180627660950482,0.9931472713364117,1.0,0.96773847674754,0.8446095362240168,-0.8455185382939705,0.795230197972342
adjusted_rand_score,0.84636621850197,0.9806713983798033,0.96773847674754,1.0,0.8272407890805997,-0.8246314433189718,0.7939349825052139
calinski_harabasz,0.8856249389230919,0.8454478906280452,0.8446095362240168,0.8272407890805997,1.0,-0.998025994332063,0.9667155281931008
davies_bouldin,-0.8824587120101632,-0.8458095189366767,-0.8455185382939705,-0.8246314433189718,-0.998025994332063,1.0,-0.9630606860158312
silhouette,0.9233264927196325,0.8009187399760213,0.795230197972342,0.7939349825052139,0.9667155281931008,-0.9630606860158312,1.0
