,abilities,v_measure,mutual_info,adjusted_rand_score,calinski_harabasz,davies_bouldin,silhouette
abilities,1.0,0.8380650177569504,0.8654402233742651,0.8381911026120579,0.791861923074229,-0.7521311842870252,0.5406728728434236
v_measure,0.8380650177569504,1.0,0.9762221825997098,0.9972401426159806,0.8967224942386226,-0.8743214183145257,0.5091936873515877
mutual_info,0.8654402233742651,0.9762221825997098,1.0,0.9745109393703474,0.8918102010070628,-0.8469812390313066,0.4768056647189853
adjusted_rand_score,0.8381911026120579,0.9972401426159806,0.9745109393703474,1.0,0.894719145985248,-0.8700905709542522,0.5061256225439721
calinski_harabasz,0.791861923074229,0.8967224942386226,0.8918102010070628,0.894719145985248,1.0,-0.8747136823081935,0.4255574001302877
davies_bouldin,-0.7521311842870252,-0.8743214183145257,-0.8469812390313066,-0.8700905709542522,-0.8747136823081935,1.0,-0.49518425900631124
silhouette,0.5406728728434236,0.5091936873515877,0.4768056647189853,0.5061256225439721,0.4255574001302877,-0.49518425900631124,1.0
