,abilities,v_measure,mutual_info,adjusted_rand_score,calinski_harabasz,davies_bouldin,silhouette
abilities,1.0,0.8438139274204848,0.8669918187193895,0.8438979963570128,0.7972117136051562,-0.7554854981084489,0.5017794591565083
v_measure,0.8438139274204848,1.0,0.9766729441014431,0.9982905982905983,0.897071598710943,-0.8712764466862828,0.4819111671570688
mutual_info,0.8669918187193895,0.9766729441014431,1.0,0.9750868208395833,0.8919627327268982,-0.8460072676000945,0.443693418649439
adjusted_rand_score,0.8438979963570128,0.9982905982905983,0.9750868208395833,1.0,0.8964971276446686,-0.8702956424267899,0.48135070758021575
calinski_harabasz,0.7972117136051562,0.897071598710943,0.8919627327268982,0.8964971276446686,1.0,-0.870982205408435,0.3981224604175424
davies_bouldin,-0.7554854981084489,-0.8712764466862828,-0.8460072676000945,-0.8702956424267899,-0.870982205408435,1.0,-0.4622110130306852
silhouette,0.5017794591565083,0.4819111671570688,0.443693418649439,0.48135070758021575,0.3981224604175424,-0.4622110130306852,1.0
