,abilities,v_measure,mutual_info,adjusted_rand_score,calinski_harabasz,davies_bouldin,silhouette
abilities,1.0,0.7422951921999328,0.7738221124208943,0.745951473719601,0.7357391011991483,-0.6795780567073854,0.5615964361761739
v_measure,0.7422951921999328,1.0,0.9773904751685053,0.9980667936792559,0.8716939370166984,-0.8333940378796368,0.5260282416227726
mutual_info,0.7738221124208943,0.9773904751685053,1.0,0.9757421199467533,0.8672102035800733,-0.8100718987443611,0.497817305524204
adjusted_rand_score,0.745951473719601,0.9980667936792559,0.9757421199467533,1.0,0.8681497254286675,-0.8318250588367141,0.5276252381486047
calinski_harabasz,0.7357391011991483,0.8716939370166984,0.8672102035800733,0.8681497254286675,1.0,-0.8678415331166648,0.4168861369494565
davies_bouldin,-0.6795780567073854,-0.8333940378796368,-0.8100718987443611,-0.8318250588367141,-0.8678415331166648,1.0,-0.4991314580298106
silhouette,0.5615964361761739,0.5260282416227726,0.497817305524204,0.5276252381486047,0.4168861369494565,-0.4991314580298106,1.0
