,abilities,v_measure,mutual_info,adjusted_rand_score,calinski_harabasz,davies_bouldin,silhouette
abilities,1.0,0.7985979312131887,0.8301395223972058,0.7999845926506943,0.7653040500318652,-0.716588812863736,0.5055221340579457
v_measure,0.7985979312131887,1.0,0.978001595207587,0.9983472116199427,0.8967287396087934,-0.8752004706244879,0.5095140381962195
mutual_info,0.8301395223972058,0.978001595207587,1.0,0.9767885764957036,0.8923821068214164,-0.8481454880163758,0.4787918077511799
adjusted_rand_score,0.7999845926506943,0.9983472116199427,0.9767885764957036,1.0,0.8965466527533633,-0.8745841766522632,0.5093319513407896
calinski_harabasz,0.7653040500318652,0.8967287396087934,0.8923821068214164,0.8965466527533633,1.0,-0.8761809383075727,0.4269726659616637
davies_bouldin,-0.716588812863736,-0.8752004706244879,-0.8481454880163758,-0.8745841766522632,-0.8761809383075727,1.0,-0.4948910630370687
silhouette,0.5055221340579457,0.5095140381962195,0.4787918077511799,0.5093319513407896,0.4269726659616637,-0.4948910630370687,1.0
