,abilities,v_measure,mutual_info,adjusted_rand_score,calinski_harabasz,davies_bouldin,silhouette
abilities,1.0,0.8492503853159591,0.8681163988839954,0.8498108448928121,0.7938489561440382,-0.7609219560039232,0.5367941712204007
v_measure,0.8492503853159591,1.0,0.9847919610701025,0.9985147821213395,0.8981785063752277,-0.8693008266778759,0.5080566064172621
mutual_info,0.8681163988839954,0.9847919610701025,1.0,0.9831367895940313,0.8948025322164154,-0.8478405483021226,0.4842568852046246
adjusted_rand_score,0.8498108448928121,0.9985147821213395,0.9831367895940313,1.0,0.897547989351268,-0.8681238615664845,0.5072719630096679
calinski_harabasz,0.7938489561440382,0.8981785063752277,0.8948025322164154,0.897547989351268,1.0,-0.873658399887908,0.42784082948017377
davies_bouldin,-0.7609219560039232,-0.8693008266778759,-0.8478405483021226,-0.8681238615664845,-0.873658399887908,1.0,-0.49348465741908365
silhouette,0.5367941712204007,0.5080566064172621,0.4842568852046246,0.5072719630096679,0.42784082948017377,-0.49348465741908365,1.0
