,abilities,v_measure,mutual_info,adjusted_rand_score,calinski_harabasz,davies_bouldin,silhouette
abilities,1.0,0.39348693525550266,0.39322950186639205,0.4348329802402952,0.6179688505599176,-0.0214956879907324,0.4797271206075428
v_measure,0.39348693525550266,1.0,0.9987128330544471,0.012357598017486187,-0.20942206204144678,0.46428111726090876,-0.4017248037070408
mutual_info,0.39322950186639205,0.9987128330544471,1.0,-0.008753298595719381,-0.20736259492856224,0.46402368387179815,-0.3983781696486034
adjusted_rand_score,0.4348329802402952,0.012357598017486187,-0.008753298595719381,1.0,0.5151573673539553,-0.3681534409376093,0.552873786303158
calinski_harabasz,0.6179688505599176,-0.20942206204144678,-0.20736259492856224,0.5151573673539553,1.0,-0.3023555155103617,0.9057793795855322
davies_bouldin,-0.0214956879907324,0.46428111726090876,0.46402368387179815,-0.3681534409376093,-0.3023555155103617,1.0,-0.4282404427854293
silhouette,0.4797271206075428,-0.4017248037070408,-0.3983781696486034,0.552873786303158,0.9057793795855322,-0.4282404427854293,1.0
