,abilities,v_measure,mutual_info,adjusted_rand_score,calinski_harabasz,davies_bouldin,silhouette
abilities,1.0,0.7929438058748404,0.8467317881546575,0.7847222222222222,0.7361111111111112,-0.5431433588761175,0.5043103448275862
v_measure,0.7929438058748404,1.0,0.9667840715686337,0.9744572158365262,0.7779374201787995,-0.7272110472541508,0.6149026181353767
mutual_info,0.8467317881546575,0.9667840715686337,1.0,0.9543517955435493,0.7390718697672903,-0.6248066811322459,0.5359049320283125
adjusted_rand_score,0.7847222222222222,0.9744572158365262,0.9543517955435493,1.0,0.7604964878671775,-0.6873403575989783,0.583492975734355
calinski_harabasz,0.7361111111111112,0.7779374201787995,0.7390718697672903,0.7604964878671775,1.0,-0.8855363984674329,0.6044061302681992
davies_bouldin,-0.5431433588761175,-0.7272110472541508,-0.6248066811322459,-0.6873403575989783,-0.8855363984674329,1.0,-0.6182151979565773
silhouette,0.5043103448275862,0.6149026181353767,0.5359049320283125,0.583492975734355,0.6044061302681992,-0.6182151979565773,1.0
