,abilities,v_measure,mutual_info,adjusted_rand_score,calinski_harabasz,davies_bouldin,silhouette
abilities,1.0,0.7620130906768838,0.8236350574712644,0.7591794380587484,0.7414591315453385,-0.5325271392081737,0.48942369093231164
v_measure,0.7620130906768838,1.0,0.9617257343550447,0.9735791826309068,0.7891522988505747,-0.7312420178799489,0.6136254789272031
mutual_info,0.8236350574712644,0.9617257343550447,1.0,0.9491139846743295,0.7473259897828863,-0.6209690293742018,0.5267401021711366
adjusted_rand_score,0.7591794380587484,0.9735791826309068,0.9491139846743295,1.0,0.7703943167305236,-0.6952825670498084,0.5887611749680716
calinski_harabasz,0.7414591315453385,0.7891522988505747,0.7473259897828863,0.7703943167305236,1.0,-0.8814655172413793,0.6036877394636015
davies_bouldin,-0.5325271392081737,-0.7312420178799489,-0.6209690293742018,-0.6952825670498084,-0.8814655172413793,1.0,-0.6153815453384419
silhouette,0.48942369093231164,0.6136254789272031,0.5267401021711366,0.5887611749680716,0.6036877394636015,-0.6153815453384419,1.0
