,abilities,v_measure,mutual_info,adjusted_rand_score,calinski_harabasz,davies_bouldin,silhouette
abilities,1.0,0.9392408899214627,0.9201393231588416,0.9384832950327029,0.9131291194222076,-0.7944897598424203,0.7646910275512008
v_measure,0.9392408899214627,1.0,0.9217366992227437,0.9948988610823506,0.9268668400717189,-0.8480264653147807,0.7818631783630899
mutual_info,0.9201393231588416,0.9217366992227437,1.0,0.9148654466304029,0.9022639243485087,-0.7593875097439323,0.6761971785429359
adjusted_rand_score,0.9384832950327029,0.9948988610823506,0.9148654466304029,1.0,0.919947473421046,-0.8479759589888634,0.7781762165711256
calinski_harabasz,0.9131291194222076,0.9268668400717189,0.9022639243485087,0.919947473421046,1.0,-0.8308543145028915,0.7335286244602136
davies_bouldin,-0.7944897598424203,-0.8480264653147807,-0.7593875097439323,-0.8479759589888634,-0.8308543145028915,1.0,-0.7975201393974596
silhouette,0.7646910275512008,0.7818631783630899,0.6761971785429359,0.7781762165711256,0.7335286244602136,-0.7975201393974596,1.0
