,abilities,v_measure,mutual_info,adjusted_rand_score,calinski_harabasz,davies_bouldin,silhouette
abilities,1.0,0.945060776831518,0.9348625867299579,0.9459705339769022,0.9142301180157186,-0.7866114073437619,0.7531020191554422
v_measure,0.945060776831518,1.0,0.9504072235576148,0.9965125976093604,0.926410755351141,-0.8347274519218619,0.7772611255717571
mutual_info,0.9348625867299579,0.9504072235576148,1.0,0.9480704480867905,0.9200545421702784,-0.7671481472315633,0.6996356559114463
adjusted_rand_score,0.9459705339769022,0.9965125976093604,0.9480704480867905,1.0,0.9207500442243057,-0.8332111900128882,0.7718025826994516
calinski_harabasz,0.9142301180157186,0.926410755351141,0.9200545421702784,0.9207500442243057,1.0,-0.818402365368578,0.7289934548027596
davies_bouldin,-0.7866114073437619,-0.8347274519218619,-0.7671481472315633,-0.8332111900128882,-0.818402365368578,1.0,-0.7944454272067929
silhouette,0.7531020191554422,0.7772611255717571,0.6996356559114463,0.7718025826994516,0.7289934548027596,-0.7944454272067929,1.0
