,abilities,v_measure,mutual_info,adjusted_rand_score,calinski_harabasz,davies_bouldin,silhouette
abilities,1.0,0.5996515679442509,0.4519163763066202,0.6217770034843205,0.6001742160278746,-0.6045296167247387,0.8041811846689896
v_measure,0.5996515679442509,1.0,0.9400696864111499,0.9777003484320558,0.955574912891986,-0.9146341463414634,0.6677700348432056
mutual_info,0.4519163763066202,0.9400696864111499,1.0,0.9127177700348432,0.8902439024390244,-0.8768292682926829,0.6006968641114983
adjusted_rand_score,0.6217770034843205,0.9777003484320558,0.9127177700348432,1.0,0.9547038327526133,-0.9085365853658537,0.6736933797909408
calinski_harabasz,0.6001742160278746,0.955574912891986,0.8902439024390244,0.9547038327526133,1.0,-0.9508710801393728,0.6764808362369338
davies_bouldin,-0.6045296167247387,-0.9146341463414634,-0.8768292682926829,-0.9085365853658537,-0.9508710801393728,1.0,-0.6677700348432056
silhouette,0.8041811846689896,0.6677700348432056,0.6006968641114983,0.6736933797909408,0.6764808362369338,-0.6677700348432056,1.0
