,abilities,v_measure,mutual_info,adjusted_rand_score,calinski_harabasz,davies_bouldin,silhouette
abilities,1.0,0.7929121949991352,0.6681233200173908,0.8823261065233836,0.8121488595438175,-0.7382953181272509,0.7650900360144057
v_measure,0.7929121949991352,1.0,0.928422215553253,0.9700345754898194,0.8318086871230027,-0.8192273526335542,0.5648635022877196
mutual_info,0.6681233200173908,0.928422215553253,1.0,0.875405191502625,0.7857760285664175,-0.7966769121748375,0.4583173266905756
adjusted_rand_score,0.8823261065233836,0.9700345754898194,0.875405191502625,1.0,0.8262383252879797,-0.8105836877171392,0.6145165551964591
calinski_harabasz,0.8121488595438175,0.8318086871230027,0.7857760285664175,0.8262383252879797,1.0,-0.9255702280912365,0.7540456182472989
davies_bouldin,-0.7382953181272509,-0.8192273526335542,-0.7966769121748375,-0.8105836877171392,-0.9255702280912365,1.0,-0.6468667466986795
silhouette,0.7650900360144057,0.5648635022877196,0.4583173266905756,0.6145165551964591,0.7540456182472989,-0.6468667466986795,1.0
