,abilities,v_measure,mutual_info,adjusted_rand_score,calinski_harabasz,davies_bouldin,silhouette
abilities,1.0,0.5461672473867596,0.382404181184669,0.5663763066202091,0.544425087108014,-0.5299651567944251,0.7773519163763066
v_measure,0.5461672473867596,1.0,0.9419860627177701,0.9775261324041812,0.9557491289198606,-0.9132404181184669,0.6691637630662021
mutual_info,0.382404181184669,0.9419860627177701,1.0,0.9132404181184669,0.8911149825783972,-0.8775261324041812,0.6008710801393728
adjusted_rand_score,0.5663763066202091,0.9775261324041812,0.9132404181184669,1.0,0.9554006968641114,-0.9085365853658537,0.6754355400696864
calinski_harabasz,0.544425087108014,0.9557491289198606,0.8911149825783972,0.9554006968641114,1.0,-0.9498257839721255,0.676829268292683
davies_bouldin,-0.5299651567944251,-0.9132404181184669,-0.8775261324041812,-0.9085365853658537,-0.9498257839721255,1.0,-0.6670731707317074
silhouette,0.7773519163763066,0.6691637630662021,0.6008710801393728,0.6754355400696864,0.676829268292683,-0.6670731707317074,1.0
