,abilities,v_measure,mutual_info,adjusted_rand_score,calinski_harabasz,davies_bouldin,silhouette
abilities,1.0,0.011857018308631211,-0.08788142981691369,-0.05754141238012206,0.22661902631270808,-0.4648648648648649,0.6788142981691369
v_measure,0.011857018308631211,1.0,0.9881429816913688,0.9321708805579774,0.901072113084914,-0.7333914559721011,0.34891020052310373
mutual_info,-0.08788142981691369,0.9881429816913688,1.0,0.9297297297297298,0.8784102104536431,-0.7086312118570183,0.2986922406277245
adjusted_rand_score,-0.05754141238012206,0.9321708805579774,0.9297297297297298,1.0,0.8451146458184683,-0.6266782911944202,0.2943330427201395
calinski_harabasz,0.22661902631270808,0.901072113084914,0.8784102104536431,0.8451146458184683,1.0,-0.8934019306558685,0.6143118836353718
davies_bouldin,-0.4648648648648649,-0.7333914559721011,-0.7086312118570183,-0.6266782911944202,-0.8934019306558685,1.0,-0.6739319965126417
silhouette,0.6788142981691369,0.34891020052310373,0.2986922406277245,0.2943330427201395,0.6143118836353718,-0.6739319965126417,1.0
