,abilities,v_measure,mutual_info,adjusted_rand_score,calinski_harabasz,davies_bouldin,silhouette
abilities,1.0,0.5466898954703833,0.3848432055749129,0.5684668989547038,0.5480836236933798,-0.5437282229965157,0.7818815331010452
v_measure,0.5466898954703833,1.0,0.9411149825783972,0.978397212543554,0.9559233449477352,-0.913588850174216,0.6686411149825784
mutual_info,0.3848432055749129,0.9411149825783972,1.0,0.913588850174216,0.8909407665505227,-0.8757839721254356,0.6024390243902439
adjusted_rand_score,0.5684668989547038,0.978397212543554,0.913588850174216,1.0,0.9554006968641114,-0.909233449477352,0.6743902439024391
calinski_harabasz,0.5480836236933798,0.9559233449477352,0.8909407665505227,0.9554006968641114,1.0,-0.9536585365853658,0.676829268292683
davies_bouldin,-0.5437282229965157,-0.913588850174216,-0.8757839721254356,-0.909233449477352,-0.9536585365853658,1.0,-0.6696864111498257
silhouette,0.7818815331010452,0.6686411149825784,0.6024390243902439,0.6743902439024391,0.676829268292683,-0.6696864111498257,1.0
