,abilities,v_measure,mutual_info,adjusted_rand_score,calinski_harabasz,davies_bouldin,silhouette
abilities,1.0,0.7826618505140317,0.8088357877188108,0.7789941650458461,0.7762156154487357,-0.668741317032509,0.37165879410947483
v_measure,0.7826618505140317,1.0,0.9924423450958599,0.9405390386218394,0.9200889135871075,-0.8626840789108086,0.4486801889413726
mutual_info,0.8088357877188108,0.9924423450958599,1.0,0.9473186996387886,0.908363434287302,-0.848791330925257,0.42122811892192275
adjusted_rand_score,0.7789941650458461,0.9405390386218394,0.9473186996387886,1.0,0.870908585718255,-0.7659349819394277,0.4532925812725757
calinski_harabasz,0.7762156154487357,0.9200889135871075,0.908363434287302,0.870908585718255,1.0,-0.927479855515421,0.4726312864684635
davies_bouldin,-0.668741317032509,-0.8626840789108086,-0.848791330925257,-0.7659349819394277,-0.927479855515421,1.0,-0.4882467352042234
silhouette,0.37165879410947483,0.4486801889413726,0.42122811892192275,0.4532925812725757,0.4726312864684635,-0.4882467352042234,1.0
