,abilities,v_measure,mutual_info,adjusted_rand_score,calinski_harabasz,davies_bouldin,silhouette
abilities,1.0,0.7814392886913032,0.8007779938871908,0.7972770213948319,0.666851903306474,-0.5986662961933871,0.41367046401778274
v_measure,0.7814392886913032,1.0,0.9945540427896638,0.9573770491803278,0.88463462072798,-0.8226729647124201,0.4766323978883023
mutual_info,0.8007779938871908,0.9945540427896638,1.0,0.9606001667129759,0.8750208391219784,-0.8107252014448458,0.4566268407891081
adjusted_rand_score,0.7972770213948319,0.9573770491803278,0.9606001667129759,1.0,0.8429563767713254,-0.7538760766879689,0.464962489580439
calinski_harabasz,0.666851903306474,0.88463462072798,0.8750208391219784,0.8429563767713254,1.0,-0.9310919699916643,0.4734092803556543
davies_bouldin,-0.5986662961933871,-0.8226729647124201,-0.8107252014448458,-0.7538760766879689,-0.9310919699916643,1.0,-0.4333981661572659
silhouette,0.41367046401778274,0.4766323978883023,0.4566268407891081,0.464962489580439,0.4734092803556543,-0.4333981661572659,1.0
