,abilities,v_measure,mutual_info,adjusted_rand_score,calinski_harabasz,davies_bouldin,silhouette
abilities,1.0,0.7859405390386218,0.8046123923312031,0.8033342595165324,0.6713531536537927,-0.6050569602667407,0.4170602945262573
v_measure,0.7859405390386218,1.0,0.995665462628508,0.9573214781883856,0.8846901917199222,-0.8216726868574604,0.4764656849124757
mutual_info,0.8046123923312031,0.995665462628508,1.0,0.9614337315921089,0.87707696582384,-0.8128924701305918,0.4585718255070853
adjusted_rand_score,0.8033342595165324,0.9573214781883856,0.9614337315921089,1.0,0.8427896637954988,-0.7530425118088357,0.46468463462072795
calinski_harabasz,0.6713531536537927,0.8846901917199222,0.87707696582384,0.8427896637954988,1.0,-0.9303139761044734,0.4736315643234232
davies_bouldin,-0.6050569602667407,-0.8216726868574604,-0.8128924701305918,-0.7530425118088357,-0.9303139761044734,1.0,-0.4325646012781328
silhouette,0.4170602945262573,0.4764656849124757,0.4585718255070853,0.46468463462072795,0.4736315643234232,-0.4325646012781328,1.0
