,abilities,v_measure,mutual_info,adjusted_rand_score,calinski_harabasz,davies_bouldin,silhouette
abilities,1.0,0.7341311455184751,0.8211091234347049,0.7881685275430264,0.7315403121337364,-0.36894701128863117,0.6047128492998581
v_measure,0.7341311455184751,1.0,0.9238788476960089,0.9395472210227623,0.737832336068102,-0.6111282462525446,0.6518413422984394
mutual_info,0.8211091234347049,0.9238788476960089,1.0,0.8820553944852261,0.6988464622786996,-0.43347109987045834,0.5167478872370612
adjusted_rand_score,0.7881685275430264,0.9395472210227623,0.8820553944852261,1.0,0.6888532477947072,-0.5314292764172476,0.6276602307075443
calinski_harabasz,0.7315403121337364,0.737832336068102,0.6988464622786996,0.6888532477947072,1.0,-0.7895256307445562,0.8282647584973166
davies_bouldin,-0.36894701128863117,-0.6111282462525446,-0.43347109987045834,-0.5314292764172476,-0.7895256307445562,1.0,-0.733144161371908
silhouette,0.6047128492998581,0.6518413422984394,0.5167478872370612,0.6276602307075443,0.8282647584973166,-0.733144161371908,1.0
