,abilities,v_measure,mutual_info,adjusted_rand_score,calinski_harabasz,davies_bouldin,silhouette
abilities,1.0,0.828043552412639,0.8784896851019055,0.8443909815558521,0.7038647793360807,-0.3481693965445083,0.6001048705855735
v_measure,0.828043552412639,1.0,0.9370720041719827,0.930664363703658,0.7241379310344828,-0.6058232064647462,0.6701005490099315
mutual_info,0.8784896851019055,0.9370720041719827,1.0,0.8835215071266682,0.6868406493150756,-0.448948118662158,0.5451909474532761
adjusted_rand_score,0.8443909815558521,0.930664363703658,0.8835215071266682,1.0,0.6773795570908643,-0.5134168157423972,0.6343223736968725
calinski_harabasz,0.7038647793360807,0.7241379310344828,0.6868406493150756,0.6773795570908643,1.0,-0.7991487261735858,0.827894639442354
davies_bouldin,-0.3481693965445083,-0.6058232064647462,-0.448948118662158,-0.5134168157423972,-0.7991487261735858,1.0,-0.7377089630497811
silhouette,0.6001048705855735,0.6701005490099315,0.5451909474532761,0.6343223736968725,0.827894639442354,-0.7377089630497811,1.0
