,abilities,v_measure,mutual_info,adjusted_rand_score,calinski_harabasz,davies_bouldin,silhouette
abilities,1.0,0.8267842822774659,0.8772092166660007,0.8433162667324656,0.7025476528283264,-0.3468632410091913,0.6008882857319104
v_measure,0.8267842822774659,1.0,0.9376638602899586,0.9290605144654864,0.7277157485657887,-0.6081672938128432,0.6747887237061254
mutual_info,0.8772092166660007,0.9376638602899586,1.0,0.8846735145012037,0.6864069587793664,-0.4481663121714835,0.5455723145002891
adjusted_rand_score,0.8433162667324656,0.9290605144654864,0.8846735145012037,1.0,0.6791067793473567,-0.513540188760718,0.6354327308617606
calinski_harabasz,0.7025476528283264,0.7277157485657887,0.6864069587793664,0.6791067793473567,1.0,-0.798901980136944,0.8276478934057122
davies_bouldin,-0.3468632410091913,-0.6081672938128432,-0.4481663121714835,-0.513540188760718,-0.798901980136944,1.0,-0.7377089630497811
silhouette,0.6008882857319104,0.6747887237061254,0.5455723145002891,0.6354327308617606,0.8276478934057122,-0.7377089630497811,1.0
