,abilities,v_measure,mutual_info,adjusted_rand_score,calinski_harabasz,davies_bouldin,silhouette
abilities,1.0,0.8303620998087718,0.8792029186552719,0.8443032508790328,0.7037813830115354,-0.3479735981740793,0.6008882857319104
v_measure,0.8303620998087718,1.0,0.9376889453821821,0.9325149589784714,0.7245080500894454,-0.6061933255197088,0.6712109061748196
mutual_info,0.8792029186552719,0.9376889453821821,1.0,0.8848787777891071,0.6865938728309958,-0.448948118662158,0.545314335695316
adjusted_rand_score,0.8443032508790328,0.9325149589784714,0.8848787777891071,1.0,0.6813274936771329,-0.5127999506507926,0.6362963419900067
calinski_harabasz,0.7037813830115354,0.7245080500894454,0.6865938728309958,0.6813274936771329,1.0,-0.798901980136944,0.8287582505706003
davies_bouldin,-0.3479735981740793,-0.6061933255197088,-0.448948118662158,-0.5127999506507926,-0.798901980136944,1.0,-0.7367219789032139
silhouette,0.6008882857319104,0.6712109061748196,0.545314335695316,0.6362963419900067,0.8287582505706003,-0.7367219789032139,1.0
