,abilities,v_measure,mutual_info,adjusted_rand_score,calinski_harabasz,davies_bouldin,silhouette
abilities,1.0,0.8646597989019802,0.8851670217960932,0.8598482511874653,0.7188328912466844,-0.3701807414718401,0.5734994756646722
v_measure,0.8646597989019802,1.0,0.9520989486654751,0.9378199987662699,0.7283326136573931,-0.5510455863302696,0.6124853494540744
mutual_info,0.8851670217960932,0.9520989486654751,1.0,0.8882514423891522,0.7073810188121681,-0.46506893702144725,0.5138644708036417
adjusted_rand_score,0.8598482511874653,0.9378199987662699,0.8882514423891522,1.0,0.6953920177657147,-0.5094688791561286,0.5862068965517241
calinski_harabasz,0.7188328912466844,0.7283326136573931,0.7073810188121681,0.6953920177657147,1.0,-0.809265313675899,0.8167910677934735
davies_bouldin,-0.3701807414718401,-0.5510455863302696,-0.46506893702144725,-0.5094688791561286,-0.809265313675899,1.0,-0.7289494787489976
silhouette,0.5734994756646722,0.6124853494540744,0.5138644708036417,0.5862068965517241,0.8167910677934735,-0.7289494787489976,1.0
