,abilities,v_measure,mutual_info,adjusted_rand_score,calinski_harabasz,davies_bouldin,silhouette
abilities,1.0,0.6923392444523442,0.7824059831872024,0.7053282106673594,0.7498188381027906,-0.7179069990019005,0.7053282106673594
v_measure,0.6923392444523442,1.0,0.917957026758395,0.9863000587921629,0.8763723868250864,-0.8356007055059544,0.6582124447968936
mutual_info,0.7824059831872024,0.917957026758395,1.0,0.91851760702735,0.8342938397892476,-0.7990319736030356,0.5727899806665293
adjusted_rand_score,0.7053282106673594,0.9863000587921629,0.91851760702735,1.0,0.8775482300824458,-0.8217366931459276,0.665431575493239
calinski_harabasz,0.7498188381027906,0.8763723868250864,0.8342938397892476,0.8775482300824458,1.0,-0.9295314401345384,0.6269568903047622
davies_bouldin,-0.7179069990019005,-0.8356007055059544,-0.7990319736030356,-0.8217366931459276,-0.9295314401345384,1.0,-0.5924746031529007
silhouette,0.7053282106673594,0.6582124447968936,0.5727899806665293,0.665431575493239,0.6269568903047622,-0.5924746031529007,1.0
