,abilities,v_measure,mutual_info,adjusted_rand_score,calinski_harabasz,davies_bouldin,silhouette
abilities,1.0,0.693405706941577,0.7800626204897524,0.7133403519326215,0.7532096419147103,-0.7182624864983115,0.7118090211788513
v_measure,0.693405706941577,1.0,0.9162143316151438,0.9856984645674675,0.8787514185318367,-0.8323739728462243,0.6582944803729884
mutual_info,0.7800626204897524,0.9162143316151438,1.0,0.9200973488836325,0.8357921218501757,-0.7982198279987421,0.5714461504805918
adjusted_rand_score,0.7133403519326215,0.9856984645674675,0.9200973488836325,1.0,0.8803921300537333,-0.820095981624031,0.6651581235729228
calinski_harabasz,0.7532096419147103,0.8787514185318367,0.8357921218501757,0.8803921300537333,1.0,-0.9196871710031583,0.626191224927877
davies_bouldin,-0.7182624864983115,-0.8323739728462243,-0.7982198279987421,-0.820095981624031,-0.9196871710031583,1.0,-0.5889197281887912
silhouette,0.7118090211788513,0.6582944803729884,0.5714461504805918,0.6651581235729228,0.626191224927877,-0.5889197281887912,1.0
