,abilities,v_measure,mutual_info,adjusted_rand_score,calinski_harabasz,davies_bouldin,silhouette
abilities,1.0,0.6831425826259835,0.7047559901552857,0.5692004990565771,0.4175451263537906,-0.38187725631768954,0.7262815884476534
v_measure,0.6831425826259835,1.0,0.994014717797403,0.9514903157065169,-0.11365851963990253,0.13073618158071382,0.2158717563300436
mutual_info,0.7047559901552857,0.994014717797403,1.0,0.9313092981167743,-0.06073112848854057,0.08218053837162846,0.2464692730916709
adjusted_rand_score,0.5692004990565771,0.9514903157065169,0.9313092981167743,1.0,-0.2722169074518959,0.2766214781029743,0.06588804457555836
calinski_harabasz,0.4175451263537906,-0.11365851963990253,-0.06073112848854057,-0.2722169074518959,1.0,-0.9831768953068593,0.7783393501805054
davies_bouldin,-0.38187725631768954,0.13073618158071382,0.08218053837162846,0.2766214781029743,-0.9831768953068593,1.0,-0.7994223826714801
silhouette,0.7262815884476534,0.2158717563300436,0.2464692730916709,0.06588804457555836,0.7783393501805054,-0.7994223826714801,1.0
