,abilities,v_measure,mutual_info,adjusted_rand_score,calinski_harabasz,davies_bouldin,silhouette
abilities,1.0,0.7547387823410361,0.7734723347988307,0.6253745909361408,0.3997906100039402,-0.35430242428920616,0.6840195672516394
v_measure,0.7547387823410361,1.0,0.9950318002135037,0.9520491063368839,-0.003429912460943534,0.040328549672357134,0.2678942153705371
mutual_info,0.7734723347988307,0.9950318002135037,1.0,0.9324470931659027,0.03974420565171034,7.226219209401881e-05,0.30173078308857554
adjusted_rand_score,0.6253745909361408,0.9520491063368839,0.9324470931659027,1.0,-0.17622529180910937,0.20106507889467937,0.10629118194755541
calinski_harabasz,0.3997906100039402,-0.003429912460943534,0.03974420565171034,-0.17622529180910937,1.0,-0.9781949458483754,0.7737184115523466
davies_bouldin,-0.35430242428920616,0.040328549672357134,7.226219209401881e-05,0.20106507889467937,-0.9781949458483754,1.0,-0.7987725631768953
silhouette,0.6840195672516394,0.2678942153705371,0.30173078308857554,0.10629118194755541,0.7737184115523466,-0.7987725631768953,1.0
