,abilities,v_measure,mutual_info,adjusted_rand_score,calinski_harabasz,davies_bouldin,silhouette
abilities,1.0,0.6650178758727334,0.6831980672373761,0.5634601159949256,0.41696750902527074,-0.3811552346570397,0.7235379061371842
v_measure,0.6650178758727334,1.0,0.9947382163910397,0.9563286468504405,-0.1229013979841894,0.1389681201060943,0.1977470495767936
mutual_info,0.6831980672373761,0.9947382163910397,1.0,0.9424505730262736,-0.077876187990368,0.09505741850380264,0.22505603422019027
adjusted_rand_score,0.5634601159949256,0.9563286468504405,0.9424505730262736,1.0,-0.2670902760383456,0.2701229312407275,0.06588804457555836
calinski_harabasz,0.41696750902527074,-0.1229013979841894,-0.077876187990368,-0.2670902760383456,1.0,-0.9829602888086643,0.7777617328519856
davies_bouldin,-0.3811552346570397,0.1389681201060943,0.09505741850380264,0.2701229312407275,-0.9829602888086643,1.0,-0.800361010830325
silhouette,0.7235379061371842,0.1977470495767936,0.22505603422019027,0.06588804457555836,0.7777617328519856,-0.800361010830325,1.0
