,abilities,v_measure,mutual_info,adjusted_rand_score,calinski_harabasz,davies_bouldin,silhouette
abilities,1.0,0.8135115426058752,0.8655967521746873,0.7964452474503957,0.701470444180807,-0.5741915822240604,0.4016783308118463
v_measure,0.8135115426058752,1.0,0.9753963200745244,0.9888111279210249,0.7895882538611404,-0.7604623572820184,0.47673520032216987
mutual_info,0.8655967521746873,0.9753963200745244,1.0,0.9639788194076996,0.7535876965385628,-0.6820786599503461,0.4130109440451248
adjusted_rand_score,0.7964452474503957,0.9888111279210249,0.9639788194076996,1.0,0.7855828988756708,-0.7539536554306301,0.4659816929155284
calinski_harabasz,0.701470444180807,0.7895882538611404,0.7535876965385628,0.7855828988756708,1.0,-0.8536303971614223,0.4304994721203348
davies_bouldin,-0.5741915822240604,-0.7604623572820184,-0.6820786599503461,-0.7539536554306301,-0.8536303971614223,1.0,-0.5206417275270199
silhouette,0.4016783308118463,0.47673520032216987,0.4130109440451248,0.4659816929155284,0.4304994721203348,-0.5206417275270199,1.0
