,abilities,v_measure,mutual_info,adjusted_rand_score,calinski_harabasz,davies_bouldin,silhouette
abilities,1.0,0.7279881144905437,0.7748989132264972,0.7306329692684641,0.6806201803608757,-0.49608985976473785,0.4106055411401026
v_measure,0.7279881144905437,1.0,0.9739216561272136,0.9858071116819226,0.7514285403310949,-0.729224942042078,0.5338550453323465
mutual_info,0.7748989132264972,0.9739216561272136,1.0,0.9706346528510944,0.7147490666869837,-0.6487260141275836,0.4660687658499951
adjusted_rand_score,0.7306329692684641,0.9858071116819226,0.9706346528510944,1.0,0.7385417460300184,-0.705998236773077,0.5167234454760169
calinski_harabasz,0.6806201803608757,0.7514285403310949,0.7147490666869837,0.7385417460300184,1.0,-0.8856297005779467,0.4534867268195522
davies_bouldin,-0.49608985976473785,-0.729224942042078,-0.6487260141275836,-0.705998236773077,-0.8856297005779467,1.0,-0.5003537337962711
silhouette,0.4106055411401026,0.5338550453323465,0.4660687658499951,0.5167234454760169,0.4534867268195522,-0.5003537337962711,1.0
