,abilities,v_measure,mutual_info,adjusted_rand_score,calinski_harabasz,davies_bouldin,silhouette
abilities,1.0,0.6274465351772085,0.7982164472613626,0.7060379354643693,0.7598428171994257,-0.6921333031058717,0.6590342326003173
v_measure,0.6274465351772085,1.0,0.5420193485853525,0.9471019421144109,0.8459910828988135,-0.7695156049270763,0.8849845084259049
mutual_info,0.7982164472613626,0.5420193485853525,1.0,0.539827691989009,0.6049727949561833,-0.5807889980310141,0.4213270870556804
adjusted_rand_score,0.7060379354643693,0.9471019421144109,0.539827691989009,1.0,0.8441774351998791,-0.7471472833068843,0.8620116375727348
calinski_harabasz,0.7598428171994257,0.8459910828988135,0.6049727949561833,0.8441774351998791,1.0,-0.9487644525051009,0.8435728859669009
davies_bouldin,-0.6921333031058717,-0.7695156049270763,-0.5807889980310141,-0.7471472833068843,-0.9487644525051009,1.0,-0.7259880601526487
silhouette,0.6590342326003173,0.8849845084259049,0.4213270870556804,0.8620116375727348,0.8435728859669009,-0.7259880601526487,1.0
