,abilities,v_measure,mutual_info,adjusted_rand_score,calinski_harabasz,davies_bouldin,silhouette
abilities,1.0,0.6315272424998111,0.7957679960337937,0.710420917403461,0.7640746618302728,-0.6993878939016096,0.6649285876218545
v_measure,0.6315272424998111,1.0,0.5463064428611866,0.9514849240535026,0.8503740648379052,-0.7752588226403688,0.8913322753721756
mutual_info,0.7957679960337937,0.5463064428611866,1.0,0.5540903083494563,0.6006423582598852,-0.5719251846138415,0.42282259618319806
adjusted_rand_score,0.710420917403461,0.9514849240535026,0.5540903083494563,1.0,0.8361671578629185,-0.7450313609914607,0.8614070883397567
calinski_harabasz,0.7640746618302728,0.8503740648379052,0.6006423582598852,0.8361671578629185,1.0,-0.9505781002040353,0.8431194740421674
davies_bouldin,-0.6993878939016096,-0.7752588226403688,-0.5719251846138415,-0.7450313609914607,-0.9505781002040353,1.0,-0.7253835109196706
silhouette,0.6649285876218545,0.8913322753721756,0.42282259618319806,0.8614070883397567,0.8431194740421674,-0.7253835109196706,1.0
