,abilities,v_measure,mutual_info,adjusted_rand_score,calinski_harabasz,davies_bouldin,silhouette
abilities,1.0,0.6289579082596539,0.796070282072173,0.7083049950880375,0.7645280737550064,-0.6906219300234263,0.66145242953223
v_measure,0.6289579082596539,1.0,0.5521254490999902,0.9501246882793017,0.8432706113504118,-0.7764679211063251,0.8871004307413285
mutual_info,0.796070282072173,0.5521254490999902,1.0,0.5576421693004143,0.6005667867502904,-0.5894577748398472,0.42879274544119134
adjusted_rand_score,0.7083049950880375,0.9501246882793017,0.5576421693004143,1.0,0.8354114713216958,-0.7509257160129978,0.8601979898738004
calinski_harabasz,0.7645280737550064,0.8432706113504118,0.6005667867502904,0.8354114713216958,1.0,-0.9428700974835638,0.8396433159525429
davies_bouldin,-0.6906219300234263,-0.7764679211063251,-0.5894577748398472,-0.7509257160129978,-0.9428700974835638,1.0,-0.7220584901382906
silhouette,0.66145242953223,0.8871004307413285,0.42879274544119134,0.8601979898738004,0.8396433159525429,-0.7220584901382906,1.0
