,abilities,v_measure,mutual_info,adjusted_rand_score,calinski_harabasz,davies_bouldin,silhouette
abilities,1.0,0.6318295171163002,0.7993954284943465,0.7107231920199502,0.7642257991385173,-0.6900173807904482,0.6597899191415401
v_measure,0.6318295171163002,1.0,0.5521254490999902,0.9502758255875463,0.8446308471246127,-0.7808509030454167,0.8877049799743066
mutual_info,0.7993954284943465,0.5521254490999902,1.0,0.557793312319604,0.6031362180765154,-0.5947477805114868,0.4296996035563296
adjusted_rand_score,0.7107231920199502,0.9502758255875463,0.557793312319604,1.0,0.8370739817123857,-0.7553086979520894,0.8603491271820449
calinski_harabasz,0.7642257991385173,0.8446308471246127,0.6031362180765154,0.8370739817123857,1.0,-0.9416609990176075,0.8390387667195647
davies_bouldin,-0.6900173807904482,-0.7808509030454167,-0.5947477805114868,-0.7553086979520894,-0.9416609990176075,1.0,-0.719942567822867
silhouette,0.6597899191415401,0.8877049799743066,0.4296996035563296,0.8603491271820449,0.8390387667195647,-0.719942567822867,1.0
