,abilities,v_measure,mutual_info,adjusted_rand_score,calinski_harabasz,davies_bouldin,silhouette
abilities,1.0,0.6174714728330688,0.7921405635732407,0.6900173807904482,0.7542507367943777,-0.6848787123101338,0.6735434141917932
v_measure,0.6174714728330688,1.0,0.5621764598761055,0.952996297135948,0.855059321393486,-0.7757122345651024,0.8929947857628656
mutual_info,0.7921405635732407,0.5621764598761055,1.0,0.5729831857481693,0.6119025131895183,-0.591573777108503,0.4368033254582457
adjusted_rand_score,0.6900173807904482,0.952996297135948,0.5729831857481693,1.0,0.8332955490062722,-0.7469961459986397,0.8600468525655558
calinski_harabasz,0.7542507367943777,0.855059321393486,0.6119025131895183,0.8332955490062722,1.0,-0.9484621778886118,0.8342023728557394
davies_bouldin,-0.6848787123101338,-0.7757122345651024,-0.591573777108503,-0.7469961459986397,-0.9484621778886118,1.0,-0.7306733167082294
silhouette,0.6735434141917932,0.8929947857628656,0.4368033254582457,0.8600468525655558,0.8342023728557394,-0.7306733167082294,1.0
