,abilities,v_measure,mutual_info,adjusted_rand_score,calinski_harabasz,davies_bouldin,silhouette
abilities,1.0,0.8222179805306357,0.8637856003851353,0.7976331360946746,0.7536171025004772,-0.5566329452185531,0.49593433861423936
v_measure,0.8222179805306357,1.0,0.9767885782486552,0.9794999045619392,0.8139721320862761,-0.7465165107845009,0.5419736590952472
mutual_info,0.8637856003851353,0.9767885782486552,1.0,0.9595327181154419,0.7799496073485509,-0.668588226798589,0.48595098149484606
adjusted_rand_score,0.7976331360946746,0.9794999045619392,0.9595327181154419,1.0,0.7954571483107463,-0.7200992555831266,0.5265508684863524
calinski_harabasz,0.7536171025004772,0.8139721320862761,0.7799496073485509,0.7954571483107463,1.0,-0.8731437297194121,0.5594197365909525
davies_bouldin,-0.5566329452185531,-0.7465165107845009,-0.668588226798589,-0.7200992555831266,-0.8731437297194121,1.0,-0.6044283260164154
silhouette,0.49593433861423936,0.5419736590952472,0.48595098149484606,0.5265508684863524,0.5594197365909525,-0.6044283260164154,1.0
