,abilities,v_measure,mutual_info,adjusted_rand_score,calinski_harabasz,davies_bouldin,silhouette
abilities,1.0,0.7921359037984348,0.8453793222309252,0.7862187440351212,0.7273907234205,-0.5385760641343768,0.5039893109372018
v_measure,0.7921359037984348,1.0,0.9681520152379768,0.9753006298912006,0.774040847489979,-0.7240694789081886,0.6179805306356175
mutual_info,0.8453793222309252,0.9681520152379768,1.0,0.9569093043889169,0.7349182565543381,-0.6236364157223868,0.5390583991312415
adjusted_rand_score,0.7862187440351212,0.9753006298912006,0.9569093043889169,1.0,0.7559076159572438,-0.6845581217789655,0.5862187440351212
calinski_harabasz,0.7273907234205,0.774040847489979,0.7349182565543381,0.7559076159572438,1.0,-0.886848635235732,0.5927848826111853
davies_bouldin,-0.5385760641343768,-0.7240694789081886,-0.6236364157223868,-0.6845581217789655,-0.886848635235732,1.0,-0.6075586944073297
silhouette,0.5039893109372018,0.6179805306356175,0.5390583991312415,0.5862187440351212,0.5927848826111853,-0.6075586944073297,1.0
