,abilities,v_measure,mutual_info,adjusted_rand_score,calinski_harabasz,davies_bouldin,silhouette
abilities,1.0,0.791372399312846,0.8447303372243581,0.785340713876694,0.7231914487497614,-0.5362092002290514,0.5043710631799961
v_measure,0.791372399312846,1.0,0.9685719467128144,0.9748043519755678,0.7748807024241268,-0.7239931284596297,0.6178278297384997
mutual_info,0.8447303372243581,0.9685719467128144,1.0,0.9561839682051065,0.7362162265674723,-0.624361751906197,0.5412344076826725
adjusted_rand_score,0.785340713876694,0.9748043519755678,0.9561839682051065,1.0,0.7562511929757587,-0.684176369536171,0.5866386715021951
calinski_harabasz,0.7231914487497614,0.7748807024241268,0.7362162265674723,0.7562511929757587,1.0,-0.886848635235732,0.5925558312655087
davies_bouldin,-0.5362092002290514,-0.7239931284596297,-0.624361751906197,-0.684176369536171,-0.886848635235732,1.0,-0.6072914678373735
silhouette,0.5043710631799961,0.6178278297384997,0.5412344076826725,0.5866386715021951,0.5925558312655087,-0.6072914678373735,1.0
