,abilities,v_measure,mutual_info,adjusted_rand_score,calinski_harabasz,davies_bouldin,silhouette
abilities,1.0,0.7921740790227143,0.8459519560602491,0.7864477953807979,0.7262454666921169,-0.5388432907043329,0.5046382897499523
v_measure,0.7921740790227143,1.0,0.9680756640607336,0.9753006298912006,0.774040847489979,-0.7240694789081886,0.6181332315327353
mutual_info,0.8459519560602491,0.9680756640607336,1.0,0.9568329532116737,0.7353000124405541,-0.6236745913110083,0.5389820479539984
adjusted_rand_score,0.7864477953807979,0.9753006298912006,0.9568329532116737,1.0,0.7559076159572438,-0.6845581217789655,0.5865623210536361
calinski_harabasz,0.7262454666921169,0.774040847489979,0.7353000124405541,0.7559076159572438,1.0,-0.886848635235732,0.5925558312655087
davies_bouldin,-0.5388432907043329,-0.7240694789081886,-0.6236745913110083,-0.6845581217789655,-0.886848635235732,1.0,-0.6072914678373735
silhouette,0.5046382897499523,0.6181332315327353,0.5389820479539984,0.5865623210536361,0.5925558312655087,-0.6072914678373735,1.0
