,abilities,v_measure,mutual_info,adjusted_rand_score,calinski_harabasz,davies_bouldin,silhouette
abilities,1.0,0.7632754342431762,0.8207673220080168,0.7575491506012598,0.7244130559267036,-0.520748234395877,0.4917350639435007
v_measure,0.7632754342431762,1.0,0.9633899599160145,0.9746134758541707,0.7804924603932049,-0.7281924031303684,0.6111471654895972
mutual_info,0.8207673220080168,0.9633899599160145,1.0,0.9529681236877267,0.7401794235541134,-0.6198129414010307,0.5270089711777056
adjusted_rand_score,0.7575491506012598,0.9746134758541707,0.9529681236877267,1.0,0.7591525100209964,-0.6922313418591334,0.584997136858179
calinski_harabasz,0.7244130559267036,0.7804924603932049,0.7401794235541134,0.7591525100209964,1.0,-0.8837946172933766,0.5924413055926704
davies_bouldin,-0.520748234395877,-0.7281924031303684,-0.6198129414010307,-0.6922313418591334,-0.8837946172933766,1.0,-0.6057644588661958
silhouette,0.4917350639435007,0.6111471654895972,0.5270089711777056,0.584997136858179,0.5924413055926704,-0.6057644588661958,1.0
