,abilities,v_measure,mutual_info,adjusted_rand_score,calinski_harabasz,davies_bouldin,silhouette
abilities,1.0,0.8416975023126735,0.8552266419981499,0.8677150786308974,0.7716234967622572,-0.6618871415356151,0.543940795559667
v_measure,0.8416975023126735,1.0,0.9924838112858464,0.9595282146160962,0.9021739130434783,-0.8613552266419982,0.6122802960222017
mutual_info,0.8552266419981499,0.9924838112858464,1.0,0.961031452358927,0.8862164662349676,-0.8447039777983348,0.5896160962072156
adjusted_rand_score,0.8677150786308974,0.9595282146160962,0.961031452358927,1.0,0.8575393154486587,-0.7734736355226642,0.6049953746530989
calinski_harabasz,0.7716234967622572,0.9021739130434783,0.8862164662349676,0.8575393154486587,1.0,-0.9365171137835338,0.6283533765032377
davies_bouldin,-0.6618871415356151,-0.8613552266419982,-0.8447039777983348,-0.7734736355226642,-0.9365171137835338,1.0,-0.5688020351526365
silhouette,0.543940795559667,0.6122802960222017,0.5896160962072156,0.6049953746530989,0.6283533765032377,-0.5688020351526365,1.0
