,abilities,v_measure,mutual_info,adjusted_rand_score,calinski_harabasz,davies_bouldin,silhouette
abilities,1.0,0.8421843835729947,0.8562920994587432,0.8686652601126372,0.7725709002679085,-0.669943049049862,0.5553467667320208
v_measure,0.8421843835729947,1.0,0.9919056429232193,0.9594125809435707,0.9020582793709528,-0.8614708603145236,0.6148242368177613
mutual_info,0.8562920994587432,0.9919056429232193,1.0,0.9609158186864015,0.8858695652173914,-0.8442414431082331,0.593432007400555
adjusted_rand_score,0.8686652601126372,0.9594125809435707,0.9609158186864015,1.0,0.8569611470860314,-0.7748612395929695,0.6103145235892692
calinski_harabasz,0.7725709002679085,0.9020582793709528,0.8858695652173914,0.8569611470860314,1.0,-0.9354764107308048,0.6281221091581869
davies_bouldin,-0.669943049049862,-0.8614708603145236,-0.8442414431082331,-0.7748612395929695,-0.9354764107308048,1.0,-0.566836262719704
silhouette,0.5553467667320208,0.6148242368177613,0.593432007400555,0.6103145235892692,0.6281221091581869,-0.566836262719704,1.0
