,abilities,v_measure,mutual_info,adjusted_rand_score,calinski_harabasz,davies_bouldin,silhouette
abilities,1.0,0.8437789084181314,0.8614708603145236,0.8680619796484736,0.7752081406105458,-0.6698658649398704,0.5538852913968547
v_measure,0.8437789084181314,1.0,0.9937557816836263,0.9597594819611471,0.9021739130434783,-0.8598519888991675,0.6138991674375578
mutual_info,0.8614708603145236,0.9937557816836263,1.0,0.9645004625346901,0.887372802960222,-0.8443570767807586,0.5942414431082331
adjusted_rand_score,0.8680619796484736,0.9597594819611471,0.9645004625346901,1.0,0.8562673450508789,-0.7731267345050878,0.6083487511563367
calinski_harabasz,0.7752081406105458,0.9021739130434783,0.887372802960222,0.8562673450508789,1.0,-0.9333950046253469,0.6281221091581869
davies_bouldin,-0.6698658649398704,-0.8598519888991675,-0.8443570767807586,-0.7731267345050878,-0.9333950046253469,1.0,-0.5693802035152636
silhouette,0.5538852913968547,0.6138991674375578,0.5942414431082331,0.6083487511563367,0.6281221091581869,-0.5693802035152636,1.0
