,abilities,v_measure,mutual_info,adjusted_rand_score,calinski_harabasz,davies_bouldin,silhouette
abilities,1.0,0.8140610545790934,0.8289777983348752,0.8811285846438482,0.6975023126734505,-0.5853376503237743,0.4915587419056429
v_measure,0.8140610545790934,1.0,0.9883209990749307,0.9391766882516188,0.8969703977798335,-0.8405411655874191,0.5824468085106383
mutual_info,0.8289777983348752,0.9883209990749307,1.0,0.946577243293247,0.8827474560592045,-0.7970629047178538,0.5420906567992599
adjusted_rand_score,0.8811285846438482,0.9391766882516188,0.946577243293247,1.0,0.815795559666975,-0.7106845513413506,0.5299491211840888
calinski_harabasz,0.6975023126734505,0.8969703977798335,0.8827474560592045,0.815795559666975,1.0,-0.9067992599444958,0.6180619796484736
davies_bouldin,-0.5853376503237743,-0.8405411655874191,-0.7970629047178538,-0.7106845513413506,-0.9067992599444958,1.0,-0.5697271045328399
silhouette,0.4915587419056429,0.5824468085106383,0.5420906567992599,0.5299491211840888,0.6180619796484736,-0.5697271045328399,1.0
