,abilities,v_measure,mutual_info,adjusted_rand_score,calinski_harabasz,davies_bouldin,silhouette
abilities,1.0,0.7441471000375953,0.7763423220205748,0.8578898800369117,0.6792781708192351,-0.4248607266140333,0.34659421032844595
v_measure,0.7441471000375953,1.0,0.9075156362144982,0.9091561570798729,0.8488670152773505,-0.7237089442564681,0.6390854096175536
mutual_info,0.7763423220205748,0.9075156362144982,1.0,0.8256946580539322,0.7760005468402884,-0.6323182610478827,0.4681294644382925
adjusted_rand_score,0.8578898800369117,0.9091561570798729,0.8256946580539322,1.0,0.7587067227177963,-0.5701835332718138,0.4960866741857206
calinski_harabasz,0.6792781708192351,0.8488670152773505,0.7760005468402884,0.7587067227177963,1.0,-0.8844799890631942,0.7630814450254623
davies_bouldin,-0.4248607266140333,-0.7237089442564681,-0.6323182610478827,-0.5701835332718138,-0.8844799890631942,1.0,-0.8518062818278137
silhouette,0.34659421032844595,0.6390854096175536,0.4681294644382925,0.4960866741857206,0.7630814450254623,-0.8518062818278137,1.0
