,abilities,v_measure,mutual_info,adjusted_rand_score,calinski_harabasz,davies_bouldin,silhouette
abilities,1.0,0.965810841908018,0.9751208126499885,0.05553857028545874,-0.4573128636707321,0.3238042013215425,-0.5986587330286992
v_measure,0.965810841908018,1.0,0.99559485847661,0.14597037988723446,-0.46388770176534405,0.2878529866202045,-0.5914395608008153
mutual_info,0.9751208126499885,0.99559485847661,1.0,0.08800565446559315,-0.469055524507709,0.2844340708110063,-0.5965021861336665
adjusted_rand_score,0.05553857028545874,0.14597037988723446,0.08800565446559315,1.0,0.1827900784309268,-0.21258115952047496,0.19489455432716563
calinski_harabasz,-0.4573128636707321,-0.46388770176534405,-0.469055524507709,0.1827900784309268,1.0,-0.45065912751898485,0.7654097767842467
davies_bouldin,0.3238042013215425,0.2878529866202045,0.2844340708110063,-0.21258115952047496,-0.45065912751898485,1.0,-0.5561984286136954
silhouette,-0.5986587330286992,-0.5914395608008153,-0.5965021861336665,0.19489455432716563,0.7654097767842467,-0.5561984286136954,1.0
