,abilities,v_measure,mutual_info,adjusted_rand_score,calinski_harabasz,davies_bouldin,silhouette
abilities,1.0,0.7627958172812328,0.7856228725726353,0.7347275729223995,-0.4325811777655476,0.453494771601541,-0.44744083654375344
v_measure,0.7627958172812328,1.0,0.9717722352745706,0.9713813979086406,-0.7550908090258668,0.7391304347826086,-0.7908640616400661
mutual_info,0.7856228725726353,0.9717722352745706,1.0,0.9416311090799544,-0.728689634205027,0.7091537190788868,-0.7627379434248712
adjusted_rand_score,0.7347275729223995,0.9713813979086406,0.9416311090799544,1.0,-0.8458998348926803,0.8150798018712163,-0.7820583379196477
calinski_harabasz,-0.4325811777655476,-0.7550908090258668,-0.728689634205027,-0.8458998348926803,1.0,-0.9389102916895983,0.8029719317556412
davies_bouldin,0.453494771601541,0.7391304347826086,0.7091537190788868,0.8150798018712163,-0.9389102916895983,1.0,-0.8871766648321409
silhouette,-0.44744083654375344,-0.7908640616400661,-0.7627379434248712,-0.7820583379196477,0.8029719317556412,-0.8871766648321409,1.0
