,abilities,v_measure,mutual_info,adjusted_rand_score,calinski_harabasz,davies_bouldin,silhouette
abilities,1.0,0.7699504678040726,0.777485495770863,0.7341772151898734,-0.42377545404512934,0.4634012107870116,-0.472757292239956
v_measure,0.7699504678040726,1.0,0.9735229100616591,0.9697303247110622,-0.7534397358282884,0.7341772151898734,-0.786461199779857
mutual_info,0.777485495770863,0.9735229100616591,1.0,0.9418681434481312,-0.7316693861986514,0.7122322488043799,-0.7619357858554457
adjusted_rand_score,0.7341772151898734,0.9697303247110622,0.9418681434481312,1.0,-0.8464501926252064,0.8046230049532196,-0.7837094111172263
calinski_harabasz,-0.42377545404512934,-0.7534397358282884,-0.7316693861986514,-0.8464501926252064,1.0,-0.9361585030269676,0.8244358833241607
davies_bouldin,0.4634012107870116,0.7341772151898734,0.7122322488043799,0.8046230049532196,-0.9361585030269676,1.0,-0.9091909741331866
silhouette,-0.472757292239956,-0.786461199779857,-0.7619357858554457,-0.7837094111172263,0.8244358833241607,-0.9091909741331866,1.0
