,abilities,v_measure,mutual_info,adjusted_rand_score,calinski_harabasz,davies_bouldin,silhouette
abilities,1.0,-0.2349066959385291,-0.20215817923765228,-0.3781558726673985,0.6536772777167947,-0.7612513721185511,0.5219538968166849
v_measure,-0.2349066959385291,1.0,0.9914588298677209,0.9237102085620198,-0.6553238199780461,0.34577387486278816,-0.7661909989023051
mutual_info,-0.20215817923765228,0.9914588298677209,1.0,0.9102641513214507,-0.6451386703540378,0.28335285778392244,-0.7672068605494509
adjusted_rand_score,-0.3781558726673985,0.9237102085620198,0.9102641513214507,1.0,-0.8375411635565313,0.47859495060373214,-0.7535675082327113
calinski_harabasz,0.6536772777167947,-0.6553238199780461,-0.6451386703540378,-0.8375411635565313,1.0,-0.6256860592755215,0.747530186608123
davies_bouldin,-0.7612513721185511,0.34577387486278816,0.28335285778392244,0.47859495060373214,-0.6256860592755215,1.0,-0.5812294182217344
silhouette,0.5219538968166849,-0.7661909989023051,-0.7672068605494509,-0.7535675082327113,0.747530186608123,-0.5812294182217344,1.0
