,abilities,v_measure,mutual_info,adjusted_rand_score,calinski_harabasz,davies_bouldin,silhouette
abilities,1.0,0.7004816770066664,0.7557531945289722,0.7117336518823938,0.7334823320873954,-0.7007128819698663,0.6188509113328966
v_measure,0.7004816770066664,1.0,0.9536276338584919,0.9911063157489114,0.8684443759392702,-0.813587145004046,0.4999036645986667
mutual_info,0.7557531945289722,0.9536276338584919,1.0,0.954652650428339,0.8453303944638119,-0.789455431069887,0.4510381182987658
adjusted_rand_score,0.7117336518823938,0.9911063157489114,0.954652650428339,1.0,0.8709259758776156,-0.8003776347732264,0.5077183923548225
calinski_harabasz,0.7334823320873954,0.8684443759392702,0.8453303944638119,0.8709259758776156,1.0,-0.9063619899040499,0.4938152672344033
davies_bouldin,-0.7007128819698663,-0.813587145004046,-0.789455431069887,-0.8003776347732264,-0.9063619899040499,1.0,-0.4993179453585604
silhouette,0.6188509113328966,0.4999036645986667,0.4510381182987658,0.5077183923548225,0.4938152672344033,-0.4993179453585604,1.0
