,abilities,v_measure,mutual_info,adjusted_rand_score,calinski_harabasz,davies_bouldin,silhouette
abilities,1.0,0.7013910831952526,0.7569294321255077,0.7120110978382336,0.7310007321490501,-0.7009286732688529,0.6224885360872413
v_measure,0.7013910831952526,1.0,0.9538012169205603,0.9905976648298717,0.8686909945666834,-0.8142807598936457,0.49982659627760007
mutual_info,0.7569294321255077,0.9538012169205603,1.0,0.953747268887929,0.8456045840476794,-0.7908319172033482,0.45113656944795444
adjusted_rand_score,0.7120110978382336,0.9905976648298717,0.953747268887929,1.0,0.8704019112943625,-0.8003930484374397,0.5072559824284228
calinski_harabasz,0.7310007321490501,0.8686909945666834,0.8456045840476794,0.8704019112943625,1.0,-0.9062078532619167,0.49372278524912333
davies_bouldin,-0.7009286732688529,-0.8142807598936457,-0.7908319172033482,-0.8003930484374397,-0.9062078532619167,1.0,-0.49965704597125354
silhouette,0.6224885360872413,0.49982659627760007,0.45113656944795444,0.5072559824284228,0.49372278524912333,-0.49965704597125354,1.0
