,abilities,v_measure,mutual_info,adjusted_rand_score,calinski_harabasz,davies_bouldin,silhouette
abilities,1.0,0.6458248237062155,0.7005845654730657,0.6528636771798199,0.7259604639512928,-0.6262957111479326,0.6077684867635158
v_measure,0.6458248237062155,1.0,0.9532000816998121,0.9927208690331074,0.8550036607452507,-0.7991599553003738,0.45665292281607645
mutual_info,0.7005845654730657,0.9532000816998121,1.0,0.9541825300183424,0.8286649018014658,-0.7744317152834472,0.4079550227575383
adjusted_rand_score,0.6528636771798199,0.9927208690331074,0.9541825300183424,1.0,0.8554924877428077,-0.7960263420595575,0.4638528914253213
calinski_harabasz,0.7259604639512928,0.8550036607452507,0.8286649018014658,0.8554924877428077,1.0,-0.9278332241532118,0.45965858733767484
davies_bouldin,-0.6262957111479326,-0.7991599553003738,-0.7744317152834472,-0.7960263420595575,-0.9278332241532118,1.0,-0.4589495587838619
silhouette,0.6077684867635158,0.45665292281607645,0.4079550227575383,0.4638528914253213,0.45965858733767484,-0.4589495587838619,1.0
