,abilities,v_measure,mutual_info,adjusted_rand_score,calinski_harabasz,davies_bouldin,silhouette
abilities,1.0,0.8954274603668844,0.8461017000546146,0.9475146650200679,0.602716887928373,-0.6186477307811052,0.6196356900277864
v_measure,0.8954274603668844,1.0,0.9713016074809654,0.917842477821762,0.6568279357232294,-0.6907900833821348,0.6349069131433905
mutual_info,0.8461017000546146,0.9713016074809654,1.0,0.8600643860138948,0.6677376541942515,-0.7024590237036121,0.6400594094608111
adjusted_rand_score,0.9475146650200679,0.917842477821762,0.8600643860138948,1.0,0.6003704847175054,-0.6044458166100648,0.6143254090768756
calinski_harabasz,0.602716887928373,0.6568279357232294,0.6677376541942515,0.6003704847175054,1.0,-0.9836986724297623,0.9832046928064218
davies_bouldin,-0.6186477307811052,-0.6907900833821348,-0.7024590237036121,-0.6044458166100648,-0.9836986724297623,1.0,-0.9643099722136462
silhouette,0.6196356900277864,0.6349069131433905,0.6400594094608111,0.6143254090768756,0.9832046928064218,-0.9643099722136462,1.0
