,abilities,v_measure,mutual_info,adjusted_rand_score,calinski_harabasz,davies_bouldin,silhouette
abilities,1.0,0.8953039616481248,0.8474964872851564,0.9483791293609138,0.6033343624575487,-0.6191417104044458,0.6208706390861377
v_measure,0.8953039616481248,1.0,0.9722600965139644,0.9162369944778864,0.6570749331607487,-0.6912840782571734,0.6339189233933132
mutual_info,0.8474964872851564,0.9722600965139644,1.0,0.8609645026101428,0.6664196390395817,-0.7016341745223444,0.6385569100874308
adjusted_rand_score,0.9483791293609138,0.9162369944778864,0.8609645026101428,1.0,0.6003704847175054,-0.6044458166100648,0.6143254090768756
calinski_harabasz,0.6033343624575487,0.6570749331607487,0.6664196390395817,0.6003704847175054,1.0,-0.9836986724297623,0.9832046928064218
davies_bouldin,-0.6191417104044458,-0.6912840782571734,-0.7016341745223444,-0.6044458166100648,-0.9836986724297623,1.0,-0.9643099722136462
silhouette,0.6208706390861377,0.6339189233933132,0.6385569100874308,0.6143254090768756,0.9832046928064218,-0.9643099722136462,1.0
