,abilities,v_measure,mutual_info,adjusted_rand_score,calinski_harabasz,davies_bouldin,silhouette
abilities,1.0,0.9075023155294845,0.8588022065717276,0.9578882371102192,0.6060512503859216,-0.6187712256869404,0.623834516826181
v_measure,0.9075023155294845,1.0,0.9687704050968462,0.9177523927138006,0.6497684470515591,-0.6817536276628589,0.6430997221364618
mutual_info,0.8588022065717276,0.9687704050968462,1.0,0.8589875462321631,0.6599327509243359,-0.693602789236802,0.6438082004664393
adjusted_rand_score,0.9578882371102192,0.9177523927138006,0.8589875462321631,1.0,0.5941957394257487,-0.5961716579191109,0.6154368632293918
calinski_harabasz,0.6060512503859216,0.6497684470515591,0.6599327509243359,0.5941957394257487,1.0,-0.9854276011114541,0.9870330348873109
davies_bouldin,-0.6187712256869404,-0.6817536276628589,-0.693602789236802,-0.5961716579191109,-0.9854276011114541,1.0,-0.9680148193887003
silhouette,0.623834516826181,0.6430997221364618,0.6438082004664393,0.6154368632293918,0.9870330348873109,-0.9680148193887003,1.0
