,abilities,v_measure,mutual_info,adjusted_rand_score,calinski_harabasz,davies_bouldin,silhouette
abilities,1.0,0.30534810111454735,0.3561869917619173,0.1468610428938383,0.6849909444722747,-0.6625178220492467,0.8805903433393704
v_measure,0.30534810111454735,1.0,0.99462673862988,0.9592147402570322,-0.09306573580085212,0.07681873198568058,0.15729843494489365
mutual_info,0.3561869917619173,0.99462673862988,1.0,0.932171851575531,-0.04251333721955967,0.029346921993628948,0.20117326589643675
adjusted_rand_score,0.1468610428938383,0.9592147402570322,0.932171851575531,1.0,-0.23059996868977392,0.20316997909863405,0.015306535354876036
calinski_harabasz,0.6849909444722747,-0.09306573580085212,-0.04251333721955967,-0.23059996868977392,1.0,-0.9791453123193711,0.783715463758622
davies_bouldin,-0.6625178220492467,0.07681873198568058,0.029346921993628948,0.20316997909863405,-0.9791453123193711,1.0,-0.792008015105391
silhouette,0.8805903433393704,0.15729843494489365,0.20117326589643675,0.015306535354876036,0.783715463758622,-0.792008015105391,1.0
