,abilities,v_measure,mutual_info,adjusted_rand_score,calinski_harabasz,davies_bouldin,silhouette
abilities,1.0,0.6654770954208936,0.687812356738046,0.5749873794181916,0.5236076642054476,-0.49385722873922894,0.8178440953863703
v_measure,0.6654770954208936,1.0,0.9969965399831723,0.9725123524832152,0.13687533021941936,-0.11417582309608396,0.417223877957944
mutual_info,0.687812356738046,0.9969965399831723,1.0,0.9563890438732235,0.17559837669976258,-0.15157918979334883,0.4462865167799086
adjusted_rand_score,0.5749873794181916,0.9725123524832152,0.9563890438732235,1.0,0.03576424891418548,-0.014714213615771571,0.31014694995883524
calinski_harabasz,0.5236076642054476,0.13687533021941936,0.17559837669976258,0.03576424891418548,1.0,-0.9886547562159912,0.7640312610793396
davies_bouldin,-0.49385722873922894,-0.11417582309608396,-0.15157918979334883,-0.014714213615771571,-0.9886547562159912,1.0,-0.7785365252107965
silhouette,0.8178440953863703,0.417223877957944,0.4462865167799086,0.31014694995883524,0.7640312610793396,-0.7785365252107965,1.0
