,abilities,v_measure,mutual_info,adjusted_rand_score,calinski_harabasz,davies_bouldin,silhouette
abilities,1.0,0.9595106924945205,0.9667081334044192,-0.07245046062240426,-0.5654285883537705,0.48578283277057044,-0.7112137906522126
v_measure,0.9595106924945205,1.0,0.9975119957348498,0.04232694531047248,-0.5958474024050708,0.4451750488715123,-0.7494520466796991
mutual_info,0.9667081334044192,0.9975119957348498,1.0,-0.0024436479972806016,-0.5945737811741011,0.44766305313666255,-0.7449203246253184
adjusted_rand_score,-0.07245046062240426,0.04232694531047248,-0.0024436479972806016,1.0,0.1745505169451465,-0.23895915415831823,0.22971772173223887
calinski_harabasz,-0.5654285883537705,-0.5958474024050708,-0.5945737811741011,0.1745505169451465,1.0,-0.36961672886677327,0.7832178188495942
davies_bouldin,0.48578283277057044,0.4451750488715123,0.44766305313666255,-0.23895915415831823,-0.36961672886677327,1.0,-0.461969077661276
silhouette,-0.7112137906522126,-0.7494520466796991,-0.7449203246253184,0.22971772173223887,0.7832178188495942,-0.461969077661276,1.0
