,abilities,v_measure,mutual_info,adjusted_rand_score,calinski_harabasz,davies_bouldin,silhouette
abilities,1.0,0.9631337812092267,0.9720866666496483,-0.06000590089409855,-0.33790360048621276,0.2466587763725833,-0.506794358328589
v_measure,0.9631337812092267,1.0,0.9966901566071392,0.05565126564542291,-0.3752806245294664,0.20272112534675357,-0.5278589789675731
mutual_info,0.9720866666496483,0.9966901566071392,1.0,-0.0013361729838084477,-0.3728118069167588,0.20095768419481955,-0.5337868542244589
adjusted_rand_score,-0.06000590089409855,0.05565126564542291,-0.0013361729838084477,1.0,0.15174041621199286,-0.16631623216226876,0.23288749021343583
calinski_harabasz,-0.33790360048621276,-0.3752806245294664,-0.3728118069167588,0.15174041621199286,1.0,-0.45114928885844313,0.7705220464056322
davies_bouldin,0.2466587763725833,0.20272112534675357,0.20095768419481955,-0.16631623216226876,-0.45114928885844313,1.0,-0.5463615461309422
silhouette,-0.506794358328589,-0.5278589789675731,-0.5337868542244589,0.23288749021343583,0.7705220464056322,-0.5463615461309422,1.0
