,abilities,v_measure,mutual_info,adjusted_rand_score,calinski_harabasz,davies_bouldin,silhouette
abilities,1.0,0.6532875685248544,0.6784898830493503,0.5389228118046313,0.49164501572542046,-0.4561739368248325,0.7981402980992752
v_measure,0.6532875685248544,1.0,0.995882330251939,0.9610021952391052,-0.007070182180137525,0.029361085378636877,0.31475302332310495
mutual_info,0.6784898830493503,0.995882330251939,1.0,0.9403492821937383,0.03241912507463479,-0.007372957137227068,0.3471718963688738
adjusted_rand_score,0.5389228118046313,0.9610021952391052,0.9403492821937383,1.0,-0.13751700869109526,0.152217762901808,0.18394404175655552
calinski_harabasz,0.49164501572542046,-0.007070182180137525,0.03241912507463479,-0.13751700869109526,1.0,-0.9850129905647477,0.7500615342540681
davies_bouldin,-0.4561739368248325,0.029361085378636877,-0.007372957137227068,0.152217762901808,-0.9850129905647477,1.0,-0.7691234787364967
silhouette,0.7981402980992752,0.31475302332310495,0.3471718963688738,0.18394404175655552,0.7500615342540681,-0.7691234787364967,1.0
