,abilities,v_measure,mutual_info,adjusted_rand_score,calinski_harabasz,davies_bouldin,silhouette
abilities,1.0,0.6713436875814475,0.6995527070398555,0.541237607647348,0.4923047470698076,-0.4573530517887002,0.7988294737604583
v_measure,0.6713436875814475,1.0,0.9946159934216829,0.9466421408046393,0.013689076136010952,0.011145451599249677,0.3326677982863161
mutual_info,0.6995527070398555,0.9946159934216829,1.0,0.9179472034627033,0.06357785302886976,-0.03538031588824127,0.37078187969343646
adjusted_rand_score,0.541237607647348,0.9466421408046393,0.9179472034627033,1.0,-0.13560249186365358,0.1503579465551504,0.18388934127577147
calinski_harabasz,0.4923047470698076,0.013689076136010952,0.06357785302886976,-0.13560249186365358,1.0,-0.9849309448926569,0.7498153972377957
davies_bouldin,-0.4573530517887002,0.011145451599249677,-0.03538031588824127,0.1503579465551504,-0.9849309448926569,1.0,-0.7689320388349514
silhouette,0.7988294737604583,0.3326677982863161,0.37078187969343646,0.18388934127577147,0.7498153972377957,-0.7689320388349514,1.0
