,abilities,v_measure,mutual_info,adjusted_rand_score,calinski_harabasz,davies_bouldin,silhouette
abilities,1.0,0.3496732037911616,0.39675062640275083,0.1379630961584981,0.6894995898277276,-0.6663111840306262,0.8786436970194148
v_measure,0.3496732037911616,1.0,0.9955481541363737,0.9382260238950542,-0.08424262341365293,0.05991741207573887,0.17794733015829886
mutual_info,0.39675062640275083,0.9955481541363737,1.0,0.9111150788624199,-0.0367744108923166,0.015686221380991874,0.21903271284914197
adjusted_rand_score,0.1379630961584981,0.9382260238950542,0.9111150788624199,1.0,-0.2659994125537584,0.22380376193481638,-0.0054829733953972
calinski_harabasz,0.6894995898277276,-0.08424262341365293,-0.0367744108923166,-0.2659994125537584,1.0,-0.9701941482089144,0.7857806945583812
davies_bouldin,-0.6663111840306262,0.05991741207573887,0.015686221380991874,0.22380376193481638,-0.9701941482089144,1.0,-0.7931091058244463
silhouette,0.8786436970194148,0.17794733015829886,0.21903271284914197,-0.0054829733953972,0.7857806945583812,-0.7931091058244463,1.0
