,abilities,v_measure,mutual_info,adjusted_rand_score,calinski_harabasz,davies_bouldin,silhouette
abilities,1.0,0.6533149193263249,0.680985786565491,0.536283513606801,0.4905237248735129,-0.4556816627922877,0.7967728702310953
v_measure,0.6533149193263249,1.0,0.9954633369440659,0.9620689421399513,-0.009285597099252184,0.03157650029775154,0.3096247480473766
mutual_info,0.680985786565491,0.9954633369440659,1.0,0.9411654383451478,0.040561912129337956,-0.01642182677301132,0.3461173689525019
adjusted_rand_score,0.536283513606801,0.9620689421399513,0.9411654383451478,1.0,-0.14049818489382584,0.15621089799904345,0.1747133356242475
calinski_harabasz,0.4905237248735129,-0.009285597099252184,0.040561912129337956,-0.14049818489382584,1.0,-0.9850403391221113,0.7492410775331602
davies_bouldin,-0.4556816627922877,0.03157650029775154,-0.01642182677301132,0.15621089799904345,-0.9850403391221113,1.0,-0.7683030220155886
silhouette,0.7967728702310953,0.3096247480473766,0.3461173689525019,0.1747133356242475,0.7492410775331602,-0.7683030220155886,1.0
