,abilities,v_measure,mutual_info,adjusted_rand_score,calinski_harabasz,davies_bouldin,silhouette
abilities,1.0,0.15243060995486094,0.1122595606760552,0.08304761637141264,0.2557828555137633,-0.3333926098666353,0.5328164462272282
v_measure,0.15243060995486094,1.0,0.9976525830682913,0.9395387876459961,0.7761323553215564,-0.7463599572078159,0.4365775417278312
mutual_info,0.1122595606760552,0.9976525830682913,1.0,0.9405463090085963,0.7697921584954612,-0.7393497095167718,0.41719126864689887
adjusted_rand_score,0.08304761637141264,0.9395387876459961,0.9405463090085963,1.0,0.7093291232133795,-0.6606918039188524,0.397114994862407
calinski_harabasz,0.2557828555137633,0.7761323553215564,0.7697921584954612,0.7093291232133795,1.0,-0.9817703334501465,0.4674419432765129
davies_bouldin,-0.3333926098666353,-0.7463599572078159,-0.7393497095167718,-0.6606918039188524,-0.9817703334501465,1.0,-0.48318538750426765
silhouette,0.5328164462272282,0.4365775417278312,0.41719126864689887,0.397114994862407,0.4674419432765129,-0.48318538750426765,1.0
