,abilities,v_measure,mutual_info,adjusted_rand_score,calinski_harabasz,davies_bouldin,silhouette
abilities,1.0,0.4911911350577982,0.45156013296480585,0.5112769121415401,0.4838122332859175,-0.48904694167852064,0.7126884779516358
v_measure,0.4911911350577982,1.0,0.9899568971648861,0.9626157588517291,0.7848958372164533,-0.7767875560990787,0.5322304175553871
mutual_info,0.45156013296480585,0.9899568971648861,1.0,0.9518329373941989,0.7745399974735607,-0.7701302305500763,0.5178346623083993
adjusted_rand_score,0.5112769121415401,0.9626157588517291,0.9518329373941989,1.0,0.7673990200684344,-0.7579820339286063,0.5450614167972677
calinski_harabasz,0.4838122332859175,0.7848958372164533,0.7745399974735607,0.7673990200684344,1.0,-0.9922048364153627,0.48170697012802277
davies_bouldin,-0.48904694167852064,-0.7767875560990787,-0.7701302305500763,-0.7579820339286063,-0.9922048364153627,1.0,-0.48170697012802277
silhouette,0.7126884779516358,0.5322304175553871,0.5178346623083993,0.5450614167972677,0.48170697012802277,-0.48170697012802277,1.0
