,abilities,v_measure,mutual_info,adjusted_rand_score,calinski_harabasz,davies_bouldin,silhouette
abilities,1.0,0.14891634484039679,0.10621483415917295,0.07038957530285472,0.24971548879025834,-0.330886536929555,0.535563901217708
v_measure,0.14891634484039679,1.0,0.996855883679317,0.9367789111291309,0.7766041441710069,-0.7474411228753618,0.436833607280671
mutual_info,0.10621483415917295,0.996855883679317,1.0,0.9386683747345853,0.7696663196953409,-0.7393639359879959,0.41528492150286866
adjusted_rand_score,0.07038957530285472,0.9367789111291309,0.9386683747345853,1.0,0.7080923829223108,-0.6586148277680407,0.39518027735206174
calinski_harabasz,0.24971548879025834,0.7766041441710069,0.7696663196953409,0.7080923829223108,1.0,-0.9823603049960169,0.46568794810515535
davies_bouldin,-0.330886536929555,-0.7474411228753618,-0.7393639359879959,-0.6586148277680407,-0.9823603049960169,1.0,-0.48344144759303515
silhouette,0.535563901217708,0.436833607280671,0.41528492150286866,0.39518027735206174,0.46568794810515535,-0.48344144759303515,1.0
