,abilities,v_measure,mutual_info,adjusted_rand_score,calinski_harabasz,davies_bouldin,silhouette
abilities,1.0,0.696300026661137,0.7936783013985275,0.7092751133098321,0.7574429007317001,-0.7187546286696093,0.7069941049263856
v_measure,0.696300026661137,1.0,0.9106919357119114,0.984980892851853,0.8730633646354831,-0.8393518381372752,0.677785348224072
mutual_info,0.7936783013985275,0.9106919357119114,1.0,0.9099217193847854,0.8272715827431799,-0.7973368289523762,0.5847571226655804
adjusted_rand_score,0.7092751133098321,0.984980892851853,0.9099217193847854,1.0,0.8739224457149628,-0.8243327309891282,0.684806114287407
calinski_harabasz,0.7574429007317001,0.8730633646354831,0.8272715827431799,0.8739224457149628,1.0,-0.9323992060905886,0.6483988506087627
davies_bouldin,-0.7187546286696093,-0.8393518381372752,-0.7973368289523762,-0.8243327309891282,-0.9323992060905886,1.0,-0.6062446307432533
silhouette,0.7069941049263856,0.677785348224072,0.5847571226655804,0.684806114287407,0.6483988506087627,-0.6062446307432533,1.0
