,abilities,v_measure,mutual_info,adjusted_rand_score,calinski_harabasz,davies_bouldin,silhouette
abilities,1.0,0.6984921645880854,0.7939211708245785,0.7082679148028557,0.7388985988091359,-0.7057795420209142,0.6584412121930266
v_measure,0.6984921645880854,1.0,0.910032142057673,0.9858103504458334,0.9165210178629618,-0.8833130906182421,0.5873744704801968
mutual_info,0.7939211708245785,0.910032142057673,1.0,0.9110097315590615,0.8690030069236416,-0.838105253894909,0.49251255319194137
adjusted_rand_score,0.7082679148028557,0.9858103504458334,0.9110097315590615,1.0,0.9145066208490091,-0.8703083804840478,0.5908700417691145
calinski_harabasz,0.7388985988091359,0.9165210178629618,0.8690030069236416,0.9145066208490091,1.0,-0.9256154279112481,0.5862784015167225
davies_bouldin,-0.7057795420209142,-0.8833130906182421,-0.838105253894909,-0.8703083804840478,-0.9256154279112481,1.0,-0.56468288058773
silhouette,0.6584412121930266,0.5873744704801968,0.49251255319194137,0.5908700417691145,0.5862784015167225,-0.56468288058773,1.0
