,abilities,v_measure,mutual_info,adjusted_rand_score,calinski_harabasz,davies_bouldin,silhouette
abilities,1.0,0.6954705690671564,0.7941522806767589,0.7092158663388334,0.7559913499422342,-0.7178066771336316,0.7083864087448529
v_measure,0.6954705690671564,1.0,0.9093440571394408,0.9849512693663537,0.8744852919394496,-0.8404182836152502,0.6783481944485589
mutual_info,0.7941522806767589,0.9093440571394408,1.0,0.9094921756638881,0.8280121753654166,-0.7976034422963815,0.5847867463704699
adjusted_rand_score,0.7092158663388334,0.9849512693663537,0.9094921756638881,1.0,0.8736558343454691,-0.8246289658441213,0.6857540658233848
calinski_harabasz,0.7559913499422342,0.8744852919394496,0.8280121753654166,0.8736558343454691,1.0,-0.9323103356340907,0.647954498326273
davies_bouldin,-0.7178066771336316,-0.8404182836152502,-0.7976034422963815,-0.8246289658441213,-0.9323103356340907,1.0,-0.6058002784607637
silhouette,0.7083864087448529,0.6783481944485589,0.5847867463704699,0.6857540658233848,0.647954498326273,-0.6058002784607637,1.0
