,abilities,v_measure,mutual_info,adjusted_rand_score,calinski_harabasz,davies_bouldin,silhouette
abilities,1.0,0.7021654767899991,0.7953313386853097,0.7213318719080487,0.7634564682880588,-0.7196729567200877,0.7098972065053174
v_measure,0.7021654767899991,1.0,0.9084041828361525,0.984980892851853,0.8769736647213912,-0.8347305743993838,0.6786148058180526
mutual_info,0.7953313386853097,0.9084041828361525,1.0,0.9123737298930592,0.8304944159729833,-0.7958349379387979,0.5839381461622775
adjusted_rand_score,0.7213318719080487,0.984980892851853,0.9123737298930592,1.0,0.8759072192434162,-0.8211630180407027,0.6853985839973932
calinski_harabasz,0.7634564682880588,0.8769736647213912,0.8304944159729833,0.8759072192434162,1.0,-0.9222383505643273,0.6470065467902953
davies_bouldin,-0.7196729567200877,-0.8347305743993838,-0.7958349379387979,-0.8211630180407027,-0.9222383505643273,1.0,-0.6016233670053619
silhouette,0.7098972065053174,0.6786148058180526,0.5839381461622775,0.6853985839973932,0.6470065467902953,-0.6016233670053619,1.0
