,abilities,v_measure,mutual_info,adjusted_rand_score,calinski_harabasz,davies_bouldin,silhouette
abilities,1.0,0.8993586581154416,0.7688350130382691,0.9147226724927761,0.8459369934456269,-0.5007400098667982,0.7279582775389386
v_measure,0.8993586581154416,1.0,0.8577771513143985,0.9788568609486221,0.9061244626118824,-0.682430051448305,0.7648882937486785
mutual_info,0.7688350130382691,0.8577771513143985,1.0,0.8508703925576151,0.7447318345196984,-0.5042638663753612,0.5750229050673057
adjusted_rand_score,0.9147226724927761,0.9788568609486221,0.8508703925576151,1.0,0.8669391782366622,-0.6277397984354077,0.7400803439283953
calinski_harabasz,0.8459369934456269,0.9061244626118824,0.7447318345196984,0.8669391782366622,1.0,-0.8397350059905561,0.8769469307209811
davies_bouldin,-0.5007400098667982,-0.682430051448305,-0.5042638663753612,-0.6277397984354077,-0.8397350059905561,1.0,-0.8281767566424695
silhouette,0.7279582775389386,0.7648882937486785,0.5750229050673057,0.7400803439283953,0.8769469307209811,-0.8281767566424695,1.0
