,abilities,v_measure,mutual_info,adjusted_rand_score,calinski_harabasz,davies_bouldin,silhouette
abilities,1.0,0.8973852984706463,0.7708083726830643,0.9213475227288744,0.8112622454013673,-0.5055324547184439,0.7159771654098245
v_measure,0.8973852984706463,1.0,0.8600324194798787,0.9758968214814293,0.8680668123194023,-0.678906194939742,0.746000422862781
mutual_info,0.7708083726830643,0.8600324194798787,1.0,0.8686306293607724,0.7180914793149623,-0.4989076044823455,0.5764324476707309
adjusted_rand_score,0.9213475227288744,0.9758968214814293,0.8686306293607724,1.0,0.8109803368806823,-0.5782648530551836,0.693565438015364
calinski_harabasz,0.8112622454013673,0.8680668123194023,0.7180914793149623,0.8109803368806823,1.0,-0.8184509126788357,0.8466417647473395
davies_bouldin,-0.5055324547184439,-0.678906194939742,-0.4989076044823455,-0.5782648530551836,-0.8184509126788357,1.0,-0.8319825216717175
silhouette,0.7159771654098245,0.746000422862781,0.5764324476707309,0.693565438015364,0.8466417647473395,-0.8319825216717175,1.0
