,abilities,v_measure,mutual_info,adjusted_rand_score,calinski_harabasz,davies_bouldin,silhouette
abilities,1.0,0.7309387579641538,0.7687756320923751,0.732810142111554,0.6591970567559451,-0.5138581968657223,0.35718750871273103
v_measure,0.7309387579641538,1.0,0.9819033171357264,0.9888672994839778,0.7590463145824042,-0.7493151557622476,0.45709371217430084
mutual_info,0.7687756320923751,0.9819033171357264,1.0,0.9789489191838732,0.7282152967794265,-0.6870766988838104,0.40263427181576655
adjusted_rand_score,0.732810142111554,0.9888672994839778,0.9789489191838732,1.0,0.7482799261005287,-0.728849461680576,0.4381410460597566
calinski_harabasz,0.6591970567559451,0.7590463145824042,0.7282152967794265,0.7482799261005287,1.0,-0.87554946805122,0.3670924380454864
davies_bouldin,-0.5138581968657223,-0.7493151557622476,-0.6870766988838104,-0.728849461680576,-0.87554946805122,1.0,-0.43990889978976877
silhouette,0.35718750871273103,0.45709371217430084,0.40263427181576655,0.4381410460597566,0.3670924380454864,-0.43990889978976877,1.0
