,abilities,v_measure,mutual_info,adjusted_rand_score,calinski_harabasz,davies_bouldin,silhouette
abilities,1.0,0.7319660284110245,0.7695878956798726,0.7339011192528044,0.661968297961457,-0.5153234508364527,0.35539575793330525
v_measure,0.7319660284110245,1.0,0.9819988771772957,0.9888832260941581,0.7592692871249284,-0.7495381283047716,0.45687073963177677
mutual_info,0.7695878956798726,0.9819988771772957,1.0,0.9790126258782528,0.7281834434322368,-0.6872359656197593,0.4024431517326278
adjusted_rand_score,0.7339011192528044,0.9888832260941581,0.9790126258782528,1.0,0.7484232655921513,-0.7288653882907562,0.43782251385615084
calinski_harabasz,0.661968297961457,0.7592692871249284,0.7281834434322368,0.7484232655921513,1.0,-0.8757565139835637,0.3672039243167484
davies_bouldin,-0.5153234508364527,-0.7495381283047716,-0.6872359656197593,-0.7288653882907562,-0.8757565139835637,1.0,-0.44005223928139137
silhouette,0.35539575793330525,0.45687073963177677,0.4024431517326278,0.43782251385615084,0.3672039243167484,-0.44005223928139137,1.0
