,abilities,v_measure,mutual_info,adjusted_rand_score,calinski_harabasz,davies_bouldin,silhouette
abilities,1.0,0.7290724342231,0.7670365636669854,0.7308721411734727,0.6598235331592024,-0.5154806650952412,0.35610307702108684
v_measure,0.7290724342231,1.0,0.9819510971565111,0.9889150793145187,0.758648149327897,-0.7488532840670191,0.4556443906478945
mutual_info,0.7670365636669854,0.9819510971565111,1.0,0.9787418724271395,0.7280560300434776,-0.6870607722102156,0.40266612516295636
adjusted_rand_score,0.7308721411734727,0.9889150793145187,0.9787418724271395,1.0,0.7481206599987259,-0.7283398101548066,0.43779066063579025
calinski_harabasz,0.6598235331592024,0.758648149327897,0.7280560300434776,0.7481206599987259,1.0,-0.87554946805122,0.3671879977065681
davies_bouldin,-0.5154806650952412,-0.7488532840670191,-0.6870607722102156,-0.7283398101548066,-0.87554946805122,1.0,-0.4400203860610308
silhouette,0.35610307702108684,0.4556443906478945,0.40266612516295636,0.43779066063579025,0.3671879977065681,-0.4400203860610308,1.0
