,abilities,v_measure,mutual_info,adjusted_rand_score,calinski_harabasz,davies_bouldin,silhouette
abilities,1.0,0.7649183160788643,0.8075987370522857,0.7642892124718659,0.668474344124972,-0.5610250407170065,0.38589533786753094
v_measure,0.7649183160788643,1.0,0.9850128212503239,0.9905714467732688,0.8465152576925528,-0.7604956361088105,0.34912722176212013
mutual_info,0.8075987370522857,0.9850128212503239,1.0,0.9797728830458909,0.8146431587189602,-0.7029321357223272,0.3052383455560983
adjusted_rand_score,0.7642892124718659,0.9905714467732688,0.9797728830458909,1.0,0.8401764668407976,-0.7489010638975601,0.330891253105689
calinski_harabasz,0.668474344124972,0.8465152576925528,0.8146431587189602,0.8401764668407976,1.0,-0.8684939797413519,0.3482034783716634
davies_bouldin,-0.5610250407170065,-0.7604956361088105,-0.7029321357223272,-0.7489010638975601,-0.8684939797413519,1.0,-0.413215901127604
silhouette,0.38589533786753094,0.34912722176212013,0.3052383455560983,0.330891253105689,0.3482034783716634,-0.413215901127604,1.0
