,abilities,v_measure,mutual_info,adjusted_rand_score,calinski_harabasz,davies_bouldin,silhouette
abilities,1.0,0.9615914691598741,0.5590099234848506,0.9716579800533723,0.8516476932294788,-0.5144397843019772,0.7517076093469143
v_measure,0.9615914691598741,1.0,0.5583153410762599,0.9765100671140939,0.8405536596070984,-0.46162142811613105,0.7257474996550596
mutual_info,0.5590099234848506,0.5583153410762599,1.0,0.5221540779506947,0.7361652280839133,-0.008615086730502364,0.1703603066144411
adjusted_rand_score,0.9716579800533723,0.9765100671140939,0.5221540779506947,1.0,0.8002876160331056,-0.45634849383858433,0.7036970472216826
calinski_harabasz,0.8516476932294788,0.8405536596070984,0.7361652280839133,0.8002876160331056,1.0,-0.46746554823247455,0.6745356500898742
davies_bouldin,-0.5144397843019772,-0.46162142811613105,-0.008615086730502364,-0.45634849383858433,-0.46746554823247455,1.0,-0.8928699820251648
silhouette,0.7517076093469143,0.7257474996550596,0.1703603066144411,0.7036970472216826,0.6745356500898742,-0.8928699820251648,1.0
