,abilities,v_measure,mutual_info,adjusted_rand_score,calinski_harabasz,davies_bouldin,silhouette
abilities,1.0,0.5937876200341555,0.6632837325845492,0.5958593465662533,0.5070550687309275,-0.36064839441193763,0.14318709930289203
v_measure,0.5937876200341555,1.0,0.9831319905214542,0.9900613119068283,0.7586158627061228,-0.7574540160698787,0.42065847308155324
mutual_info,0.6632837325845492,0.9831319905214542,1.0,0.9805142994087489,0.7285580302238239,-0.6984615816018122,0.3706622618894177
adjusted_rand_score,0.5958593465662533,0.9900613119068283,0.9805142994087489,1.0,0.7498250230969512,-0.7394663904364623,0.4032027772334052
calinski_harabasz,0.5070550687309275,0.7586158627061228,0.7285580302238239,0.7498250230969512,1.0,-0.8798958537473054,0.3307343430667152
davies_bouldin,-0.36064839441193763,-0.7574540160698787,-0.6984615816018122,-0.7394663904364623,-0.8798958537473054,1.0,-0.4010610599400879
silhouette,0.14318709930289203,0.42065847308155324,0.3706622618894177,0.4032027772334052,0.3307343430667152,-0.4010610599400879,1.0
