,abilities,v_measure,mutual_info,adjusted_rand_score,calinski_harabasz,davies_bouldin,silhouette
abilities,1.0,0.5886684164623628,0.6581580338029237,0.589788276479888,0.502306211735838,-0.35332983377943306,0.14087139107956598
v_measure,0.5886684164623628,1.0,0.9831986589783426,0.9903832694084381,0.7587138497718301,-0.7574960105266105,0.42061647862482154
mutual_info,0.6581580338029237,0.9831986589783426,1.0,0.9807699710647246,0.7285363830792361,-0.6984402504320969,0.37059537849613283
adjusted_rand_score,0.589788276479888,0.9903832694084381,0.9807699710647246,1.0,0.7499650046193902,-0.7399423276127551,0.40339875136481984
calinski_harabasz,0.502306211735838,0.7587138497718301,0.7285363830792361,0.7499650046193902,1.0,-0.8799238500517932,0.3306083596965201
davies_bouldin,-0.35332983377943306,-0.7574960105266105,-0.6984402504320969,-0.7399423276127551,-0.8799238500517932,1.0,-0.40113105070130745
silhouette,0.14087139107956598,0.42061647862482154,0.37059537849613283,0.40339875136481984,0.3306083596965201,-0.40113105070130745,1.0
