,abilities,v_measure,mutual_info,adjusted_rand_score,calinski_harabasz,davies_bouldin,silhouette
abilities,1.0,0.5819352581069922,0.6519427889551346,0.582432195989769,0.4962379702658731,-0.34606474191573805,0.1351111111144205
v_measure,0.5819352581069922,1.0,0.9833106445881924,0.989949326688877,0.7593297684705619,-0.7577199809625129,0.42184831602228506
mutual_info,0.6519427889551346,0.9833106445881924,1.0,0.9805040052413313,0.7290123219210978,-0.698692218054259,0.3718412184057121
adjusted_rand_score,0.582432195989769,0.989949326688877,0.9805040052413313,1.0,0.7500909879895854,-0.7397743497858282,0.4035387328872589
calinski_harabasz,0.4962379702658731,0.7593297684705619,0.7290123219210978,0.7500909879895854,1.0,-0.8798958537473054,0.3306503541532518
davies_bouldin,-0.34606474191573805,-0.7577199809625129,-0.698692218054259,-0.7397743497858282,-0.8798958537473054,1.0,-0.4009630728743806
silhouette,0.1351111111144205,0.42184831602228506,0.3718412184057121,0.4035387328872589,0.3306503541532518,-0.4009630728743806,1.0
