,abilities,v_measure,mutual_info,adjusted_rand_score,calinski_harabasz,davies_bouldin,silhouette
abilities,1.0,-0.006255663716900027,-0.06206967235329416,-0.07243707799288909,0.16141479099678457,-0.3002630809704765,0.5458053200818475
v_measure,-0.006255663716900027,1.0,0.9952196605542046,0.9397801683816651,0.8305124386020872,-0.7719898275682842,0.4189248445181976
mutual_info,-0.06206967235329416,0.9952196605542046,1.0,0.9407207197136089,0.8221088633548179,-0.7635476039465993,0.39072025498324214
adjusted_rand_score,-0.07243707799288909,0.9397801683816651,0.9407207197136089,1.0,0.7510011988358812,-0.666871291465609,0.3577713468744833
calinski_harabasz,0.16141479099678457,0.8305124386020872,0.8221088633548179,0.7510011988358812,1.0,-0.9621748026892721,0.5480853551593101
davies_bouldin,-0.3002630809704765,-0.7719898275682842,-0.7635476039465993,-0.666871291465609,-0.9621748026892721,1.0,-0.5760888629055831
silhouette,0.5458053200818475,0.4189248445181976,0.39072025498324214,0.3577713468744833,0.5480853551593101,-0.5760888629055831,1.0
