,abilities,v_measure,mutual_info,adjusted_rand_score,calinski_harabasz,davies_bouldin,silhouette
abilities,1.0,0.4934393175490231,0.4313685381309523,0.5287997898163798,0.49918176504967854,-0.4979544126241964,0.7642314436002338
v_measure,0.4934393175490231,1.0,0.9816470863288328,0.9648138406686539,0.846284228421804,-0.831380227714075,0.5748560743563419
mutual_info,0.4313685381309523,0.9816470863288328,1.0,0.9438891811327371,0.8253017333077857,-0.8230807449670261,0.550717437915981
adjusted_rand_score,0.5287997898163798,0.9648138406686539,0.9438891811327371,1.0,0.8182880859159133,-0.799117449711462,0.5727519801387801
calinski_harabasz,0.49918176504967854,0.846284228421804,0.8253017333077857,0.8182880859159133,1.0,-0.9815897136177674,0.5768556399766218
davies_bouldin,-0.4979544126241964,-0.831380227714075,-0.8230807449670261,-0.799117449711462,-0.9815897136177674,1.0,-0.5698421975452952
silhouette,0.7642314436002338,0.5748560743563419,0.550717437915981,0.5727519801387801,0.5768556399766218,-0.5698421975452952,1.0
