,abilities,v_measure,mutual_info,adjusted_rand_score,calinski_harabasz,davies_bouldin,silhouette
abilities,1.0,0.4909845409618677,0.42745258500382355,0.5307869899107436,0.4907656341320865,-0.49549970777323205,0.7601402688486265
v_measure,0.4909845409618677,1.0,0.9802443158571512,0.9655736746741481,0.847160934345788,-0.8322569336380591,0.5757912273419249
mutual_info,0.42745258500382355,0.9802443158571512,1.0,0.9438307323630838,0.8253601803693846,-0.8195739212710899,0.5514772497167673
adjusted_rand_score,0.5307869899107436,0.9655736746741481,0.9438307323630838,1.0,0.8190478977166994,-0.8015722262986174,0.5738624743091599
calinski_harabasz,0.4907656341320865,0.847160934345788,0.8253601803693846,0.8190478977166994,1.0,-0.9843950905902981,0.5773816481589714
davies_bouldin,-0.49549970777323205,-0.8322569336380591,-0.8195739212710899,-0.8015722262986174,-0.9843950905902981,1.0,-0.5725891291642314
silhouette,0.7601402688486265,0.5757912273419249,0.5514772497167673,0.5738624743091599,0.5773816481589714,-0.5725891291642314,1.0
