,abilities,v_measure,mutual_info,adjusted_rand_score,calinski_harabasz,davies_bouldin,silhouette
abilities,1.0,0.8797940797940798,0.8581724581724581,0.9281853281853282,0.8164736164736165,-0.6288288288288288,0.6990990990990991
v_measure,0.8797940797940798,1.0,0.9768339768339769,0.9626769626769627,0.9166023166023166,-0.8416988416988417,0.6800514800514801
mutual_info,0.8581724581724581,0.9768339768339769,1.0,0.9451737451737452,0.8761904761904762,-0.8002574002574002,0.6375804375804376
adjusted_rand_score,0.9281853281853282,0.9626769626769627,0.9451737451737452,1.0,0.871042471042471,-0.7256113256113256,0.6558558558558558
calinski_harabasz,0.8164736164736165,0.9166023166023166,0.8761904761904762,0.871042471042471,1.0,-0.9297297297297298,0.7405405405405405
davies_bouldin,-0.6288288288288288,-0.8416988416988417,-0.8002574002574002,-0.7256113256113256,-0.9297297297297298,1.0,-0.6574002574002574
silhouette,0.6990990990990991,0.6800514800514801,0.6375804375804376,0.6558558558558558,0.7405405405405405,-0.6574002574002574,1.0
