,abilities,v_measure,mutual_info,adjusted_rand_score,calinski_harabasz,davies_bouldin,silhouette
abilities,1.0,0.8728442728442728,0.865894465894466,0.9256113256113256,0.8223938223938224,-0.6332046332046332,0.6787644787644788
v_measure,0.8728442728442728,1.0,0.9814671814671815,0.9567567567567568,0.9333333333333333,-0.8761904761904762,0.6707850707850708
mutual_info,0.865894465894466,0.9814671814671815,1.0,0.9503217503217504,0.903989703989704,-0.8393822393822394,0.6283140283140283
adjusted_rand_score,0.9256113256113256,0.9567567567567568,0.9503217503217504,1.0,0.8694980694980695,-0.7444015444015444,0.6424710424710425
calinski_harabasz,0.8223938223938224,0.9333333333333333,0.903989703989704,0.8694980694980695,1.0,-0.9281853281853282,0.7431145431145432
davies_bouldin,-0.6332046332046332,-0.8761904761904762,-0.8393822393822394,-0.7444015444015444,-0.9281853281853282,1.0,-0.6566280566280567
silhouette,0.6787644787644788,0.6707850707850708,0.6283140283140283,0.6424710424710425,0.7431145431145432,-0.6566280566280567,1.0
