,abilities,v_measure,mutual_info,adjusted_rand_score,calinski_harabasz,davies_bouldin,silhouette
abilities,1.0,0.5672573708605714,0.36963533271102716,0.956665442526625,-0.037091443261109074,0.1020932794711715,0.11531399192067572
v_measure,0.5672573708605714,1.0,0.8700371321997475,0.6318979000101088,0.30630796199269444,-0.3110825465321489,0.2451565523142968
mutual_info,0.36963533271102716,0.8700371321997475,1.0,0.39132452677363344,0.30291348995911127,-0.31210382642631734,0.14649396328726438
adjusted_rand_score,0.956665442526625,0.6318979000101088,0.39132452677363344,1.0,-0.014322438486962909,0.07161219243481454,0.15717958134410576
calinski_harabasz,-0.037091443261109074,0.30630796199269444,0.30291348995911127,-0.014322438486962909,1.0,-0.9618068307014322,0.9214102093279471
davies_bouldin,0.1020932794711715,-0.3110825465321489,-0.31210382642631734,0.07161219243481454,-0.9618068307014322,1.0,-0.8486962908556739
silhouette,0.11531399192067572,0.2451565523142968,0.14649396328726438,0.15717958134410576,0.9214102093279471,-0.8486962908556739,1.0
