,abilities,v_measure,mutual_info,adjusted_rand_score,calinski_harabasz,davies_bouldin,silhouette
abilities,1.0,0.785392331535579,0.6496553337735397,0.9466519499632082,-0.1582045621780721,0.1111111111111111,-0.11515820456217807
v_measure,0.785392331535579,1.0,0.9181878411729979,0.7504369454986242,0.03311562887711507,-0.13503817553223588,-0.010118664379118493
mutual_info,0.6496553337735397,0.9181878411729979,1.0,0.5877483025347678,0.05637961773531002,-0.16342719258568622,-0.006264401970590002
adjusted_rand_score,0.9466519499632082,0.7504369454986242,0.5877483025347678,1.0,-0.13539367181751288,0.123252391464312,-0.05077262693156733
calinski_harabasz,-0.1582045621780721,0.03311562887711507,0.05637961773531002,-0.13539367181751288,1.0,-0.9514348785871964,0.9650478292862399
davies_bouldin,0.1111111111111111,-0.13503817553223588,-0.16342719258568622,0.123252391464312,-0.9514348785871964,1.0,-0.9025018395879323
silhouette,-0.11515820456217807,-0.010118664379118493,-0.006264401970590002,-0.05077262693156733,0.9650478292862399,-0.9025018395879323,1.0
