,abilities,v_measure,mutual_info,adjusted_rand_score,calinski_harabasz,davies_bouldin,silhouette
abilities,1.0,0.7673627113691497,0.6330730932631543,0.9554819720382635,-0.17181751287711552,0.1291390728476821,-0.12509197939661515
v_measure,0.7673627113691497,1.0,0.9248213475511291,0.7489651397707524,0.03605924033285863,-0.1416613013076589,0.010486615811086437
mutual_info,0.6330730932631543,0.9248213475511291,1.0,0.58793254965155,0.060248807187733254,-0.16563815798707093,0.015845252043257065
adjusted_rand_score,0.9554819720382635,0.7489651397707524,0.58793254965155,1.0,-0.1335540838852097,0.1199411331861663,-0.05077262693156733
calinski_harabasz,-0.17181751287711552,0.03605924033285863,0.060248807187733254,-0.1335540838852097,1.0,-0.9525386313465783,0.9654157468727005
davies_bouldin,0.1291390728476821,-0.1416613013076589,-0.16563815798707093,0.1199411331861663,-0.9525386313465783,1.0,-0.9116997792494481
silhouette,-0.12509197939661515,0.010486615811086437,0.015845252043257065,-0.05077262693156733,0.9654157468727005,-0.9116997792494481,1.0
