,abilities,v_measure,mutual_info,adjusted_rand_score,calinski_harabasz,davies_bouldin,silhouette
abilities,1.0,0.7851361295069904,0.6400744837008726,0.9466519499632082,-0.15783664459161148,0.11074319352465048,-0.1177336276674025
v_measure,0.7851361295069904,1.0,0.9162609117571788,0.7523914643119941,0.03200883002207505,-0.13392200147167035,0.001839587932303164
mutual_info,0.6400744837008726,0.9162609117571788,1.0,0.5831421246152164,0.06282826682268208,-0.16637514645419918,0.020267182846026476
adjusted_rand_score,0.9466519499632082,0.7523914643119941,0.5831421246152164,1.0,-0.13392200147167035,0.12067696835908756,-0.054451802796173655
calinski_harabasz,-0.15783664459161148,0.03200883002207505,0.06282826682268208,-0.13392200147167035,1.0,-0.9514348785871964,0.9676232523914643
davies_bouldin,0.11074319352465048,-0.13392200147167035,-0.16637514645419918,0.12067696835908756,-0.9514348785871964,1.0,-0.9131714495952906
silhouette,-0.1177336276674025,0.001839587932303164,0.020267182846026476,-0.054451802796173655,0.9676232523914643,-0.9131714495952906,1.0
