,abilities,v_measure,mutual_info,adjusted_rand_score,calinski_harabasz,davies_bouldin,silhouette
abilities,1.0,0.982,0.6734654463671053,0.9977142857142857,0.8154285714285714,-0.2734285714285714,0.6691428571428572
v_measure,0.982,1.0,0.6883728846330437,0.9822857142857143,0.8497142857142858,-0.2905714285714286,0.7008571428571428
mutual_info,0.6734654463671053,0.6883728846330437,1.0,0.6725885382338147,0.7903865308058388,0.15492043688132195,0.21893473061152854
adjusted_rand_score,0.9977142857142857,0.9822857142857143,0.6725885382338147,1.0,0.8131428571428572,-0.2714285714285714,0.6682857142857143
calinski_harabasz,0.8154285714285714,0.8497142857142858,0.7903865308058388,0.8131428571428572,1.0,-0.2885714285714286,0.6565714285714286
davies_bouldin,-0.2734285714285714,-0.2905714285714286,0.15492043688132195,-0.2714285714285714,-0.2885714285714286,1.0,-0.8351428571428572
silhouette,0.6691428571428572,0.7008571428571428,0.21893473061152854,0.6682857142857143,0.6565714285714286,-0.8351428571428572,1.0
