,abilities,v_measure,mutual_info,adjusted_rand_score,calinski_harabasz,davies_bouldin,silhouette
abilities,1.0,0.9598747865680136,0.5558338908174044,0.9738190096755834,0.850597609561753,-0.3759248719408082,0.7299373932840069
v_measure,0.9598747865680136,1.0,0.5507371692615729,0.9732498577120091,0.848605577689243,-0.37108708025042686,0.7330677290836654
mutual_info,0.5558338908174044,0.5507371692615729,1.0,0.513312670980181,0.705677504558853,0.14896989004616315,0.12523372965757607
adjusted_rand_score,0.9738190096755834,0.9732498577120091,0.513312670980181,1.0,0.8050654524758111,-0.3605577689243028,0.7103016505406944
calinski_harabasz,0.850597609561753,0.848605577689243,0.705677504558853,0.8050654524758111,1.0,-0.36568013659647125,0.682413204325555
davies_bouldin,-0.3759248719408082,-0.37108708025042686,0.14896989004616315,-0.3605577689243028,-0.36568013659647125,1.0,-0.8520204894706886
silhouette,0.7299373932840069,0.7330677290836654,0.12523372965757607,0.7103016505406944,0.682413204325555,-0.8520204894706886,1.0
