,abilities,v_measure,mutual_info,adjusted_rand_score,calinski_harabasz,davies_bouldin,silhouette
abilities,1.0,0.25665228929777495,0.30495081581359673,-0.01930427730370136,0.7575162282200205,-0.7492312948411343,0.8849504612230953
v_measure,0.25665228929777495,1.0,0.9954056340930207,0.8990453428102473,-0.1727245561524716,0.09430658258769962,0.0517234019536704
mutual_info,0.30495081581359673,0.9954056340930207,1.0,0.869609968037619,-0.1217495619749071,0.04499904835365995,0.09046817223618053
adjusted_rand_score,-0.01930427730370136,0.8990453428102473,0.869609968037619,1.0,-0.42213158599509787,0.30771530525037233,-0.17322599279604584
calinski_harabasz,0.7575162282200205,-0.1727245561524716,-0.1217495619749071,-0.42213158599509787,1.0,-0.9338913563375469,0.8123505295524428
davies_bouldin,-0.7492312948411343,0.09430658258769962,0.04499904835365995,0.30771530525037233,-0.9338913563375469,1.0,-0.7966347796378545
silhouette,0.8849504612230953,0.0517234019536704,0.09046817223618053,-0.17322599279604584,0.8123505295524428,-0.7966347796378545,1.0
