,abilities,v_measure,mutual_info,adjusted_rand_score,calinski_harabasz,davies_bouldin,silhouette
abilities,1.0,0.7355108843617136,0.7534075553643835,0.606737732722666,0.40211911475689993,-0.3695633598222678,0.6956335982226779
v_measure,0.7355108843617136,1.0,0.9951661468639572,0.9326639606921598,-0.07613595096907196,0.08895345113221538,0.23242400295833412
mutual_info,0.7534075553643835,0.9951661468639572,1.0,0.9120751860655649,-0.03012089948188574,0.0456947736458153,0.26099074835156677
adjusted_rand_score,0.606737732722666,0.9326639606921598,0.9120751860655649,1.0,-0.27036380344123867,0.2650659033738061,0.058191450740671155
calinski_harabasz,0.40211911475689993,-0.07613595096907196,-0.03012089948188574,-0.27036380344123867,1.0,-0.9846193283773391,0.7967187900538324
davies_bouldin,-0.3695633598222678,0.08895345113221538,0.0456947736458153,0.2650659033738061,-0.9846193283773391,1.0,-0.8160300777578399
silhouette,0.6956335982226779,0.23242400295833412,0.26099074835156677,0.058191450740671155,0.7967187900538324,-0.8160300777578399,1.0
