,abilities,v_measure,mutual_info,adjusted_rand_score,calinski_harabasz,davies_bouldin,silhouette
abilities,1.0,0.683074825079849,0.7056222350120721,0.5609177733752917,0.3996411176621379,-0.3626420575920704,0.6910193967358796
v_measure,0.683074825079849,1.0,0.9942848582768175,0.9463495949189009,-0.12203563745953012,0.13498269563538365,0.1934794700338769
mutual_info,0.7056222350120721,0.9942848582768175,1.0,0.9270718032039221,-0.07087054247754457,0.08735704329558364,0.22237506168331655
adjusted_rand_score,0.5609177733752917,0.9463495949189009,0.9270718032039221,1.0,-0.29404601739554825,0.29276421261178387,0.03285692929049355
calinski_harabasz,0.3996411176621379,-0.12203563745953012,-0.07087054247754457,-0.29404601739554825,1.0,-0.98231222763394,0.7877467316072801
davies_bouldin,-0.3626420575920704,0.13498269563538365,0.08735704329558364,0.29276421261178387,-0.98231222763394,1.0,-0.8112449799196787
silhouette,0.6910193967358796,0.1934794700338769,0.22237506168331655,0.03285692929049355,0.7877467316072801,-0.8112449799196787,1.0
