,abilities,v_measure,mutual_info,adjusted_rand_score,calinski_harabasz,davies_bouldin,silhouette
abilities,1.0,0.7835969565321749,0.7883973789693492,0.8345294385905959,0.7650193217003096,-0.5610493723447664,0.6230228260086887
v_measure,0.7835969565321749,1.0,0.9493555432878094,0.9762379089359864,0.8989991119218491,-0.795405995727624,0.6861963852819049
mutual_info,0.7883973789693492,0.9493555432878094,1.0,0.9410988166958693,0.8353935146292873,-0.7118306410964165,0.604733216523054
adjusted_rand_score,0.8345294385905959,0.9762379089359864,0.9410988166958693,1.0,0.8633319732136429,-0.7189352663034347,0.6438086551616542
calinski_harabasz,0.7650193217003096,0.8989991119218491,0.8353935146292873,0.8633319732136429,1.0,-0.9005352471017449,0.6685788349374745
davies_bouldin,-0.5610493723447664,-0.795405995727624,-0.7118306410964165,-0.7189352663034347,-0.9005352471017449,1.0,-0.6930609893670643
silhouette,0.6230228260086887,0.6861963852819049,0.604733216523054,0.6438086551616542,0.6685788349374745,-0.6930609893670643,1.0
