,abilities,v_measure,mutual_info,adjusted_rand_score,calinski_harabasz,davies_bouldin,silhouette
abilities,1.0,0.78374096920529,0.7888774212130667,0.8355375273024026,0.7647312963540791,-0.5600892878573315,0.6220147372968822
v_measure,0.78374096920529,1.0,0.9478674123322852,0.9762379089359864,0.8986150781268751,-0.7949259534839066,0.6856683388138156
mutual_info,0.7888774212130667,0.9478674123322852,1.0,0.9405227660034083,0.8351534935074286,-0.7110145692820968,0.6046372080743105
adjusted_rand_score,0.8355375273024026,0.9762379089359864,0.9405227660034083,1.0,0.8628999351942971,-0.7189832705278064,0.6433286129179367
calinski_harabasz,0.7647312963540791,0.8986150781268751,0.8351534935074286,0.8628999351942971,1.0,-0.9007752682236037,0.668482826488731
davies_bouldin,-0.5600892878573315,-0.7949259534839066,-0.7110145692820968,-0.7189832705278064,-0.9007752682236037,1.0,-0.6932530062645513
silhouette,0.6220147372968822,0.6856683388138156,0.6046372080743105,0.6433286129179367,0.668482826488731,-0.6932530062645513,1.0
