,abilities,v_measure,mutual_info,adjusted_rand_score,calinski_harabasz,davies_bouldin,silhouette
abilities,1.0,0.7842544254990218,0.7874707471314167,0.8355715572158887,0.7653885389090044,-0.5620882088613606,0.621398139858731
v_measure,0.7842544254990218,1.0,0.9472433574154525,0.9763339173847299,0.8995271583899384,-0.7949739577082783,0.6862443895062765
mutual_info,0.7874707471314167,0.9472433574154525,1.0,0.9399947195353191,0.8342414132443655,-0.7103905143652641,0.6038691404843626
adjusted_rand_score,0.8355715572158887,0.9763339173847299,0.9399947195353191,1.0,0.8632839689892711,-0.7187432494059477,0.6436166382641673
calinski_harabasz,0.7653885389090044,0.8995271583899384,0.8342414132443655,0.8632839689892711,1.0,-0.9005352471017449,0.668482826488731
davies_bouldin,-0.5620882088613606,-0.7949739577082783,-0.7103905143652641,-0.7187432494059477,-0.9005352471017449,1.0,-0.6929649809183208
silhouette,0.621398139858731,0.6862443895062765,0.6038691404843626,0.6436166382641673,0.668482826488731,-0.6929649809183208,1.0
