,abilities,v_measure,mutual_info,adjusted_rand_score,calinski_harabasz,davies_bouldin,silhouette
abilities,1.0,0.8226723951707751,0.836209586443607,0.8789333461344598,0.7622830809111202,-0.5653217483138516,0.5902359407627871
v_measure,0.8226723951707751,1.0,0.9440270743825456,0.9771499891990495,0.9016393442622951,-0.8266567457936298,0.6548976309915272
mutual_info,0.836209586443607,0.9440270743825456,1.0,0.9400427237596909,0.8323692484938675,-0.731656385761947,0.564505676499532
adjusted_rand_score,0.8789333461344598,0.9771499891990495,0.9400427237596909,1.0,0.8615558169118882,-0.7548904303578715,0.6133259726855963
calinski_harabasz,0.7622830809111202,0.9016393442622951,0.8323692484938675,0.8615558169118882,1.0,-0.9219931353959149,0.6538415380553488
davies_bouldin,-0.5653217483138516,-0.8266567457936298,-0.731656385761947,-0.7548904303578715,-0.9219931353959149,1.0,-0.6596020449799582
silhouette,0.5902359407627871,0.6548976309915272,0.564505676499532,0.6133259726855963,0.6538415380553488,-0.6596020449799582,1.0
