,abilities,v_measure,mutual_info,adjusted_rand_score,calinski_harabasz,davies_bouldin,silhouette
abilities,1.0,0.9612498085464849,0.913657211727823,0.9619390412007964,0.9290856180119467,-0.7222392403124521,0.7664267115944249
v_measure,0.9612498085464849,1.0,0.8732694625338481,0.9929545106448154,0.9128503599326083,-0.7973655996324093,0.8317506509419513
mutual_info,0.913657211727823,0.8732694625338481,1.0,0.8686834490280436,0.8845996135481884,-0.6500963178942402,0.6541428003993617
adjusted_rand_score,0.9619390412007964,0.9929545106448154,0.8686834490280436,1.0,0.9043498238627661,-0.7970592740082708,0.8232501148721091
calinski_harabasz,0.9290856180119467,0.9128503599326083,0.8845996135481884,0.9043498238627661,1.0,-0.7525654771021596,0.7638995251952826
davies_bouldin,-0.7222392403124521,-0.7973655996324093,-0.6500963178942402,-0.7970592740082708,-0.7525654771021596,1.0,-0.8577117475876858
silhouette,0.7664267115944249,0.8317506509419513,0.6541428003993617,0.8232501148721091,0.7638995251952826,-0.8577117475876858,1.0
