,abilities,v_measure,mutual_info,adjusted_rand_score,calinski_harabasz,davies_bouldin,silhouette
abilities,1.0,0.9634038969490487,0.9073173590591119,0.9634804578340925,0.9254296979673085,-0.7483443708609272,0.7924434406461739
v_measure,0.9634038969490487,1.0,0.8655231053114611,0.9929563985759675,0.9086628641427095,-0.7933621712666998,0.8325613444091414
mutual_info,0.9073173590591119,0.8655231053114611,1.0,0.8590011949851888,0.8773705992177666,-0.6760789763666617,0.6730688639083822
adjusted_rand_score,0.9634804578340925,0.9929563985759675,0.8590011949851888,1.0,0.9012364582934579,-0.7944340236573135,0.8258239865252842
calinski_harabasz,0.9254296979673085,0.9086628641427095,0.8773705992177666,0.9012364582934579,1.0,-0.7719251234544271,0.7815717949699499
davies_bouldin,-0.7483443708609272,-0.7933621712666998,-0.6760789763666617,-0.7944340236573135,-0.7719251234544271,1.0,-0.859970141254833
silhouette,0.7924434406461739,0.8325613444091414,0.6730688639083822,0.8258239865252842,0.7815717949699499,-0.859970141254833,1.0
