,abilities,v_measure,mutual_info,adjusted_rand_score,calinski_harabasz,davies_bouldin,silhouette
abilities,1.0,0.9619084115730983,0.926440792861944,0.9632879862042537,0.9440505844031424,-0.7084498946158267,0.7469246982180494
v_measure,0.9619084115730983,1.0,0.8829419227680878,0.9934086989844798,0.9442038704732707,-0.800421536692853,0.8041770454109983
mutual_info,0.926440792861944,0.8829419227680878,1.0,0.8777561144117028,0.922648186750558,-0.6640543700538075,0.6385897290202155
adjusted_rand_score,0.9632879862042537,0.9934086989844798,0.8777561144117028,1.0,0.9340103468097337,-0.797125886185093,0.7973558152902855
calinski_harabasz,0.9440505844031424,0.9442038704732707,0.922648186750558,0.9340103468097337,1.0,-0.767081816439931,0.7621000191607588
davies_bouldin,-0.7084498946158267,-0.800421536692853,-0.6640543700538075,-0.797125886185093,-0.767081816439931,1.0,-0.8490898639586127
silhouette,0.7469246982180494,0.8041770454109983,0.6385897290202155,0.7973558152902855,0.7621000191607588,-0.8490898639586127,1.0
