,abilities,v_measure,mutual_info,adjusted_rand_score,calinski_harabasz,davies_bouldin,silhouette
abilities,1.0,0.9216849816849817,0.9080152404339908,0.9212087912087912,0.8913919413919414,-0.796923076923077,0.6895604395604396
v_measure,0.9216849816849817,1.0,0.9332746001872896,0.9961172161172162,0.9281684981684982,-0.8735164835164835,0.6987179487179487
mutual_info,0.9080152404339908,0.9332746001872896,1.0,0.9268679747847451,0.9106403047106781,-0.7988272521980743,0.5970828018428753
adjusted_rand_score,0.9212087912087912,0.9961172161172162,0.9268679747847451,1.0,0.9219413919413919,-0.8724908424908425,0.6954945054945055
calinski_harabasz,0.8913919413919414,0.9281684981684982,0.9106403047106781,0.9219413919413919,1.0,-0.8533699633699634,0.6406959706959707
davies_bouldin,-0.796923076923077,-0.8735164835164835,-0.7988272521980743,-0.8724908424908425,-0.8533699633699634,1.0,-0.6972527472527472
silhouette,0.6895604395604396,0.6987179487179487,0.5970828018428753,0.6954945054945055,0.6406959706959707,-0.6972527472527472,1.0
