,abilities,v_measure,mutual_info,adjusted_rand_score,calinski_harabasz,davies_bouldin,silhouette
abilities,1.0,0.9209866603231532,0.9058518082041616,0.9179124961115482,0.8927336273307838,-0.819136672217241,0.736536807626855
v_measure,0.9209866603231532,1.0,0.9315702876821436,0.9936686856118135,0.9238778385697817,-0.8741422532891727,0.7195923072700324
mutual_info,0.9058518082041616,0.9315702876821436,1.0,0.9267457797629501,0.9099425506603598,-0.8120398937602239,0.6396416982294993
adjusted_rand_score,0.9179124961115482,0.9936686856118135,0.9267457797629501,1.0,0.9153140954088821,-0.8675547585500192,0.7109187725301469
calinski_harabasz,0.8927336273307838,0.9238778385697817,0.9099425506603598,0.9153140954088821,1.0,-0.8647367746893814,0.6678072791816868
davies_bouldin,-0.819136672217241,-0.8741422532891727,-0.8120398937602239,-0.8675547585500192,-0.8647367746893814,1.0,-0.727790078500979
silhouette,0.736536807626855,0.7195923072700324,0.6396416982294993,0.7109187725301469,0.6678072791816868,-0.727790078500979,1.0
