,abilities,v_measure,mutual_info,adjusted_rand_score,calinski_harabasz,davies_bouldin,silhouette
abilities,1.0,0.9211330490951344,0.9067257456445325,0.9190836062873977,0.8934655711906897,-0.8045709894051126,0.6968654504199527
v_measure,0.9211330490951344,1.0,0.9333218105319602,0.9941810463137477,0.9251587403246171,-0.8689088546908452,0.6951453823491738
mutual_info,0.9067257456445325,0.9333218105319602,1.0,0.9306787233381786,0.9112226648283971,-0.7972578843687432,0.5984573468975705
adjusted_rand_score,0.9190836062873977,0.9941810463137477,0.9306787233381786,1.0,0.9183516624274918,-0.8664934399531556,0.6868744167322366
calinski_harabasz,0.8934655711906897,0.9251587403246171,0.9112226648283971,0.9183516624274918,1.0,-0.8509396329301543,0.6403959816282091
davies_bouldin,-0.8045709894051126,-0.8689088546908452,-0.7972578843687432,-0.8664934399531556,-0.8509396329301543,1.0,-0.6896558033998792
silhouette,0.6968654504199527,0.6951453823491738,0.5984573468975705,0.6868744167322366,0.6403959816282091,-0.6896558033998792,1.0
