,abilities,v_measure,mutual_info,adjusted_rand_score,calinski_harabasz,davies_bouldin,silhouette
abilities,1.0,0.8940734316276381,0.7979762937265106,0.9254119687771032,0.8421509106678231,-0.5128071697022261,0.7054640069384215
v_measure,0.8940734316276381,1.0,0.8823937554206418,0.9772188493784331,0.9057531078346343,-0.6962127782596126,0.742353281295172
mutual_info,0.7979762937265106,0.8823937554206418,1.0,0.8700202370627349,0.7750795027464585,-0.5444926279271466,0.585429314830876
adjusted_rand_score,0.9254119687771032,0.9772188493784331,0.8700202370627349,1.0,0.8778837814397225,-0.6315698178664354,0.7106678230702516
calinski_harabasz,0.8421509106678231,0.9057531078346343,0.7750795027464585,0.8778837814397225,1.0,-0.8315119976871929,0.8385660595547846
davies_bouldin,-0.5128071697022261,-0.6962127782596126,-0.5444926279271466,-0.6315698178664354,-0.8315119976871929,1.0,-0.8340560855738652
silhouette,0.7054640069384215,0.742353281295172,0.585429314830876,0.7106678230702516,0.8385660595547846,-0.8340560855738652,1.0
