,abilities,v_measure,mutual_info,adjusted_rand_score,calinski_harabasz,davies_bouldin,silhouette
abilities,1.0,0.879502746458514,0.7758889852558543,0.9065625903440301,0.8069962416883493,-0.5372072853425846,0.7004914715235617
v_measure,0.879502746458514,1.0,0.8761491760624458,0.9787221740387395,0.8859786065336802,-0.7203816131830009,0.7501011853136744
mutual_info,0.7758889852558543,0.8761491760624458,1.0,0.8837814397224631,0.7576178086152067,-0.5618386816999132,0.6005782017924256
adjusted_rand_score,0.9065625903440301,0.9787221740387395,0.8837814397224631,1.0,0.8362532523850824,-0.6366579936397803,0.7033824804856895
calinski_harabasz,0.8069962416883493,0.8859786065336802,0.7576178086152067,0.8362532523850824,1.0,-0.8436542353281296,0.8249204972535414
davies_bouldin,-0.5372072853425846,-0.7203816131830009,-0.5618386816999132,-0.6366579936397803,-0.8436542353281296,1.0,-0.8176351546689795
silhouette,0.7004914715235617,0.7501011853136744,0.6005782017924256,0.7033824804856895,0.8249204972535414,-0.8176351546689795,1.0
