,abilities,v_measure,mutual_info,adjusted_rand_score,calinski_harabasz,davies_bouldin,silhouette
abilities,1.0,0.8770742989303267,0.7788956345764672,0.9037872217403874,0.8363688927435675,-0.5193986701358774,0.712171147730558
v_measure,0.8770742989303267,1.0,0.8807747904018502,0.9752529632841862,0.9089910378722174,-0.718415727088754,0.7675628794449263
mutual_info,0.7788956345764672,0.8807747904018502,1.0,0.8709453599306158,0.7760046256143394,-0.5684301821335647,0.61040763226366
adjusted_rand_score,0.9037872217403874,0.9752529632841862,0.8709453599306158,1.0,0.8694420352703094,-0.6379300375831165,0.7307892454466609
calinski_harabasz,0.8363688927435675,0.9089910378722174,0.7760046256143394,0.8694420352703094,1.0,-0.8562590344030067,0.8433073142526741
davies_bouldin,-0.5193986701358774,-0.718415727088754,-0.5684301821335647,-0.6379300375831165,-0.8562590344030067,1.0,-0.8132408210465453
silhouette,0.712171147730558,0.7675628794449263,0.61040763226366,0.7307892454466609,0.8433073142526741,-0.8132408210465453,1.0
