,abilities,v_measure,mutual_info,adjusted_rand_score,calinski_harabasz,davies_bouldin,silhouette
abilities,1.0,0.6547674999813493,0.6982162440410913,0.7172399901524138,0.699991793678148,-0.5798363211805166,0.40074453720074904
v_measure,0.6547674999813493,1.0,0.9753810344441709,0.9700842267033714,0.847213207702006,-0.774684243116015,0.44013488209007556
mutual_info,0.6982162440410913,0.9753810344441709,1.0,0.9718746969256135,0.8117768178867976,-0.7197914102191088,0.3841080847190827
adjusted_rand_score,0.7172399901524138,0.9700842267033714,0.9718746969256135,1.0,0.800660981923711,-0.6961572032855129,0.3881814044746835
calinski_harabasz,0.699991793678148,0.847213207702006,0.8117768178867976,0.800660981923711,1.0,-0.8815753153838694,0.3315130219407205
davies_bouldin,-0.5798363211805166,-0.774684243116015,-0.7197914102191088,-0.6961572032855129,-0.8815753153838694,1.0,-0.433137127638146
silhouette,0.40074453720074904,0.44013488209007556,0.3841080847190827,0.3881814044746835,0.3315130219407205,-0.433137127638146,1.0
