,abilities,v_measure,mutual_info,adjusted_rand_score,calinski_harabasz,davies_bouldin,silhouette
abilities,1.0,0.662958901248107,0.6986937027670225,0.7171355460561163,0.638772632662653,-0.5409383556023067,0.4501167535790754
v_measure,0.662958901248107,1.0,0.9793349895182889,0.9807524451108972,0.8466462254649627,-0.798109561857016,0.45608498765321576
mutual_info,0.6986937027670225,0.9793349895182889,1.0,0.9766492841849257,0.8158202964720276,-0.7543922472639377,0.4121289436971718
adjusted_rand_score,0.7171355460561163,0.9807524451108972,0.9766492841849257,1.0,0.8174914020127869,-0.7412472117156435,0.4121289436971718
calinski_harabasz,0.638772632662653,0.8466462254649627,0.8158202964720276,0.8174914020127869,1.0,-0.8883940228135747,0.35511738770394574
davies_bouldin,-0.5409383556023067,-0.798109561857016,-0.7543922472639377,-0.7412472117156435,-0.8883940228135747,1.0,-0.4308244369344166
silhouette,0.4501167535790754,0.45608498765321576,0.4121289436971718,0.4121289436971718,0.35511738770394574,-0.4308244369344166,1.0
