,abilities,v_measure,mutual_info,adjusted_rand_score,calinski_harabasz,davies_bouldin,silhouette
abilities,1.0,0.6104905285962899,0.6313414475832319,0.54418011201607,0.5155856939735317,-0.48308359765212,0.8192788654343942
v_measure,0.6104905285962899,1.0,0.9970137715138664,0.9835783141686526,0.001859473062494672,0.02116517868192465,0.30694066620806654
mutual_info,0.6313414475832319,0.9970137715138664,1.0,0.9715966546973729,0.036735477843433145,-0.013284584566364381,0.3343302312144469
adjusted_rand_score,0.54418011201607,0.9835783141686526,0.9715966546973729,1.0,-0.07091422852643169,0.09407528954001304,0.2281378182246862
calinski_harabasz,0.5155856939735317,0.001859473062494672,0.036735477843433145,-0.07091422852643169,1.0,-0.9873491560027708,0.7473841554559043
davies_bouldin,-0.48308359765212,0.02116517868192465,-0.013284584566364381,0.09407528954001304,-0.9873491560027708,1.0,-0.7632797404207226
silhouette,0.8192788654343942,0.30694066620806654,0.3343302312144469,0.2281378182246862,0.7473841554559043,-0.7632797404207226,1.0
