,abilities,v_measure,mutual_info,adjusted_rand_score,calinski_harabasz,davies_bouldin,silhouette
abilities,1.0,0.6094969866168197,0.6313140942862524,0.5209096717296973,0.5139450946078967,-0.4822268402056218,0.8214481023734004
v_measure,0.6094969866168197,1.0,0.9966855095099109,0.9741528224971168,0.0008385858909289697,0.02173031265189852,0.3031487995708225
mutual_info,0.6313140942862524,0.9966855095099109,1.0,0.9592869978643622,0.03885079947651244,-0.015035195573050697,0.331986965439872
adjusted_rand_score,0.5209096717296973,0.9741528224971168,0.9592869978643622,1.0,-0.1001914138769328,0.1190866832516491,0.19893355238937938
calinski_harabasz,0.5139450946078967,0.0008385858909289697,0.03885079947651244,-0.1001914138769328,1.0,-0.9871121805388458,0.7470742644646178
davies_bouldin,-0.4822268402056218,0.02173031265189852,-0.015035195573050697,0.1190866832516491,-0.9871121805388458,1.0,-0.7634438003572861
silhouette,0.8214481023734004,0.3031487995708225,0.331986965439872,0.19893355238937938,0.7470742644646178,-0.7634438003572861,1.0
