,abilities,v_measure,mutual_info,adjusted_rand_score,calinski_harabasz,davies_bouldin,silhouette
abilities,1.0,0.5729820401052822,0.5977360893701502,0.49737489820074526,0.5146924787633527,-0.4823544423785045,0.8211017536184331
v_measure,0.5729820401052822,1.0,0.996161185997061,0.9783095190176393,-0.04047088430135462,0.05972189953659358,0.260608795734241
mutual_info,0.5977360893701502,0.996161185997061,1.0,0.9615891858547196,-0.0018144436411772944,0.023031581093536913,0.2894903799365784
adjusted_rand_score,0.49737489820074526,0.9783095190176393,0.9615891858547196,1.0,-0.12445538255782754,0.13934007859685876,0.17728557131607922
calinski_harabasz,0.5146924787633527,-0.04047088430135462,-0.0018144436411772944,-0.12445538255782754,1.0,-0.9871121805388458,0.7468919756462139
davies_bouldin,-0.4823544423785045,0.05972189953659358,0.023031581093536913,0.13934007859685876,-0.9871121805388458,1.0,-0.7632797404207226
silhouette,0.8211017536184331,0.260608795734241,0.2894903799365784,0.17728557131607922,0.7468919756462139,-0.7632797404207226,1.0
