,abilities,v_measure,mutual_info,adjusted_rand_score,calinski_harabasz,davies_bouldin,silhouette
abilities,1.0,0.5904684654810846,0.6093256035911094,0.5020302695190496,0.4676984213788326,-0.43629005796784426,0.7832039082722666
v_measure,0.5904684654810846,1.0,0.9980350669149772,0.9683250092092628,-0.016835369801536944,0.04105387416682317,0.31544214549095234
mutual_info,0.6093256035911094,0.9980350669149772,1.0,0.9566676799572948,0.012245047593452841,0.012992697558205733,0.3365610140112619
adjusted_rand_score,0.5020302695190496,0.9683250092092628,0.9566676799572948,1.0,-0.1166846679444966,0.13744764822707456,0.2114396912182809
calinski_harabasz,0.4676984213788326,-0.016835369801536944,0.012245047593452841,-0.1166846679444966,1.0,-0.9876772758758978,0.7267308323307449
davies_bouldin,-0.43629005796784426,0.04105387416682317,0.012992697558205733,0.13744764822707456,-0.9876772758758978,1.0,-0.7408764446388858
silhouette,0.7832039082722666,0.31544214549095234,0.3365610140112619,0.2114396912182809,0.7267308323307449,-0.7408764446388858,1.0
