,abilities,v_measure,mutual_info,adjusted_rand_score,calinski_harabasz,davies_bouldin,silhouette
abilities,1.0,0.6108733612856271,0.6317608648035838,0.5445811693496385,0.5161325604287433,-0.4836122352254913,0.8194793831346385
v_measure,0.6108733612856271,1.0,0.9970137715138664,0.9835783141686526,0.001859473062494672,0.02116517868192465,0.30694066620806654
mutual_info,0.6317608648035838,0.9970137715138664,1.0,0.9715966546973729,0.036735477843433145,-0.013284584566364381,0.3343302312144469
adjusted_rand_score,0.5445811693496385,0.9835783141686526,0.9715966546973729,1.0,-0.07091422852643169,0.09407528954001304,0.2281378182246862
calinski_harabasz,0.5161325604287433,0.001859473062494672,0.036735477843433145,-0.07091422852643169,1.0,-0.9873491560027708,0.7473841554559043
davies_bouldin,-0.4836122352254913,0.02116517868192465,-0.013284584566364381,0.09407528954001304,-0.9873491560027708,1.0,-0.7632797404207226
silhouette,0.8194793831346385,0.30694066620806654,0.3343302312144469,0.2281378182246862,0.7473841554559043,-0.7632797404207226,1.0
