,abilities,v_measure,mutual_info,adjusted_rand_score,calinski_harabasz,davies_bouldin,silhouette
abilities,1.0,0.6520682672837721,0.8308021641359766,0.7101533121203355,0.770899623951403,-0.7000867804454729,0.6958056118021406
v_measure,0.6520682672837721,1.0,0.6558477251145843,0.9627422620769454,0.8635811397165172,-0.8050332658374313,0.8587214347700318
mutual_info,0.8308021641359766,0.6558477251145843,1.0,0.6614018342898667,0.6805519398838087,-0.6589719115256807,0.5050189478233246
adjusted_rand_score,0.7101533121203355,0.9627422620769454,0.6614018342898667,1.0,0.8602256291582296,-0.7833960080995083,0.8412496384148105
calinski_harabasz,0.770899623951403,0.8635811397165172,0.6805519398838087,0.8602256291582296,1.0,-0.9549898756146948,0.8252820364477871
davies_bouldin,-0.7000867804454729,-0.8050332658374313,-0.6589719115256807,-0.7833960080995083,-0.9549898756146948,1.0,-0.7188313566676309
silhouette,0.6958056118021406,0.8587214347700318,0.5050189478233246,0.8412496384148105,0.8252820364477871,-0.7188313566676309,1.0
