,abilities,v_measure,mutual_info,adjusted_rand_score,calinski_harabasz,davies_bouldin,silhouette
abilities,1.0,0.657043679490888,0.8239752382746922,0.7158229678912352,0.7729823546427539,-0.6969626844084467,0.6947642464564652
v_measure,0.657043679490888,1.0,0.6530706705269432,0.960196702343072,0.8705235753543535,-0.8044547295342783,0.8606884582007521
mutual_info,0.8239752382746922,0.6530706705269432,1.0,0.6517399985370318,0.6837918369027234,-0.659087622133499,0.502126182627865
adjusted_rand_score,0.7158229678912352,0.960196702343072,0.6517399985370318,1.0,0.8658952849291293,-0.782586057275094,0.8419438819785942
calinski_harabasz,0.7729823546427539,0.8705235753543535,0.6837918369027234,0.8658952849291293,1.0,-0.950824414231993,0.8249349146658953
davies_bouldin,-0.6969626844084467,-0.8044547295342783,-0.659087622133499,-0.782586057275094,-0.950824414231993,1.0,-0.7197570147526757
silhouette,0.6947642464564652,0.8606884582007521,0.502126182627865,0.8419438819785942,0.8249349146658953,-0.7197570147526757,1.0
