,abilities,v_measure,mutual_info,adjusted_rand_score,calinski_harabasz,davies_bouldin,silhouette
abilities,1.0,0.6747468903673706,0.8438774628194537,0.7403529071449233,0.7847844952270755,-0.7069135088226787,0.6902516632918716
v_measure,0.6747468903673706,1.0,0.6565998440654038,0.9611223604281168,0.8848712756725484,-0.8296789123517501,0.8447208562337286
mutual_info,0.8438774628194537,0.6565998440654038,1.0,0.6613439789859574,0.7032312190162114,-0.6837339815988143,0.4922329256593934
adjusted_rand_score,0.7403529071449233,0.9611223604281168,0.6613439789859574,1.0,0.8818628868961528,-0.81243853051779,0.8280590107029216
calinski_harabasz,0.7847844952270755,0.8848712756725484,0.7032312190162114,0.8818628868961528,1.0,-0.9519814868382991,0.8123228232571594
davies_bouldin,-0.7069135088226787,-0.8296789123517501,-0.6837339815988143,-0.81243853051779,-0.9519814868382991,1.0,-0.7159386751518658
silhouette,0.6902516632918716,0.8447208562337286,0.4922329256593934,0.8280590107029216,0.8123228232571594,-0.7159386751518658,1.0
