,abilities,v_measure,mutual_info,adjusted_rand_score,calinski_harabasz,davies_bouldin,silhouette
abilities,1.0,0.6481342204223315,0.8251901996567852,0.7114260919872722,0.7567833381544692,-0.6838877639571883,0.6946485391958346
v_measure,0.6481342204223315,1.0,0.6479215484790253,0.9618166039919005,0.8829042522418282,-0.8186867225918426,0.8498119757014753
mutual_info,0.8251901996567852,0.6479215484790253,1.0,0.6489629439493907,0.6932222514399214,-0.6667245222495122,0.48592669753329165
adjusted_rand_score,0.7114260919872722,0.9618166039919005,0.6489629439493907,1.0,0.8758461093433613,-0.8026034133641886,0.8310673994793173
calinski_harabasz,0.7567833381544692,0.8829042522418282,0.6932222514399214,0.8758461093433613,1.0,-0.9457332947642465,0.8148683829910327
davies_bouldin,-0.6838877639571883,-0.8186867225918426,-0.6667245222495122,-0.8026034133641886,-0.9457332947642465,1.0,-0.7233439398322244
silhouette,0.6946485391958346,0.8498119757014753,0.48592669753329165,0.8310673994793173,0.8148683829910327,-0.7233439398322244,1.0
