,abilities,v_measure,mutual_info,adjusted_rand_score,calinski_harabasz,davies_bouldin,silhouette
abilities,1.0,0.6632918715649407,0.8246116466176933,0.7276251084755568,0.7728666473821232,-0.6982354642753833,0.7004339022273648
v_measure,0.6632918715649407,1.0,0.6516821432331227,0.9627422620769454,0.8635811397165172,-0.807463118310674,0.8608041654613827
mutual_info,0.8246116466176933,0.6516821432331227,1.0,0.6556741592028568,0.6803783739720811,-0.6623275191524137,0.5068124622445095
adjusted_rand_score,0.7276251084755568,0.9627422620769454,0.6556741592028568,1.0,0.8652010413653457,-0.7895284929129303,0.8455308070581429
calinski_harabasz,0.7728666473821232,0.8635811397165172,0.6803783739720811,0.8652010413653457,1.0,-0.9529071449233439,0.8234307202776975
davies_bouldin,-0.6982354642753833,-0.807463118310674,-0.6623275191524137,-0.7895284929129303,-0.9529071449233439,1.0,-0.71674862597628
silhouette,0.7004339022273648,0.8608041654613827,0.5068124622445095,0.8455308070581429,0.8234307202776975,-0.71674862597628,1.0
