,abilities,v_measure,mutual_info,adjusted_rand_score,calinski_harabasz,davies_bouldin,silhouette
abilities,1.0,0.7027256890741561,0.73809861309022,0.6940964943038966,0.6318734402962505,-0.5122445249383779,0.3925335442191747
v_measure,0.7027256890741561,1.0,0.9875969397149423,0.9918494175293475,0.8055804237541032,-0.7153983885407341,0.36886004177857357
mutual_info,0.73809861309022,0.9875969397149423,1.0,0.980990607211334,0.7851864562366485,-0.6714587864071874,0.3224795675923943
adjusted_rand_score,0.6940964943038966,0.9918494175293475,0.980990607211334,1.0,0.7953401795794651,-0.7073959541826081,0.35915532361979075
calinski_harabasz,0.6318734402962505,0.8055804237541032,0.7851864562366485,0.7953401795794651,1.0,-0.8462548492987167,0.3576544315129812
davies_bouldin,-0.5122445249383779,-0.7153983885407341,-0.6714587864071874,-0.7073959541826081,-0.8462548492987167,1.0,-0.45526708445240227
silhouette,0.3925335442191747,0.36886004177857357,0.3224795675923943,0.35915532361979075,0.3576544315129812,-0.45526708445240227,1.0
