,abilities,v_measure,mutual_info,adjusted_rand_score,calinski_harabasz,davies_bouldin,silhouette
abilities,1.0,0.7149019188185807,0.7541673183460789,0.7166141207266981,0.6621858562244302,-0.5145907590487402,0.35947185156526534
v_measure,0.7149019188185807,1.0,0.9791078440249915,0.9884755640799796,0.7576411126019706,-0.7444209382537187,0.4591911492332134
mutual_info,0.7541673183460789,0.9791078440249915,1.0,0.9757822210880713,0.7250928128678559,-0.6773487211991999,0.40147018875379686
adjusted_rand_score,0.7166141207266981,0.9884755640799796,0.9757822210880713,1.0,0.7459520418830928,-0.7243025658333402,0.44442340777570155
calinski_harabasz,0.6621858562244302,0.7576411126019706,0.7250928128678559,0.7459520418830928,1.0,-0.8729677892016036,0.3755237444538652
davies_bouldin,-0.5145907590487402,-0.7444209382537187,-0.6773487211991999,-0.7243025658333402,-0.8729677892016036,1.0,-0.4449831660918168
silhouette,0.35947185156526534,0.4591911492332134,0.40147018875379686,0.44442340777570155,0.3755237444538652,-0.4449831660918168,1.0
