,abilities,v_measure,mutual_info,adjusted_rand_score,calinski_harabasz,davies_bouldin,silhouette
abilities,1.0,0.7314671902136776,0.7689249259137306,0.7330723861093287,0.6627154152368645,-0.5184041883309125,0.3694667045359557
v_measure,0.7314671902136776,1.0,0.9813756117320047,0.9885908084391798,0.7538215852684782,-0.7428898346243445,0.4623192104115047
mutual_info,0.7689249259137306,0.9813756117320047,1.0,0.9780582068809923,0.7222805306262585,-0.6788496919316146,0.40823012747247545
adjusted_rand_score,0.7330723861093287,0.9885908084391798,0.9780582068809923,1.0,0.7427416633053728,-0.7217177994912785,0.44424230949695837
calinski_harabasz,0.6627154152368645,0.7538215852684782,0.7222805306262585,0.7427416633053728,1.0,-0.8747787719890353,0.37565545229295116
davies_bouldin,-0.5184041883309125,-0.7428898346243445,-0.6788496919316146,-0.7217177994912785,-0.8747787719890353,1.0,-0.44623439056313335
silhouette,0.3694667045359557,0.4623192104115047,0.40823012747247545,0.44424230949695837,0.37565545229295116,-0.44623439056313335,1.0
