,abilities,v_measure,mutual_info,adjusted_rand_score,calinski_harabasz,davies_bouldin,silhouette
abilities,1.0,0.7315135700232959,0.7689958470766195,0.7331269910520987,0.6627291510606597,-0.5187560194598332,0.3692676220972827
v_measure,0.7315135700232959,1.0,0.9813756117320047,0.9885908084391798,0.7538215852684782,-0.7428898346243445,0.4623192104115047
mutual_info,0.7689958470766195,0.9813756117320047,1.0,0.9780582068809923,0.7222805306262585,-0.6788496919316146,0.40823012747247545
adjusted_rand_score,0.7331269910520987,0.9885908084391798,0.9780582068809923,1.0,0.7427416633053728,-0.7217177994912785,0.44424230949695837
calinski_harabasz,0.6627291510606597,0.7538215852684782,0.7222805306262585,0.7427416633053728,1.0,-0.8747787719890353,0.37565545229295116
davies_bouldin,-0.5187560194598332,-0.7428898346243445,-0.6788496919316146,-0.7217177994912785,-0.8747787719890353,1.0,-0.44623439056313335
silhouette,0.3692676220972827,0.4623192104115047,0.40823012747247545,0.44424230949695837,0.37565545229295116,-0.44623439056313335,1.0
