,abilities,v_measure,mutual_info,adjusted_rand_score,calinski_harabasz,davies_bouldin,silhouette
abilities,1.0,0.748495030099398,0.8566928583990348,0.756229875402492,0.7687596248075038,-0.6872462550748984,0.628447431051379
v_measure,0.748495030099398,1.0,0.8971702572117358,0.9876802463950721,0.877817443651127,-0.8334033319333614,0.6251574968500629
mutual_info,0.8566928583990348,0.8971702572117358,1.0,0.8991652522245538,0.8232504419999549,-0.7860280350502726,0.5121712196503769
adjusted_rand_score,0.756229875402492,0.9876802463950721,0.8991652522245538,1.0,0.874702505949881,-0.8201035979280414,0.621622567548649
calinski_harabasz,0.7687596248075038,0.877817443651127,0.8232504419999549,0.874702505949881,1.0,-0.9026669466610667,0.5965980680386392
davies_bouldin,-0.6872462550748984,-0.8334033319333614,-0.7860280350502726,-0.8201035979280414,-0.9026669466610667,1.0,-0.5871482570348593
silhouette,0.628447431051379,0.6251574968500629,0.5121712196503769,0.621622567548649,0.5965980680386392,-0.5871482570348593,1.0
