,abilities,v_measure,mutual_info,adjusted_rand_score,calinski_harabasz,davies_bouldin,silhouette
abilities,1.0,0.33201581027667987,0.14381023419014363,0.2964426877470356,0.4654150197628458,-0.9169960474308301,0.691699604743083
v_measure,0.33201581027667987,1.0,0.920682014763703,0.9654150197628458,0.8507905138339921,-0.4258893280632411,0.5810276679841897
mutual_info,0.14381023419014363,0.920682014763703,1.0,0.8692859173211774,0.831233037483923,-0.2456140425859154,0.48332099325759614
adjusted_rand_score,0.2964426877470356,0.9654150197628458,0.8692859173211774,1.0,0.7766798418972332,-0.38537549407114624,0.5395256916996047
calinski_harabasz,0.4654150197628458,0.8507905138339921,0.831233037483923,0.7766798418972332,1.0,-0.5148221343873518,0.8300395256916996
davies_bouldin,-0.9169960474308301,-0.4258893280632411,-0.2456140425859154,-0.38537549407114624,-0.5148221343873518,1.0,-0.6590909090909091
silhouette,0.691699604743083,0.5810276679841897,0.48332099325759614,0.5395256916996047,0.8300395256916996,-0.6590909090909091,1.0
