,abilities,v_measure,mutual_info,adjusted_rand_score,calinski_harabasz,davies_bouldin,silhouette
abilities,1.0,0.8073122529644269,0.6590909090909091,0.7865612648221344,0.9387351778656127,-0.8181818181818182,0.9130434782608695
v_measure,0.8073122529644269,1.0,0.9268774703557312,0.983201581027668,0.8606719367588933,-0.5741106719367589,0.7233201581027668
mutual_info,0.6590909090909091,0.9268774703557312,1.0,0.9219367588932806,0.75,-0.4575098814229249,0.6294466403162056
adjusted_rand_score,0.7865612648221344,0.983201581027668,0.9219367588932806,1.0,0.8428853754940712,-0.4871541501976285,0.7272727272727273
calinski_harabasz,0.9387351778656127,0.8606719367588933,0.75,0.8428853754940712,1.0,-0.7598814229249012,0.908102766798419
davies_bouldin,-0.8181818181818182,-0.5741106719367589,-0.4575098814229249,-0.4871541501976285,-0.7598814229249012,1.0,-0.7727272727272727
silhouette,0.9130434782608695,0.7233201581027668,0.6294466403162056,0.7272727272727273,0.908102766798419,-0.7727272727272727,1.0
