,abilities,v_measure,mutual_info,adjusted_rand_score,calinski_harabasz,davies_bouldin,silhouette
abilities,1.0,0.898989898989899,0.2234540527223454,0.8674550381867455,0.7354028085735402,-0.26287262872628725,0.6831731953683173
v_measure,0.898989898989899,1.0,0.5097314609509731,0.9709288001970929,0.6028578467602858,0.008130081300813009,0.4220251293422025
mutual_info,0.2234540527223454,0.5097314609509731,1.0,0.5619610741561961,0.1204730229120473,0.5811776299581177,-0.1520078837152008
adjusted_rand_score,0.8674550381867455,0.9709288001970929,0.5619610741561961,1.0,0.48952944074895294,0.09632914510963292,0.3348115299334812
calinski_harabasz,0.7354028085735402,0.6028578467602858,0.1204730229120473,0.48952944074895294,1.0,-0.4028085735402809,0.7812269031781227
davies_bouldin,-0.26287262872628725,0.008130081300813009,0.5811776299581177,0.09632914510963292,-0.4028085735402809,1.0,-0.7373737373737373
silhouette,0.6831731953683173,0.4220251293422025,-0.1520078837152008,0.3348115299334812,0.7812269031781227,-0.7373737373737373,1.0
