,abilities,v_measure,mutual_info,adjusted_rand_score,calinski_harabasz,davies_bouldin,silhouette
abilities,1.0,0.9354520817935452,0.3047548657304755,0.924119241192412,0.8043853165804385,-0.20275930032027592,0.6954915003695491
v_measure,0.9354520817935452,1.0,0.4993840847499384,0.9512195121951219,0.7122443951712244,0.01453559990145356,0.5082532643508253
mutual_info,0.3047548657304755,0.4993840847499384,1.0,0.4826311899482631,0.1756590293175659,0.5476718403547672,-0.10569105691056911
adjusted_rand_score,0.924119241192412,0.9512195121951219,0.4826311899482631,1.0,0.6289726533628973,0.04754865730475487,0.4885439763488544
calinski_harabasz,0.8043853165804385,0.7122443951712244,0.1756590293175659,0.6289726533628973,1.0,-0.45651638334565164,0.8654841093865484
davies_bouldin,-0.20275930032027592,0.01453559990145356,0.5476718403547672,0.04754865730475487,-0.45651638334565164,1.0,-0.724069967972407
silhouette,0.6954915003695491,0.5082532643508253,-0.10569105691056911,0.4885439763488544,0.8654841093865484,-0.724069967972407,1.0
