,abilities,v_measure,mutual_info,adjusted_rand_score,calinski_harabasz,davies_bouldin,silhouette
abilities,1.0,0.5985062173883948,0.6239108603865022,0.5039698623903067,0.5132556962025316,-0.482126582278481,0.8203746835443038
v_measure,0.5985062173883948,1.0,0.9951209446081829,0.9663397022480079,-0.018239360004001812,0.03910170403967295,0.28319112925702533
mutual_info,0.6239108603865022,0.9951209446081829,1.0,0.9435078220423897,0.02881693036036074,-0.005461436520476244,0.3157297995881999
adjusted_rand_score,0.5039698623903067,0.9663397022480079,0.9435078220423897,1.0,-0.12531394335699814,0.14021105105686432,0.17621323859800933
calinski_harabasz,0.5132556962025316,-0.018239360004001812,0.02881693036036074,-0.12531394335699814,1.0,-0.9872,0.747726582278481
davies_bouldin,-0.482126582278481,0.03910170403967295,-0.005461436520476244,0.14021105105686432,-0.9872,1.0,-0.7643949367088607
silhouette,0.8203746835443038,0.28319112925702533,0.3157297995881999,0.17621323859800933,0.747726582278481,-0.7643949367088607,1.0
