,abilities,v_measure,mutual_info,adjusted_rand_score,calinski_harabasz,davies_bouldin,silhouette
abilities,1.0,0.5950426631844145,0.6226677181626739,0.5059345387286983,0.5164759493670886,-0.4842126582278481,0.8236556962025317
v_measure,0.5950426631844145,1.0,0.9965202895340237,0.973895165527404,-0.02439678969996689,0.04301086170849289,0.28035547084440987
mutual_info,0.6226677181626739,0.9965202895340237,1.0,0.9567344943617306,0.013593728388578488,0.006908288197474314,0.3126152351179652
adjusted_rand_score,0.5059345387286983,0.973895165527404,0.9567344943617306,1.0,-0.12264036318516626,0.13668678628490413,0.18184396047504917
calinski_harabasz,0.5164759493670886,-0.02439678969996689,0.013593728388578488,-0.12264036318516626,1.0,-0.9869772151898735,0.7476050632911393
davies_bouldin,-0.4842126582278481,0.04301086170849289,0.006908288197474314,0.13668678628490413,-0.9869772151898735,1.0,-0.7642936708860759
silhouette,0.8236556962025317,0.28035547084440987,0.3126152351179652,0.18184396047504917,0.7476050632911393,-0.7642936708860759,1.0
