,abilities,v_measure,mutual_info,adjusted_rand_score,calinski_harabasz,davies_bouldin,silhouette
abilities,1.0,0.7140317983621841,0.7292447379029815,0.6045400006339519,0.5275949367088607,-0.4930632911392405,0.7933974683544304
v_measure,0.7140317983621841,1.0,0.9979836407554125,0.9564878337098797,0.1825059645464115,-0.15021800589080886,0.4578651301450706
mutual_info,0.7292447379029815,0.9979836407554125,1.0,0.9438185985272566,0.21154267393843001,-0.17809907400209105,0.4783113591622231
adjusted_rand_score,0.6045400006339519,0.9564878337098797,0.9438185985272566,1.0,0.05278268671252461,-0.026067274673453253,0.32978039334356324
calinski_harabasz,0.5275949367088607,0.1825059645464115,0.21154267393843001,0.05278268671252461,1.0,-0.9865721518987342,0.7612962025316455
davies_bouldin,-0.4930632911392405,-0.15021800589080886,-0.17809907400209105,-0.026067274673453253,-0.9865721518987342,1.0,-0.7767291139240506
silhouette,0.7933974683544304,0.4578651301450706,0.4783113591622231,0.32978039334356324,0.7612962025316455,-0.7767291139240506,1.0
