,abilities,v_measure,mutual_info,adjusted_rand_score,calinski_harabasz,davies_bouldin,silhouette
abilities,1.0,0.3029305743190613,0.35136587630282456,0.13720020071200983,0.6940699375845208,-0.6716518410973132,0.891620552970889
v_measure,0.3029305743190613,1.0,0.9957557856189042,0.9568440401523207,-0.1041492623443661,0.08070681778168184,0.14056353044260048
mutual_info,0.35136587630282456,0.9957557856189042,1.0,0.9331213220432969,-0.05502914791676325,0.03380955195033236,0.18275187113236874
adjusted_rand_score,0.13720020071200983,0.9568440401523207,0.9331213220432969,1.0,-0.24630901072255312,0.2110699317341267,-0.003928954783767087
calinski_harabasz,0.6940699375845208,-0.1041492623443661,-0.05502914791676325,-0.24630901072255312,1.0,-0.9753746456055084,0.7839611178614824
davies_bouldin,-0.6716518410973132,0.08070681778168184,0.03380955195033236,0.2110699317341267,-0.9753746456055084,1.0,-0.7911705143782908
silhouette,0.891620552970889,0.14056353044260048,0.18275187113236874,-0.003928954783767087,0.7839611178614824,-0.7911705143782908,1.0
