,abilities,v_measure,mutual_info,adjusted_rand_score,calinski_harabasz,davies_bouldin,silhouette
abilities,1.0,0.9027479871396801,0.8641288813382639,0.9497446373850869,0.6670071501532175,-0.6774259448416752,0.6812053115423902
v_measure,0.9027479871396801,1.0,0.9754191330297112,0.9312493663873852,0.7096741277197417,-0.7365410192686537,0.6883236321542564
mutual_info,0.8641288813382639,0.9754191330297112,1.0,0.8840062472445134,0.7180379067213817,-0.7461932502029843,0.6920287055741298
adjusted_rand_score,0.9497446373850869,0.9312493663873852,0.8840062472445134,1.0,0.663023493360572,-0.6649642492339122,0.6683350357507661
calinski_harabasz,0.6670071501532175,0.7096741277197417,0.7180379067213817,0.663023493360572,1.0,-0.987946884576098,0.9862104187946884
davies_bouldin,-0.6774259448416752,-0.7365410192686537,-0.7461932502029843,-0.6649642492339122,-0.987946884576098,1.0,-0.9704800817160367
silhouette,0.6812053115423902,0.6883236321542564,0.6920287055741298,0.6683350357507661,0.9862104187946884,-0.9704800817160367,1.0
