,abilities,v_measure,mutual_info,adjusted_rand_score,calinski_harabasz,davies_bouldin,silhouette
abilities,1.0,0.90632342898079,0.8655306695673964,0.9501532175689479,0.6687436159346272,-0.6818181818181818,0.6842696629213483
v_measure,0.90632342898079,1.0,0.9767728020080312,0.9306364335003378,0.7097762832009162,-0.7380733514862723,0.6873020773425107
mutual_info,0.8655306695673964,0.9767728020080312,1.0,0.8841821452075015,0.7186183614432812,-0.7473365239357169,0.6924040956806129
adjusted_rand_score,0.9501532175689479,0.9306364335003378,0.8841821452075015,1.0,0.6622063329928498,-0.6655771195097038,0.6705822267620021
calinski_harabasz,0.6687436159346272,0.7097762832009162,0.7186183614432812,0.6622063329928498,1.0,-0.9865168539325843,0.9844739530132789
davies_bouldin,-0.6818181818181818,-0.7380733514862723,-0.7473365239357169,-0.6655771195097038,-0.9865168539325843,1.0,-0.9688457609805925
silhouette,0.6842696629213483,0.6873020773425107,0.6924040956806129,0.6705822267620021,0.9844739530132789,-0.9688457609805925,1.0
