,abilities,v_measure,mutual_info,adjusted_rand_score,calinski_harabasz,davies_bouldin,silhouette
abilities,1.0,0.7104111343192719,0.7834159909840496,0.7229225488858333,0.7598900003148846,-0.7226496489036768,0.6518216073808949
v_measure,0.7104111343192719,1.0,0.9367341048175394,0.9887481238126227,0.8701835777187661,-0.825239049888216,0.5810355504707525
mutual_info,0.7834159909840496,0.9367341048175394,1.0,0.9371749455638259,0.8380592511070829,-0.7933454039837402,0.5147865333719113
adjusted_rand_score,0.7229225488858333,0.9887481238126227,0.9371749455638259,1.0,0.8711492238094738,-0.809536804761055,0.588403849988979
calinski_harabasz,0.7598900003148846,0.8701835777187661,0.8380592511070829,0.8711492238094738,1.0,-0.9220345743285085,0.5675374975071636
davies_bouldin,-0.7226496489036768,-0.825239049888216,-0.7933454039837402,-0.809536804761055,-0.9220345743285085,1.0,-0.5502608294060227
silhouette,0.6518216073808949,0.5810355504707525,0.5147865333719113,0.588403849988979,0.5675374975071636,-0.5502608294060227,1.0
