,abilities,v_measure,mutual_info,adjusted_rand_score,calinski_harabasz,davies_bouldin,silhouette
abilities,1.0,0.7107050266077483,0.7847700018476438,0.7230485027237518,0.7610235848561502,-0.7243290334092555,0.6492815383162072
v_measure,0.7107050266077483,1.0,0.9364821958196614,0.9886641545873437,0.8698896854302898,-0.8256588960146106,0.5812664658402695
mutual_info,0.7847700018476438,0.9364821958196614,1.0,0.9368390668999885,0.8383426487296957,-0.7946889186390895,0.5157626807386885
adjusted_rand_score,0.7230485027237518,0.9886641545873437,0.9368390668999885,1.0,0.8714431160979501,-0.8105024508517629,0.5889916345659316
calinski_harabasz,0.7610235848561502,0.8698896854302898,0.8383426487296957,0.8714431160979501,1.0,-0.9212998436073179,0.5670546744618098
davies_bouldin,-0.7243290334092555,-0.8256588960146106,-0.7946889186390895,-0.8105024508517629,-0.9212998436073179,1.0,-0.5499039601985872
silhouette,0.6492815383162072,0.5812664658402695,0.5157626807386885,0.5889916345659316,0.5670546744618098,-0.5499039601985872,1.0
