,abilities,v_measure,mutual_info,adjusted_rand_score,calinski_harabasz,davies_bouldin,silhouette
abilities,1.0,0.7099283112739181,0.7825616911401971,0.7259244486895553,0.7593232080442518,-0.7226286565973571,0.6534590072738341
v_measure,0.7099283112739181,1.0,0.9356165965173764,0.9884752238304662,0.8718419699180251,-0.8213974578317047,0.5810985273897117
mutual_info,0.7825616911401971,0.9356165965173764,1.0,0.9389123886095746,0.8398496950867507,-0.7925330366420706,0.5140700933108016
adjusted_rand_score,0.7259244486895553,0.9884752238304662,0.9389123886095746,1.0,0.8721778468191408,-0.8073745972101225,0.5885088115205777
calinski_harabasz,0.7593232080442518,0.8718419699180251,0.8398496950867507,0.8721778468191408,1.0,-0.9142674209902071,0.5664249052722178
davies_bouldin,-0.7226286565973571,-0.8213974578317047,-0.7925330366420706,-0.8073745972101225,-0.9142674209902071,1.0,-0.5467761065569469
silhouette,0.6534590072738341,0.5810985273897117,0.5140700933108016,0.5885088115205777,0.5664249052722178,-0.5467761065569469,1.0
