,abilities,v_measure,mutual_info,adjusted_rand_score,calinski_harabasz,davies_bouldin,silhouette
abilities,1.0,0.7092775497780064,0.7811488100031477,0.7220408720204046,0.7605407618107963,-0.7239511718955003,0.6498483305868399
v_measure,0.7092775497780064,1.0,0.9376367787266022,0.988643162281024,0.8699106777366096,-0.8228249346614466,0.580594712038038
mutual_info,0.7811488100031477,0.9376367787266022,1.0,0.9387178881758286,0.8385735653110838,-0.7918024613717376,0.514828518204891
adjusted_rand_score,0.7220408720204046,0.988643162281024,0.9387178881758286,1.0,0.8717789929990658,-0.8074585664354014,0.5882149192321015
calinski_harabasz,0.7605407618107963,0.8699106777366096,0.8385735653110838,0.8717789929990658,1.0,-0.9214257974452363,0.5672436052186873
davies_bouldin,-0.7239511718955003,-0.8228249346614466,-0.7918024613717376,-0.8074585664354014,-0.9214257974452363,1.0,-0.5495470909911517
silhouette,0.6498483305868399,0.580594712038038,0.514828518204891,0.5882149192321015,0.5672436052186873,-0.5495470909911517,1.0
