,abilities,v_measure,mutual_info,adjusted_rand_score,calinski_harabasz,davies_bouldin,silhouette
abilities,1.0,0.7343423635237686,0.8086951045873304,0.7466018704144931,0.7434950090791724,-0.6432357540961238,0.6119782099860401
v_measure,0.7343423635237686,1.0,0.9361407339503001,0.9894618622274937,0.8655232857157852,-0.7881036600086069,0.5987740493109276
mutual_info,0.8086951045873304,0.9361407339503001,1.0,0.9387228147296849,0.8317239063351771,-0.7522671929207742,0.5346061802292981
adjusted_rand_score,0.7466018704144931,0.9894618622274937,0.9387228147296849,1.0,0.8625633705247027,-0.7742697301439022,0.6068560872440251
calinski_harabasz,0.7434950090791724,0.8655232857157852,0.8317239063351771,0.8625633705247027,1.0,-0.9027426448206732,0.5199269467740073
davies_bouldin,-0.6432357540961238,-0.7881036600086069,-0.7522671929207742,-0.7742697301439022,-0.9027426448206732,1.0,-0.5436692452216263
silhouette,0.6119782099860401,0.5987740493109276,0.5346061802292981,0.6068560872440251,0.5199269467740073,-0.5436692452216263,1.0
