,abilities,v_measure,mutual_info,adjusted_rand_score,calinski_harabasz,davies_bouldin,silhouette
abilities,1.0,0.7100332728055168,0.7812391758420539,0.7275618485824945,0.7663556306613626,-0.7263233025096302,0.6501212305689965
v_measure,0.7100332728055168,1.0,0.9347139273456279,0.9884962161367858,0.8718209776117053,-0.8219012731833782,0.5817492888856234
mutual_info,0.7812391758420539,0.9347139273456279,1.0,0.9402349039077178,0.8388210720770838,-0.7936456288770166,0.5141750548424002
adjusted_rand_score,0.7275618485824945,0.9884962161367858,0.9402349039077178,1.0,0.8733534159730458,-0.8090959663283407,0.5887607191964145
calinski_harabasz,0.7663556306613626,0.8718209776117053,0.8388210720770838,0.8733534159730458,1.0,-0.9136376518006151,0.5662149822090204
davies_bouldin,-0.7263233025096302,-0.8219012731833782,-0.7936456288770166,-0.8090959663283407,-0.9136376518006151,1.0,-0.5467131296379877
silhouette,0.6501212305689965,0.5817492888856234,0.5141750548424002,0.5887607191964145,0.5662149822090204,-0.5467131296379877,1.0
