,abilities,v_measure,mutual_info,adjusted_rand_score,calinski_harabasz,davies_bouldin,silhouette
abilities,1.0,0.7732449067092404,0.8057754272906165,0.6554973821989529,0.2401396160558464,-0.2055846422338569,0.48917975567190225
v_measure,0.7732449067092404,1.0,0.9856782372383015,0.938173568675211,-0.1984379774130248,0.21301103907880103,0.04206117199343797
mutual_info,0.8057754272906165,0.9856782372383015,1.0,0.9063987483533411,-0.1185917712524969,0.13585901362998537,0.09843204664933779
adjusted_rand_score,0.6554973821989529,0.938173568675211,0.9063987483533411,1.0,-0.40785340314136126,0.39720767888307157,-0.12164048865619546
calinski_harabasz,0.2401396160558464,-0.1984379774130248,-0.1185917712524969,-0.40785340314136126,1.0,-0.9767888307155322,0.8169284467713787
davies_bouldin,-0.2055846422338569,0.21301103907880103,0.13585901362998537,0.39720767888307157,-0.9767888307155322,1.0,-0.8481675392670157
silhouette,0.48917975567190225,0.04206117199343797,0.09843204664933779,-0.12164048865619546,0.8169284467713787,-0.8481675392670157,1.0
