,abilities,v_measure,mutual_info,adjusted_rand_score,calinski_harabasz,davies_bouldin,silhouette
abilities,1.0,0.7325799561927631,0.7443804559400912,0.6481675392670158,0.22600349040139617,-0.1869109947643979,0.4781849912739965
v_measure,0.7325799561927631,1.0,0.992171343593608,0.9563244478756987,-0.30420175429279,0.3179894413777759,-0.035341856135565106
mutual_info,0.7443804559400912,0.992171343593608,1.0,0.9396206154983258,-0.2657751522090356,0.2819649458075445,-0.01688989278114714
adjusted_rand_score,0.6481675392670158,0.9563244478756987,0.9396206154983258,1.0,-0.4478184991273996,0.43577661431064574,-0.13525305410122165
calinski_harabasz,0.22600349040139617,-0.30420175429279,-0.2657751522090356,-0.4478184991273996,1.0,-0.9755671902268761,0.8178010471204189
davies_bouldin,-0.1869109947643979,0.3179894413777759,0.2819649458075445,0.43577661431064574,-0.9755671902268761,1.0,-0.850087260034904
silhouette,0.4781849912739965,-0.035341856135565106,-0.01688989278114714,-0.13525305410122165,0.8178010471204189,-0.850087260034904,1.0
