,abilities,v_measure,mutual_info,adjusted_rand_score,calinski_harabasz,davies_bouldin,silhouette
abilities,1.0,0.7422338568935427,0.7677125775642913,0.6563699825479931,0.23333333333333334,-0.19842931937172775,0.4732984293193717
v_measure,0.7422338568935427,1.0,0.9888467031205393,0.9493891797556719,-0.2942408376963351,0.3012216404886562,-0.03856893542757417
mutual_info,0.7677125775642913,0.9888467031205393,1.0,0.9293408838177104,-0.23268525518562072,0.23942341413608811,0.008138295875239837
adjusted_rand_score,0.6563699825479931,0.9493891797556719,0.9293408838177104,1.0,-0.44275741710296684,0.42478184991274,-0.13769633507853404
calinski_harabasz,0.23333333333333334,-0.2942408376963351,-0.23268525518562072,-0.44275741710296684,1.0,-0.9755671902268761,0.818673647469459
davies_bouldin,-0.19842931937172775,0.3012216404886562,0.23942341413608811,0.42478184991274,-0.9755671902268761,1.0,-0.8513089005235602
silhouette,0.4732984293193717,-0.03856893542757417,0.008138295875239837,-0.13769633507853404,0.818673647469459,-0.8513089005235602,1.0
