,abilities,v_measure,mutual_info,adjusted_rand_score,calinski_harabasz,davies_bouldin,silhouette
abilities,1.0,0.11840097661540516,0.15865145041435785,-0.12502179598953791,0.7736704446381866,-0.780819529206626,0.8484742807323452
v_measure,0.11840097661540516,1.0,0.9939736999190893,0.935786216504524,-0.33776537806191426,0.18937181237751105,-0.1538863944964581
mutual_info,0.15865145041435785,0.9939736999190893,1.0,0.9133815606179027,-0.2853279939720775,0.13052052143119527,-0.1293848006958502
adjusted_rand_score,-0.12502179598953791,0.935786216504524,0.9133815606179027,1.0,-0.539843068875327,0.3672188317349608,-0.33740191804707936
calinski_harabasz,0.7736704446381866,-0.33776537806191426,-0.2853279939720775,-0.539843068875327,1.0,-0.8749782040104621,0.819180470793374
davies_bouldin,-0.780819529206626,0.18937181237751105,0.13052052143119527,0.3672188317349608,-0.8749782040104621,1.0,-0.7733217088055798
silhouette,0.8484742807323452,-0.1538863944964581,-0.1293848006958502,-0.33740191804707936,0.819180470793374,-0.7733217088055798,1.0
