,abilities,v_measure,mutual_info,adjusted_rand_score,calinski_harabasz,davies_bouldin,silhouette
abilities,1.0,0.9828897338403042,0.8450571313879442,0.99106463878327,0.8851711026615969,-0.47395437262357415,0.7475285171102661
v_measure,0.9828897338403042,1.0,0.8186551850418371,0.9880228136882129,0.8931558935361217,-0.5231939163498099,0.7929657794676807
mutual_info,0.8450571313879442,0.8186551850418371,1.0,0.8098870109785543,0.8723358951403796,-0.2681112780239362,0.5152763624522524
adjusted_rand_score,0.99106463878327,0.9880228136882129,0.8098870109785543,1.0,0.8697718631178707,-0.5112167300380228,0.7703422053231939
calinski_harabasz,0.8851711026615969,0.8931558935361217,0.8723358951403796,0.8697718631178707,1.0,-0.5287072243346007,0.7572243346007604
davies_bouldin,-0.47395437262357415,-0.5231939163498099,-0.2681112780239362,-0.5112167300380228,-0.5287072243346007,1.0,-0.8809885931558935
silhouette,0.7475285171102661,0.7929657794676807,0.5152763624522524,0.7703422053231939,0.7572243346007604,-0.8809885931558935,1.0
