,abilities,v_measure,mutual_info,adjusted_rand_score,calinski_harabasz,davies_bouldin,silhouette
abilities,1.0,0.9339578011164728,0.8213090156022939,0.9282808212697512,0.910492951083357,-0.49758728356514337,0.7085817012016274
v_measure,0.9339578011164728,1.0,0.6825887443243718,0.9687766108430315,0.8686725328791749,-0.6088560885608856,0.8075503831961397
mutual_info,0.8213090156022939,0.6825887443243718,1.0,0.6678086597104984,0.8108760146983833,-0.2627570598021923,0.37848608834742264
adjusted_rand_score,0.9282808212697512,0.9687766108430315,0.6678086597104984,1.0,0.828365975967452,-0.5641971804333428,0.760999148453023
calinski_harabasz,0.910492951083357,0.8686725328791749,0.8108760146983833,0.828365975967452,1.0,-0.5821742832812944,0.7418866496357271
davies_bouldin,-0.49758728356514337,-0.6088560885608856,-0.2627570598021923,-0.5641971804333428,-0.5821742832812944,1.0,-0.9015990159901599
silhouette,0.7085817012016274,0.8075503831961397,0.37848608834742264,0.760999148453023,0.7418866496357271,-0.9015990159901599,1.0
