,abilities,v_measure,mutual_info,adjusted_rand_score,calinski_harabasz,davies_bouldin,silhouette
abilities,1.0,0.9379977246871445,0.7839912409540564,0.9389457717102768,0.9203640500568828,-0.48179749715585896,0.7398558968524839
v_measure,0.9379977246871445,1.0,0.6499493827333751,0.9812286689419796,0.8830109973454683,-0.6023890784982935,0.8325748957148275
mutual_info,0.7839912409540564,0.6499493827333751,1.0,0.6197995664860299,0.7929209636005631,-0.21277704714686943,0.3849382590305955
adjusted_rand_score,0.9389457717102768,0.9812286689419796,0.6197995664860299,1.0,0.8507773985589685,-0.5949943117178612,0.8179749715585893
calinski_harabasz,0.9203640500568828,0.8830109973454683,0.7929209636005631,0.8507773985589685,1.0,-0.5745164960182025,0.770193401592719
davies_bouldin,-0.48179749715585896,-0.6023890784982935,-0.21277704714686943,-0.5949943117178612,-0.5745164960182025,1.0,-0.8860447478194918
silhouette,0.7398558968524839,0.8325748957148275,0.3849382590305955,0.8179749715585893,0.770193401592719,-0.8860447478194918,1.0
