,abilities,v_measure,mutual_info,adjusted_rand_score,calinski_harabasz,davies_bouldin,silhouette
abilities,1.0,0.9870722433460076,0.6704259830925406,0.9965779467680609,0.8562737642585552,-0.5359315589353613,0.7889733840304183
v_measure,0.9870722433460076,1.0,0.675276409825955,0.9834600760456274,0.876425855513308,-0.5501901140684411,0.80893536121673
mutual_info,0.6704259830925406,0.675276409825955,1.0,0.6629563259230825,0.800417419548047,-0.18994271088050857,0.36708029518480306
adjusted_rand_score,0.9965779467680609,0.9834600760456274,0.6629563259230825,1.0,0.8520912547528517,-0.5433460076045628,0.791254752851711
calinski_harabasz,0.8562737642585552,0.876425855513308,0.800417419548047,0.8520912547528517,1.0,-0.4870722433460076,0.7195817490494296
davies_bouldin,-0.5359315589353613,-0.5501901140684411,-0.18994271088050857,-0.5433460076045628,-0.4870722433460076,1.0,-0.8777566539923954
silhouette,0.7889733840304183,0.80893536121673,0.36708029518480306,0.791254752851711,0.7195817490494296,-0.8777566539923954,1.0
