,abilities,v_measure,mutual_info,adjusted_rand_score,calinski_harabasz,davies_bouldin,silhouette
abilities,1.0,0.598404641138546,0.6201407568382817,0.5224456251113928,0.5277115643245214,-0.4989495349376468,0.817140170511829
v_measure,0.598404641138546,1.0,0.9966482246516102,0.9776829312878487,0.031959701903337606,-0.00924595491277627,0.33041465475991727
mutual_info,0.6201407568382817,0.9966482246516102,1.0,0.96216652122104,0.06855199986655737,-0.04472555868848706,0.3572584743069633
adjusted_rand_score,0.5224456251113928,0.9776829312878487,0.96216652122104,1.0,-0.050023673688919364,0.07044217070536403,0.24437093965478277
calinski_harabasz,0.5277115643245214,0.031959701903337606,0.06855199986655737,-0.050023673688919364,1.0,-0.9889397406559878,0.749112285962282
davies_bouldin,-0.4989495349376468,-0.00924595491277627,-0.04472555868848706,0.07044217070536403,-0.9889397406559878,1.0,-0.7630395328651464
silhouette,0.817140170511829,0.33041465475991727,0.3572584743069633,0.24437093965478277,0.749112285962282,-0.7630395328651464,1.0
