,abilities,v_measure,mutual_info,adjusted_rand_score,calinski_harabasz,davies_bouldin,silhouette
abilities,1.0,0.5877560157852898,0.6084557362688057,0.5146381888911304,0.5328388437360267,-0.5037481259370314,0.8209579420815908
v_measure,0.5877560157852898,1.0,0.9969113713078877,0.9796427033493547,0.028632210305994225,-0.0064050925213684825,0.32615993724315606
mutual_info,0.6084557362688057,0.9969113713078877,1.0,0.966311040173085,0.06238159627046959,-0.0391208850596312,0.3508841447924547
adjusted_rand_score,0.5146381888911304,0.9796427033493547,0.966311040173085,1.0,-0.05031301793005417,0.07059999483689211,0.24274666630113967
calinski_harabasz,0.5328388437360267,0.028632210305994225,0.06238159627046959,-0.05031301793005417,1.0,-0.9889002866987558,0.7487835029853495
davies_bouldin,-0.5037481259370314,-0.0064050925213684825,-0.0391208850596312,0.07059999483689211,-0.9889002866987558,1.0,-0.7627765064836003
silhouette,0.8209579420815908,0.32615993724315606,0.3508841447924547,0.24274666630113967,0.7487835029853495,-0.7627765064836003,1.0
