,abilities,v_measure,mutual_info,adjusted_rand_score,calinski_harabasz,davies_bouldin,silhouette
abilities,1.0,0.8460208443398491,0.8508236876230728,0.11954276931943711,-0.06949714230824648,0.26910330915902214,-0.6226886316699486
v_measure,0.8460208443398491,1.0,0.9968301234330724,-0.03606935305700975,-0.3242399500504299,0.5508380961529226,-0.8350703616540992
mutual_info,0.8508236876230728,0.9968301234330724,1.0,-0.0701695403678978,-0.3223188127371404,0.5581384179434226,-0.8302675183708755
adjusted_rand_score,0.11954276931943711,-0.03606935305700975,-0.0701695403678978,1.0,0.520484126602949,-0.4982949906344556,0.18822342826953556
calinski_harabasz,-0.06949714230824648,-0.3242399500504299,-0.3223188127371404,0.520484126602949,1.0,-0.8424667403102637,0.44613611257864655
davies_bouldin,0.26910330915902214,0.5508380961529226,0.5581384179434226,-0.4982949906344556,-0.8424667403102637,1.0,-0.7010710340521589
silhouette,-0.6226886316699486,-0.8350703616540992,-0.8302675183708755,0.18822342826953556,0.44613611257864655,-0.7010710340521589,1.0
