,abilities,v_measure,mutual_info,adjusted_rand_score,calinski_harabasz,davies_bouldin,silhouette
abilities,1.0,0.6947140657536848,0.7449645082235229,0.704847757225512,0.7283302471019949,-0.6915803539330797,0.5979624090240048
v_measure,0.6947140657536848,1.0,0.959264999649412,0.991168630323749,0.8696864253301589,-0.8177156461754471,0.46101513270794753
mutual_info,0.7449645082235229,0.959264999649412,1.0,0.9600653876341008,0.8504664973239305,-0.7957213157610278,0.41860969894121514
adjusted_rand_score,0.704847757225512,0.991168630323749,0.9600653876341008,1.0,0.8732678102679934,-0.8039734380617111,0.4703213072055023
calinski_harabasz,0.7283302471019949,0.8696864253301589,0.8504664973239305,0.8732678102679934,1.0,-0.9098277815083871,0.45797638185160316
davies_bouldin,-0.6915803539330797,-0.8177156461754471,-0.7957213157610278,-0.8039734380617111,-0.9098277815083871,1.0,-0.4618833472383317
silhouette,0.5979624090240048,0.46101513270794753,0.41860969894121514,0.4703213072055023,0.45797638185160316,-0.4618833472383317,1.0
