,abilities,v_measure,mutual_info,adjusted_rand_score,calinski_harabasz,davies_bouldin,silhouette
abilities,1.0,0.6970066947479804,0.7489732310959892,0.7071539520718447,0.7292391591884907,-0.6909970222954778,0.5979081456158558
v_measure,0.6970066947479804,1.0,0.9572843785347587,0.9910736693594883,0.8704596788962823,-0.8196555630167742,0.4619647423505552
mutual_info,0.7489732310959892,0.9572843785347587,1.0,0.9573250762288954,0.8499849079433127,-0.7964538742554886,0.41829768328616695
adjusted_rand_score,0.7071539520718447,0.9910736693594883,0.9573250762288954,1.0,0.8741902882065266,-0.8062796329080438,0.47135231196033345
calinski_harabasz,0.7292391591884907,0.8704596788962823,0.8499849079433127,0.8741902882065266,1.0,-0.9098142156563498,0.45792211844345415
davies_bouldin,-0.6909970222954778,-0.8196555630167742,-0.7964538742554886,-0.8062796329080438,-0.9098142156563498,1.0,-0.4618969130903689
silhouette,0.5979081456158558,0.4619647423505552,0.41829768328616695,0.47135231196033345,0.45792211844345415,-0.4618969130903689,1.0
