,abilities,v_measure,mutual_info,adjusted_rand_score,calinski_harabasz,davies_bouldin,silhouette
abilities,1.0,0.6465552910214408,0.700882122524439,0.6604060259514749,0.7178438434771992,-0.6032395254664957,0.6145941436216755
v_measure,0.6465552910214408,1.0,0.9560024011694521,0.9909108791350413,0.8638124113980289,-0.7904347177285337,0.453228333638565
mutual_info,0.700882122524439,0.9560024011694521,1.0,0.9559888352714065,0.8431612612263905,-0.7648995954014899,0.4104769430628951
adjusted_rand_score,0.6604060259514749,0.9909108791350413,0.9559888352714065,1.0,0.8685197620549553,-0.783339777113051,0.46064885470294176
calinski_harabasz,0.7178438434771992,0.8638124113980289,0.8431612612263905,0.8685197620549553,1.0,-0.8681399181979123,0.4354299357656906
davies_bouldin,-0.6032395254664957,-0.7904347177285337,-0.7648995954014899,-0.783339777113051,-0.8681399181979123,1.0,-0.417889289081524
silhouette,0.6145941436216755,0.453228333638565,0.4104769430628951,0.46064885470294176,0.4354299357656906,-0.417889289081524,1.0
