,abilities,v_measure,mutual_info,adjusted_rand_score,calinski_harabasz,davies_bouldin,silhouette
abilities,1.0,0.6967489435592726,0.748030401181822,0.7066520155464664,0.7290085397038575,-0.6912412076321484,0.5978403163556695
v_measure,0.6967489435592726,1.0,0.9581322471626068,0.9909244449870785,0.8699306106668294,-0.8193028508638056,0.46166629360573563
mutual_info,0.748030401181822,0.9581322471626068,1.0,0.9577117043231941,0.8501409157708368,-0.7968065876046735,0.41830446623518974
adjusted_rand_score,0.7066520155464664,0.9909244449870785,0.9577117043231941,1.0,0.8734984297526267,-0.8053842866735853,0.47095890225125314
calinski_harabasz,0.7290085397038575,0.8699306106668294,0.8501409157708368,0.8734984297526267,1.0,-0.9098549132124616,0.45778645992308165
davies_bouldin,-0.6912412076321484,-0.8193028508638056,-0.7968065876046735,-0.8053842866735853,-0.9098549132124616,1.0,-0.46169342530981017
silhouette,0.5978403163556695,0.46166629360573563,0.41830446623518974,0.47095890225125314,0.45778645992308165,-0.46169342530981017,1.0
