,abilities,v_measure,mutual_info,adjusted_rand_score,calinski_harabasz,davies_bouldin,silhouette
abilities,1.0,0.6346597544567835,0.6575415481789479,0.5427777783594584,0.48934085351784845,-0.45633337706883464,0.7983365096258677
v_measure,0.6346597544567835,1.0,0.9965258161336024,0.9720736782165035,-0.03665180029121262,0.05622000356247898,0.28310622161780863
mutual_info,0.6575415481789479,0.9965258161336024,1.0,0.9584251504698035,0.00024704324420212707,0.021230278798620293,0.31093480323390216
adjusted_rand_score,0.5427777783594584,0.9720736782165035,0.9584251504698035,1.0,-0.14657294332380463,0.16124875603184194,0.17390297939734203
calinski_harabasz,0.48934085351784845,-0.03665180029121262,0.00024704324420212707,-0.14657294332380463,1.0,-0.9857416208875995,0.755015122523301
davies_bouldin,-0.45633337706883464,0.05622000356247898,0.021230278798620293,0.16124875603184194,-0.9857416208875995,1.0,-0.7735016357014999
silhouette,0.7983365096258677,0.28310622161780863,0.31093480323390216,0.17390297939734203,0.755015122523301,-0.7735016357014999,1.0
