,abilities,v_measure,mutual_info,adjusted_rand_score,calinski_harabasz,davies_bouldin,silhouette
abilities,1.0,0.32993874405771967,0.3781685877119263,0.13888181719204767,0.6928441386120283,-0.6723547381738513,0.8792236245255655
v_measure,0.32993874405771967,1.0,0.9961183365273287,0.9518327922247876,-0.08804332757767143,0.06250675079164861,0.15826505625029372
mutual_info,0.3781685877119263,0.9961183365273287,1.0,0.9289583968184528,-0.043088748648861336,0.020124544497892256,0.1978193338757538
adjusted_rand_score,0.13888181719204767,0.9518327922247876,0.9289583968184528,1.0,-0.25768972657753453,0.21609152869399262,-0.01269855966548775
calinski_harabasz,0.6928441386120283,-0.08804332757767143,-0.043088748648861336,-0.25768972657753453,1.0,-0.9680933131730799,0.7913722343938038
davies_bouldin,-0.6723547381738513,0.06250675079164861,0.020124544497892256,0.21609152869399262,-0.9680933131730799,1.0,-0.7955997161107168
silhouette,0.8792236245255655,0.15826505625029372,0.1978193338757538,-0.01269855966548775,0.7913722343938038,-0.7955997161107168,1.0
