,abilities,v_measure,mutual_info,adjusted_rand_score,calinski_harabasz,davies_bouldin,silhouette
abilities,1.0,0.6390067766982067,0.6686334958230176,0.5385143641005987,0.4936115054626258,-0.45855194123819515,0.8002283809641381
v_measure,0.6390067766982067,1.0,0.9950345532329218,0.9655917465991452,-0.027994259254004082,0.04586490545915112,0.2898038558604976
mutual_info,0.6686334958230176,0.9950345532329218,1.0,0.9439496441653477,0.021359576022064383,-0.0008494408396337969,0.3251659534118174
adjusted_rand_score,0.5385143641005987,0.9655917465991452,0.9439496441653477,1.0,-0.1488723083011943,0.15817779206875107,0.17269928497964812
calinski_harabasz,0.4936115054626258,-0.027994259254004082,0.021359576022064383,-0.1488723083011943,1.0,-0.9857416208875995,0.7558792667119314
davies_bouldin,-0.45855194123819515,0.04586490545915112,-0.0008494408396337969,0.15817779206875107,-0.9857416208875995,1.0,-0.7739954323807172
silhouette,0.8002283809641381,0.2898038558604976,0.3251659534118174,0.17269928497964812,0.7558792667119314,-0.7739954323807172,1.0
