,abilities,v_measure,mutual_info,adjusted_rand_score,calinski_harabasz,davies_bouldin,silhouette
abilities,1.0,0.5659393231299454,0.5970557976510479,0.4806024507705465,0.5182087525461391,-0.4820998703783717,0.790228998209987
v_measure,0.5659393231299454,1.0,0.9954994112397234,0.9683333333333334,-0.06447331875543742,0.08225054786177154,0.21507052261716883
mutual_info,0.5970557976510479,0.9954994112397234,1.0,0.950476824801746,-0.014497566496711592,0.03476945660340203,0.25390040579171685
adjusted_rand_score,0.4806024507705465,0.9683333333333334,0.950476824801746,1.0,-0.16909971922500797,0.18014876092651422,0.11535137809882592
calinski_harabasz,0.5182087525461391,-0.06447331875543742,-0.014497566496711592,-0.16909971922500797,1.0,-0.9848466144065181,0.7606320597493982
davies_bouldin,-0.4820998703783717,0.08225054786177154,0.03476945660340203,0.18014876092651422,-0.9848466144065181,1.0,-0.7800135794086784
silhouette,0.790228998209987,0.21507052261716883,0.25390040579171685,0.11535137809882592,0.7606320597493982,-0.7800135794086784,1.0
