,abilities,v_measure,mutual_info,adjusted_rand_score,calinski_harabasz,davies_bouldin,silhouette
abilities,1.0,0.6993635649738041,0.7277042628253965,0.7469262415171298,0.675922127544861,-0.5406415921424301,0.5216071449501284
v_measure,0.6993635649738041,1.0,0.9734642928304363,0.981035877119985,0.8702516438307997,-0.8024121239114382,0.5428919701356087
mutual_info,0.7277042628253965,0.9734642928304363,1.0,0.9677680235352032,0.8319952179467645,-0.7493172681348821,0.49221158241423363
adjusted_rand_score,0.7469262415171298,0.981035877119985,0.9677680235352032,1.0,0.8402934867966104,-0.7403391975995968,0.5009083557003715
calinski_harabasz,0.675922127544861,0.8702516438307997,0.8319952179467645,0.8402934867966104,1.0,-0.8920052977648589,0.47634172927483914
davies_bouldin,-0.5406415921424301,-0.8024121239114382,-0.7493172681348821,-0.7403391975995968,-0.8920052977648589,1.0,-0.5373129080275203
silhouette,0.5216071449501284,0.5428919701356087,0.49221158241423363,0.5009083557003715,0.47634172927483914,-0.5373129080275203,1.0
