,abilities,v_measure,mutual_info,adjusted_rand_score,calinski_harabasz,davies_bouldin,silhouette
abilities,1.0,0.698214934539786,0.7251960290204995,0.747277863078564,0.675101677234848,-0.5405712678301433,0.5249123876276093
v_measure,0.698214934539786,1.0,0.9725266353332787,0.9809889942451271,0.8700172294565103,-0.8014744664142806,0.5424934656993167
mutual_info,0.7251960290204995,0.9725266353332787,1.0,0.9672523119117664,0.8314560648858988,-0.7487077907617296,0.49183651941537054
adjusted_rand_score,0.747277863078564,0.9809889942451271,0.9672523119117664,1.0,0.8403638111088972,-0.7397766031013022,0.5008145899506558
calinski_harabasz,0.675101677234848,0.8700172294565103,0.8314560648858988,0.8403638111088972,1.0,-0.89198185632743,0.4762714049625523
davies_bouldin,-0.5405712678301433,-0.8014744664142806,-0.7487077907617296,-0.7397766031013022,-0.89198185632743,1.0,-0.5373129080275203
silhouette,0.5249123876276093,0.5424934656993167,0.49183651941537054,0.5008145899506558,0.4762714049625523,-0.5373129080275203,1.0
