,abilities,v_measure,mutual_info,adjusted_rand_score,calinski_harabasz,davies_bouldin,silhouette
abilities,1.0,0.8480396375005844,0.8025973275237388,0.9358558250768705,0.744448240519303,-0.7302699009224461,0.7833959685685001
v_measure,0.8480396375005844,1.0,0.9694536043797004,0.9155206320236969,0.8022550640013586,-0.8015717121580866,0.7717604879953445
mutual_info,0.8025973275237388,0.9694536043797004,1.0,0.8585587124000481,0.8002050851168127,-0.8015720807779133,0.7503097434866377
adjusted_rand_score,0.9358558250768705,0.9155206320236969,0.8585587124000481,1.0,0.7249743764947045,-0.711479330372395,0.7486334130509054
calinski_harabasz,0.744448240519303,0.8022550640013586,0.8002050851168127,0.7249743764947045,1.0,-0.9914588315681585,0.9755722582849333
davies_bouldin,-0.7302699009224461,-0.8015717121580866,-0.8015720807779133,-0.711479330372395,-0.9914588315681585,1.0,-0.958404509736932
silhouette,0.7833959685685001,0.7717604879953445,0.7503097434866377,0.7486334130509054,0.9755722582849333,-0.958404509736932,1.0
