,abilities,v_measure,mutual_info,adjusted_rand_score,calinski_harabasz,davies_bouldin,silhouette
abilities,1.0,0.8995898169917483,0.8659785873539017,0.9366829018200461,0.7118687516021533,-0.7228061180893788,0.7272494232248141
v_measure,0.8995898169917483,1.0,0.98057159100735,0.9419757340837885,0.7372244087762718,-0.7608955761845281,0.7155187173622028
mutual_info,0.8659785873539017,0.98057159100735,1.0,0.9031224862882817,0.7446304526304206,-0.7686521686271083,0.7197966145626705
adjusted_rand_score,0.9366829018200461,0.9419757340837885,0.9031224862882817,1.0,0.697171665384944,-0.6999914551824319,0.7012731778176536
calinski_harabasz,0.7118687516021533,0.7372244087762718,0.7446304526304206,0.697171665384944,1.0,-0.9887208408100487,0.9845338802016577
davies_bouldin,-0.7228061180893788,-0.7608955761845281,-0.7686521686271083,-0.6999914551824319,-0.9887208408100487,1.0,-0.971460309322396
silhouette,0.7272494232248141,0.7155187173622028,0.7197966145626705,0.7012731778176536,0.9845338802016577,-0.971460309322396,1.0
