,abilities,v_measure,mutual_info,adjusted_rand_score,calinski_harabasz,davies_bouldin,silhouette
abilities,1.0,0.9013843820299194,0.8679689628548344,0.9371101426984534,0.7122959924805605,-0.7232333589677861,0.7285311458600359
v_measure,0.9013843820299194,1.0,0.9812773079534024,0.9430011998198863,0.7365407649522066,-0.7612373980965607,0.7162878166642761
mutual_info,0.8679689628548344,0.9812773079534024,1.0,0.9040862511599674,0.7434177461434055,-0.7680373414851293,0.71922557433192
adjusted_rand_score,0.9371101426984534,0.9430011998198863,0.9040862511599674,1.0,0.697171665384944,-0.6999914551824319,0.7017858668717423
calinski_harabasz,0.7122959924805605,0.7365407649522066,0.7434177461434055,0.697171665384944,1.0,-0.9887208408100487,0.984021191147569
davies_bouldin,-0.7232333589677861,-0.7612373980965607,-0.7680373414851293,-0.6999914551824319,-0.9887208408100487,1.0,-0.9718021020251217
silhouette,0.7285311458600359,0.7162878166642761,0.71922557433192,0.7017858668717423,0.984021191147569,-0.9718021020251217,1.0
