,abilities,v_measure,mutual_info,adjusted_rand_score,calinski_harabasz,davies_bouldin,silhouette
abilities,1.0,0.9101939673587969,0.8764184786050843,0.9468512347261386,0.6676065965991627,-0.676236862342989,0.7058873793044519
v_measure,0.9101939673587969,1.0,0.9792072448708224,0.9421515850636589,0.7358796889686405,-0.7584380073485432,0.7348543108604632
mutual_info,0.8764184786050843,0.9792072448708224,1.0,0.9023614229390979,0.7437974633358179,-0.7671760309646573,0.7389251475959866
adjusted_rand_score,0.9468512347261386,0.9421515850636589,0.9023614229390979,1.0,0.6970862172092626,-0.6985388361958472,0.7186191574809878
calinski_harabasz,0.6676065965991627,0.7358796889686405,0.7437974633358179,0.6970862172092626,1.0,-0.9898316670939076,0.9789797487823635
davies_bouldin,-0.676236862342989,-0.7584380073485432,-0.7671760309646573,-0.6985388361958472,-0.9898316670939076,1.0,-0.9659916260787832
silhouette,0.7058873793044519,0.7348543108604632,0.7389251475959866,0.7186191574809878,0.9789797487823635,-0.9659916260787832,1.0
