,abilities,v_measure,mutual_info,adjusted_rand_score,calinski_harabasz,davies_bouldin,silhouette
abilities,1.0,0.8748221906116643,0.8689134478608163,0.9148703359229675,0.7958201116095853,-0.6321260531786848,0.6485392274865959
v_measure,0.8748221906116643,1.0,0.9838056680161943,0.9566692198271146,0.9144326512747566,-0.8496553233395339,0.6636393478498742
mutual_info,0.8689134478608163,0.9838056680161943,1.0,0.9463836305941569,0.8857643068169384,-0.818798555640661,0.6343144764197396
adjusted_rand_score,0.9148703359229675,0.9566692198271146,0.9463836305941569,1.0,0.8654119706751285,-0.7356384724805778,0.6459131195973301
calinski_harabasz,0.7958201116095853,0.9144326512747566,0.8857643068169384,0.8654119706751285,1.0,-0.933690775796039,0.7115658168289747
davies_bouldin,-0.6321260531786848,-0.8496553233395339,-0.818798555640661,-0.7356384724805778,-0.933690775796039,1.0,-0.6430681693839588
silhouette,0.6485392274865959,0.6636393478498742,0.6343144764197396,0.6459131195973301,0.7115658168289747,-0.6430681693839588,1.0
