,abilities,v_measure,mutual_info,adjusted_rand_score,calinski_harabasz,davies_bouldin,silhouette
abilities,1.0,0.8754787175839808,0.8739468213152424,0.9142138089506511,0.7914432651274756,-0.6395666921982711,0.6511653353758617
v_measure,0.8754787175839808,1.0,0.987307145201882,0.957763431447642,0.914651493598862,-0.8570959623591202,0.671298829193566
mutual_info,0.8739468213152424,0.987307145201882,1.0,0.9531677426414269,0.890578837947259,-0.8334609913557282,0.6498522814312288
adjusted_rand_score,0.9142138089506511,0.957763431447642,0.9531677426414269,1.0,0.8658496553233396,-0.7408906882591093,0.6557610241820768
calinski_harabasz,0.7914432651274756,0.914651493598862,0.890578837947259,0.8658496553233396,1.0,-0.9354415143888828,0.7113469745048693
davies_bouldin,-0.6395666921982711,-0.8570959623591202,-0.8334609913557282,-0.7408906882591093,-0.9354415143888828,1.0,-0.6478827005142794
silhouette,0.6511653353758617,0.671298829193566,0.6498522814312288,0.6557610241820768,0.7113469745048693,-0.6478827005142794,1.0
