,abilities,v_measure,mutual_info,adjusted_rand_score,calinski_harabasz,davies_bouldin,silhouette
abilities,1.0,0.8676003939161834,0.8192362402888719,0.8371813108655214,0.817485501696028,-0.7818142028668345,0.7513951198161725
v_measure,0.8676003939161834,1.0,0.9831491410438778,0.9325965641755115,0.9045847466900099,-0.8286464602254076,0.6128679286574024
mutual_info,0.8192362402888719,0.9831491410438778,1.0,0.9378487799540431,0.8938614728088412,-0.7601488127803917,0.5675675675675675
adjusted_rand_score,0.8371813108655214,0.9325965641755115,0.9378487799540431,1.0,0.8098260203523362,-0.6516030200240727,0.5299266878214247
calinski_harabasz,0.817485501696028,0.9045847466900099,0.8938614728088412,0.8098260203523362,1.0,-0.8761352445562972,0.683116314695262
davies_bouldin,-0.7818142028668345,-0.8286464602254076,-0.7601488127803917,-0.6516030200240727,-0.8761352445562972,1.0,-0.6483203851624905
silhouette,0.7513951198161725,0.6128679286574024,0.5675675675675675,0.5299266878214247,0.683116314695262,-0.6483203851624905,1.0
