,abilities,v_measure,mutual_info,adjusted_rand_score,calinski_harabasz,davies_bouldin,silhouette
abilities,1.0,0.7739981509229445,0.8044060492224859,0.7731054930340804,0.8101986163802722,-0.7675263812286798,0.5240220614021105
v_measure,0.7739981509229445,1.0,0.9743160214514482,0.9979118181528358,0.9059839959192783,-0.8738323716007269,0.5448241782765326
mutual_info,0.8044060492224859,0.9743160214514482,1.0,0.9729030321127653,0.9005851201402898,-0.8466201035894636,0.510288726029869
adjusted_rand_score,0.7731054930340804,0.9979118181528358,0.9729030321127653,1.0,0.902971275544362,-0.8725252654063187,0.5453183281792967
calinski_harabasz,0.8101986163802722,0.9059839959192783,0.9005851201402898,0.902971275544362,1.0,-0.8903784231836006,0.44470303184875826
davies_bouldin,-0.7675263812286798,-0.8738323716007269,-0.8466201035894636,-0.8725252654063187,-0.8903784231836006,1.0,-0.518825517263366
silhouette,0.5240220614021105,0.5448241782765326,0.510288726029869,0.5453183281792967,0.44470303184875826,-0.518825517263366,1.0
