,abilities,v_measure,mutual_info,adjusted_rand_score,calinski_harabasz,davies_bouldin,silhouette
abilities,1.0,0.8402372051872693,0.8679607117393427,0.8408110887048564,0.8104909095256694,-0.7493085500673516,0.5670367683981477
v_measure,0.8402372051872693,1.0,0.97407335438633,0.9981667609854855,0.9061541036656809,-0.8773961629510366,0.5411960688979045
mutual_info,0.8679607117393427,0.97407335438633,1.0,0.9727723870488754,0.9002534347291667,-0.8464668157898628,0.5041208525663035
adjusted_rand_score,0.8408110887048564,0.9981667609854855,0.9727723870488754,1.0,0.9058352794892437,-0.8765672200922996,0.5399685958186209
calinski_harabasz,0.8104909095256694,0.9061541036656809,0.9002534347291667,0.9058352794892437,1.0,-0.8741122739337324,0.456149719833255
davies_bouldin,-0.7493085500673516,-0.8773961629510366,-0.8464668157898628,-0.8765672200922996,-0.8741122739337324,1.0,-0.5232303265556627
silhouette,0.5670367683981477,0.5411960688979045,0.5041208525663035,0.5399685958186209,0.456149719833255,-0.5232303265556627,1.0
