,abilities,v_measure,mutual_info,adjusted_rand_score,calinski_harabasz,davies_bouldin,silhouette
abilities,1.0,0.8571747448979592,0.870618118911202,0.8580357142857142,0.8132015306122449,-0.7677295918367347,0.5729591836734694
v_measure,0.8571747448979592,1.0,0.981430882217253,0.9983737244897959,0.9075414540816327,-0.8749362244897959,0.5418845663265306
mutual_info,0.870618118911202,0.981430882217253,1.0,0.9797387187208271,0.9031044652812681,-0.8507910711511911,0.5146651419153546
adjusted_rand_score,0.8580357142857142,0.9983737244897959,0.9797387187208271,1.0,0.907095025510204,-0.8738360969387755,0.540656887755102
calinski_harabasz,0.8132015306122449,0.9075414540816327,0.9031044652812681,0.907095025510204,1.0,-0.877359693877551,0.46171875
davies_bouldin,-0.7677295918367347,-0.8749362244897959,-0.8507910711511911,-0.8738360969387755,-0.877359693877551,1.0,-0.5221460459183673
silhouette,0.5729591836734694,0.5418845663265306,0.5146651419153546,0.540656887755102,0.46171875,-0.5221460459183673,1.0
