,abilities,v_measure,mutual_info,adjusted_rand_score,calinski_harabasz,davies_bouldin,silhouette
abilities,1.0,0.026904376012965966,-0.06986545723174327,-0.023824959481361426,0.21815235008103728,-0.45494327390599676,0.6956239870340356
v_measure,0.026904376012965966,1.0,0.987680350146199,0.9559157212317666,0.9011345218800648,-0.7413290113452188,0.3461912479740681
mutual_info,-0.06986545723174327,0.987680350146199,1.0,0.9541254785755009,0.8794780468928611,-0.718106671778707,0.2997244325324671
adjusted_rand_score,-0.023824959481361426,0.9559157212317666,0.9541254785755009,1.0,0.8622366288492707,-0.6679092382495948,0.2918962722852512
calinski_harabasz,0.21815235008103728,0.9011345218800648,0.8794780468928611,0.8622366288492707,1.0,-0.8970826580226904,0.5891410048622366
davies_bouldin,-0.45494327390599676,-0.7413290113452188,-0.718106671778707,-0.6679092382495948,-0.8970826580226904,1.0,-0.6705024311183144
silhouette,0.6956239870340356,0.3461912479740681,0.2997244325324671,0.2918962722852512,0.5891410048622366,-0.6705024311183144,1.0
