,abilities,v_measure,mutual_info,adjusted_rand_score,calinski_harabasz,davies_bouldin,silhouette
abilities,1.0,0.5421764848877725,0.38627339761769713,0.5622721011263269,0.5390973178834778,-0.524997974232234,0.7765173000567215
v_measure,0.5421764848877725,1.0,0.9460335467142047,0.9789320152337736,0.948788590875942,-0.9092456040839478,0.6671258406936229
mutual_info,0.38627339761769713,0.9460335467142047,1.0,0.9191313507819464,0.8886638035815574,-0.8760230127218216,0.603273640709829
adjusted_rand_score,0.5622721011263269,0.9789320152337736,0.9191313507819464,1.0,0.9499230208248927,-0.9063284985009319,0.6726359290170975
calinski_harabasz,0.5390973178834778,0.948788590875942,0.8886638035815574,0.9499230208248927,1.0,-0.9533263106717446,0.6658293493233935
davies_bouldin,-0.524997974232234,-0.9092456040839478,-0.8760230127218216,-0.9063284985009319,-0.9533263106717446,1.0,-0.6565918483105097
silhouette,0.7765173000567215,0.6671258406936229,0.603273640709829,0.6726359290170975,0.6658293493233935,-0.6565918483105097,1.0
