,abilities,v_measure,mutual_info,adjusted_rand_score,calinski_harabasz,davies_bouldin,silhouette
abilities,1.0,0.5958429566091684,0.45695069118986814,0.6117256193992401,0.5870102512820367,-0.59527571865238,0.8066934085467525
v_measure,0.5958429566091684,1.0,0.9418199497609594,0.9797423223401669,0.9491127137184993,-0.9102179726116199,0.6659914107446723
mutual_info,0.45695069118986814,0.9418199497609594,1.0,0.917834859411717,0.8873673122113281,-0.8726197228749696,0.6039218863949437
adjusted_rand_score,0.6117256193992401,0.9797423223401669,0.917834859411717,1.0,0.949274775139778,-0.9084352969775545,0.6711773762255895
calinski_harabasz,0.5870102512820367,0.9491127137184993,0.8873673122113281,0.949274775139778,1.0,-0.9567296005185966,0.6650190422170003
davies_bouldin,-0.59527571865238,-0.9102179726116199,-0.8726197228749696,-0.9084352969775545,-0.9567296005185966,1.0,-0.6604813224211976
silhouette,0.8066934085467525,0.6659914107446723,0.6039218863949437,0.6711773762255895,0.6650190422170003,-0.6604813224211976,1.0
