,abilities,v_measure,mutual_info,adjusted_rand_score,calinski_harabasz,davies_bouldin,silhouette
abilities,1.0,0.6402555716441033,0.7122931190824239,0.6482953452343584,0.7131805708846789,-0.6685466641014997,0.6026083698700878
v_measure,0.6402555716441033,1.0,0.9368611309526349,0.9906033880456465,0.8509502931378407,-0.7903178444496198,0.5471805101307222
mutual_info,0.7122931190824239,0.9368611309526349,1.0,0.9396153242626132,0.8155753682066078,-0.7557425436894702,0.48395834283238964
adjusted_rand_score,0.6482953452343584,0.9906033880456465,0.9396153242626132,1.0,0.852003361718932,-0.7815085207424134,0.5503599671928634
calinski_harabasz,0.7131805708846789,0.8509502931378407,0.8155753682066078,0.852003361718932,1.0,-0.9451999311455158,0.4784677852145121
davies_bouldin,-0.6685466641014997,-0.7903178444496198,-0.7557425436894702,-0.7815085207424134,-0.9451999311455158,1.0,-0.48699359045757856
silhouette,0.6026083698700878,0.5471805101307222,0.48395834283238964,0.5503599671928634,0.4784677852145121,-0.48699359045757856,1.0
