,abilities,v_measure,mutual_info,adjusted_rand_score,calinski_harabasz,davies_bouldin,silhouette
abilities,1.0,0.7122490102167903,0.7844388078088759,0.7279842849765591,0.7594750858149637,-0.7252301056106278,0.6510292732814225
v_measure,0.7122490102167903,1.0,0.9363953482605063,0.9870594072438967,0.8692777367126034,-0.8235705100294657,0.5760386395163986
mutual_info,0.7844388078088759,0.9363953482605063,1.0,0.9381167190792427,0.8370216234659237,-0.7933798103556068,0.5107205962083914
adjusted_rand_score,0.7279842849765591,0.9870594072438967,0.9381167190792427,1.0,0.8709990988163104,-0.8088072985753197,0.5833493656274364
calinski_harabasz,0.7594750858149637,0.8692777367126034,0.8370216234659237,0.8709990988163104,1.0,-0.9204528194898692,0.5631588007168967
davies_bouldin,-0.7252301056106278,-0.8235705100294657,-0.7933798103556068,-0.8088072985753197,-0.9204528194898692,1.0,-0.5457426664911552
silhouette,0.6510292732814225,0.5760386395163986,0.5107205962083914,0.5833493656274364,0.5631588007168967,-0.5457426664911552,1.0
