,abilities,v_measure,mutual_info,adjusted_rand_score,calinski_harabasz,davies_bouldin,silhouette
abilities,1.0,0.7147196711185816,0.786842584944852,0.7280045362954263,0.7591308133942223,-0.7227594447088367,0.6494496704097854
v_measure,0.7147196711185816,1.0,0.937119018254162,0.9879909679117852,0.8679411496673721,-0.8220314097955629,0.5747020524711672
mutual_info,0.786842584944852,0.937119018254162,1.0,0.9361570708675718,0.8371068673346785,-0.7916624476397669,0.5099840013222422
adjusted_rand_score,0.7280045362954263,0.9879909679117852,0.9361570708675718,1.0,0.8702700513370933,-0.8072884496602841,0.5836328840915764
calinski_harabasz,0.7591308133942223,0.8679411496673721,0.8371068673346785,0.8702700513370933,1.0,-0.9213641288388906,0.5632803086300995
davies_bouldin,-0.7227594447088367,-0.8220314097955629,-0.7916624476397669,-0.8072884496602841,-0.9213641288388906,1.0,-0.5458236717666238
silhouette,0.6494496704097854,0.5747020524711672,0.5099840013222422,0.5836328840915764,0.5632803086300995,-0.5458236717666238,1.0
