,abilities,v_measure,mutual_info,adjusted_rand_score,calinski_harabasz,davies_bouldin,silhouette
abilities,1.0,0.7116414706507761,0.7832074363997377,0.7248048279144179,0.7597586042791037,-0.7237922619710608,0.6490446440324427
v_measure,0.7116414706507761,1.0,0.9386176310248497,0.9886390101155338,0.868366427363582,-0.8230844783766543,0.5754716025881186
mutual_info,0.7832074363997377,0.9386176310248497,1.0,0.9389922842175218,0.837339759859853,-0.7938901152718704,0.5118066384757815
adjusted_rand_score,0.7248048279144179,0.9886390101155338,0.9389922842175218,1.0,0.869358741988072,-0.8084832774734455,0.584139167063255
calinski_harabasz,0.7597586042791037,0.868366427363582,0.837339759859853,0.869358741988072,1.0,-0.9204933221276036,0.5627942769772881
davies_bouldin,-0.7237922619710608,-0.8230844783766543,-0.7938901152718704,-0.8084832774734455,-0.9204933221276036,1.0,-0.5455199019836167
silhouette,0.6490446440324427,0.5754716025881186,0.5118066384757815,0.584139167063255,0.5627942769772881,-0.5455199019836167,1.0
