,abilities,v_measure,mutual_info,adjusted_rand_score,calinski_harabasz,davies_bouldin,silhouette
abilities,1.0,0.7123300154922589,0.781447766785812,0.728976599601049,0.7621685112242935,-0.7264856873803907,0.6481130833645541
v_measure,0.7123300154922589,1.0,0.9384562419627578,0.9885175022023309,0.8690549722050649,-0.817879889427799,0.5747020524711672
mutual_info,0.781447766785812,0.9384562419627578,1.0,0.9421217306777104,0.8381312082949403,-0.7909253840156341,0.5104851203434624
adjusted_rand_score,0.728976599601049,0.9885175022023309,0.9421217306777104,1.0,0.8706143237578348,-0.8037849714962687,0.5831063498010308
calinski_harabasz,0.7621685112242935,0.8690549722050649,0.8381312082949403,0.8706143237578348,1.0,-0.9139521461335169,0.5619639729037353
davies_bouldin,-0.7264856873803907,-0.817879889427799,-0.7909253840156341,-0.8037849714962687,-0.9139521461335169,1.0,-0.5424417015158112
silhouette,0.6481130833645541,0.5747020524711672,0.5104851203434624,0.5831063498010308,0.5619639729037353,-0.5424417015158112,1.0
