,abilities,v_measure,mutual_info,adjusted_rand_score,calinski_harabasz,davies_bouldin,silhouette
abilities,1.0,0.48272017837235226,0.24263407968585282,0.9478260869565217,-0.24905239687848382,0.32396878483835007,-0.06978818283166109
v_measure,0.48272017837235226,1.0,0.841741595671896,0.5643255295429208,0.1629877369007804,-0.1625418060200669,0.08272017837235228
mutual_info,0.24263407968585282,0.841741595671896,1.0,0.26406266446031634,0.1546875963406587,-0.16361617333001852,-0.030580376188557346
adjusted_rand_score,0.9478260869565217,0.5643255295429208,0.26406266446031634,1.0,-0.23076923076923078,0.3012263099219621,-0.02519509476031215
calinski_harabasz,-0.24905239687848382,0.1629877369007804,0.1546875963406587,-0.23076923076923078,1.0,-0.955406911928651,0.9099219620958752
davies_bouldin,0.32396878483835007,-0.1625418060200669,-0.16361617333001852,0.3012263099219621,-0.955406911928651,1.0,-0.8234113712374582
silhouette,-0.06978818283166109,0.08272017837235228,-0.030580376188557346,-0.02519509476031215,0.9099219620958752,-0.8234113712374582,1.0
