,abilities,v_measure,mutual_info,adjusted_rand_score,calinski_harabasz,davies_bouldin,silhouette
abilities,1.0,0.7412290502793296,0.5686151943945329,0.9427932960893854,-0.4158659217877095,0.3635754189944134,-0.3667039106145251
v_measure,0.7412290502793296,1.0,0.9019490622895956,0.7023463687150838,-0.17720670391061452,0.05072625698324022,-0.21206703910614524
mutual_info,0.5686151943945329,0.9019490622895956,1.0,0.49809795571962034,-0.1428253913479181,0.014327311984744136,-0.19655281129070862
adjusted_rand_score,0.9427932960893854,0.7023463687150838,0.49809795571962034,1.0,-0.37787709497206706,0.3653631284916201,-0.28044692737430166
calinski_harabasz,-0.4158659217877095,-0.17720670391061452,-0.1428253913479181,-0.37787709497206706,1.0,-0.9427932960893854,0.9615642458100558
davies_bouldin,0.3635754189944134,0.05072625698324022,0.014327311984744136,0.3653631284916201,-0.9427932960893854,1.0,-0.8940782122905028
silhouette,-0.3667039106145251,-0.21206703910614524,-0.19655281129070862,-0.28044692737430166,0.9615642458100558,-0.8940782122905028,1.0
