,abilities,v_measure,mutual_info,adjusted_rand_score,calinski_harabasz,davies_bouldin,silhouette
abilities,1.0,0.740782122905028,0.5692544513415818,0.9374301675977653,-0.4064804469273743,0.3492737430167598,-0.3564245810055866
v_measure,0.740782122905028,1.0,0.9011329316280587,0.6969832402234637,-0.1740782122905028,0.05027932960893855,-0.20983240223463687
mutual_info,0.5692544513415818,0.9011329316280587,1.0,0.4980416600250504,-0.14197770344239297,0.015003952887445313,-0.19482744794145407
adjusted_rand_score,0.9374301675977653,0.6969832402234637,0.4980416600250504,1.0,-0.3783240223463687,0.3635754189944134,-0.2782122905027933
calinski_harabasz,-0.4064804469273743,-0.1740782122905028,-0.14197770344239297,-0.3783240223463687,1.0,-0.9410055865921788,0.9597765363128492
davies_bouldin,0.3492737430167598,0.05027932960893855,0.015003952887445313,0.3635754189944134,-0.9410055865921788,1.0,-0.8918435754189944
silhouette,-0.3564245810055866,-0.20983240223463687,-0.19482744794145407,-0.2782122905027933,0.9597765363128492,-0.8918435754189944,1.0
