,abilities,v_measure,mutual_info,adjusted_rand_score,calinski_harabasz,davies_bouldin,silhouette
abilities,1.0,0.49299085766959944,0.4591423596266717,0.5146930779582162,0.43577018099498266,-0.44691503139931,0.6987407625080266
v_measure,0.49299085766959944,1.0,0.9922289097617518,0.952154464023335,0.7979320853759496,-0.7919460165902228,0.4733892033367014
mutual_info,0.4591423596266717,0.9922289097617518,1.0,0.9438174120310409,0.7899651720102187,-0.7867000435816405,0.4605898998966747
adjusted_rand_score,0.5146930779582162,0.952154464023335,0.9438174120310409,1.0,0.7713321724444656,-0.7643230300844509,0.4721702220566989
calinski_harabasz,0.43577018099498266,0.7979320853759496,0.7899651720102187,0.7713321724444656,1.0,-0.9933174432145928,0.5472404523242019
davies_bouldin,-0.44691503139931,-0.7919460165902228,-0.7867000435816405,-0.7643230300844509,-0.9933174432145928,1.0,-0.5502008032128514
silhouette,0.6987407625080266,0.4733892033367014,0.4605898998966747,0.4721702220566989,0.5472404523242019,-0.5502008032128514,1.0
