,abilities,v_measure,mutual_info,adjusted_rand_score,calinski_harabasz,davies_bouldin,silhouette
abilities,1.0,0.14406383005296985,0.10655389742263105,0.07681590092057486,0.2200585603726965,-0.28532398689466754,0.5078098638308063
v_measure,0.14406383005296985,1.0,0.9976052336529984,0.9349929789804826,0.7553472881651483,-0.7329458252071572,0.43877695424519947
mutual_info,0.10655389742263105,0.9976052336529984,1.0,0.936712856629693,0.7499265259916402,-0.7266542578652141,0.4211213794551793
adjusted_rand_score,0.07681590092057486,0.9349929789804826,0.936712856629693,1.0,0.6797831696741988,-0.6400526838643507,0.4042495293167506
calinski_harabasz,0.2200585603726965,0.7553472881651483,0.7499265259916402,0.6797831696741988,1.0,-0.9868293585571073,0.453276877360647
davies_bouldin,-0.28532398689466754,-0.7329458252071572,-0.7266542578652141,-0.6400526838643507,-0.9868293585571073,1.0,-0.46435763189689894
silhouette,0.5078098638308063,0.43877695424519947,0.4211213794551793,0.4042495293167506,0.453276877360647,-0.46435763189689894,1.0
