,abilities,v_measure,mutual_info,adjusted_rand_score,calinski_harabasz,davies_bouldin,silhouette
abilities,1.0,0.45055154367470895,0.41820447661989124,0.4669645238626851,0.4259336856088013,-0.4317891173925635,0.684922263167177
v_measure,0.45055154367470895,1.0,0.9922722770660775,0.9597505360427528,0.7620566181237091,-0.7555915934701894,0.5181815214714968
mutual_info,0.41820447661989124,0.9922722770660775,1.0,0.9515003755020299,0.7541331535651867,-0.751042131676972,0.5068840541476696
adjusted_rand_score,0.4669645238626851,0.9597505360427528,0.9515003755020299,1.0,0.7376767271744095,-0.7300580112527534,0.5339849150689892
calinski_harabasz,0.4259336856088013,0.7620566181237091,0.7541331535651867,0.7376767271744095,1.0,-0.9939704617929713,0.4629575211414765
davies_bouldin,-0.4317891173925635,-0.7555915934701894,-0.751042131676972,-0.7300580112527534,-0.9939704617929713,1.0,-0.46302282299931435
silhouette,0.684922263167177,0.5181815214714968,0.5068840541476696,0.5339849150689892,0.4629575211414765,-0.46302282299931435,1.0
