,abilities,v_measure,mutual_info,adjusted_rand_score,calinski_harabasz,davies_bouldin,silhouette
abilities,1.0,0.45385779133294296,0.4215326680653449,0.47939137355037903,0.4150477247744365,-0.420707219120384,0.6964987320555937
v_measure,0.45385779133294296,1.0,0.9926205688039444,0.9597069995755194,0.7620348503639329,-0.7554392191517563,0.5183121280301537
mutual_info,0.4215326680653449,0.9926205688039444,1.0,0.9515874484364967,0.754176689084739,-0.7510203639171957,0.5071017317454312
adjusted_rand_score,0.47939137355037903,0.9597069995755194,0.9515874484364967,1.0,0.737742030453738,-0.7300797790125295,0.5341372893874223
calinski_harabasz,0.4150477247744365,0.7620348503639329,0.754176689084739,0.737742030453738,1.0,-0.9939704617929713,0.4629792884274224
davies_bouldin,-0.420707219120384,-0.7554392191517563,-0.7510203639171957,-0.7300797790125295,-0.9939704617929713,1.0,-0.4629792884274224
silhouette,0.6964987320555937,0.5183121280301537,0.5071017317454312,0.5341372893874223,0.4629792884274224,-0.4629792884274224,1.0
