,abilities,v_measure,mutual_info,adjusted_rand_score,calinski_harabasz,davies_bouldin,silhouette
abilities,1.0,0.7088239734299517,0.7757528294585001,0.7210711050724637,0.7491508152173914,-0.718334842995169,0.6429649758454107
v_measure,0.7088239734299517,1.0,0.9427505224974823,0.9894701086956522,0.873641304347826,-0.8199539553140096,0.5523663949275363
mutual_info,0.7757528294585001,0.9427505224974823,1.0,0.9427316516355082,0.8448862323002777,-0.7909816150715244,0.49199167795534465
adjusted_rand_score,0.7210711050724637,0.9894701086956522,0.9427316516355082,1.0,0.8750754830917874,-0.8053291062801933,0.5605374396135265
calinski_harabasz,0.7491508152173914,0.873641304347826,0.8448862323002777,0.8750754830917874,1.0,-0.9159307065217391,0.5422327898550725
davies_bouldin,-0.718334842995169,-0.8199539553140096,-0.7909816150715244,-0.8053291062801933,-0.9159307065217391,1.0,-0.5343636775362319
silhouette,0.6429649758454107,0.5523663949275363,0.49199167795534465,0.5605374396135265,0.5422327898550725,-0.5343636775362319,1.0
