,abilities,v_measure,mutual_info,adjusted_rand_score,calinski_harabasz,davies_bouldin,silhouette
abilities,1.0,0.708918327294686,0.7756904409542993,0.721448520531401,0.751207729468599,-0.717391304347826,0.6421346618357487
v_measure,0.708918327294686,1.0,0.942717228276681,0.989639945652174,0.8741508152173914,-0.8204257246376812,0.5529513888888888
mutual_info,0.7756904409542993,0.942717228276681,1.0,0.9433210987087584,0.8447581216231409,-0.7911457498252777,0.4926073049670606
adjusted_rand_score,0.721448520531401,0.989639945652174,0.9433210987087584,1.0,0.8750566123188406,-0.8054234601449275,0.5606506642512077
calinski_harabasz,0.751207729468599,0.8741508152173914,0.8447581216231409,0.8750566123188406,1.0,-0.9162515096618358,0.5420063405797102
davies_bouldin,-0.717391304347826,-0.8204257246376812,-0.7911457498252777,-0.8054234601449275,-0.9162515096618358,1.0,-0.5342504528985508
silhouette,0.6421346618357487,0.5529513888888888,0.4926073049670606,0.5606506642512077,0.5420063405797102,-0.5342504528985508,1.0
