,abilities,v_measure,mutual_info,adjusted_rand_score,calinski_harabasz,davies_bouldin,silhouette
abilities,1.0,0.7078049516908212,0.7738657432610994,0.7235809178743962,0.7536986714975845,-0.7198067632850241,0.6447576992753623
v_measure,0.7078049516908212,1.0,0.942146654914314,0.9889417270531401,0.8739809782608695,-0.8160288345410628,0.5520833333333334
mutual_info,0.7738657432610994,0.942146654914314,1.0,0.9445149480920519,0.845424051866537,-0.790047507403811,0.4914632938200724
adjusted_rand_score,0.7235809178743962,0.9889417270531401,0.9445149480920519,1.0,0.8752075785024155,-0.8022720410628019,0.5602355072463768
calinski_harabasz,0.7536986714975845,0.8739809782608695,0.845424051866537,0.8752075785024155,1.0,-0.9095146437198067,0.5413647342995169
davies_bouldin,-0.7198067632850241,-0.8160288345410628,-0.790047507403811,-0.8022720410628019,-0.9095146437198067,1.0,-0.5312877415458938
silhouette,0.6447576992753623,0.5520833333333334,0.4914632938200724,0.5602355072463768,0.5413647342995169,-0.5312877415458938,1.0
