,abilities,v_measure,mutual_info,adjusted_rand_score,calinski_harabasz,davies_bouldin,silhouette
abilities,1.0,0.8656027791347772,0.7768007382076751,0.8920914074797807,0.8283667155186452,-0.520490690984096,0.7025457308798784
v_measure,0.8656027791347772,1.0,0.887423329533735,0.9740541714161646,0.9076154806491885,-0.7299028388427509,0.7721326602616295
mutual_info,0.7768007382076751,0.887423329533735,1.0,0.8791727731639798,0.7787548173478803,-0.5756391467187755,0.6217771264180644
adjusted_rand_score,0.8920914074797807,0.9740541714161646,0.8791727731639798,1.0,0.8650599793736091,-0.6418607175812843,0.7334853172664604
calinski_harabasz,0.8283667155186452,0.9076154806491885,0.7787548173478803,0.8650599793736091,1.0,-0.8632144601856375,0.8343375128914944
davies_bouldin,-0.520490690984096,-0.7299028388427509,-0.5756391467187755,-0.6418607175812843,-0.8632144601856375,1.0,-0.808391684307659
silhouette,0.7025457308798784,0.7721326602616295,0.6217771264180644,0.7334853172664604,0.8343375128914944,-0.808391684307659,1.0
