,abilities,v_measure,mutual_info,adjusted_rand_score,calinski_harabasz,davies_bouldin,silhouette
abilities,1.0,0.862780220376703,0.7758236986375726,0.8913314878141454,0.8037236063616132,-0.5382945231504098,0.6951636541279922
v_measure,0.862780220376703,1.0,0.8904630081962764,0.9774195299354068,0.878847093307279,-0.7276230798458448,0.752483308907344
mutual_info,0.7758236986375726,0.8904630081962764,1.0,0.893719806763285,0.7632307441784726,-0.5762905064321772,0.6152635292840472
adjusted_rand_score,0.8913314878141454,0.9774195299354068,0.893719806763285,1.0,0.8301036747543831,-0.635347120447267,0.7060196493513543
calinski_harabasz,0.8037236063616132,0.878847093307279,0.7632307441784726,0.8301036747543831,1.0,-0.8511643054877056,0.8165336807251805
davies_bouldin,-0.5382945231504098,-0.7276230798458448,-0.5762905064321772,-0.635347120447267,-0.8511643054877056,1.0,-0.810671443304565
silhouette,0.6951636541279922,0.752483308907344,0.6152635292840472,0.7060196493513543,0.8165336807251805,-0.810671443304565,1.0
