,abilities,v_measure,mutual_info,adjusted_rand_score,calinski_harabasz,davies_bouldin,silhouette
abilities,1.0,0.8949139662378549,0.8246756771427021,0.938120827226836,0.8406339901210443,-0.5255930087390761,0.6908212560386473
v_measure,0.8949139662378549,1.0,0.8880746892471367,0.9696032133745861,0.9165173967323454,-0.7319654779351897,0.7472724312001303
mutual_info,0.8246756771427021,0.8880746892471367,1.0,0.8803669326385496,0.7835314552461597,-0.5545785159854529,0.5778103457634479
adjusted_rand_score,0.938120827226836,0.9696032133745861,0.8803669326385496,1.0,0.8694023774629539,-0.6311132823101557,0.7000488519785051
calinski_harabasz,0.8406339901210443,0.9165173967323454,0.7835314552461597,0.8694023774629539,1.0,-0.8548553438636487,0.8267383162351408
davies_bouldin,-0.5255930087390761,-0.7319654779351897,-0.5545785159854529,-0.6311132823101557,-0.8548553438636487,1.0,-0.8055691255495847
silhouette,0.6908212560386473,0.7472724312001303,0.5778103457634479,0.7000488519785051,0.8267383162351408,-0.8055691255495847,1.0
