,abilities,v_measure,mutual_info,adjusted_rand_score,calinski_harabasz,davies_bouldin,silhouette
abilities,1.0,0.1097442422189732,0.05914475346184383,0.06101703056006778,0.24213621363879942,-0.3458307330421007,0.5623829868945321
v_measure,0.1097442422189732,1.0,0.9964953551453467,0.9500228041959721,0.8323131955535505,-0.7863323777015186,0.41766181421918935
mutual_info,0.05914475346184383,0.9964953551453467,1.0,0.9495907246933436,0.8249201900962904,-0.7782671840476308,0.39668270929806454
adjusted_rand_score,0.06101703056006778,0.9500228041959721,0.9495907246933436,1.0,0.7712968972666832,-0.7073126827354513,0.38674523854595283
calinski_harabasz,0.24213621363879942,0.8323131955535505,0.8249201900962904,0.7712968972666832,1.0,-0.9707050705769554,0.5297329733354781
davies_bouldin,-0.3458307330421007,-0.7863323777015186,-0.7782671840476308,-0.7073126827354513,-0.9707050705769554,1.0,-0.5492775190821372
silhouette,0.5623829868945321,0.41766181421918935,0.39668270929806454,0.38674523854595283,0.5297329733354781,-0.5492775190821372,1.0
