,abilities,v_measure,mutual_info,adjusted_rand_score,calinski_harabasz,davies_bouldin,silhouette
abilities,1.0,0.10873061599944883,0.0556795813689638,0.05380719191141727,0.24215365044531467,-0.3458514864805803,0.5616486036002649
v_measure,0.10873061599944883,1.0,0.9962071200518521,0.9466116138944235,0.8324111531255207,-0.7861780914154607,0.41787390355593235
mutual_info,0.0556795813689638,0.9962071200518521,1.0,0.9468036584487601,0.8245856193158221,-0.777392369408253,0.39444531153671186
adjusted_rand_score,0.05380719191141727,0.9466116138944235,0.9468036584487601,1.0,0.7645258475616319,-0.697696749015003,0.3815787896900908
calinski_harabasz,0.24215365044531467,0.8324111531255207,0.8245856193158221,0.7645258475616319,1.0,-0.9709553528564571,0.529572731637062
davies_bouldin,-0.3458514864805803,-0.7861780914154607,-0.777392369408253,-0.697696749015003,-0.9709553528564571,1.0,-0.5493518963034085
silhouette,0.5616486036002649,0.41787390355593235,0.39444531153671186,0.3815787896900908,0.529572731637062,-0.5493518963034085,1.0
