,abilities,v_measure,mutual_info,adjusted_rand_score,calinski_harabasz,davies_bouldin,silhouette
abilities,1.0,0.49176117643633677,0.4352115214341887,0.5249324935895492,0.4759504608294931,-0.4762864823348694,0.7399193548387096
v_measure,0.49176117643633677,1.0,0.9842058519958714,0.9657713449029068,0.8480288034299206,-0.8354515456959963,0.5546474651059581
mutual_info,0.4352115214341887,0.9842058519958714,1.0,0.9488730467343559,0.8309870992484584,-0.8258505855937641,0.5329492952749132
adjusted_rand_score,0.5249324935895492,0.9657713449029068,0.9488730467343559,1.0,0.8186018607165787,-0.8039603965606745,0.5650645068168801
calinski_harabasz,0.4759504608294931,0.8480288034299206,0.8309870992484584,0.8186018607165787,1.0,-0.9867031490015361,0.5506432411674347
davies_bouldin,-0.4762864823348694,-0.8354515456959963,-0.8258505855937641,-0.8039603965606745,-0.9867031490015361,1.0,-0.5463229646697388
silhouette,0.7399193548387096,0.5546474651059581,0.5329492952749132,0.5650645068168801,0.5506432411674347,-0.5463229646697388,1.0
