,abilities,v_measure,mutual_info,adjusted_rand_score,calinski_harabasz,davies_bouldin,silhouette
abilities,1.0,0.4857430875576037,0.42914746543778803,0.5022081413210445,0.5177611367127496,-0.5240015360983102,0.7210061443932412
v_measure,0.4857430875576037,1.0,0.9829589093701997,0.9646217357910907,0.8675595238095238,-0.8583429339477726,0.45948540706605223
mutual_info,0.42914746543778803,0.9829589093701997,1.0,0.9462845622119815,0.8494143625192012,-0.8484062980030722,0.4377400153609831
adjusted_rand_score,0.5022081413210445,0.9646217357910907,0.9462845622119815,1.0,0.8692876344086021,-0.858678955453149,0.4914074500768049
calinski_harabasz,0.5177611367127496,0.8675595238095238,0.8494143625192012,0.8692876344086021,1.0,-0.986463133640553,0.5810771889400922
davies_bouldin,-0.5240015360983102,-0.8583429339477726,-0.8484062980030722,-0.858678955453149,-0.986463133640553,1.0,-0.5769489247311828
silhouette,0.7210061443932412,0.45948540706605223,0.4377400153609831,0.4914074500768049,0.5810771889400922,-0.5769489247311828,1.0
