,abilities,v_measure,mutual_info,adjusted_rand_score,calinski_harabasz,davies_bouldin,silhouette
abilities,1.0,0.5003300333275791,0.4431563159187859,0.5323972400690349,0.48430299539170507,-0.48847926267281105,0.7433755760368663
v_measure,0.5003300333275791,1.0,0.9832457214181128,0.9657713449029068,0.8480768082304317,-0.8360276033021303,0.5548874891085139
mutual_info,0.4431563159187859,0.9832457214181128,1.0,0.9480089292143732,0.8303630368418132,-0.825514551990186,0.5324212424692905
adjusted_rand_score,0.5323972400690349,0.9657713449029068,0.9480089292143732,1.0,0.8188418847191345,-0.8042004205632304,0.5653525356199471
calinski_harabasz,0.48430299539170507,0.8480768082304317,0.8303630368418132,0.8188418847191345,1.0,-0.9869431643625192,0.5505472350230415
davies_bouldin,-0.48847926267281105,-0.8360276033021303,-0.825514551990186,-0.8042004205632304,-0.9869431643625192,1.0,-0.5463709677419355
silhouette,0.7433755760368663,0.5548874891085139,0.5324212424692905,0.5653525356199471,0.5505472350230415,-0.5463709677419355,1.0
