,abilities,v_measure,mutual_info,adjusted_rand_score,calinski_harabasz,davies_bouldin,silhouette
abilities,1.0,0.9731361127064312,0.9764413553839122,-0.025047616260793847,-0.530374242548553,0.4292009986052345,-0.6890493325050692
v_measure,0.9731361127064312,1.0,0.9986169551916924,0.0688252703244649,-0.5333278636645999,0.418675793199639,-0.7044972397707427
mutual_info,0.9764413553839122,0.9986169551916924,1.0,0.03249040349785706,-0.5383677727118227,0.41787878432705494,-0.7090917615068156
adjusted_rand_score,-0.025047616260793847,0.0688252703244649,0.03249040349785706,1.0,0.23993905122822218,-0.22355319838190033,0.25359392860015706
calinski_harabasz,-0.530374242548553,-0.5333278636645999,-0.5383677727118227,0.23993905122822218,1.0,-0.45852623682884236,0.786425063584899
davies_bouldin,0.4292009986052345,0.418675793199639,0.41787878432705494,-0.22355319838190033,-0.45852623682884236,1.0,-0.5422824927624562
silhouette,-0.6890493325050692,-0.7044972397707427,-0.7090917615068156,0.25359392860015706,0.786425063584899,-0.5422824927624562,1.0
