,abilities,v_measure,mutual_info,adjusted_rand_score,calinski_harabasz,davies_bouldin,silhouette
abilities,1.0,0.5250697765202333,0.5409800166471317,0.5410596474785977,0.4343304440647743,-0.37929757643865075,0.210440398315087
v_measure,0.5250697765202333,1.0,0.9979455327281415,0.9532091097308488,0.7872113393852525,-0.7006051919095397,0.31100493709189364
mutual_info,0.5409800166471317,0.9979455327281415,1.0,0.9573339703774486,0.7841694537346712,-0.6963688485427616,0.29789775441949357
adjusted_rand_score,0.5410596474785977,0.9532091097308488,0.9573339703774486,1.0,0.7446727185857621,-0.6480649784997611,0.30054148749800924
calinski_harabasz,0.4343304440647743,0.7872113393852525,0.7841694537346712,0.7446727185857621,1.0,-0.8946488294314381,0.31783723522853957
davies_bouldin,-0.37929757643865075,-0.7006051919095397,-0.6963688485427616,-0.6480649784997611,-0.8946488294314381,1.0,-0.33102404841535277
silhouette,0.210440398315087,0.31100493709189364,0.29789775441949357,0.30054148749800924,0.31783723522853957,-0.33102404841535277,1.0
