,abilities,v_measure,mutual_info,adjusted_rand_score,calinski_harabasz,davies_bouldin,silhouette
abilities,1.0,0.5215798694059564,0.5374581939799331,0.5354037267080746,0.426644370122631,-0.37283006848224237,0.20622710622710622
v_measure,0.5215798694059564,1.0,0.9981047937569677,0.9531931836279662,0.7871635610766046,-0.7009237139671922,0.31095715878324576
mutual_info,0.5374581939799331,0.9981047937569677,1.0,0.9573976747889792,0.7841694537346712,-0.6960662525879917,0.2975314540531932
adjusted_rand_score,0.5354037267080746,0.9531931836279662,0.9573976747889792,1.0,0.7449434623347667,-0.648367574454531,0.3006529702181876
calinski_harabasz,0.426644370122631,0.7871635610766046,0.7841694537346712,0.7449434623347667,1.0,-0.8950629081063863,0.3179009396400701
davies_bouldin,-0.37283006848224237,-0.7009237139671922,-0.6960662525879917,-0.648367574454531,-0.8950629081063863,1.0,-0.33126293995859213
silhouette,0.20622710622710622,0.31095715878324576,0.2975314540531932,0.3006529702181876,0.3179009396400701,-0.33126293995859213,1.0
