,abilities,v_measure,mutual_info,adjusted_rand_score,calinski_harabasz,davies_bouldin,silhouette
abilities,1.0,0.5206402293358815,0.5363433667781494,0.5351966873706004,0.43468705207835645,-0.37873865265169615,0.20635451505016722
v_measure,0.5206402293358815,1.0,0.9983596114030897,0.9531772575250836,0.7870998566650741,-0.700637044115305,0.3107182672400064
mutual_info,0.5363433667781494,0.9983596114030897,1.0,0.9576524924351011,0.7842968625577321,-0.6962573658225832,0.29738811912724955
adjusted_rand_score,0.5351966873706004,0.9531772575250836,0.9576524924351011,1.0,0.744847905717471,-0.6480809046026438,0.29952221691352127
calinski_harabasz,0.43468705207835645,0.7870998566650741,0.7842968625577321,0.744847905717471,1.0,-0.894824016563147,0.3177894569198917
davies_bouldin,-0.37873865265169615,-0.700637044115305,-0.6962573658225832,-0.6480809046026438,-0.894824016563147,1.0,-0.3312470138557095
silhouette,0.20635451505016722,0.3107182672400064,0.29738811912724955,0.29952221691352127,0.3177894569198917,-0.3312470138557095,1.0
