,abilities,v_measure,mutual_info,adjusted_rand_score,calinski_harabasz,davies_bouldin,silhouette
abilities,1.0,0.7044577727346409,0.8241530231804182,0.7520505754579349,0.7997082185119144,-0.7332468795590857,0.7458259037121089
v_measure,0.7044577727346409,1.0,0.7996433781812288,0.9744529097098396,0.8871129842762198,-0.825449829794132,0.7810342032744367
mutual_info,0.8241530231804182,0.7996433781812288,1.0,0.8078781001783109,0.7827848922029502,-0.7464743070189658,0.5756848759928676
adjusted_rand_score,0.7520505754579349,0.9744529097098396,0.8078781001783109,1.0,0.8815367158372508,-0.8087210244772248,0.7748743718592965
calinski_harabasz,0.7997082185119144,0.8871129842762198,0.7827848922029502,0.8815367158372508,1.0,-0.9270546279786027,0.7796725563300373
davies_bouldin,-0.7332468795590857,-0.825449829794132,-0.7464743070189658,-0.8087210244772248,-0.9270546279786027,1.0,-0.6923974712271033
silhouette,0.7458259037121089,0.7810342032744367,0.5756848759928676,0.7748743718592965,0.7796725563300373,-0.6923974712271033,1.0
