,abilities,v_measure,mutual_info,adjusted_rand_score,calinski_harabasz,davies_bouldin,silhouette
abilities,1.0,0.6759928675636245,0.8412520871925058,0.6927216728805317,0.7828497325336359,-0.7254011995461177,0.7277354514508024
v_measure,0.6759928675636245,1.0,0.8016664236168141,0.9741935483870968,0.8806289512076512,-0.8369914086561842,0.780969362943751
mutual_info,0.8412520871925058,0.8016664236168141,1.0,0.800596540817471,0.7763782847232518,-0.7475562905227686,0.576504725391442
adjusted_rand_score,0.6927216728805317,0.9741935483870968,0.800596540817471,1.0,0.8775166153347382,-0.8149456962230507,0.7753282541740963
calinski_harabasz,0.7828497325336359,0.8806289512076512,0.7763782847232518,0.8775166153347382,1.0,-0.9495542227265359,0.7814880855892365
davies_bouldin,-0.7254011995461177,-0.8369914086561842,-0.7475562905227686,-0.8149456962230507,-0.9495542227265359,1.0,-0.7030312854595558
silhouette,0.7277354514508024,0.780969362943751,0.576504725391442,0.7753282541740963,0.7814880855892365,-0.7030312854595558,1.0
