,abilities,v_measure,mutual_info,adjusted_rand_score,calinski_harabasz,davies_bouldin,silhouette
abilities,1.0,0.6758631869022532,0.8413817699560625,0.6940184794942454,0.7856378667531204,-0.7260496028529746,0.7266331658291457
v_measure,0.6758631869022532,1.0,0.8059783755050753,0.976009077646296,0.8799157075701086,-0.837445290970984,0.7809045226130653
mutual_info,0.8413817699560625,0.8059783755050753,1.0,0.8090907618304368,0.7765728088685868,-0.7504093113210166,0.5798440565530278
adjusted_rand_score,0.6940184794942454,0.976009077646296,0.8090907618304368,1.0,0.8780353379802237,-0.8165018641595072,0.7757172961582104
calinski_harabasz,0.7856378667531204,0.8799157075701086,0.7765728088685868,0.8780353379802237,1.0,-0.9503971470254499,0.7817474469119793
davies_bouldin,-0.7260496028529746,-0.837445290970984,-0.7504093113210166,-0.8165018641595072,-0.9503971470254499,1.0,-0.702577403144756
silhouette,0.7266331658291457,0.7809045226130653,0.5798440565530278,0.7757172961582104,0.7817474469119793,-0.702577403144756,1.0
