,abilities,v_measure,mutual_info,adjusted_rand_score,calinski_harabasz,davies_bouldin,silhouette
abilities,1.0,0.7143042406951109,0.8783295264172077,0.7173518350408508,0.9213461289067566,-0.8218129944235508,0.7314226429775645
v_measure,0.7143042406951109,1.0,0.7596582551747484,0.992932174815199,0.734146025158864,-0.714369083127999,0.7865387109324342
mutual_info,0.8783295264172077,0.7596582551747484,1.0,0.7468508365570513,0.8722986913212795,-0.7896178875867791,0.687612472469627
adjusted_rand_score,0.7173518350408508,0.992932174815199,0.7468508365570513,1.0,0.7379068862663727,-0.7257165088834133,0.7893269355466217
calinski_harabasz,0.9213461289067566,0.734146025158864,0.8722986913212795,0.7379068862663727,1.0,-0.8487226040721048,0.7575541434314615
davies_bouldin,-0.8218129944235508,-0.714369083127999,-0.7896178875867791,-0.7257165088834133,-0.8487226040721048,1.0,-0.7510050577097652
silhouette,0.7314226429775645,0.7865387109324342,0.687612472469627,0.7893269355466217,0.7575541434314615,-0.7510050577097652,1.0
