,abilities,v_measure,mutual_info,adjusted_rand_score,calinski_harabasz,davies_bouldin,silhouette
abilities,1.0,0.1853585157947518,0.1853585157947518,0.635300016714023,0.8686277787063346,-0.1378906902891526,0.7543038609393281
v_measure,0.1853585157947518,1.0,1.0,0.08540865786394786,-0.08641149924786896,0.3959552064181849,-0.2475346815978606
mutual_info,0.1853585157947518,1.0,1.0,0.08540865786394786,-0.08641149924786896,0.3959552064181849,-0.2475346815978606
adjusted_rand_score,0.635300016714023,0.08540865786394786,0.08540865786394786,1.0,0.6660538191542704,-0.4013036937990974,0.6660538191542704
calinski_harabasz,0.8686277787063346,-0.08641149924786896,-0.08641149924786896,0.6660538191542704,1.0,-0.2816312886511783,0.918101286979776
davies_bouldin,-0.1378906902891526,0.3959552064181849,0.3959552064181849,-0.4013036937990974,-0.2816312886511783,1.0,-0.360855757980946
silhouette,0.7543038609393281,-0.2475346815978606,-0.2475346815978606,0.6660538191542704,0.918101286979776,-0.360855757980946,1.0
