,abilities,v_measure,mutual_info,adjusted_rand_score,calinski_harabasz,davies_bouldin,silhouette
abilities,1.0,0.7834884316571331,0.806795867839153,0.8386408264321694,0.6701101340391018,-0.5768803893110219,0.3995560488346282
v_measure,0.7834884316571331,1.0,0.9894134722103646,0.9396397165542559,0.8895244600017075,-0.8330060616409118,0.5344489029283702
mutual_info,0.806795867839153,0.9894134722103646,1.0,0.946640484931273,0.8785964313156323,-0.7997950994621361,0.5014086911978144
adjusted_rand_score,0.8386408264321694,0.9396397165542559,0.946640484931273,1.0,0.8081618714249125,-0.706821480406386,0.48032101084265344
calinski_harabasz,0.6701101340391018,0.8895244600017075,0.8785964313156323,0.8081618714249125,1.0,-0.9128318961837275,0.5639033552463075
davies_bouldin,-0.5768803893110219,-0.8330060616409118,-0.7997950994621361,-0.706821480406386,-0.9128318961837275,1.0,-0.5236916246905148
silhouette,0.3995560488346282,0.5344489029283702,0.5014086911978144,0.48032101084265344,0.5639033552463075,-0.5236916246905148,1.0
