,abilities,v_measure,mutual_info,adjusted_rand_score,calinski_harabasz,davies_bouldin,silhouette
abilities,1.0,0.8174677708528985,0.8391530777768291,0.8423973362930077,0.7227012720908392,-0.6544010928028686,0.47221036455220694
v_measure,0.8174677708528985,1.0,0.9957312387945019,0.9591906428754375,0.8949884743447452,-0.8485443524289251,0.5623666012123282
mutual_info,0.8391530777768291,0.9957312387945019,1.0,0.9641424058738154,0.88380431998634,-0.8362503201570904,0.5433279262358064
adjusted_rand_score,0.8423973362930077,0.9591906428754375,0.9641424058738154,1.0,0.8479467258601554,-0.76743788952446,0.5539998292495518
calinski_harabasz,0.7227012720908392,0.8949884743447452,0.88380431998634,0.8479467258601554,1.0,-0.9345172031076582,0.5702211218304448
davies_bouldin,-0.6544010928028686,-0.8485443524289251,-0.8362503201570904,-0.76743788952446,-0.9345172031076582,1.0,-0.5242038760351746
silhouette,0.47221036455220694,0.5623666012123282,0.5433279262358064,0.5539998292495518,0.5702211218304448,-0.5242038760351746,1.0
