,abilities,v_measure,mutual_info,adjusted_rand_score,calinski_harabasz,davies_bouldin,silhouette
abilities,1.0,0.81396738666439,0.8264321693844446,0.8405190813625886,0.7246649022453684,-0.6433023136685734,0.4635874669171007
v_measure,0.81396738666439,1.0,0.9918893537095534,0.9592760180995475,0.8952446000170751,-0.8478613506360454,0.5611713480747887
mutual_info,0.8264321693844446,0.9918893537095534,1.0,0.9575685136173483,0.8810723128148211,-0.834798941347221,0.5382907880133185
adjusted_rand_score,0.8405190813625886,0.9592760180995475,0.9575685136173483,1.0,0.8481174763083753,-0.7648766328011611,0.5522069495432426
calinski_harabasz,0.7246649022453684,0.8952446000170751,0.8810723128148211,0.8481174763083753,1.0,-0.9352002049005379,0.5711602492956545
davies_bouldin,-0.6433023136685734,-0.8478613506360454,-0.834798941347221,-0.7648766328011611,-0.9352002049005379,1.0,-0.5173738581063775
silhouette,0.4635874669171007,0.5611713480747887,0.5382907880133185,0.5522069495432426,0.5711602492956545,-0.5173738581063775,1.0
