,abilities,v_measure,mutual_info,adjusted_rand_score,calinski_harabasz,davies_bouldin,silhouette
abilities,1.0,0.8226756595236062,0.8382139503116196,0.8498249807905746,0.7245795270212584,-0.6463758217365321,0.47938188337744386
v_measure,0.8226756595236062,1.0,0.9928284811747631,0.9596175189959874,0.8952446000170751,-0.8485443524289251,0.5618543498676684
mutual_info,0.8382139503116196,0.9928284811747631,1.0,0.9615811491505165,0.8817553146077008,-0.8356526935883206,0.5414496713053871
adjusted_rand_score,0.8498249807905746,0.9596175189959874,0.9615811491505165,1.0,0.8470075983949458,-0.7656450098181508,0.5519508238709127
calinski_harabasz,0.7245795270212584,0.8952446000170751,0.8817553146077008,0.8470075983949458,1.0,-0.9335780756424485,0.5700503713822249
davies_bouldin,-0.6463758217365321,-0.8485443524289251,-0.8356526935883206,-0.7656450098181508,-0.9335780756424485,1.0,-0.5205327413984462
silhouette,0.47938188337744386,0.5618543498676684,0.5414496713053871,0.5519508238709127,0.5700503713822249,-0.5205327413984462,1.0
