,abilities,v_measure,mutual_info,adjusted_rand_score,calinski_harabasz,davies_bouldin,silhouette
abilities,1.0,0.7041607604435921,0.8183940632035354,0.7431279357402929,0.7893771366630534,-0.7300091720170099,0.741738236193335
v_measure,0.7041607604435921,1.0,0.8243419772645154,0.9764862836654715,0.8950498902137358,-0.8363489813502321,0.7668640040023347
mutual_info,0.8183940632035354,0.8243419772645154,1.0,0.8351816337307874,0.8022179604769449,-0.7605825620500848,0.5853136551877484
adjusted_rand_score,0.7431279357402929,0.9764862836654715,0.8351816337307874,1.0,0.8937157786486561,-0.8209511103699381,0.7608605019594764
calinski_harabasz,0.7893771366630534,0.8950498902137358,0.8022179604769449,0.8937157786486561,1.0,-0.9272353317212818,0.7680313516217794
davies_bouldin,-0.7300091720170099,-0.8363489813502321,-0.7605825620500848,-0.8209511103699381,-0.9272353317212818,1.0,-0.6830929153117096
silhouette,0.741738236193335,0.7668640040023347,0.5853136551877484,0.7608605019594764,0.7680313516217794,-0.6830929153117096,1.0
