,abilities,v_measure,mutual_info,adjusted_rand_score,calinski_harabasz,davies_bouldin,silhouette
abilities,1.0,0.6737541343561522,0.8248259377924508,0.6905972928652825,0.775480141193474,-0.7276188887962423,0.7275077128324856
v_measure,0.6737541343561522,1.0,0.828467001205674,0.9782095111036994,0.8864337530225965,-0.8386836765891215,0.7638066649990272
mutual_info,0.8248259377924508,0.828467001205674,1.0,0.8302458413464853,0.7937240297054529,-0.7604819545740412,0.5863501814149327
adjusted_rand_score,0.6905972928652825,0.9782095111036994,0.8302458413464853,1.0,0.8849884654937602,-0.8172823035659691,0.7598043303037884
calinski_harabasz,0.775480141193474,0.8864337530225965,0.7937240297054529,0.8849884654937602,1.0,-0.9466911253786932,0.7698101670418855
davies_bouldin,-0.7276188887962423,-0.8386836765891215,-0.7604819545740412,-0.8172823035659691,-0.9466911253786932,1.0,-0.6894299452458379
silhouette,0.7275077128324856,0.7638066649990272,0.5863501814149327,0.7598043303037884,0.7698101670418855,-0.6894299452458379,1.0
