,abilities,v_measure,mutual_info,adjusted_rand_score,calinski_harabasz,davies_bouldin,silhouette
abilities,1.0,0.744103173256406,0.7686006510035018,0.799731576755164,0.7105656942751801,-0.5567005538157752,0.5573176187464326
v_measure,0.744103173256406,1.0,0.9662156950465113,0.9760270274439627,0.8700152723570338,-0.795350415747497,0.6172346235132592
mutual_info,0.7686006510035018,0.9662156950465113,1.0,0.9593354210696821,0.820989463616309,-0.7284297240177098,0.5550036252564676
adjusted_rand_score,0.799731576755164,0.9760270274439627,0.9593354210696821,1.0,0.8336392946947843,-0.7211792110824862,0.5716952316307483
calinski_harabasz,0.7105656942751801,0.8700152723570338,0.820989463616309,0.8336392946947843,1.0,-0.8894219644262068,0.5506224642488006
davies_bouldin,-0.5567005538157752,-0.795350415747497,-0.7284297240177098,-0.7211792110824862,-0.8894219644262068,1.0,-0.606867932678216
silhouette,0.5573176187464326,0.6172346235132592,0.5550036252564676,0.5716952316307483,0.5506224642488006,-0.606867932678216,1.0
