,abilities,v_measure,mutual_info,adjusted_rand_score,calinski_harabasz,davies_bouldin,silhouette
abilities,1.0,0.7596223562624377,0.782422905450226,0.8204032519321846,0.7220739552319393,-0.584931274393348,0.5379417799237924
v_measure,0.7596223562624377,1.0,0.9650124184317295,0.9771994508122117,0.8623945204634158,-0.7954429754870956,0.6122055443284019
mutual_info,0.782422905450226,0.9650124184317295,1.0,0.9633463431189547,0.8162380636502476,-0.7271647409098623,0.5543557070792774
adjusted_rand_score,0.8204032519321846,0.9771994508122117,0.9633463431189547,1.0,0.8241673480091942,-0.7207781188775589,0.5661107940082996
calinski_harabasz,0.7220739552319393,0.8623945204634158,0.8162380636502476,0.8241673480091942,1.0,-0.8862132267867886,0.5455316785708776
davies_bouldin,-0.584931274393348,-0.7954429754870956,-0.7271647409098623,-0.7207781188775589,-0.8862132267867886,1.0,-0.607824383320735
silhouette,0.5379417799237924,0.6122055443284019,0.5543557070792774,0.5661107940082996,0.5455316785708776,-0.607824383320735,1.0
