,abilities,v_measure,mutual_info,adjusted_rand_score,calinski_harabasz,davies_bouldin,silhouette
abilities,1.0,0.7042099254894096,0.7328725915184425,0.7533591472162658,0.7548401030498434,-0.5695355043734477,0.5284389799916697
v_measure,0.7042099254894096,1.0,0.9635006093516191,0.976890918346883,0.8342255063789087,-0.7554880212270336,0.6504018635360905
mutual_info,0.7328725915184425,0.9635006093516191,1.0,0.958903475618222,0.7857550560757756,-0.6834765438193234,0.5801181679342209
adjusted_rand_score,0.7533591472162658,0.976890918346883,0.958903475618222,1.0,0.7868966261974917,-0.6769665088008886,0.616586705336069
calinski_harabasz,0.7548401030498434,0.8342255063789087,0.7857550560757756,0.7868966261974917,1.0,-0.8690896749610478,0.550067105811209
davies_bouldin,-0.5695355043734477,-0.7554880212270336,-0.6834765438193234,-0.6769665088008886,-0.8690896749610478,1.0,-0.6320441818490351
silhouette,0.5284389799916697,0.6504018635360905,0.5801181679342209,0.616586705336069,0.550067105811209,-0.6320441818490351,1.0
