,abilities,v_measure,mutual_info,adjusted_rand_score,calinski_harabasz,davies_bouldin,silhouette
abilities,1.0,0.7433626953396171,0.7665643367323327,0.8004720546719528,0.7121700630948892,-0.5558675161593879,0.5569165265415054
v_measure,0.7433626953396171,1.0,0.9639942612961448,0.9762738534162257,0.869953565863968,-0.7953812689940299,0.6171112105271277
mutual_info,0.7665643367323327,0.9639942612961448,1.0,0.9583481171806303,0.8203415454391189,-0.7271647409098623,0.5543248538327445
adjusted_rand_score,0.8004720546719528,0.9762738534162257,0.9583481171806303,1.0,0.8333307622294556,-0.7213951838082162,0.5714792589050183
calinski_harabasz,0.7121700630948892,0.869953565863968,0.8203415454391189,0.8333307622294556,1.0,-0.8887431930024837,0.5503139317834719
davies_bouldin,-0.5558675161593879,-0.7953812689940299,-0.7271647409098623,-0.7213951838082162,-0.8887431930024837,1.0,-0.6070221989108804
silhouette,0.5569165265415054,0.6171112105271277,0.5543248538327445,0.5714792589050183,0.5503139317834719,-0.6070221989108804,1.0
