,abilities,v_measure,mutual_info,adjusted_rand_score,calinski_harabasz,davies_bouldin,silhouette
abilities,1.0,0.5504439063761097,0.3721117968694044,0.7280064568200162,0.37772397094430993,0.1638418079096045,0.5137207425343019
v_measure,0.5504439063761097,1.0,0.8449197903970694,0.7998385794995965,0.2885391444713479,0.05972558514931396,0.32929782082324455
mutual_info,0.3721117968694044,0.8449197903970694,1.0,0.6405004573012416,0.240540814462218,0.3095550414304047,0.06134597952727708
adjusted_rand_score,0.7280064568200162,0.7998385794995965,0.6405004573012416,1.0,0.19249394673123488,0.1791767554479419,0.3050847457627119
calinski_harabasz,0.37772397094430993,0.2885391444713479,0.240540814462218,0.19249394673123488,1.0,-0.39386602098466506,0.8506860371267151
davies_bouldin,0.1638418079096045,0.05972558514931396,0.3095550414304047,0.1791767554479419,-0.39386602098466506,1.0,-0.5282485875706214
silhouette,0.5137207425343019,0.32929782082324455,0.06134597952727708,0.3050847457627119,0.8506860371267151,-0.5282485875706214,1.0
