,abilities,v_measure,mutual_info,adjusted_rand_score,calinski_harabasz,davies_bouldin,silhouette
abilities,1.0,0.3833736884584342,0.21428571428571427,0.6678773204196933,0.42332526230831313,0.042776432606941084,0.6057304277643261
v_measure,0.3833736884584342,1.0,0.7966101694915254,0.8030669895076675,0.37732041969330105,-0.016545601291364002,0.34019370460048426
mutual_info,0.21428571428571427,0.7966101694915254,1.0,0.6041162227602905,0.2986279257465698,0.32324455205811137,0.018966908797417272
adjusted_rand_score,0.6678773204196933,0.8030669895076675,0.6041162227602905,1.0,0.24092009685230023,0.09644874899112187,0.3470540758676352
calinski_harabasz,0.42332526230831313,0.37732041969330105,0.2986279257465698,0.24092009685230023,1.0,-0.34059725585149314,0.8414043583535109
davies_bouldin,0.042776432606941084,-0.016545601291364002,0.32324455205811137,0.09644874899112187,-0.34059725585149314,1.0,-0.5060532687651331
silhouette,0.6057304277643261,0.34019370460048426,0.018966908797417272,0.3470540758676352,0.8414043583535109,-0.5060532687651331,1.0
