,abilities,v_measure,mutual_info,adjusted_rand_score,calinski_harabasz,davies_bouldin,silhouette
abilities,1.0,0.5605326876513317,0.3749369406634237,0.7534301856335754,0.3635996771589992,0.17393058918482648,0.5028248587570622
v_measure,0.5605326876513317,1.0,0.8429018305441985,0.7962066182405165,0.288135593220339,0.023809523809523808,0.3527037933817595
mutual_info,0.3749369406634237,0.8429018305441985,1.0,0.6388860894189448,0.2453839181091083,0.27060841626999527,0.07567349448266086
adjusted_rand_score,0.7534301856335754,0.7962066182405165,0.6388860894189448,1.0,0.18361581920903955,0.18280871670702178,0.30871670702179177
calinski_harabasz,0.3635996771589992,0.288135593220339,0.2453839181091083,0.18361581920903955,1.0,-0.38498789346246975,0.844632768361582
davies_bouldin,0.17393058918482648,0.023809523809523808,0.27060841626999527,0.18280871670702178,-0.38498789346246975,1.0,-0.5314769975786925
silhouette,0.5028248587570622,0.3527037933817595,0.07567349448266086,0.30871670702179177,0.844632768361582,-0.5314769975786925,1.0
