,abilities,v_measure,mutual_info,adjusted_rand_score,calinski_harabasz,davies_bouldin,silhouette
abilities,1.0,0.5560936238902341,0.37856926839859145,0.7510088781275222,0.3744955609362389,0.17070217917675545,0.5125100887812752
v_measure,0.5560936238902341,1.0,0.8441126064559211,0.7941888619854721,0.28934624697336564,0.01977401129943503,0.35351089588377727
mutual_info,0.37856926839859145,0.8441126064559211,1.0,0.639289681389519,0.2445767341679599,0.267985068461263,0.07708606637967054
adjusted_rand_score,0.7510088781275222,0.7941888619854721,0.639289681389519,1.0,0.18038740920096852,0.18603712671509282,0.31113801452784506
calinski_harabasz,0.3744955609362389,0.28934624697336564,0.2445767341679599,0.18038740920096852,1.0,-0.3962873284907183,0.827683615819209
davies_bouldin,0.17070217917675545,0.01977401129943503,0.267985068461263,0.18603712671509282,-0.3962873284907183,1.0,-0.5407586763518967
silhouette,0.5125100887812752,0.35351089588377727,0.07708606637967054,0.31113801452784506,0.827683615819209,-0.5407586763518967,1.0
