,abilities,v_measure,mutual_info,adjusted_rand_score,calinski_harabasz,davies_bouldin,silhouette
abilities,1.0,0.5645682001614205,0.3762616374449255,0.7586763518966909,0.36561743341404357,0.17231638418079095,0.496771589991929
v_measure,0.5645682001614205,1.0,0.8469923984543496,0.794592413236481,0.28652138821630346,0.05649717514124294,0.344229217110573
mutual_info,0.3762616374449255,0.8469923984543496,1.0,0.6419055831946691,0.24707309239945754,0.27331451561181824,0.07791684123054789
adjusted_rand_score,0.7586763518966909,0.794592413236481,0.6419055831946691,1.0,0.18724778046811946,0.2195318805488297,0.30104923325262306
calinski_harabasz,0.36561743341404357,0.28652138821630346,0.24707309239945754,0.18724778046811946,1.0,-0.3946731234866828,0.8470540758676351
davies_bouldin,0.17231638418079095,0.05649717514124294,0.27331451561181824,0.2195318805488297,-0.3946731234866828,1.0,-0.5387409200968523
silhouette,0.496771589991929,0.344229217110573,0.07791684123054789,0.30104923325262306,0.8470540758676351,-0.5387409200968523,1.0
