,abilities,v_measure,mutual_info,adjusted_rand_score,calinski_harabasz,davies_bouldin,silhouette
abilities,1.0,0.324193056204039,0.37368881831866335,0.1358303649347692,0.6879743986480729,-0.6678245208634013,0.878393155909283
v_measure,0.324193056204039,1.0,0.9956076109699316,0.9500534770723656,-0.10853972373463593,0.07240270206746643,0.1402541014505497
mutual_info,0.37368881831866335,0.9956076109699316,1.0,0.9279445965365081,-0.0602828382994741,0.025676917514267587,0.18110592760533223
adjusted_rand_score,0.1358303649347692,0.9500534770723656,0.9279445965365081,1.0,-0.27387567085028974,0.22308886118821017,-0.024122930491804733
calinski_harabasz,0.6879743986480729,-0.10853972373463593,-0.0602828382994741,-0.27387567085028974,1.0,-0.9676127683524965,0.7928117713274906
davies_bouldin,-0.6678245208634013,0.07240270206746643,0.025676917514267587,0.22308886118821017,-0.9676127683524965,1.0,-0.7963817640910187
silhouette,0.878393155909283,0.1402541014505497,0.18110592760533223,-0.024122930491804733,0.7928117713274906,-0.7963817640910187,1.0
