,abilities,v_measure,mutual_info,adjusted_rand_score,calinski_harabasz,davies_bouldin,silhouette
abilities,1.0,0.6519438344417616,0.6792768384189076,0.5412360779013315,0.4916044776119403,-0.4580545548121462,0.8018206381883685
v_measure,0.6519438344417616,1.0,0.9951142698359947,0.9622069412058127,-0.01565038366998505,0.03768638123204006,0.2966495642605697
mutual_info,0.6792768384189076,0.9951142698359947,1.0,0.940805584252185,0.032549654413418755,-0.007984484959968202,0.33108246405577824
adjusted_rand_score,0.5412360779013315,0.9622069412058127,0.940805584252185,1.0,-0.14990550508292452,0.16430093716975042,0.16544292116769974
calinski_harabasz,0.4916044776119403,-0.01565038366998505,0.032549654413418755,-0.14990550508292452,1.0,-0.9859752959341225,0.756497683993824
davies_bouldin,-0.4580545548121462,0.03768638123204006,-0.007984484959968202,0.16430093716975042,-0.9859752959341225,1.0,-0.7749613998970664
silhouette,0.8018206381883685,0.2966495642605697,0.33108246405577824,0.16544292116769974,0.756497683993824,-0.7749613998970664,1.0
