,abilities,v_measure,mutual_info,adjusted_rand_score,calinski_harabasz,davies_bouldin,silhouette
abilities,1.0,0.6839201579113714,0.7116097761177945,0.5580119836740236,0.49610782295419453,-0.46168939783839424,0.80265697375193
v_measure,0.6839201579113714,1.0,0.9951878827883549,0.9581212050884855,0.0248186454293802,0.001077672873472763,0.33454504619940295
mutual_info,0.7116097761177945,0.9951878827883549,1.0,0.9340705879429334,0.07227462808234238,-0.043854010582138274,0.37112562863658377
adjusted_rand_score,0.5580119836740236,0.9581212050884855,0.9340705879429334,1.0,-0.12378463166504153,0.1413004143941515,0.18432586783801663
calinski_harabasz,0.49610782295419453,0.0248186454293802,0.07227462808234238,-0.12378463166504153,1.0,-0.9858466289243438,0.7568836850231601
davies_bouldin,-0.46168939783839424,0.001077672873472763,-0.043854010582138274,0.1413004143941515,-0.9858466289243438,1.0,-0.7753152341739578
silhouette,0.80265697375193,0.33454504619940295,0.37112562863658377,0.18432586783801663,0.7568836850231601,-0.7753152341739578,1.0
