,abilities,v_measure,mutual_info,adjusted_rand_score,calinski_harabasz,davies_bouldin,silhouette
abilities,1.0,0.6400302410988238,0.6633676524872103,0.5461461757628833,0.4908846732392485,-0.4580421548828858,0.8004599882849238
v_measure,0.6400302410988238,1.0,0.9963788764702506,0.9708931518489492,-0.030110501778224066,0.0493799361427072,0.285374210763489
mutual_info,0.6633676524872103,0.9963788764702506,1.0,0.9566667336659403,0.008014421016478849,0.013196436211872801,0.3141395547021428
adjusted_rand_score,0.5461461757628833,0.9708931518489492,0.9566667336659403,1.0,-0.1439382365865978,0.15810848873016609,0.17301861783015227
calinski_harabasz,0.4908846732392485,-0.030110501778224066,0.008014421016478849,-0.1439382365865978,1.0,-0.9859752959341225,0.7568836850231601
davies_bouldin,-0.4580421548828858,0.0493799361427072,0.013196436211872801,0.15810848873016609,-0.9859752959341225,1.0,-0.7752187339166238
silhouette,0.8004599882849238,0.285374210763489,0.3141395547021428,0.17301861783015227,0.7568836850231601,-0.7752187339166238,1.0
