,abilities,v_measure,mutual_info,adjusted_rand_score,calinski_harabasz,davies_bouldin,silhouette
abilities,1.0,0.07540474607875448,0.005242041171250312,0.006451742980000384,0.24514646336390472,-0.3896774193548387,0.6154032258064516
v_measure,0.07540474607875448,1.0,0.9933868301141175,0.9511270615750635,0.8425869951997026,-0.7679590315881707,0.403354906430899
mutual_info,0.005242041171250312,0.9933868301141175,1.0,0.9521754909472157,0.8312164859090716,-0.7548942520536699,0.37254783370139716
adjusted_rand_score,0.006451742980000384,0.9511270615750635,0.9521754909472157,1.0,0.7779121834898723,-0.6790056252514154,0.3577088248473963
calinski_harabasz,0.24514646336390472,0.8425869951997026,0.8312164859090716,0.7779121834898723,1.0,-0.9527649554751757,0.5481926506407316
davies_bouldin,-0.3896774193548387,-0.7679590315881707,-0.7548942520536699,-0.6790056252514154,-0.9527649554751757,1.0,-0.5816935483870967
silhouette,0.6154032258064516,0.403354906430899,0.37254783370139716,0.3577088248473963,0.5481926506407316,-0.5816935483870967,1.0
