,abilities,v_measure,mutual_info,adjusted_rand_score,calinski_harabasz,davies_bouldin,silhouette
abilities,1.0,0.5238373617691027,0.4399782289683843,0.5393190478246198,0.5327366553781648,-0.534833091436865,0.7692307692307693
v_measure,0.5238373617691027,1.0,0.9715357013264524,0.9709712534774019,0.8683855102859002,-0.848146431119573,0.6001975528866799
mutual_info,0.4399782289683843,0.9715357013264524,1.0,0.9402491634076523,0.8379059408641006,-0.8282298870794024,0.5666538997663925
adjusted_rand_score,0.5393190478246198,0.9709712534774019,0.9402491634076523,1.0,0.8420182637225975,-0.8188763684208608,0.6057612838128813
calinski_harabasz,0.5327366553781648,0.8683855102859002,0.8379059408641006,0.8420182637225975,1.0,-0.9783905821641671,0.5837768101919045
davies_bouldin,-0.534833091436865,-0.848146431119573,-0.8282298870794024,-0.8188763684208608,-0.9783905821641671,1.0,-0.5771649733913885
silhouette,0.7692307692307693,0.6001975528866799,0.5666538997663925,0.6057612838128813,0.5837768101919045,-0.5771649733913885,1.0
