,abilities,v_measure,mutual_info,adjusted_rand_score,calinski_harabasz,davies_bouldin,silhouette
abilities,1.0,0.5355292600922797,0.4538472393931185,0.5554458041324503,0.5320915981293339,-0.5339461377197227,0.7835026608611514
v_measure,0.5355292600922797,1.0,0.9718582429544813,0.9712937951054308,0.8684661440674394,-0.848146431119573,0.6000362853236015
mutual_info,0.4538472393931185,0.9718582429544813,1.0,0.9414586945127605,0.8379865746456399,-0.8292781262394113,0.5672183362371666
adjusted_rand_score,0.5554458041324503,0.9712937951054308,0.9414586945127605,1.0,0.8424214326302932,-0.818473199513165,0.6065676216282728
calinski_harabasz,0.5320915981293339,0.8684661440674394,0.8379865746456399,0.8424214326302932,1.0,-0.97782615707144,0.5834542815674891
davies_bouldin,-0.5339461377197227,-0.848146431119573,-0.8292781262394113,-0.818473199513165,-0.97782615707144,1.0,-0.5777293984841154
silhouette,0.7835026608611514,0.6000362853236015,0.5672183362371666,0.6065676216282728,0.5834542815674891,-0.5777293984841154,1.0
