,abilities,v_measure,mutual_info,adjusted_rand_score,calinski_harabasz,davies_bouldin,silhouette
abilities,1.0,0.7726545572362958,0.8257843072838708,0.7561509021323127,0.6757386145029666,-0.5258489763683859,0.45726262073993074
v_measure,0.7726545572362958,1.0,0.9743382051549696,0.9888625640402567,0.8063098637182836,-0.7131198995605775,0.4503371605613268
mutual_info,0.8257843072838708,0.9743382051549696,1.0,0.964446086955674,0.7629384754895747,-0.6241450709082618,0.38768598347085437
adjusted_rand_score,0.7561509021323127,0.9888625640402567,0.964446086955674,1.0,0.8056618674442622,-0.7084826762246117,0.43160601826539496
calinski_harabasz,0.6757386145029666,0.8063098637182836,0.7629384754895747,0.8056618674442622,1.0,-0.883522669744649,0.4189093412712877
davies_bouldin,-0.5258489763683859,-0.7131198995605775,-0.6241450709082618,-0.7084826762246117,-0.883522669744649,1.0,-0.49444140696190997
silhouette,0.45726262073993074,0.4503371605613268,0.38768598347085437,0.43160601826539496,0.4189093412712877,-0.49444140696190997,1.0
