,abilities,v_measure,mutual_info,adjusted_rand_score,calinski_harabasz,davies_bouldin,silhouette
abilities,1.0,0.7466132069740599,0.7889799575863895,0.7470384545288865,0.6727213818520543,-0.5129700504222101,0.4110726363323411
v_measure,0.7466132069740599,1.0,0.9785502022592755,0.9862300791770447,0.7360630176376486,-0.7339772796306421,0.52657797217666
mutual_info,0.7889799575863895,0.9785502022592755,1.0,0.9744698300644791,0.7023910171151765,-0.6626807944154457,0.4670760538911983
adjusted_rand_score,0.7470384545288865,0.9862300791770447,0.9744698300644791,1.0,0.723690338780552,-0.7097989186562177,0.507097584188891
calinski_harabasz,0.6727213818520543,0.7360630176376486,0.7023910171151765,0.723690338780552,1.0,-0.8765364599153554,0.4371747362452666
davies_bouldin,-0.5129700504222101,-0.7339772796306421,-0.6626807944154457,-0.7097989186562177,-0.8765364599153554,1.0,-0.4924569183727194
silhouette,0.4110726363323411,0.52657797217666,0.4670760538911983,0.507097584188891,0.4371747362452666,-0.4924569183727194,1.0
