,abilities,v_measure,mutual_info,adjusted_rand_score,calinski_harabasz,davies_bouldin,silhouette
abilities,1.0,0.6911387120342344,0.7101763907734057,0.7156455484813694,0.5741571860974846,-0.4956685105938837,0.31506105834464043
v_measure,0.6911387120342344,1.0,0.9968270535434715,0.9539087777893748,0.8570086629788123,-0.7807327001356852,0.4234839787078593
mutual_info,0.7101763907734057,0.9968270535434715,1.0,0.957582715791671,0.8509967644296003,-0.7724245903350381,0.40770274501617787
adjusted_rand_score,0.7156455484813694,0.9539087777893748,0.957582715791671,1.0,0.8247782068677592,-0.7270013568521031,0.4178895731134537
calinski_harabasz,0.5741571860974846,0.8570086629788123,0.8509967644296003,0.8247782068677592,1.0,-0.924642521657447,0.4348815363740737
davies_bouldin,-0.4956685105938837,-0.7807327001356852,-0.7724245903350381,-0.7270013568521031,-0.924642521657447,1.0,-0.40803673938002294
silhouette,0.31506105834464043,0.4234839787078593,0.40770274501617787,0.4178895731134537,0.4348815363740737,-0.40803673938002294,1.0
