,abilities,v_measure,mutual_info,adjusted_rand_score,calinski_harabasz,davies_bouldin,silhouette
abilities,1.0,0.7262498695334516,0.755683122847302,0.7833211564554848,0.6059701492537314,-0.5188393695856383,0.32036321887068153
v_measure,0.7262498695334516,1.0,0.9940298507462687,0.9360400793236614,0.8552551925686254,-0.7722575931531156,0.40816198726646485
mutual_info,0.755683122847302,0.9940298507462687,1.0,0.9476881327627596,0.84640434192673,-0.7488779876839579,0.3780189959294437
adjusted_rand_score,0.7833211564554848,0.9360400793236614,0.9476881327627596,1.0,0.7951779563719862,-0.6834150923703163,0.365034965034965
calinski_harabasz,0.6059701492537314,0.8552551925686254,0.84640434192673,0.7951779563719862,1.0,-0.913662456946039,0.4317920885085064
davies_bouldin,-0.5188393695856383,-0.7722575931531156,-0.7488779876839579,-0.6834150923703163,-0.913662456946039,1.0,-0.4104999478133807
silhouette,0.32036321887068153,0.40816198726646485,0.3780189959294437,0.365034965034965,0.4317920885085064,-0.4104999478133807,1.0
