,abilities,v_measure,mutual_info,adjusted_rand_score,calinski_harabasz,davies_bouldin,silhouette
abilities,1.0,0.6934766725811502,0.711303621751383,0.7164387850955015,0.6631666840622065,-0.6123160421667885,0.31698152593674983
v_measure,0.6934766725811502,1.0,0.9961590648157812,0.9568312284730195,0.9123264794906586,-0.848491806700762,0.39843440141947606
mutual_info,0.711303621751383,0.9961590648157812,1.0,0.9617993946352156,0.9059805865776015,-0.8396409560588665,0.38378039870577185
adjusted_rand_score,0.7164387850955015,0.9568312284730195,0.9617993946352156,1.0,0.8770483248095189,-0.7672476776954389,0.41404863792923496
calinski_harabasz,0.6631666840622065,0.9123264794906586,0.9059805865776015,0.8770483248095189,1.0,-0.9076923076923077,0.44548585742615593
davies_bouldin,-0.6123160421667885,-0.848491806700762,-0.8396409560588665,-0.7672476776954389,-0.9076923076923077,1.0,-0.4436071391295272
silhouette,0.31698152593674983,0.39843440141947606,0.38378039870577185,0.41404863792923496,0.44548585742615593,-0.4436071391295272,1.0
