,abilities,v_measure,mutual_info,adjusted_rand_score,calinski_harabasz,davies_bouldin,silhouette
abilities,1.0,0.7447448074313746,0.7644504748982361,0.7713391086525415,0.6376996138190169,-0.5610479073165641,0.3885815676860453
v_measure,0.7447448074313746,1.0,0.9962008141112618,0.9539505270848554,0.8571756601607348,-0.7809414466130884,0.4239014716626657
mutual_info,0.7644504748982361,0.9962008141112618,1.0,0.9569564763594615,0.8504957728838326,-0.7735100720175347,0.4080784886755036
adjusted_rand_score,0.7713391086525415,0.9539505270848554,0.9569564763594615,1.0,0.8246112096858366,-0.7272936019204675,0.41943429704623736
calinski_harabasz,0.6376996138190169,0.8571756601607348,0.8504957728838326,0.8246112096858366,1.0,-0.9245590230664857,0.435424277215322
davies_bouldin,-0.5610479073165641,-0.7809414466130884,-0.7735100720175347,-0.7272936019204675,-0.9245590230664857,1.0,-0.40745224924329404
silhouette,0.3885815676860453,0.4239014716626657,0.4080784886755036,0.41943429704623736,0.435424277215322,-0.40745224924329404,1.0
