,abilities,v_measure,mutual_info,adjusted_rand_score,calinski_harabasz,davies_bouldin,silhouette
abilities,1.0,0.6908882162613506,0.7085064189541801,0.714768813276276,0.5804195804195804,-0.5011794175973281,0.3157290470723307
v_measure,0.6908882162613506,1.0,0.99607556622482,0.9538670284938942,0.8571756601607348,-0.7814006888633754,0.4242354660265108
mutual_info,0.7085064189541801,0.99607556622482,1.0,0.956538983404655,0.8506627700657552,-0.7744703058135894,0.4084124830393487
adjusted_rand_score,0.714768813276276,0.9538670284938942,0.956538983404655,1.0,0.825028702640643,-0.7277945934662352,0.42031103225133076
calinski_harabasz,0.5804195804195804,0.8571756601607348,0.8506627700657552,0.825028702640643,1.0,-0.9252687610896566,0.43546602651080263
davies_bouldin,-0.5011794175973281,-0.7814006888633754,-0.7744703058135894,-0.7277945934662352,-0.9252687610896566,1.0,-0.407911491493581
silhouette,0.3157290470723307,0.4242354660265108,0.4084124830393487,0.42031103225133076,0.43546602651080263,-0.407911491493581,1.0
