,abilities,v_measure,mutual_info,adjusted_rand_score,calinski_harabasz,davies_bouldin,silhouette
abilities,1.0,0.7031425850648698,0.740414363767488,0.756908720601654,0.6839872601668494,-0.5705589399928913,0.44603110234710214
v_measure,0.7031425850648698,1.0,0.977637034674443,0.9820112088212511,0.8592062696496104,-0.8099785847724063,0.4803116599079601
mutual_info,0.740414363767488,0.977637034674443,1.0,0.976780425570693,0.8280585045792136,-0.7618262177062924,0.4370802387570055
adjusted_rand_score,0.756908720601654,0.9820112088212511,0.976780425570693,1.0,0.8282589875609423,-0.7511641682234474,0.43631475828131405
calinski_harabasz,0.6839872601668494,0.8592062696496104,0.8280585045792136,0.8282589875609423,1.0,-0.8909190322139701,0.4034173235521939
davies_bouldin,-0.5705589399928913,-0.8099785847724063,-0.7618262177062924,-0.7511641682234474,-0.8909190322139701,1.0,-0.4740602360231467
silhouette,0.44603110234710214,0.4803116599079601,0.4370802387570055,0.43631475828131405,0.4034173235521939,-0.4740602360231467,1.0
