,abilities,v_measure,mutual_info,adjusted_rand_score,calinski_harabasz,davies_bouldin,silhouette
abilities,1.0,0.7536645266607904,0.7916106602837005,0.8118176681794157,0.7063776661014052,-0.5947901526017573,0.3961926285758017
v_measure,0.7536645266607904,1.0,0.9764705882352941,0.9800108443663236,0.892140155829954,-0.8290973709390805,0.4286964049756231
mutual_info,0.7916106602837005,0.9764705882352941,1.0,0.974051004935636,0.8577299858750627,-0.776844215610334,0.3736182621770629
adjusted_rand_score,0.8118176681794157,0.9800108443663236,0.974051004935636,1.0,0.8587363135657263,-0.7694389640530233,0.37926996523820705
calinski_harabasz,0.7063776661014052,0.892140155829954,0.8577299858750627,0.8587363135657263,1.0,-0.9140292522896067,0.39178931061192873
davies_bouldin,-0.5947901526017573,-0.8290973709390805,-0.776844215610334,-0.7694389640530233,-0.9140292522896067,1.0,-0.44008748348293614
silhouette,0.3961926285758017,0.4286964049756231,0.3736182621770629,0.37926996523820705,0.39178931061192873,-0.44008748348293614,1.0
