,abilities,v_measure,mutual_info,adjusted_rand_score,calinski_harabasz,davies_bouldin,silhouette
abilities,1.0,0.6855182280939985,0.7167572641313029,0.735967266455293,0.6652420159636011,-0.5447329691265783,0.46734618557092217
v_measure,0.6855182280939985,1.0,0.9771996172597621,0.9812457283455598,0.8628331890463389,-0.8096322959857839,0.4829179386704333
mutual_info,0.7167572641313029,0.9771996172597621,1.0,0.9731170547227411,0.8293889825488677,-0.7617715405294573,0.43605959812275025
adjusted_rand_score,0.735967266455293,0.9812457283455598,0.9731170547227411,1.0,0.833088804848043,-0.7506356221807081,0.4391579714767394
calinski_harabasz,0.6652420159636011,0.8628331890463389,0.8293889825488677,0.833088804848043,1.0,-0.8924682188909646,0.40646101972934795
davies_bouldin,-0.5447329691265783,-0.8096322959857839,-0.7617715405294573,-0.7506356221807081,-0.8924682188909646,1.0,-0.47324007837062015
silhouette,0.46734618557092217,0.4829179386704333,0.43605959812275025,0.4391579714767394,0.40646101972934795,-0.47324007837062015,1.0
