,abilities,v_measure,mutual_info,adjusted_rand_score,calinski_harabasz,davies_bouldin,silhouette
abilities,1.0,0.7386410757656537,0.7636988330075233,0.7927255494342752,0.6968781470292045,-0.5502636099757123,0.5545583792429358
v_measure,0.7386410757656537,1.0,0.9675670872578639,0.9769563414489663,0.8698240625555358,-0.7972276523902613,0.606510277827143
mutual_info,0.7636988330075233,0.9675670872578639,1.0,0.9609324092174634,0.8226704579112611,-0.7329542088738819,0.5460576980036728
adjusted_rand_score,0.7927255494342752,0.9769563414489663,0.9609324092174634,1.0,0.8354362893193531,-0.7267934364077957,0.5605414371186541
calinski_harabasz,0.6968781470292045,0.8698240625555358,0.8226704579112611,0.8354362893193531,1.0,-0.8913571470884426,0.5398376873407974
davies_bouldin,-0.5502636099757123,-0.7972276523902613,-0.7329542088738819,-0.7267934364077957,-0.8913571470884426,1.0,-0.5950773058468101
silhouette,0.5545583792429358,0.606510277827143,0.5460576980036728,0.5605414371186541,0.5398376873407974,-0.5950773058468101,1.0
