,abilities,v_measure,mutual_info,adjusted_rand_score,calinski_harabasz,davies_bouldin,silhouette
abilities,1.0,0.7362029515851942,0.759039445547182,0.7911912149320557,0.6987345146696113,-0.550371352210991,0.5549327271398445
v_measure,0.7362029515851942,1.0,0.9653456548782655,0.9772821515313074,0.8705053018186126,-0.7974942242758131,0.6061548486464072
mutual_info,0.759039445547182,0.9653456548782655,1.0,0.9599253598720455,0.8222261714353415,-0.7319767786268586,0.5448433149694923
adjusted_rand_score,0.7911912149320557,0.9772821515313074,0.9599253598720455,1.0,0.8352585747289852,-0.7275339138676619,0.5595936259700255
calinski_harabasz,0.6987345146696113,0.8705053018186126,0.8222261714353415,0.8352585747289852,1.0,-0.8916533380723891,0.5395118772584563
davies_bouldin,-0.550371352210991,-0.7974942242758131,-0.7319767786268586,-0.7275339138676619,-0.8916533380723891,1.0,-0.59590664060186
silhouette,0.5549327271398445,0.6061548486464072,0.5448433149694923,0.5595936259700255,0.5395118772584563,-0.59590664060186,1.0
