,abilities,v_measure,mutual_info,adjusted_rand_score,calinski_harabasz,davies_bouldin,silhouette
abilities,1.0,0.7356791659261892,0.7605592085776909,0.7914815473017002,0.6993365321959599,-0.5497008471062141,0.5534624726023339
v_measure,0.7356791659261892,1.0,0.9648717493039511,0.977222913334518,0.8703572063266394,-0.797168414193472,0.6068360879094841
mutual_info,0.7605592085776909,0.9648717493039511,1.0,0.9600734553640187,0.8224631242224987,-0.7318879213316747,0.5455541733309638
adjusted_rand_score,0.7914815473017002,0.977222913334518,0.9600734553640187,1.0,0.8353474320241692,-0.7266749600142172,0.5605118180202595
calinski_harabasz,0.6993365321959599,0.8703572063266394,0.8224631242224987,0.8353474320241692,1.0,-0.8912090515964693,0.5396303536520348
davies_bouldin,-0.5497008471062141,-0.797168414193472,-0.7318879213316747,-0.7266749600142172,-0.8912090515964693,1.0,-0.5951069249452047
silhouette,0.5534624726023339,0.6068360879094841,0.5455541733309638,0.5605118180202595,0.5396303536520348,-0.5951069249452047,1.0
