,abilities,v_measure,mutual_info,adjusted_rand_score,calinski_harabasz,davies_bouldin,silhouette
abilities,1.0,0.7536875777501333,0.7785972395000296,0.8135773947041052,0.7083999763047213,-0.5789645163201232,0.5384159706178544
v_measure,0.7536875777501333,1.0,0.9647828920087672,0.9782892008767253,0.8639298619750014,-0.7979088916533381,0.6021858894615247
mutual_info,0.7785972395000296,0.9647828920087672,1.0,0.9644274628280315,0.8181091167584859,-0.7328653515786979,0.5459096025116995
adjusted_rand_score,0.8135773947041052,0.9782892008767253,0.9644274628280315,1.0,0.8264617025057758,-0.7285113441146851,0.5553284758011966
calinski_harabasz,0.7083999763047213,0.8639298619750014,0.8181091167584859,0.8264617025057758,1.0,-0.8878324743794799,0.5346543451217345
davies_bouldin,-0.5789645163201232,-0.7979088916533381,-0.7328653515786979,-0.7285113441146851,-0.8878324743794799,1.0,-0.5964397843729636
silhouette,0.5384159706178544,0.6021858894615247,0.5459096025116995,0.5553284758011966,0.5346543451217345,-0.5964397843729636,1.0
