,abilities,v_measure,mutual_info,adjusted_rand_score,calinski_harabasz,davies_bouldin,silhouette
abilities,1.0,0.7996158704415749,0.8534566445491625,0.791014707613996,0.7408273400472488,-0.5378649492469515,0.5079070156120588
v_measure,0.7996158704415749,1.0,0.9653451911233586,0.973319972443164,0.7843051293292416,-0.7423853364230392,0.6167512160497693
mutual_info,0.8534566445491625,0.9653451911233586,1.0,0.9526105926807373,0.7444729755119935,-0.6348719233418927,0.5357925721801216
adjusted_rand_score,0.791014707613996,0.973319972443164,0.9526105926807373,1.0,0.7656833886557692,-0.7003402851714996,0.5858124047514666
calinski_harabasz,0.7408273400472488,0.7843051293292416,0.7444729755119935,0.7656833886557692,1.0,-0.8881442976138285,0.6147053297425941
davies_bouldin,-0.5378649492469515,-0.7423853364230392,-0.6348719233418927,-0.7003402851714996,-0.8881442976138285,1.0,-0.6246842445877957
silhouette,0.5079070156120588,0.6167512160497693,0.5357925721801216,0.5858124047514666,0.6147053297425941,-0.6246842445877957,1.0
