,abilities,v_measure,mutual_info,adjusted_rand_score,calinski_harabasz,davies_bouldin,silhouette
abilities,1.0,0.7731988893760047,0.833573411828563,0.7670194776727,0.7489822759441348,-0.5293208910043632,0.49859084361495587
v_measure,0.7731988893760047,1.0,0.9605436212187637,0.972818939061815,0.7926974384668378,-0.7466023673827269,0.6119913989269535
mutual_info,0.833573411828563,0.9605436212187637,1.0,0.9481430450303752,0.7497755787979374,-0.6296528256195069,0.5240600405001983
adjusted_rand_score,0.7670194776727,0.972818939061815,0.9481430450303752,1.0,0.7701926890879105,-0.7090666165633285,0.5857288991879084
calinski_harabasz,0.7489822759441348,0.7926974384668378,0.7497755787979374,0.7701926890879105,1.0,-0.8850128389803971,0.6144965658336987
davies_bouldin,-0.5293208910043632,-0.7466023673827269,-0.6296528256195069,-0.7090666165633285,-0.8850128389803971,1.0,-0.6235569194797603
silhouette,0.49859084361495587,0.6119913989269535,0.5240600405001983,0.5857288991879084,0.6144965658336987,-0.6235569194797603,1.0
