,abilities,v_measure,mutual_info,adjusted_rand_score,calinski_harabasz,davies_bouldin,silhouette
abilities,1.0,0.4291358024691358,0.16118677332637227,0.9441975308641976,-0.3817283950617284,0.4632098765432099,-0.18666666666666668
v_measure,0.4291358024691358,1.0,0.8232391950564718,0.5120987654320988,0.07851851851851852,-0.0745679012345679,-0.013827160493827161
mutual_info,0.16118677332637227,0.8232391950564718,1.0,0.1819531674359049,0.06576024801351997,-0.07367125529334193,-0.13893706535187303
adjusted_rand_score,0.9441975308641976,0.5120987654320988,0.1819531674359049,1.0,-0.36246913580246914,0.44049382716049384,-0.1417283950617284
calinski_harabasz,-0.3817283950617284,0.07851851851851852,0.06576024801351997,-0.36246913580246914,1.0,-0.9506172839506173,0.905679012345679
davies_bouldin,0.4632098765432099,-0.0745679012345679,-0.07367125529334193,0.44049382716049384,-0.9506172839506173,1.0,-0.8064197530864198
silhouette,-0.18666666666666668,-0.013827160493827161,-0.13893706535187303,-0.1417283950617284,0.905679012345679,-0.8064197530864198,1.0
