,abilities,v_measure,mutual_info,adjusted_rand_score,calinski_harabasz,davies_bouldin,silhouette
abilities,1.0,0.8222772277227722,0.6235131320738571,0.8693069306930693,-0.5262376237623763,0.43316831683168316,-0.5168316831683168
v_measure,0.8222772277227722,1.0,0.887402540397876,0.6767326732673268,-0.30495049504950494,0.16287128712871288,-0.33613861386138616
mutual_info,0.6235131320738571,0.887402540397876,1.0,0.4399810247808363,-0.2596731301835037,0.11805578793442957,-0.3149807787326167
adjusted_rand_score,0.8693069306930693,0.6767326732673268,0.4399810247808363,1.0,-0.5262376237623763,0.5099009900990099,-0.4178217821782178
calinski_harabasz,-0.5262376237623763,-0.30495049504950494,-0.2596731301835037,-0.5262376237623763,1.0,-0.9346534653465347,0.9564356435643564
davies_bouldin,0.43316831683168316,0.16287128712871288,0.11805578793442957,0.5099009900990099,-0.9346534653465347,1.0,-0.8831683168316832
silhouette,-0.5168316831683168,-0.33613861386138616,-0.3149807787326167,-0.4178217821782178,0.9564356435643564,-0.8831683168316832,1.0
