,abilities,v_measure,mutual_info,adjusted_rand_score,calinski_harabasz,davies_bouldin,silhouette
abilities,1.0,0.7133663366336633,0.5173621294773532,0.9306930693069307,-0.557920792079208,0.49455445544554455,-0.503960396039604
v_measure,0.7133663366336633,1.0,0.8869065076754625,0.6668316831683169,-0.3,0.16287128712871288,-0.3405940594059406
mutual_info,0.5173621294773532,0.8869065076754625,1.0,0.43799689389118196,-0.2576889992938494,0.11855182065684314,-0.31448474601020315
adjusted_rand_score,0.9306930693069307,0.6668316831683169,0.43799689389118196,1.0,-0.5232673267326733,0.5054455445544555,-0.4163366336633663
calinski_harabasz,-0.557920792079208,-0.3,-0.2576889992938494,-0.5232673267326733,1.0,-0.9346534653465347,0.9564356435643564
davies_bouldin,0.49455445544554455,0.16287128712871288,0.11855182065684314,0.5054455445544555,-0.9346534653465347,1.0,-0.8831683168316832
silhouette,-0.503960396039604,-0.3405940594059406,-0.31448474601020315,-0.4163366336633663,0.9564356435643564,-0.8831683168316832,1.0
