,abilities,v_measure,mutual_info,adjusted_rand_score,calinski_harabasz,davies_bouldin,silhouette
abilities,1.0,0.6324805339265851,0.28186874304783094,0.6280311457174639,0.6213570634037819,-0.6080088987764183,0.7646273637374861
v_measure,0.6324805339265851,1.0,0.8362625139043381,0.9919911012235818,0.9848720800889877,-0.8829810901001113,0.7904338153503894
mutual_info,0.28186874304783094,0.8362625139043381,1.0,0.8193548387096774,0.8162402669632925,-0.7659621802002224,0.6266963292547275
adjusted_rand_score,0.6280311457174639,0.9919911012235818,0.8193548387096774,1.0,0.9919911012235818,-0.8776418242491657,0.7886540600667408
calinski_harabasz,0.6213570634037819,0.9848720800889877,0.8162402669632925,0.9919911012235818,1.0,-0.882091212458287,0.7979977753058954
davies_bouldin,-0.6080088987764183,-0.8829810901001113,-0.7659621802002224,-0.8776418242491657,-0.882091212458287,1.0,-0.7802002224694105
silhouette,0.7646273637374861,0.7904338153503894,0.6266963292547275,0.7886540600667408,0.7979977753058954,-0.7802002224694105,1.0
