,abilities,v_measure,mutual_info,adjusted_rand_score,calinski_harabasz,davies_bouldin,silhouette
abilities,1.0,0.6680756395995551,0.3624026696329255,0.6649610678531702,0.667630700778643,-0.6662958843159066,0.7931034482758621
v_measure,0.6680756395995551,1.0,0.8531701890989989,0.9942157953281424,0.9835372636262514,-0.882091212458287,0.7864293659621802
mutual_info,0.3624026696329255,0.8531701890989989,1.0,0.8362625139043381,0.8246941045606229,-0.7717463848720801,0.6338153503893215
adjusted_rand_score,0.6649610678531702,0.9942157953281424,0.8362625139043381,1.0,0.9906562847608453,-0.8789766407119021,0.7855394883203559
calinski_harabasz,0.667630700778643,0.9835372636262514,0.8246941045606229,0.9906562847608453,1.0,-0.8843159065628476,0.7975528364849833
davies_bouldin,-0.6662958843159066,-0.882091212458287,-0.7717463848720801,-0.8789766407119021,-0.8843159065628476,1.0,-0.7828698553948832
silhouette,0.7931034482758621,0.7864293659621802,0.6338153503893215,0.7855394883203559,0.7975528364849833,-0.7828698553948832,1.0
