,abilities,v_measure,mutual_info,adjusted_rand_score,calinski_harabasz,davies_bouldin,silhouette
abilities,1.0,0.725027808676307,0.432258064516129,0.7147942157953281,0.7183537263626252,-0.7339265850945494,0.8220244716351501
v_measure,0.725027808676307,1.0,0.8447163515016686,0.9911012235817576,0.9817575083426029,-0.874972191323693,0.7922135706340379
mutual_info,0.432258064516129,0.8447163515016686,1.0,0.8233592880978865,0.8153503893214683,-0.7708565072302559,0.6240266963292548
adjusted_rand_score,0.7147942157953281,0.9911012235817576,0.8233592880978865,1.0,0.9853170189098999,-0.8629588431590657,0.7877641824249165
calinski_harabasz,0.7183537263626252,0.9817575083426029,0.8153503893214683,0.9853170189098999,1.0,-0.8803114571746384,0.8006674082313682
davies_bouldin,-0.7339265850945494,-0.874972191323693,-0.7708565072302559,-0.8629588431590657,-0.8803114571746384,1.0,-0.7899888765294772
silhouette,0.8220244716351501,0.7922135706340379,0.6240266963292548,0.7877641824249165,0.8006674082313682,-0.7899888765294772,1.0
