,abilities,v_measure,mutual_info,adjusted_rand_score,calinski_harabasz,davies_bouldin,silhouette
abilities,1.0,0.8576923076923076,0.8007692307692308,0.8430769230769231,0.9307692307692308,-0.813076923076923,0.9053846153846153
v_measure,0.8576923076923076,1.0,0.9761538461538461,0.9761538461538461,0.8838461538461538,-0.676923076923077,0.7453846153846154
mutual_info,0.8007692307692308,0.9761538461538461,1.0,0.9692307692307692,0.8361538461538461,-0.6246153846153846,0.7061538461538461
adjusted_rand_score,0.8430769230769231,0.9761538461538461,0.9692307692307692,1.0,0.8653846153846154,-0.5892307692307692,0.7469230769230769
calinski_harabasz,0.9307692307692308,0.8838461538461538,0.8361538461538461,0.8653846153846154,1.0,-0.83,0.8923076923076924
davies_bouldin,-0.813076923076923,-0.676923076923077,-0.6246153846153846,-0.5892307692307692,-0.83,1.0,-0.7930769230769231
silhouette,0.9053846153846153,0.7453846153846154,0.7061538461538461,0.7469230769230769,0.8923076923076924,-0.7930769230769231,1.0
