,abilities,v_measure,mutual_info,adjusted_rand_score,calinski_harabasz,davies_bouldin,silhouette
abilities,1.0,0.8523076923076923,0.7523076923076923,0.8484615384615385,0.9446153846153846,-0.7892307692307692,0.8976923076923077
v_measure,0.8523076923076923,1.0,0.9438461538461539,0.9753846153846154,0.8792307692307693,-0.6623076923076923,0.7361538461538462
mutual_info,0.7523076923076923,0.9438461538461539,1.0,0.9292307692307692,0.8007692307692308,-0.5846153846153846,0.6676923076923077
adjusted_rand_score,0.8484615384615385,0.9753846153846154,0.9292307692307692,1.0,0.8646153846153846,-0.5507692307692308,0.7330769230769231
calinski_harabasz,0.9446153846153846,0.8792307692307693,0.8007692307692308,0.8646153846153846,1.0,-0.8015384615384615,0.9061538461538462
davies_bouldin,-0.7892307692307692,-0.6623076923076923,-0.5846153846153846,-0.5507692307692308,-0.8015384615384615,1.0,-0.7615384615384615
silhouette,0.8976923076923077,0.7361538461538462,0.6676923076923077,0.7330769230769231,0.9061538461538462,-0.7615384615384615,1.0
