,abilities,v_measure,mutual_info,adjusted_rand_score,calinski_harabasz,davies_bouldin,silhouette
abilities,1.0,0.8392307692307692,0.7246153846153847,0.8276923076923077,0.9415384615384615,-0.8138461538461539,0.89
v_measure,0.8392307692307692,1.0,0.95,0.9769230769230769,0.8815384615384615,-0.6753846153846154,0.7415384615384616
mutual_info,0.7246153846153847,0.95,1.0,0.9238461538461539,0.7976923076923077,-0.5661538461538461,0.6538461538461539
adjusted_rand_score,0.8276923076923077,0.9769230769230769,0.9238461538461539,1.0,0.8584615384615385,-0.5653846153846154,0.7330769230769231
calinski_harabasz,0.9415384615384615,0.8815384615384615,0.7976923076923077,0.8584615384615385,1.0,-0.8276923076923077,0.9038461538461539
davies_bouldin,-0.8138461538461539,-0.6753846153846154,-0.5661538461538461,-0.5653846153846154,-0.8276923076923077,1.0,-0.7653846153846153
silhouette,0.89,0.7415384615384616,0.6538461538461539,0.7330769230769231,0.9038461538461539,-0.7653846153846153,1.0
