,abilities,v_measure,mutual_info,adjusted_rand_score,calinski_harabasz,davies_bouldin,silhouette
abilities,1.0,0.4586485694161809,0.4262630141785807,0.48242959428730575,0.4286811201445348,-0.43333333333333335,0.6960930442637759
v_measure,0.4586485694161809,1.0,0.9916662902570125,0.960793170423235,0.765780618547104,-0.7592538225473366,0.5167799635455972
mutual_info,0.4262630141785807,0.9916662902570125,1.0,0.9520077690952617,0.7574922651494755,-0.7536303893157031,0.5049910794214498
adjusted_rand_score,0.48242959428730575,0.960793170423235,0.9520077690952617,1.0,0.7393346735099842,-0.7315657537040327,0.5322274668806868
calinski_harabasz,0.4286811201445348,0.765780618547104,0.7574922651494755,0.7393346735099842,1.0,-0.9937669376693767,0.4645889792231256
davies_bouldin,-0.43333333333333335,-0.7592538225473366,-0.7536303893157031,-0.7315657537040327,-0.9937669376693767,1.0,-0.46434056007226737
silhouette,0.6960930442637759,0.5167799635455972,0.5049910794214498,0.5322274668806868,0.4645889792231256,-0.46434056007226737,1.0
