,abilities,v_measure,mutual_info,adjusted_rand_score,calinski_harabasz,davies_bouldin,silhouette
abilities,1.0,0.46550546261935577,0.43467803410803124,0.48525534264364384,0.4363168265473027,-0.43988504904184067,0.699947492939639
v_measure,0.46550546261935577,1.0,0.9935182257554541,0.9605447400514928,0.7651030964710036,-0.7591860703397266,0.5161927777463101
mutual_info,0.43467803410803124,0.9935182257554541,1.0,0.9528659831067348,0.7577406899107123,-0.755640371474801,0.50539759266711
adjusted_rand_score,0.48525534264364384,0.9605447400514928,0.9528659831067348,1.0,0.7391991690947641,-0.7308204794203222,0.5318435377042299
calinski_harabasz,0.4363168265473027,0.7651030964710036,0.7577406899107123,0.7391991690947641,1.0,-0.9929765130984644,0.4641824751580849
davies_bouldin,-0.43988504904184067,-0.7591860703397266,-0.755640371474801,-0.7308204794203222,-0.9929765130984644,1.0,-0.4640018066847335
silhouette,0.699947492939639,0.5161927777463101,0.50539759266711,0.5318435377042299,0.4641824751580849,-0.4640018066847335,1.0
