,abilities,v_measure,mutual_info,adjusted_rand_score,calinski_harabasz,davies_bouldin,silhouette
abilities,1.0,0.08130632158723843,0.050500259741406976,0.03249994354556558,0.1618835220286989,-0.2384479877139889,0.4731017661140973
v_measure,0.08130632158723843,1.0,0.9983738368416297,0.9439199566356491,0.7583492843747901,-0.7354156787565715,0.43531630428700746
mutual_info,0.050500259741406976,0.9983738368416297,1.0,0.9446652814165688,0.7535387418299146,-0.7301081827640712,0.4204553155080067
adjusted_rand_score,0.03249994354556558,0.9439199566356491,0.9446652814165688,1.0,0.6913856287618515,-0.6548998352958757,0.4091401857537827
calinski_harabasz,0.1618835220286989,0.7583492843747901,0.7535387418299146,0.6913856287618515,1.0,-0.985980860034729,0.454281116853694
davies_bouldin,-0.2384479877139889,-0.7354156787565715,-0.7301081827640712,-0.6548998352958757,-0.985980860034729,1.0,-0.4657843624373278
silhouette,0.4731017661140973,0.43531630428700746,0.4204553155080067,0.4091401857537827,0.454281116853694,-0.4657843624373278,1.0
