,abilities,v_measure,mutual_info,adjusted_rand_score,calinski_harabasz,davies_bouldin,silhouette
abilities,1.0,0.4549447820668319,0.4216332799918945,0.477506267200976,0.424390243902439,-0.42872628726287265,0.6977416440831075
v_measure,0.4549447820668319,1.0,0.992095397262749,0.9608835087402322,0.7659161229623241,-0.7591183181321165,0.5169154679608172
mutual_info,0.4216332799918945,0.992095397262749,1.0,0.9525046298387461,0.757650353633899,-0.7541498229073801,0.5052846723210933
adjusted_rand_score,0.477506267200976,0.9608835087402322,0.9525046298387461,1.0,0.7394475938560009,-0.7314076652196093,0.5324081394343135
calinski_harabasz,0.424390243902439,0.7659161229623241,0.757650353633899,0.7394475938560009,1.0,-0.9935636856368564,0.46447606142728093
davies_bouldin,-0.42872628726287265,-0.7591183181321165,-0.7541498229073801,-0.7314076652196093,-0.9935636856368564,1.0,-0.46447606142728093
silhouette,0.6977416440831075,0.5169154679608172,0.5052846723210933,0.5324081394343135,0.46447606142728093,-0.46447606142728093,1.0
