,abilities,v_measure,mutual_info,adjusted_rand_score,calinski_harabasz,davies_bouldin,silhouette
abilities,1.0,0.8841768967991113,0.8736043564505827,0.8935859687318856,0.8745661091827075,-0.8781950142000631,0.891343220784685
v_measure,0.8841768967991113,1.0,0.9940812892068315,0.9821022337550942,0.8241087806079374,-0.8313937491652733,0.7916157168801812
mutual_info,0.8736043564505827,0.9940812892068315,1.0,0.9703163158853415,0.8261287177622795,-0.8335722666535758,0.7926327477514462
adjusted_rand_score,0.8935859687318856,0.9821022337550942,0.9703163158853415,1.0,0.8112344196777824,-0.8121022469550571,0.786619682358721
calinski_harabasz,0.8745661091827075,0.8241087806079374,0.8261287177622795,0.8112344196777824,1.0,-0.9965288734616599,0.9778321236983275
davies_bouldin,-0.8781950142000631,-0.8313937491652733,-0.8335722666535758,-0.8121022469550571,-0.9965288734616599,1.0,-0.9738087724834332
silhouette,0.891343220784685,0.7916157168801812,0.7926327477514462,0.786619682358721,0.9778321236983275,-0.9738087724834332,1.0
