,abilities,v_measure,mutual_info,adjusted_rand_score,calinski_harabasz,davies_bouldin,silhouette
abilities,1.0,0.852544807893766,0.8385052474687211,0.8798217255993442,0.8853101254174007,-0.8808666158336181,0.9127599716036074
v_measure,0.852544807893766,1.0,0.9907026309174068,0.9735842131147672,0.8435647008058994,-0.8439065496847934,0.8089985199362053
mutual_info,0.8385052474687211,0.9907026309174068,1.0,0.9563959687146372,0.8433571909580728,-0.8440146358753291,0.8019776078659595
adjusted_rand_score,0.8798217255993442,0.9735842131147672,0.9563959687146372,1.0,0.8197786028006383,-0.8156766859376656,0.8018195693557001
calinski_harabasz,0.8853101254174007,0.8435647008058994,0.8433571909580728,0.8197786028006383,1.0,-0.9972655325638261,0.9745484184786896
davies_bouldin,-0.8808666158336181,-0.8439065496847934,-0.8440146358753291,-0.8156766859376656,-0.9972655325638261,1.0,-0.9693424131675125
silhouette,0.9127599716036074,0.8089985199362053,0.8019776078659595,0.8018195693557001,0.9745484184786896,-0.9693424131675125,1.0
