,abilities,v_measure,mutual_info,adjusted_rand_score,calinski_harabasz,davies_bouldin,silhouette
abilities,1.0,0.8837561043914673,0.8733413335215616,0.8940198823705229,0.8738824024403071,-0.87656463658357,0.8916850741558852
v_measure,0.8837561043914673,1.0,0.9938971513654858,0.9821548355726007,0.8241350801334152,-0.8309729567576293,0.7920102097623474
mutual_info,0.8733413335215616,0.9938971513654858,1.0,0.970237404856372,0.8269177865493427,-0.8339536499006563,0.7937111417604326
adjusted_rand_score,0.8940198823705229,0.9821548355726007,0.970237404856372,1.0,0.8112870152703445,-0.8117077800108413,0.7859622374516948
calinski_harabasz,0.8738824024403071,0.8241350801334152,0.8269177865493427,0.8112870152703445,1.0,-0.9968970232460292,0.9782791627222047
davies_bouldin,-0.87656463658357,-0.8309729567576293,-0.8339536499006563,-0.8117077800108413,-0.9968970232460292,1.0,-0.9742295150941411
silhouette,0.8916850741558852,0.7920102097623474,0.7937111417604326,0.7859622374516948,0.9782791627222047,-0.9742295150941411,1.0
