,abilities,v_measure,mutual_info,adjusted_rand_score,calinski_harabasz,davies_bouldin,silhouette
abilities,1.0,0.8519399983387999,0.8376374201779427,0.8779285332010492,0.8865196013987853,-0.8823127284200563,0.9140746194094602
v_measure,0.8519399983387999,1.0,0.9905974272823939,0.9741364595756664,0.8441169182256512,-0.8439065496847934,0.8088144474629547
mutual_info,0.8376374201779427,0.9905974272823939,1.0,0.956501165433409,0.8434886799415241,-0.8439094446885681,0.8022405858328621
adjusted_rand_score,0.8779285332010492,0.9741364595756664,0.956501165433409,1.0,0.81998895751156,-0.815860746309722,0.8017143920002393
calinski_harabasz,0.8865196013987853,0.8441169182256512,0.8434886799415241,0.81998895751156,1.0,-0.9973707043882943,0.974785055083743
davies_bouldin,-0.8823127284200563,-0.8439065496847934,-0.8439094446885681,-0.815860746309722,-0.9973707043882943,1.0,-0.9696842215970342
silhouette,0.9140746194094602,0.8088144474629547,0.8022405858328621,0.8017143920002393,0.974785055083743,-0.9696842215970342,1.0
