,abilities,v_measure,mutual_info,adjusted_rand_score,calinski_harabasz,davies_bouldin,silhouette
abilities,1.0,0.8826708412128541,0.8726156270768445,0.8845514131319075,0.7941779741243294,-0.7991742926264858,0.8218680971915431
v_measure,0.8826708412128541,1.0,0.9941935858438918,0.9821105729844447,0.7908903253079304,-0.7984115939465574,0.7838161250848861
mutual_info,0.8726156270768445,0.9941935858438918,1.0,0.9704633191398351,0.792895998844762,-0.8005891665312959,0.7849003647363645
adjusted_rand_score,0.8845514131319075,0.9821105729844447,0.9704633191398351,1.0,0.7784709850211944,-0.7795754416351383,0.7791152513793284
calinski_harabasz,0.7941779741243294,0.7908903253079304,0.792895998844762,0.7784709850211944,1.0,-0.9965025770484905,0.9638161354791206
davies_bouldin,-0.7991742926264858,-0.7984115939465574,-0.8005891665312959,-0.7795754416351383,-0.9965025770484905,1.0,-0.960082044809088
silhouette,0.8218680971915431,0.7838161250848861,0.7849003647363645,0.7791152513793284,0.9638161354791206,-0.960082044809088,1.0
