,abilities,v_measure,mutual_info,adjusted_rand_score,calinski_harabasz,davies_bouldin,silhouette
abilities,1.0,0.8532285056515538,0.838794523232314,0.8789934539250902,0.8877027844240528,-0.8835484973575579,0.9141009123655772
v_measure,0.8532285056515538,1.0,0.9905974272823939,0.9739523774220333,0.8441169182256512,-0.8439065496847934,0.8089196317333835
mutual_info,0.838794523232314,0.9905974272823939,1.0,0.9564222678943302,0.8434886799415241,-0.8439094446885681,0.8023194792229328
adjusted_rand_score,0.8789934539250902,0.9739523774220333,0.9564222678943302,1.0,0.8197786028006383,-0.8156240972599351,0.801188505222935
calinski_harabasz,0.8877027844240528,0.8441169182256512,0.8434886799415241,0.8197786028006383,1.0,-0.9973707043882943,0.9750742776010307
davies_bouldin,-0.8835484973575579,-0.8439065496847934,-0.8439094446885681,-0.8156240972599351,-0.9973707043882943,1.0,-0.9697893934215024
silhouette,0.9141009123655772,0.8089196317333835,0.8023194792229328,0.801188505222935,0.9750742776010307,-0.9697893934215024,1.0
