,abilities,v_measure,mutual_info,adjusted_rand_score,calinski_harabasz,davies_bouldin,silhouette
abilities,1.0,0.3343381312986463,0.37226707919739616,0.15867043916994744,0.7022291342664593,-0.6787973043027475,0.8848552173591054
v_measure,0.3343381312986463,1.0,0.9967843379176027,0.9587663229807665,-0.08034424811323634,0.05898429129552123,0.16648027369923735
mutual_info,0.37226707919739616,0.9967843379176027,1.0,0.9429111872492849,-0.040659987474332485,0.019915095905795502,0.19892869236257785
adjusted_rand_score,0.15867043916994744,0.9587663229807665,0.9429111872492849,1.0,-0.22554842954077575,0.193716579860397,0.01353853448481441
calinski_harabasz,0.7022291342664593,-0.08034424811323634,-0.040659987474332485,-0.22554842954077575,1.0,-0.9691327853069688,0.7904465674294601
davies_bouldin,-0.6787973043027475,0.05898429129552123,0.019915095905795502,0.193716579860397,-0.9691327853069688,1.0,-0.79542323928016
silhouette,0.8848552173591054,0.16648027369923735,0.19892869236257785,0.01353853448481441,0.7904465674294601,-0.79542323928016,1.0
