,abilities,v_measure,mutual_info,adjusted_rand_score,calinski_harabasz,davies_bouldin,silhouette
abilities,1.0,0.569257207756057,0.5981633127697806,0.5078368053369499,0.4640989556329161,-0.4215539589660025,0.7404044144878157
v_measure,0.569257207756057,1.0,0.9950854179448964,0.9829627105586749,-0.11055968722956991,0.13682557567363093,0.19740155866729453
mutual_info,0.5981633127697806,0.9950854179448964,1.0,0.9658186358327158,-0.06226698177393806,0.09065776036848362,0.23237444579159644
adjusted_rand_score,0.5078368053369499,0.9829627105586749,0.9658186358327158,1.0,-0.18077982892435235,0.20523836351044641,0.12442594305790669
calinski_harabasz,0.4640989556329161,-0.11055968722956991,-0.06226698177393806,-0.18077982892435235,1.0,-0.9844159691874675,0.7463595289237834
davies_bouldin,-0.4215539589660025,0.13682557567363093,0.09065776036848362,0.20523836351044641,-0.9844159691874675,1.0,-0.7631286571365085
silhouette,0.7404044144878157,0.19740155866729453,0.23237444579159644,0.12442594305790669,0.7463595289237834,-0.7631286571365085,1.0
