,abilities,v_measure,mutual_info,adjusted_rand_score,calinski_harabasz,davies_bouldin,silhouette
abilities,1.0,0.5994362226920367,0.47822410147991545,0.619168428470754,0.5853417899929528,-0.5892882311486962,0.811416490486258
v_measure,0.5994362226920367,1.0,0.9516560958421424,0.9782945736434109,0.9429175475687104,-0.9086680761099366,0.6535588442565187
mutual_info,0.47822410147991545,0.9516560958421424,1.0,0.9257223396758281,0.8907681465821,-0.8816067653276956,0.6007047216349541
adjusted_rand_score,0.619168428470754,0.9782945736434109,0.9257223396758281,1.0,0.9402396053558845,-0.9024665257223397,0.6586328400281889
calinski_harabasz,0.5853417899929528,0.9429175475687104,0.8907681465821,0.9402396053558845,1.0,-0.9613812544045102,0.6522903453136011
davies_bouldin,-0.5892882311486962,-0.9086680761099366,-0.8816067653276956,-0.9024665257223397,-0.9613812544045102,1.0,-0.6459478505990134
silhouette,0.811416490486258,0.6535588442565187,0.6007047216349541,0.6586328400281889,0.6522903453136011,-0.6459478505990134,1.0
