,abilities,v_measure,mutual_info,adjusted_rand_score,calinski_harabasz,davies_bouldin,silhouette
abilities,1.0,0.55461592670895,0.41761804087385485,0.5766032417195208,0.5329105003523609,-0.5276955602536998,0.7809725158562368
v_measure,0.55461592670895,1.0,0.9503875968992248,0.9784355179704017,0.9430584918957012,-0.9089499647639182,0.6545454545454545
mutual_info,0.41761804087385485,0.9503875968992248,1.0,0.9252995066948555,0.8900634249471459,-0.8769556025369979,0.599154334038055
adjusted_rand_score,0.5766032417195208,0.9784355179704017,0.9252995066948555,1.0,0.9406624383368569,-0.9024665257223397,0.6590556730091613
calinski_harabasz,0.5329105003523609,0.9430584918957012,0.8900634249471459,0.9406624383368569,1.0,-0.9618040873854827,0.6521494009866103
davies_bouldin,-0.5276955602536998,-0.9089499647639182,-0.8769556025369979,-0.9024665257223397,-0.9618040873854827,1.0,-0.6470754052149401
silhouette,0.7809725158562368,0.6545454545454545,0.599154334038055,0.6590556730091613,0.6521494009866103,-0.6470754052149401,1.0
