,abilities,v_measure,mutual_info,adjusted_rand_score,calinski_harabasz,davies_bouldin,silhouette
abilities,1.0,0.048216551529677146,-0.03884248002130857,-0.011560693641618497,0.21612857747074582,-0.42563090370788104,0.682503877061892
v_measure,0.048216551529677146,1.0,0.9899545316501566,0.955026082052728,0.8997603270830397,-0.7625828281404201,0.3643028337797829
mutual_info,-0.03884248002130857,0.9899545316501566,1.0,0.9530154036444112,0.8816044558012431,-0.744210638085217,0.32462726043217055
adjusted_rand_score,-0.011560693641618497,0.955026082052728,0.9530154036444112,1.0,0.8459044128013534,-0.682503877061892,0.3015649231636825
calinski_harabasz,0.21612857747074582,0.8997603270830397,0.8816044558012431,0.8459044128013534,1.0,-0.91244889327506,0.5901593119977443
davies_bouldin,-0.42563090370788104,-0.7625828281404201,-0.744210638085217,-0.682503877061892,-0.91244889327506,1.0,-0.6559988721274496
silhouette,0.682503877061892,0.3643028337797829,0.32462726043217055,0.3015649231636825,0.5901593119977443,-0.6559988721274496,1.0
