,abilities,v_measure,mutual_info,adjusted_rand_score,calinski_harabasz,davies_bouldin,silhouette
abilities,1.0,0.8049508143847767,0.7005059771213852,0.873326882760845,0.8368005160457991,-0.7701177229479116,0.79979035639413
v_measure,0.8049508143847767,1.0,0.9407140123265197,0.9613771972262538,0.8553459119496856,-0.8424447669730689,0.6064344460570875
mutual_info,0.7005059771213852,0.9407140123265197,1.0,0.8836252949968,0.8199246075808697,-0.8296409782563375,0.5177898281536663
adjusted_rand_score,0.873326882760845,0.9613771972262538,0.8836252949968,1.0,0.8384131591678762,-0.8236574746008708,0.6506208676019997
calinski_harabasz,0.8368005160457991,0.8553459119496856,0.8199246075808697,0.8384131591678762,1.0,-0.9375907111756169,0.7757619738751814
davies_bouldin,-0.7701177229479116,-0.8424447669730689,-0.8296409782563375,-0.8236574746008708,-0.9375907111756169,1.0,-0.6818255120141913
silhouette,0.79979035639413,0.6064344460570875,0.5177898281536663,0.6506208676019997,0.7757619738751814,-0.6818255120141913,1.0
