,abilities,v_measure,mutual_info,adjusted_rand_score,calinski_harabasz,davies_bouldin,silhouette
abilities,1.0,0.04739069111424542,-0.044077717859485104,-0.017207334273624825,0.2156558533145275,-0.4244005641748942,0.6827926657263752
v_measure,0.04739069111424542,1.0,0.9891039887668457,0.948095909732017,0.9002820874471086,-0.7638928067700987,0.36473906911142456
mutual_info,-0.044077717859485104,0.9891039887668457,1.0,0.9470714770160407,0.8808491137039502,-0.743820304422383,0.32053316427417566
adjusted_rand_score,-0.017207334273624825,0.948095909732017,0.9470714770160407,1.0,0.8377997179125529,-0.6722143864598026,0.2954866008462623
calinski_harabasz,0.2156558533145275,0.9002820874471086,0.8808491137039502,0.8377997179125529,1.0,-0.9124118476727786,0.5899858956276446
davies_bouldin,-0.4244005641748942,-0.7638928067700987,-0.743820304422383,-0.6722143864598026,-0.9124118476727786,1.0,-0.6558533145275035
silhouette,0.6827926657263752,0.36473906911142456,0.32053316427417566,0.2954866008462623,0.5899858956276446,-0.6558533145275035,1.0
