,abilities,v_measure,mutual_info,adjusted_rand_score,calinski_harabasz,davies_bouldin,silhouette
abilities,1.0,0.6679596977329975,0.8100605801723095,0.6914357682619647,0.7779345088161209,-0.7304785894206549,0.7158186397984887
v_measure,0.6679596977329975,1.0,0.8497336239165612,0.9781360201511335,0.884382871536524,-0.8418136020151133,0.7461964735516373
mutual_info,0.8100605801723095,0.8497336239165612,1.0,0.8569881233440815,0.8040907316850793,-0.7719240797095813,0.5885464552917072
adjusted_rand_score,0.6914357682619647,0.9781360201511335,0.8569881233440815,1.0,0.8865491183879093,-0.8237783375314861,0.7441309823677582
calinski_harabasz,0.7779345088161209,0.884382871536524,0.8040907316850793,0.8865491183879093,1.0,-0.9439798488664988,0.7536020151133501
davies_bouldin,-0.7304785894206549,-0.8418136020151133,-0.7719240797095813,-0.8237783375314861,-0.9439798488664988,1.0,-0.678639798488665
silhouette,0.7158186397984887,0.7461964735516373,0.5885464552917072,0.7441309823677582,0.7536020151133501,-0.678639798488665,1.0
