,abilities,v_measure,mutual_info,adjusted_rand_score,calinski_harabasz,davies_bouldin,silhouette
abilities,1.0,0.6703274559193955,0.8140404791637964,0.6865491183879093,0.7728463476070528,-0.7244836272040303,0.7121914357682619
v_measure,0.6703274559193955,1.0,0.8530082243525946,0.9777833753148615,0.8842821158690176,-0.8412594458438287,0.7456423173803527
mutual_info,0.8140404791637964,0.8530082243525946,1.0,0.8571392587488215,0.8050983010500127,-0.7734354337569814,0.5897051600613806
adjusted_rand_score,0.6865491183879093,0.9777833753148615,0.8571392587488215,1.0,0.8819647355163728,-0.8188916876574307,0.7437783375314861
calinski_harabasz,0.7728463476070528,0.8842821158690176,0.8050983010500127,0.8819647355163728,1.0,-0.9443828715365239,0.7531486146095718
davies_bouldin,-0.7244836272040303,-0.8412594458438287,-0.7734354337569814,-0.8188916876574307,-0.9443828715365239,1.0,-0.6788916876574307
silhouette,0.7121914357682619,0.7456423173803527,0.5897051600613806,0.7437783375314861,0.7531486146095718,-0.6788916876574307,1.0
