,abilities,v_measure,mutual_info,adjusted_rand_score,calinski_harabasz,davies_bouldin,silhouette
abilities,1.0,0.7304214211944885,0.8708072517363483,0.7364258095978138,0.8904254515227084,-0.8023627799188896,0.7345021285170911
v_measure,0.7304214211944885,1.0,0.8158401890399611,0.9947479124685366,0.7902214161565783,-0.7537973248696441,0.7661905841456964
mutual_info,0.8708072517363483,0.8158401890399611,1.0,0.8054212021508329,0.8961999186465034,-0.8202234470184998,0.6916982619236477
adjusted_rand_score,0.7364258095978138,0.9947479124685366,0.8054212021508329,1.0,0.7950426339157243,-0.757207451223201,0.7753693465103576
calinski_harabasz,0.8904254515227084,0.7902214161565783,0.8961999186465034,0.7950426339157243,1.0,-0.868762437340991,0.759087130658203
davies_bouldin,-0.8023627799188896,-0.7537973248696441,-0.8202234470184998,-0.757207451223201,-0.868762437340991,1.0,-0.7450817400942089
silhouette,0.7345021285170911,0.7661905841456964,0.6916982619236477,0.7753693465103576,0.759087130658203,-0.7450817400942089,1.0
