,abilities,v_measure,mutual_info,adjusted_rand_score,calinski_harabasz,davies_bouldin,silhouette
abilities,1.0,0.686448362720403,0.807103274559194,0.7140554156171285,0.7944584382871537,-0.7289672544080604,0.7293198992443325
v_measure,0.686448362720403,1.0,0.8491183879093199,0.9775314861460958,0.8871536523929471,-0.8340050377833753,0.7462468513853904
mutual_info,0.807103274559194,0.8491183879093199,1.0,0.860654911838791,0.8061964735516373,-0.7723425692695214,0.5873551637279597
adjusted_rand_score,0.7140554156171285,0.9775314861460958,0.860654911838791,1.0,0.8829722921914358,-0.8150629722921915,0.7439798488664987
calinski_harabasz,0.7944584382871537,0.8871536523929471,0.8061964735516373,0.8829722921914358,1.0,-0.9269017632241814,0.750176322418136
davies_bouldin,-0.7289672544080604,-0.8340050377833753,-0.7723425692695214,-0.8150629722921915,-0.9269017632241814,1.0,-0.6715869017632242
silhouette,0.7293198992443325,0.7462468513853904,0.5873551637279597,0.7439798488664987,0.750176322418136,-0.6715869017632242,1.0
