,abilities,v_measure,mutual_info,adjusted_rand_score,calinski_harabasz,davies_bouldin,silhouette
abilities,1.0,0.5295692296854637,0.5461942164770526,0.5468282202106302,0.4240076080448029,-0.36810961220104965,0.22338064879715402
v_measure,0.5295692296854637,1.0,0.9978690430065866,0.951058434010778,0.7915008277270966,-0.7034975872635695,0.3193265471452221
mutual_info,0.5461942164770526,0.9978690430065866,1.0,0.9557430171533232,0.7876968053256314,-0.6994470078546018,0.3059068014511641
adjusted_rand_score,0.5468282202106302,0.951058434010778,0.9557430171533232,1.0,0.7474199570286358,-0.6478813708569617,0.3106266070233525
calinski_harabasz,0.4240076080448029,0.7915008277270966,0.7876968053256314,0.7474199570286358,1.0,-0.901024972702617,0.32633581064421824
davies_bouldin,-0.36810961220104965,-0.7034975872635695,-0.6994470078546018,-0.6478813708569617,-0.901024972702617,1.0,-0.32728681624458456
silhouette,0.22338064879715402,0.3193265471452221,0.3059068014511641,0.3106266070233525,0.32633581064421824,-0.32728681624458456,1.0
