,abilities,v_measure,mutual_info,adjusted_rand_score,calinski_harabasz,davies_bouldin,silhouette
abilities,1.0,0.45687013490190553,0.48728470289880593,0.5079074354548977,0.35266457680250785,-0.27795780352928745,0.1173963580007749
v_measure,0.45687013490190553,1.0,0.995526751435314,0.9320911556479166,0.7901623754006551,-0.699041949913705,0.309200098622803
mutual_info,0.48728470289880593,0.995526751435314,1.0,0.9456341798457257,0.782536719382903,-0.6830157444260505,0.2837871156352365
adjusted_rand_score,0.5079074354548977,0.9320911556479166,0.9456341798457257,1.0,0.7181853404247825,-0.6107040963685675,0.2648550597020182
calinski_harabasz,0.35266457680250785,0.7901623754006551,0.782536719382903,0.7181853404247825,1.0,-0.8963580007748935,0.3247508013102744
davies_bouldin,-0.27795780352928745,-0.699041949913705,-0.6830157444260505,-0.6107040963685675,-0.8963580007748935,1.0,-0.3301046106160403
silhouette,0.1173963580007749,0.309200098622803,0.2837871156352365,0.2648550597020182,0.3247508013102744,-0.3301046106160403,1.0
