,abilities,v_measure,mutual_info,adjusted_rand_score,calinski_harabasz,davies_bouldin,silhouette
abilities,1.0,0.5315769081751259,0.5482195061815364,0.5501567398119123,0.4288506921207425,-0.37564721214469377,0.22619844316860976
v_measure,0.5315769081751259,1.0,0.9979042654362298,0.9510760452255996,0.7915184389419182,-0.7031805853967806,0.3188686555598605
mutual_info,0.5482195061815364,0.9979042654362298,1.0,0.9557958507977881,0.7879433623331338,-0.6992708957063858,0.30530802014722974
adjusted_rand_score,0.5501567398119123,0.9510760452255996,0.9557958507977881,1.0,0.7474023458138143,-0.6474410904864217,0.3091472649783382
calinski_harabasz,0.4288506921207425,0.7915184389419182,0.7879433623331338,0.7474023458138143,1.0,-0.901024972702617,0.3264414779331478
davies_bouldin,-0.37564721214469377,-0.7031805853967806,-0.6992708957063858,-0.6474410904864217,-0.901024972702617,1.0,-0.32600119756260787
silhouette,0.22619844316860976,0.3188686555598605,0.30530802014722974,0.3091472649783382,0.3264414779331478,-0.32600119756260787,1.0
