,abilities,v_measure,mutual_info,adjusted_rand_score,calinski_harabasz,davies_bouldin,silhouette
abilities,1.0,0.532580747419957,0.5494699024338698,0.5500158500933394,0.4243774435560565,-0.3690958402310591,0.22436687682716352
v_measure,0.532580747419957,1.0,0.9978866542214082,0.9510760452255996,0.7914303828678102,-0.7032862526857102,0.3191152125673629
mutual_info,0.5494699024338698,0.9978866542214082,1.0,0.9557958507977881,0.7875206931774154,-0.6990771723433482,0.30544890986580253
adjusted_rand_score,0.5500158500933394,0.9510760452255996,0.9557958507977881,1.0,0.7474199570286358,-0.6475995914198162,0.30949948927477017
calinski_harabasz,0.4243774435560565,0.7914303828678102,0.7875206931774154,0.7474199570286358,1.0,-0.9008136381247579,0.32626536578493187
davies_bouldin,-0.3690958402310591,-0.7032862526857102,-0.6990771723433482,-0.6475995914198162,-0.9008136381247579,1.0,-0.3259483639181431
silhouette,0.22436687682716352,0.3191152125673629,0.30544890986580253,0.30949948927477017,0.32626536578493187,-0.3259483639181431,1.0
