,abilities,v_measure,mutual_info,adjusted_rand_score,calinski_harabasz,davies_bouldin,silhouette
abilities,1.0,0.9233968045524185,0.6813307069380609,0.9424381702779602,0.8581746552856205,-0.4410155395053622,0.7616546290216678
v_measure,0.9233968045524185,1.0,0.7802582622017947,0.9706719194572117,0.8671481724666229,-0.5335959728605821,0.7369227402057343
mutual_info,0.6813307069380609,0.7802582622017947,1.0,0.7660319544758153,0.6213613482162399,-0.2657036550667542,0.4473626614138761
adjusted_rand_score,0.9424381702779602,0.9706719194572117,0.7660319544758153,1.0,0.8179032611074634,-0.46530969577588094,0.7034362004815058
calinski_harabasz,0.8581746552856205,0.8671481724666229,0.6213613482162399,0.8179032611074634,1.0,-0.7555263733858613,0.9041365725541693
davies_bouldin,-0.4410155395053622,-0.5335959728605821,-0.2657036550667542,-0.46530969577588094,-0.7555263733858613,1.0,-0.8371634931057124
silhouette,0.7616546290216678,0.7369227402057343,0.4473626614138761,0.7034362004815058,0.9041365725541693,-0.8371634931057124,1.0
