,abilities,v_measure,mutual_info,adjusted_rand_score,calinski_harabasz,davies_bouldin,silhouette
abilities,1.0,0.9356533158240316,0.7014664040271394,0.9411249726417159,0.8093674764718757,-0.42153644123440576,0.711096520026264
v_measure,0.9356533158240316,1.0,0.7721602101116218,0.9735171810024076,0.8200919238345371,-0.535784635587656,0.7069380608448238
mutual_info,0.7014664040271394,0.7721602101116218,1.0,0.7925147734734077,0.5905012037644999,-0.2578244692492887,0.44014007441453273
adjusted_rand_score,0.9411249726417159,0.9735171810024076,0.7925147734734077,1.0,0.7465528562048588,-0.43029109214270084,0.6482818997592471
calinski_harabasz,0.8093674764718757,0.8200919238345371,0.5905012037644999,0.7465528562048588,1.0,-0.7270737579339024,0.8721820967388926
davies_bouldin,-0.42153644123440576,-0.535784635587656,-0.2578244692492887,-0.43029109214270084,-0.7270737579339024,1.0,-0.8448238126504706
silhouette,0.711096520026264,0.7069380608448238,0.44014007441453273,0.6482818997592471,0.8721820967388926,-0.8448238126504706,1.0
