,abilities,v_measure,mutual_info,adjusted_rand_score,calinski_harabasz,davies_bouldin,silhouette
abilities,1.0,0.9231779382797111,0.6822061720288903,0.9461588969139856,0.862551980739768,-0.4346684175968483,0.757715036112935
v_measure,0.9231779382797111,1.0,0.7758809367476472,0.9654191289122346,0.8638651783760123,-0.5285620485883126,0.7397680017509302
mutual_info,0.6822061720288903,0.7758809367476472,1.0,0.7625300941124973,0.620267016852703,-0.2659225213394616,0.45524184723134165
adjusted_rand_score,0.9461588969139856,0.9654191289122346,0.7625300941124973,1.0,0.8098052090172905,-0.43817027796016633,0.7071569271175312
calinski_harabasz,0.862551980739768,0.8638651783760123,0.620267016852703,0.8098052090172905,1.0,-0.7476471875683957,0.9058875027358284
davies_bouldin,-0.4346684175968483,-0.5285620485883126,-0.2659225213394616,-0.43817027796016633,-0.7476471875683957,1.0,-0.8362880280148829
silhouette,0.757715036112935,0.7397680017509302,0.45524184723134165,0.7071569271175312,0.9058875027358284,-0.8362880280148829,1.0
