,abilities,v_measure,mutual_info,adjusted_rand_score,calinski_harabasz,davies_bouldin,silhouette
abilities,1.0,0.7086931359979526,0.7750755307740183,0.7198392337246472,0.7507985910243867,-0.714225173054456,0.6374875255820371
v_measure,0.7086931359979526,1.0,0.9424920710536877,0.9883891547049442,0.873775347459558,-0.8133151059466849,0.5430394167236272
mutual_info,0.7750755307740183,0.9424920710536877,1.0,0.9408060224225069,0.846332616418073,-0.7847599431626268,0.48435164596813035
adjusted_rand_score,0.7198392337246472,0.9883891547049442,0.9408060224225069,1.0,0.8760537707906129,-0.7993529277739804,0.5533925723399408
calinski_harabasz,0.7507985910243867,0.873775347459558,0.846332616418073,0.8760537707906129,1.0,-0.9088266119845068,0.5323399407609934
davies_bouldin,-0.714225173054456,-0.8133151059466849,-0.7847599431626268,-0.7993529277739804,-0.9088266119845068,1.0,-0.5306083390293916
silhouette,0.6374875255820371,0.5430394167236272,0.48435164596813035,0.5533925723399408,0.5323399407609934,-0.5306083390293916,1.0
