,abilities,v_measure,mutual_info,adjusted_rand_score,calinski_harabasz,davies_bouldin,silhouette
abilities,1.0,0.7075051264524949,0.7733004023794225,0.7197721576668945,0.7499020277967646,-0.7151241740715425,0.6358168147641832
v_measure,0.7075051264524949,1.0,0.9439368600547311,0.9896103896103896,0.8738300296195033,-0.8154841649578491,0.5437138300296195
mutual_info,0.7733004023794225,0.9439368600547311,1.0,0.944374319327733,0.8459095279628859,-0.7858409015388107,0.4856162479715398
adjusted_rand_score,0.7197721576668945,0.9896103896103896,0.944374319327733,1.0,0.8753064479380269,-0.8004101161995899,0.5527728411938938
calinski_harabasz,0.7499020277967646,0.8738300296195033,0.8459095279628859,0.8753064479380269,1.0,-0.9084985190248348,0.5322488038277512
davies_bouldin,-0.7151241740715425,-0.8154841649578491,-0.7858409015388107,-0.8004101161995899,-0.9084985190248348,1.0,-0.5309182046024151
silhouette,0.6358168147641832,0.5437138300296195,0.4856162479715398,0.5527728411938938,0.5322488038277512,-0.5309182046024151,1.0
