,abilities,v_measure,mutual_info,adjusted_rand_score,calinski_harabasz,davies_bouldin,silhouette
abilities,1.0,0.7083982683982684,0.7727227158806106,0.7233629528366371,0.7498838004101162,-0.7168010936431989,0.636928685349738
v_measure,0.7083982683982684,1.0,0.944023695602643,0.9888448393711552,0.8749419002050581,-0.811911597174755,0.5437502848029164
mutual_info,0.7727227158806106,0.944023695602643,1.0,0.9460833902939166,0.847218045112782,-0.7851720209614946,0.48503987240829344
adjusted_rand_score,0.7233629528366371,0.9888448393711552,0.9460833902939166,1.0,0.8759261790840738,-0.7974937343358396,0.5527910685805423
calinski_harabasz,0.7498838004101162,0.8749419002050581,0.847218045112782,0.8759261790840738,1.0,-0.9022282980177717,0.5310093415356574
davies_bouldin,-0.7168010936431989,-0.811911597174755,-0.7851720209614946,-0.7974937343358396,-0.9022282980177717,1.0,-0.5287491455912509
silhouette,0.636928685349738,0.5437502848029164,0.48503987240829344,0.5527910685805423,0.5310093415356574,-0.5287491455912509,1.0
