,abilities,v_measure,mutual_info,adjusted_rand_score,calinski_harabasz,davies_bouldin,silhouette
abilities,1.0,0.7079972658920027,0.773145468886901,0.7199362041467304,0.7471496924128503,-0.7141398951925267,0.6379129642287537
v_measure,0.7079972658920027,1.0,0.944902915949277,0.9888995215311005,0.8733743449532924,-0.8153201184780132,0.543859649122807
mutual_info,0.773145468886901,0.944902915949277,1.0,0.9445383665551087,0.8461282575993868,-0.7864788629786051,0.48592611495658283
adjusted_rand_score,0.7199362041467304,0.9888995215311005,0.9445383665551087,1.0,0.8747596263385737,-0.8000273410799726,0.5529915698336751
calinski_harabasz,0.7471496924128503,0.8733743449532924,0.8461282575993868,0.8747596263385737,1.0,-0.9083891547049442,0.5321394395078606
davies_bouldin,-0.7141398951925267,-0.8153201184780132,-0.7864788629786051,-0.8000273410799726,-0.9083891547049442,1.0,-0.5309728867623604
silhouette,0.6379129642287537,0.543859649122807,0.48592611495658283,0.5529915698336751,0.5321394395078606,-0.5309728867623604,1.0
