,abilities,v_measure,mutual_info,adjusted_rand_score,calinski_harabasz,davies_bouldin,silhouette
abilities,1.0,0.875306283294587,0.8662078417433321,0.8773879660264886,0.8522157092614302,-0.857514654161782,0.8466588511137163
v_measure,0.875306283294587,1.0,0.9947470906507186,0.9847059306455058,0.7990433431674618,-0.8058782846115993,0.7881168158502474
mutual_info,0.8662078417433321,0.9947470906507186,1.0,0.9738938801863658,0.8009825483729356,-0.8078415806615716,0.7882962698493388
adjusted_rand_score,0.8773879660264886,0.9847059306455058,0.9738938801863658,1.0,0.7887335505600566,-0.7896128260374412,0.7858026323021079
calinski_harabasz,0.8522157092614302,0.7990433431674618,0.8009825483729356,0.7887335505600566,1.0,-0.9968581477139508,0.932778429073857
davies_bouldin,-0.857514654161782,-0.8058782846115993,-0.8078415806615716,-0.7896128260374412,-0.9968581477139508,1.0,-0.9297538100820633
silhouette,0.8466588511137163,0.7881168158502474,0.7882962698493388,0.7858026323021079,0.932778429073857,-0.9297538100820633,1.0
