,abilities,v_measure,mutual_info,adjusted_rand_score,calinski_harabasz,davies_bouldin,silhouette
abilities,1.0,0.8892549635713454,0.8801336919096281,0.8985585418534785,0.8850644783118405,-0.8874560375146542,0.9013130128956623
v_measure,0.8892549635713454,1.0,0.9945586571742917,0.9842060847530758,0.8308545551917703,-0.8369513655425792,0.8006284454141063
mutual_info,0.8801336919096281,0.9945586571742917,1.0,0.9734867253524415,0.833336282311822,-0.8396095506994006,0.8021458264034872
adjusted_rand_score,0.8985585418534785,0.9842060847530758,0.9734867253524415,1.0,0.8195156848518456,-0.81996119487351,0.7952705605149459
calinski_harabasz,0.8850644783118405,0.8308545551917703,0.833336282311822,0.8195156848518456,1.0,-0.9972332942555686,0.9788276670574443
davies_bouldin,-0.8874560375146542,-0.8369513655425792,-0.8396095506994006,-0.81996119487351,-0.9972332942555686,1.0,-0.9752168815943728
silhouette,0.9013130128956623,0.8006284454141063,0.8021458264034872,0.7952705605149459,0.9788276670574443,-0.9752168815943728,1.0
