,abilities,v_measure,mutual_info,adjusted_rand_score,calinski_harabasz,davies_bouldin,silhouette
abilities,1.0,0.8895480794535958,0.8804188724737643,0.8982302713111994,0.8848769050410317,-0.888042203985932,0.9007268464243845
v_measure,0.8895480794535958,1.0,0.9948224263259369,0.9840419311988693,0.8308311059211902,-0.8373265538718597,0.8003705034377259
mutual_info,0.8804188724737643,0.9948224263259369,1.0,0.9736562968728703,0.8326239345490268,-0.839272543431099,0.80126876673481
adjusted_rand_score,0.8982302713111994,0.9840419311988693,0.9736562968728703,1.0,0.819328101684829,-0.8201018822487726,0.7959271015995042
calinski_harabasz,0.8848769050410317,0.8308311059211902,0.8326239345490268,0.819328101684829,1.0,-0.996905041031653,0.9783352872215709
davies_bouldin,-0.888042203985932,-0.8373265538718597,-0.839272543431099,-0.8201018822487726,-0.996905041031653,1.0,-0.9747713950762017
silhouette,0.9007268464243845,0.8003705034377259,0.80126876673481,0.7959271015995042,0.9783352872215709,-0.9747713950762017,1.0
