,abilities,v_measure,mutual_info,adjusted_rand_score,calinski_harabasz,davies_bouldin,silhouette
abilities,1.0,0.4914571176692834,0.5244742034339448,0.5503757189034885,0.3851433609000462,-0.3249023970446245,0.1522396205029176
v_measure,0.4914571176692834,1.0,0.9947945090466396,0.9347004743713531,0.8089290961756433,-0.7216531631753494,0.33806305360816086
mutual_info,0.5244742034339448,0.9947945090466396,1.0,0.9486377566013182,0.8003442340791739,-0.7029931572981822,0.31027244867973636
adjusted_rand_score,0.5503757189034885,0.9347004743713531,0.9486377566013182,1.0,0.7393686243230763,-0.6320053734100164,0.2928928256580328
calinski_harabasz,0.3851433609000462,0.8089290961756433,0.8003442340791739,0.7393686243230763,1.0,-0.9002770664539692,0.31602367658788466
davies_bouldin,-0.3249023970446245,-0.7216531631753494,-0.7029931572981822,-0.6320053734100164,-0.9002770664539692,1.0,-0.32834473783636287
silhouette,0.1522396205029176,0.33806305360816086,0.31027244867973636,0.2928928256580328,0.31602367658788466,-0.32834473783636287,1.0
