,abilities,v_measure,mutual_info,adjusted_rand_score,calinski_harabasz,davies_bouldin,silhouette
abilities,1.0,0.540909281726208,0.5598631459636455,0.5645019100793418,0.43885647118089083,-0.39011796314176567,0.233617396414928
v_measure,0.540909281726208,1.0,0.9972083455774317,0.9543889845094664,0.810440367742748,-0.7264808362369338,0.34918769153268125
mutual_info,0.5598631459636455,0.9972083455774317,1.0,0.9592376474539273,0.8054447756181521,-0.7202678309055035,0.33413794551026405
adjusted_rand_score,0.5645019100793418,0.9543889845094664,0.9592376474539273,1.0,0.7698459342596868,-0.6710885353259729,0.34014105201292977
calinski_harabasz,0.43885647118089083,0.810440367742748,0.8054447756181521,0.7698459342596868,1.0,-0.9058813651819823,0.31812266487553
davies_bouldin,-0.39011796314176567,-0.7264808362369338,-0.7202678309055035,-0.6710885353259729,-0.9058813651819823,1.0,-0.32515427563914195
silhouette,0.233617396414928,0.34918769153268125,0.33413794551026405,0.34014105201292977,0.31812266487553,-0.32515427563914195,1.0
