,abilities,v_measure,mutual_info,adjusted_rand_score,calinski_harabasz,davies_bouldin,silhouette
abilities,1.0,0.5432811384912473,0.5615213467108854,0.5667478275471223,0.44353721506233995,-0.3965618571848369,0.23093069140674194
v_measure,0.5432811384912473,1.0,0.9972083455774317,0.9543889845094664,0.810440367742748,-0.726396876705428,0.3492086814155577
mutual_info,0.5615213467108854,0.9972083455774317,1.0,0.9590487385080392,0.8058225935099282,-0.7217161328239788,0.3348516015280635
adjusted_rand_score,0.5667478275471223,0.9543889845094664,0.9590487385080392,1.0,0.7698879140254398,-0.671004575794467,0.34014105201292977
calinski_harabasz,0.44353721506233995,0.810440367742748,0.8058225935099282,0.7698879140254398,1.0,-0.9054615675244532,0.31805969522690064
davies_bouldin,-0.3965618571848369,-0.726396876705428,-0.7217161328239788,-0.671004575794467,-0.9054615675244532,1.0,-0.3249863565761303
silhouette,0.23093069140674194,0.3492086814155577,0.3348516015280635,0.34014105201292977,0.31805969522690064,-0.3249863565761303,1.0
