,abilities,v_measure,mutual_info,adjusted_rand_score,calinski_harabasz,davies_bouldin,silhouette
abilities,1.0,0.5473245630221184,0.5665723866224821,0.5730268094764753,0.44422171730239507,-0.3979387826908336,0.23113130815202226
v_measure,0.5473245630221184,1.0,0.99704042651442,0.9543889845094664,0.8103564082112422,-0.7265438058855631,0.3492506611813106
mutual_info,0.5665723866224821,0.99704042651442,1.0,0.9591536879224214,0.8049829981948701,-0.721863062004114,0.3344947735191638
adjusted_rand_score,0.5730268094764753,0.9543889845094664,0.9591536879224214,1.0,0.7695100961336636,-0.6713194240376139,0.3400780823643004
calinski_harabasz,0.44422171730239507,0.8103564082112422,0.8049829981948701,0.7695100961336636,1.0,-0.9048738508039125,0.31772385710087736
davies_bouldin,-0.3979387826908336,-0.7265438058855631,-0.721863062004114,-0.6713194240376139,-0.9048738508039125,1.0,-0.32641366861172916
silhouette,0.23113130815202226,0.3492506611813106,0.3344947735191638,0.3400780823643004,0.31772385710087736,-0.32641366861172916,1.0
