,abilities,v_measure,mutual_info,adjusted_rand_score,calinski_harabasz,davies_bouldin,silhouette
abilities,1.0,0.6074891902103187,0.6260022669073506,0.6219092397464422,0.5103480122580916,-0.4467276772595609,0.10035263003232442
v_measure,0.6074891902103187,1.0,0.9974182444061962,0.9557533268964359,0.8754880147768775,-0.8119936190756055,0.20905923344947736
mutual_info,0.6260022669073506,0.9974182444061962,1.0,0.9624071197682716,0.8699676755803702,-0.8029259896729777,0.19165862054489735
adjusted_rand_score,0.6219092397464422,0.9557533268964359,0.9624071197682716,1.0,0.8251332857562654,-0.7298811972629192,0.20274127870366485
calinski_harabasz,0.5103480122580916,0.8754880147768775,0.8699676755803702,0.8251332857562654,1.0,-0.8980101591033122,0.21646866210486546
davies_bouldin,-0.4467276772595609,-0.8119936190756055,-0.8029259896729777,-0.7298811972629192,-0.8980101591033122,1.0,-0.25878426598379584
silhouette,0.10035263003232442,0.20905923344947736,0.19165862054489735,0.20274127870366485,0.21646866210486546,-0.25878426598379584,1.0
