,abilities,v_measure,mutual_info,adjusted_rand_score,calinski_harabasz,davies_bouldin,silhouette
abilities,1.0,0.8178145087235996,-0.14894398530762168,0.9030303030303031,0.5820018365472911,-0.36712580348943985,0.8659320477502296
v_measure,0.8178145087235996,1.0,-0.08650137741046832,0.8868686868686869,0.6752984389348026,-0.4101010101010101,0.8964187327823692
mutual_info,-0.14894398530762168,-0.08650137741046832,1.0,-0.008631772268135905,0.08539944903581267,-0.03140495867768595,-0.19302112029384758
adjusted_rand_score,0.9030303030303031,0.8868686868686869,-0.008631772268135905,1.0,0.6484848484848484,-0.3921028466483012,0.8163452708907254
calinski_harabasz,0.5820018365472911,0.6752984389348026,0.08539944903581267,0.6484848484848484,1.0,-0.7836547291092746,0.7513314967860423
davies_bouldin,-0.36712580348943985,-0.4101010101010101,-0.03140495867768595,-0.3921028466483012,-0.7836547291092746,1.0,-0.5401285583103765
silhouette,0.8659320477502296,0.8964187327823692,-0.19302112029384758,0.8163452708907254,0.7513314967860423,-0.5401285583103765,1.0
