,abilities,v_measure,mutual_info,adjusted_rand_score,calinski_harabasz,davies_bouldin,silhouette
abilities,1.0,0.6727272727272727,-0.045183212606733233,0.7766758494031222,0.6653810835629017,-0.4497704315886134,0.7946740128558311
v_measure,0.6727272727272727,1.0,-0.061529984647380624,0.8879706152433425,0.6437098255280074,-0.454178145087236,0.8920110192837466
mutual_info,-0.045183212606733233,-0.061529984647380624,1.0,-0.03563228961669206,0.0692441916777985,-0.018550831192195354,-0.18569198351791585
adjusted_rand_score,0.7766758494031222,0.8879706152433425,-0.03563228961669206,1.0,0.6235078053259872,-0.41781450872359965,0.8115702479338843
calinski_harabasz,0.6653810835629017,0.6437098255280074,0.0692441916777985,0.6235078053259872,1.0,-0.9107438016528926,0.7704315886134068
davies_bouldin,-0.4497704315886134,-0.454178145087236,-0.018550831192195354,-0.41781450872359965,-0.9107438016528926,1.0,-0.5933884297520661
silhouette,0.7946740128558311,0.8920110192837466,-0.18569198351791585,0.8115702479338843,0.7704315886134068,-0.5933884297520661,1.0
