,abilities,v_measure,mutual_info,adjusted_rand_score,calinski_harabasz,davies_bouldin,silhouette
abilities,1.0,0.27268244575936884,0.013806706114398421,0.6405325443786982,0.3269230769230769,0.14644970414201183,0.5616370808678501
v_measure,0.27268244575936884,1.0,0.7455621301775148,0.7583826429980276,0.2519723865877712,0.20611439842209073,0.2406311637080868
mutual_info,0.013806706114398421,0.7455621301775148,1.0,0.5019723865877712,0.16962524654832348,0.527120315581854,-0.13609467455621302
adjusted_rand_score,0.6405325443786982,0.7583826429980276,0.5019723865877712,1.0,0.1291913214990138,0.32790927021696253,0.2603550295857988
calinski_harabasz,0.3269230769230769,0.2519723865877712,0.16962524654832348,0.1291913214990138,1.0,-0.21005917159763313,0.8200197238658777
davies_bouldin,0.14644970414201183,0.20611439842209073,0.527120315581854,0.32790927021696253,-0.21005917159763313,1.0,-0.41420118343195267
silhouette,0.5616370808678501,0.2406311637080868,-0.13609467455621302,0.2603550295857988,0.8200197238658777,-0.41420118343195267,1.0
