,abilities,v_measure,mutual_info,adjusted_rand_score,calinski_harabasz,davies_bouldin,silhouette
abilities,1.0,0.46893491124260356,0.18105576944302976,0.7297830374753451,0.2519723865877712,0.3022682445759369,0.46055226824457596
v_measure,0.46893491124260356,1.0,0.8154909724504856,0.7490138067061144,0.1301775147928994,0.2509861932938856,0.22928994082840237
mutual_info,0.18105576944302976,0.8154909724504856,1.0,0.5604342073222938,0.0873211749084912,0.4750863922987402,-0.08781451487972561
adjusted_rand_score,0.7297830374753451,0.7490138067061144,0.5604342073222938,1.0,0.011834319526627219,0.4161735700197239,0.1854043392504931
calinski_harabasz,0.2519723865877712,0.1301775147928994,0.0873211749084912,0.011834319526627219,1.0,-0.2593688362919132,0.8239644970414202
davies_bouldin,0.3022682445759369,0.2509861932938856,0.4750863922987402,0.4161735700197239,-0.2593688362919132,1.0,-0.4388560157790927
silhouette,0.46055226824457596,0.22928994082840237,-0.08781451487972561,0.1854043392504931,0.8239644970414202,-0.4388560157790927,1.0
