,abilities,v_measure,mutual_info,adjusted_rand_score,calinski_harabasz,davies_bouldin,silhouette
abilities,1.0,0.47386587771203154,0.18320799054294143,0.730276134122288,0.2519723865877712,0.30029585798816566,0.46548323471400394
v_measure,0.47386587771203154,1.0,0.8159289915297352,0.752465483234714,0.1282051282051282,0.29092702169625245,0.22287968441814596
mutual_info,0.18320799054294143,0.8159289915297352,1.0,0.5617063290132175,0.08285045063583893,0.5148563718084276,-0.09542596546449306
adjusted_rand_score,0.730276134122288,0.752465483234714,0.5617063290132175,1.0,0.004437869822485207,0.44970414201183434,0.1804733727810651
calinski_harabasz,0.2519723865877712,0.1282051282051282,0.08285045063583893,0.004437869822485207,1.0,-0.2603550295857988,0.8195266272189349
davies_bouldin,0.30029585798816566,0.29092702169625245,0.5148563718084276,0.44970414201183434,-0.2603550295857988,1.0,-0.4413214990138067
silhouette,0.46548323471400394,0.22287968441814596,-0.09542596546449306,0.1804733727810651,0.8195266272189349,-0.4413214990138067,1.0
