,abilities,v_measure,mutual_info,adjusted_rand_score,calinski_harabasz,davies_bouldin,silhouette
abilities,1.0,0.684571793439221,0.704485593423258,0.7111900391092665,0.5820097374092106,-0.510375927847394,0.32736052358528217
v_measure,0.684571793439221,1.0,0.9956899992018517,0.9554234176710033,0.8474738606433075,-0.7748024582967515,0.41407933594061774
mutual_info,0.704485593423258,0.9956899992018517,1.0,0.9576582328996728,0.8398515444169526,-0.7694947721286615,0.39791683294756164
adjusted_rand_score,0.7111900391092665,0.9554234176710033,0.9576582328996728,1.0,0.8153483917311837,-0.7236012451113417,0.4102482241200415
calinski_harabasz,0.5820097374092106,0.8474738606433075,0.8398515444169526,0.8153483917311837,1.0,-0.9251735972543699,0.4277276718014207
davies_bouldin,-0.510375927847394,-0.7748024582967515,-0.7694947721286615,-0.7236012451113417,-0.9251735972543699,1.0,-0.402586000478889
silhouette,0.32736052358528217,0.41407933594061774,0.39791683294756164,0.4102482241200415,0.4277276718014207,-0.402586000478889,1.0
