,abilities,v_measure,mutual_info,adjusted_rand_score,calinski_harabasz,davies_bouldin,silhouette
abilities,1.0,0.7196504110463724,0.7391651368824328,0.7457897677388459,0.610703168648735,-0.5333226913560539,0.35749062175752255
v_measure,0.7196504110463724,1.0,0.9963684252534121,0.9553835102562056,0.8477931199616889,-0.7742437544895842,0.41427887301460614
mutual_info,0.7391651368824328,0.9963684252534121,1.0,0.9582568441216378,0.8414478410088595,-0.7671801420703966,0.3989145183175034
adjusted_rand_score,0.7457897677388459,0.9553835102562056,0.9582568441216378,1.0,0.8155878362199697,-0.723321893207758,0.41052757602362516
calinski_harabasz,0.610703168648735,0.8477931199616889,0.8414478410088595,0.8155878362199697,1.0,-0.9256524862319419,0.4280469311198021
davies_bouldin,-0.5333226913560539,-0.7742437544895842,-0.7671801420703966,-0.723321893207758,-0.9256524862319419,1.0,-0.4003511852502195
silhouette,0.35749062175752255,0.41427887301460614,0.3989145183175034,0.41052757602362516,0.4280469311198021,-0.4003511852502195,1.0
