,abilities,v_measure,mutual_info,adjusted_rand_score,calinski_harabasz,davies_bouldin,silhouette
abilities,1.0,0.7459094899832389,0.766062734456062,0.762071992976295,0.671043179822811,-0.6699257722084764,0.3307925612578817
v_measure,0.7459094899832389,1.0,0.9954505547130656,0.9589751775879959,0.8756484954904621,-0.844640434192673,0.39520312874132013
mutual_info,0.766062734456062,0.9954505547130656,1.0,0.9621677707718094,0.8688642349748583,-0.8382552478250459,0.3777236810599409
adjusted_rand_score,0.762071992976295,0.9589751775879959,0.9621677707718094,1.0,0.8335860802937186,-0.7645462526937505,0.3933274802458297
calinski_harabasz,0.671043179822811,0.8756484954904621,0.8688642349748583,0.8335860802937186,1.0,-0.9172719291244313,0.47629499561018435
davies_bouldin,-0.6699257722084764,-0.844640434192673,-0.8382552478250459,-0.7645462526937505,-0.9172719291244313,1.0,-0.39640035118525024
silhouette,0.3307925612578817,0.39520312874132013,0.3777236810599409,0.3933274802458297,0.47629499561018435,-0.39640035118525024,1.0
