,abilities,v_measure,mutual_info,adjusted_rand_score,calinski_harabasz,davies_bouldin,silhouette
abilities,1.0,0.13173150800404335,0.07945077005402558,0.0630618944542913,0.23892957638809847,-0.33316038401397347,0.5535311609331893
v_measure,0.13173150800404335,1.0,0.9958687600175344,0.9383344309405496,0.8101096580195223,-0.7701978630684435,0.4177368018554664
mutual_info,0.07945077005402558,0.9958687600175344,1.0,0.9407057055938293,0.8025145968599623,-0.7618420426870636,0.3921568643265259
adjusted_rand_score,0.0630618944542913,0.9383344309405496,0.9407057055938293,1.0,0.7313237747860927,-0.6654294013218616,0.37758553613468115
calinski_harabasz,0.23892957638809847,0.8101096580195223,0.8025145968599623,0.7313237747860927,1.0,-0.9744971264367817,0.5142480842911877
davies_bouldin,-0.33316038401397347,-0.7701978630684435,-0.7618420426870636,-0.6654294013218616,-0.9744971264367817,1.0,-0.5342033844189017
silhouette,0.5535311609331893,0.4177368018554664,0.3921568643265259,0.37758553613468115,0.5142480842911877,-0.5342033844189017,1.0
