,abilities,v_measure,mutual_info,adjusted_rand_score,calinski_harabasz,davies_bouldin,silhouette
abilities,1.0,0.4972213633012785,0.447016332798589,0.5242794004084513,0.47773166254290045,-0.4793678665496049,0.7381275440976933
v_measure,0.4972213633012785,1.0,0.9856723804202502,0.9664757647716161,0.8215386767989781,-0.8112422555989034,0.5377485560480838
mutual_info,0.447016332798589,0.9856723804202502,1.0,0.9513898589188434,0.806732582747708,-0.8027417218174465,0.5182731547084078
adjusted_rand_score,0.5242794004084513,0.9664757647716161,0.9513898589188434,1.0,0.7956778979708836,-0.7831465946498626,0.5592592964621933
calinski_harabasz,0.47773166254290045,0.8215386767989781,0.806732582747708,0.7956778979708836,1.0,-0.9887062016122595,0.5360763029770932
davies_bouldin,-0.4793678665496049,-0.8112422555989034,-0.8027417218174465,-0.7831465946498626,-0.9887062016122595,1.0,-0.5313273206161705
silhouette,0.7381275440976933,0.5377485560480838,0.5182731547084078,0.5592592964621933,0.5360763029770932,-0.5313273206161705,1.0
