,abilities,v_measure,mutual_info,adjusted_rand_score,calinski_harabasz,davies_bouldin,silhouette
abilities,1.0,0.4929511421058987,0.44366400961716934,0.5198096361665585,0.47102721685689203,-0.4718253651528454,0.7305451352861362
v_measure,0.4929511421058987,1.0,0.9867499451240197,0.9662762157523995,0.8216983112361885,-0.8117610675198375,0.5380279163132021
mutual_info,0.44366400961716934,0.9867499451240197,1.0,0.9517889569572765,0.8074908463244577,-0.8034201681755909,0.5190314182851575
adjusted_rand_score,0.5198096361665585,0.9662762157523995,0.9517889569572765,1.0,0.7955980807522784,-0.7838649496173097,0.5592193878528906
calinski_harabasz,0.47102721685689203,0.8216983112361885,0.8074908463244577,0.7955980807522784,1.0,-0.9890653683454386,0.5360363955622954
davies_bouldin,-0.4718253651528454,-0.8117610675198375,-0.8034201681755909,-0.7838649496173097,-0.9890653683454386,1.0,-0.5318062095937425
silhouette,0.7305451352861362,0.5380279163132021,0.5190314182851575,0.5592193878528906,0.5360363955622954,-0.5318062095937425,1.0
