,abilities,v_measure,mutual_info,adjusted_rand_score,calinski_harabasz,davies_bouldin,silhouette
abilities,1.0,0.4848896028336999,0.4370391802989175,0.5280906723865789,0.4280711556517986,-0.44175953549504354,0.6677375263474474
v_measure,0.4848896028336999,1.0,0.9864708464700482,0.9545436404996608,0.8532974161132075,-0.8430809140658778,0.48955402583825813
mutual_info,0.4370391802989175,0.9864708464700482,1.0,0.9398172167458195,0.8388107354757829,-0.8330240448630375,0.47219395400002206
adjusted_rand_score,0.5280906723865789,0.9545436404996608,0.9398172167458195,1.0,0.8459143970555669,-0.8335827598187509,0.4958196149844721
calinski_harabasz,0.4280711556517986,0.8532974161132075,0.8388107354757829,0.8459143970555669,1.0,-0.9881075903902945,0.5668449197860963
davies_bouldin,-0.44175953549504354,-0.8430809140658778,-0.8330240448630375,-0.8335827598187509,-0.9881075903902945,1.0,-0.5708356612658632
silhouette,0.6677375263474474,0.48955402583825813,0.47219395400002206,0.4958196149844721,0.5668449197860963,-0.5708356612658632,1.0
