,abilities,v_measure,mutual_info,adjusted_rand_score,calinski_harabasz,davies_bouldin,silhouette
abilities,1.0,0.49558511031987124,0.4452204453799713,0.5236009540503069,0.4749381435070636,-0.47920823689041425,0.7340569877883311
v_measure,0.49558511031987124,1.0,0.9859118392433102,0.9663560353600862,0.8217382198454911,-0.8116413416919296,0.5383072765783204
mutual_info,0.4452204453799713,0.9859118392433102,1.0,0.9513898589188434,0.806932125794221,-0.8030210820825647,0.5185924235828288
adjusted_rand_score,0.5236009540503069,0.9663560353600862,0.9513898589188434,1.0,0.795637989361581,-0.7836254979614939,0.5590597534156801
calinski_harabasz,0.4749381435070636,0.8217382198454911,0.806932125794221,0.795637989361581,1.0,-0.9891850905898316,0.5359964881474978
davies_bouldin,-0.47920823689041425,-0.8116413416919296,-0.8030210820825647,-0.7836254979614939,-0.9891850905898316,1.0,-0.5320057466677308
silhouette,0.7340569877883311,0.5383072765783204,0.5185924235828288,0.5590597534156801,0.5359964881474978,-0.5320057466677308,1.0
