,abilities,v_measure,mutual_info,adjusted_rand_score,calinski_harabasz,davies_bouldin,silhouette
abilities,1.0,0.7074561999185115,0.8120331386663044,0.7853230114536647,0.803793743492236,-0.7194078500611164,0.7410475802435601
v_measure,0.7074561999185115,1.0,0.7227579338132102,0.9654126488297342,0.8879985513151343,-0.8067816560278872,0.82968898546788
mutual_info,0.8120331386663044,0.7227579338132102,1.0,0.7434922359545475,0.7345284983475938,-0.7015709176513196,0.5433926388700258
adjusted_rand_score,0.7853230114536647,0.9654126488297342,0.7434922359545475,1.0,0.8876363800986916,-0.797455747204491,0.8163791932636154
calinski_harabasz,0.803793743492236,0.8879985513151343,0.7345284983475938,0.8876363800986916,1.0,-0.9185114763004211,0.8052424283580063
davies_bouldin,-0.7194078500611164,-0.8067816560278872,-0.7015709176513196,-0.797455747204491,-0.9185114763004211,1.0,-0.7031101453212006
silhouette,0.7410475802435601,0.82968898546788,0.5433926388700258,0.8163791932636154,0.8052424283580063,-0.7031101453212006,1.0
