,abilities,v_measure,mutual_info,adjusted_rand_score,calinski_harabasz,davies_bouldin,silhouette
abilities,1.0,0.6541264882973425,0.8366344480039187,0.690071981529268,0.7789850151659197,-0.7151523382679161,0.7081805423513966
v_measure,0.6541264882973425,1.0,0.7230459290622612,0.9708452170763728,0.8813889266150573,-0.8145683371814025,0.8274254153651138
mutual_info,0.8366344480039187,0.7230459290622612,1.0,0.7255811849653033,0.7304706070640276,-0.6958824729582378,0.5406433213237445
adjusted_rand_score,0.690071981529268,0.9708452170763728,0.7255811849653033,1.0,0.8776766716465209,-0.7930191498030694,0.8144777943772918
calinski_harabasz,0.7789850151659197,0.8813889266150573,0.7304706070640276,0.8776766716465209,1.0,-0.9516501426049164,0.8071438272443298
davies_bouldin,-0.7151523382679161,-0.8145683371814025,-0.6958824729582378,-0.7930191498030694,-0.9516501426049164,1.0,-0.7152428810720268
silhouette,0.7081805423513966,0.8274254153651138,0.5406433213237445,0.8144777943772918,0.8071438272443298,-0.7152428810720268,1.0
