,abilities,v_measure,mutual_info,adjusted_rand_score,calinski_harabasz,davies_bouldin,silhouette
abilities,1.0,0.667707908913939,0.8227358129640269,0.7159672235049119,0.79310969260718,-0.7186835076282313,0.7170537371542397
v_measure,0.667707908913939,1.0,0.7297462482345869,0.9663180768708407,0.8817510978314999,-0.8203630766444837,0.8277875865815564
mutual_info,0.8227358129640269,0.7297462482345869,1.0,0.7388460060294347,0.732100414430269,-0.7026280645574037,0.5453516537151085
adjusted_rand_score,0.7159672235049119,0.9663180768708407,0.7388460060294347,1.0,0.8821132690479424,-0.8083208836977681,0.8161981076553941
calinski_harabasz,0.79310969260718,0.8817510978314999,0.732100414430269,0.8821132690479424,1.0,-0.9488433156774865,0.8081397980895468
davies_bouldin,-0.7186835076282313,-0.8203630766444837,-0.7026280645574037,-0.8083208836977681,-0.9488433156774865,1.0,-0.7186835076282313
silhouette,0.7170537371542397,0.8277875865815564,0.5453516537151085,0.8161981076553941,0.8081397980895468,-0.7186835076282313,1.0
