,abilities,v_measure,mutual_info,adjusted_rand_score,calinski_harabasz,davies_bouldin,silhouette
abilities,1.0,0.6698809362125945,0.8270819659406705,0.710625198062384,0.7898501516591969,-0.7166010231336865,0.7160577663090226
v_measure,0.6698809362125945,1.0,0.7362202052727125,0.9683100185612749,0.8801213273575083,-0.8233509891801349,0.8276970437774458
mutual_info,0.8270819659406705,0.7362202052727125,1.0,0.7388007336025947,0.7354505740164319,-0.7115920050717314,0.5506485276553931
adjusted_rand_score,0.710625198062384,0.9683100185612749,0.7388007336025947,1.0,0.8726062746163249,-0.7996287745031464,0.8133007379238535
calinski_harabasz,0.7898501516591969,0.8801213273575083,0.7354505740164319,0.8726062746163249,1.0,-0.9486622300692652,0.8069627416361085
davies_bouldin,-0.7166010231336865,-0.8233509891801349,-0.7115920050717314,-0.7996287745031464,-0.9486622300692652,1.0,-0.7193173072570057
silhouette,0.7160577663090226,0.8276970437774458,0.5506485276553931,0.8133007379238535,0.8069627416361085,-0.7193173072570057,1.0
