,abilities,v_measure,mutual_info,adjusted_rand_score,calinski_harabasz,davies_bouldin,silhouette
abilities,1.0,0.7712952158693116,0.842214443147932,0.7750551017762219,0.7720731232983274,-0.5119927395306625,0.5837546998573836
v_measure,0.7712952158693116,1.0,0.9471022948269155,0.9614287566446259,0.8055231427460132,-0.7321405419421756,0.6530532866588876
mutual_info,0.842214443147932,0.9471022948269155,1.0,0.9285621677687022,0.760080383767665,-0.588098016336056,0.5453779333592635
adjusted_rand_score,0.7750551017762219,0.9614287566446259,0.9285621677687022,1.0,0.7761571373006613,-0.677362893815636,0.6243355374043822
calinski_harabasz,0.7720731232983274,0.8055231427460132,0.760080383767665,0.7761571373006613,1.0,-0.8704784130688448,0.7172306495527032
davies_bouldin,-0.5119927395306625,-0.7321405419421756,-0.588098016336056,-0.677362893815636,-0.8704784130688448,1.0,-0.6781408012446519
silhouette,0.5837546998573836,0.6530532866588876,0.5453779333592635,0.6243355374043822,0.7172306495527032,-0.6781408012446519,1.0
