,abilities,v_measure,mutual_info,adjusted_rand_score,calinski_harabasz,davies_bouldin,silhouette
abilities,1.0,0.817645533514845,0.877915174418003,0.8023466874108648,0.7486710748087644,-0.5124465188642552,0.5727343446129911
v_measure,0.817645533514845,1.0,0.9554478713797111,0.9609749773110333,0.7903539478802023,-0.7252690263192013,0.6590172436146765
mutual_info,0.877915174418003,0.9554478713797111,1.0,0.9344116170619232,0.7501093951036155,-0.5957570945469041,0.5617555062890313
adjusted_rand_score,0.8023466874108648,0.9609749773110333,0.9344116170619232,1.0,0.7642292233890834,-0.6629067807597563,0.6206404771165565
calinski_harabasz,0.7486710748087644,0.7903539478802023,0.7501093951036155,0.7642292233890834,1.0,-0.8762478931673797,0.7177492545053805
davies_bouldin,-0.5124465188642552,-0.7252690263192013,-0.5957570945469041,-0.6629067807597563,-0.8762478931673797,1.0,-0.6813172565798004
silhouette,0.5727343446129911,0.6590172436146765,0.5617555062890313,0.6206404771165565,0.7177492545053805,-0.6813172565798004,1.0
