,abilities,v_measure,mutual_info,adjusted_rand_score,calinski_harabasz,davies_bouldin,silhouette
abilities,1.0,0.8158304161804745,0.8765214010194439,0.7996240114093089,0.7491896797614417,-0.5105665759107999,0.5755218462336316
v_measure,0.8158304161804745,1.0,0.9558368313979136,0.9609749773110333,0.7906780759756256,-0.7245559445092701,0.6588875923765072
mutual_info,0.8765214010194439,0.9558368313979136,1.0,0.9352543637680288,0.7502390484430164,-0.5952384811893007,0.5622741196466347
adjusted_rand_score,0.7996240114093089,0.9609749773110333,0.9352543637680288,1.0,0.764488525865422,-0.6627123039025022,0.6205756514974718
calinski_harabasz,0.7491896797614417,0.7906780759756256,0.7502390484430164,0.764488525865422,1.0,-0.8757292882147024,0.7176844288862959
davies_bouldin,-0.5105665759107999,-0.7245559445092701,-0.5952384811893007,-0.6627123039025022,-0.8757292882147024,1.0,-0.680993128484377
silhouette,0.5755218462336316,0.6588875923765072,0.5622741196466347,0.6205756514974718,0.7176844288862959,-0.680993128484377,1.0
