,abilities,v_measure,mutual_info,adjusted_rand_score,calinski_harabasz,davies_bouldin,silhouette
abilities,1.0,0.7684366749332138,0.7723474366132077,0.7011612903225807,0.08129032258064516,-0.03870967741935484,0.27638709677419354
v_measure,0.7684366749332138,1.0,0.9915299073640264,0.969998066410238,-0.3774437068311755,0.3869927100125454,-0.16039744533030809
mutual_info,0.7723474366132077,0.9915299073640264,1.0,0.9570588985933887,-0.35002045946664545,0.357781445264132,-0.14254343914717046
adjusted_rand_score,0.7011612903225807,0.969998066410238,0.9570588985933887,1.0,-0.49548387096774194,0.49987096774193546,-0.25703225806451613
calinski_harabasz,0.08129032258064516,-0.3774437068311755,-0.35002045946664545,-0.49548387096774194,1.0,-0.9708387096774194,0.8276129032258065
davies_bouldin,-0.03870967741935484,0.3869927100125454,0.357781445264132,0.49987096774193546,-0.9708387096774194,1.0,-0.864516129032258
silhouette,0.27638709677419354,-0.16039744533030809,-0.14254343914717046,-0.25703225806451613,0.8276129032258065,-0.864516129032258,1.0
