,abilities,v_measure,mutual_info,adjusted_rand_score,calinski_harabasz,davies_bouldin,silhouette
abilities,1.0,0.776258064516129,0.7965623639495716,0.680258064516129,0.08335483870967741,-0.04387096774193548,0.2745806451612903
v_measure,0.776258064516129,1.0,0.9855397387329772,0.9375483870967742,-0.36335483870967744,0.3610322580645161,-0.14296774193548387
mutual_info,0.7965623639495716,0.9855397387329772,1.0,0.9169623821105455,-0.30846822344370334,0.30872798615818225,-0.11000950958181757
adjusted_rand_score,0.680258064516129,0.9375483870967742,0.9169623821105455,1.0,-0.5470967741935484,0.5189677419354839,-0.26838709677419353
calinski_harabasz,0.08335483870967741,-0.36335483870967744,-0.30846822344370334,-0.5470967741935484,1.0,-0.9664516129032258,0.8304516129032258
davies_bouldin,-0.04387096774193548,0.3610322580645161,0.30872798615818225,0.5189677419354839,-0.9664516129032258,1.0,-0.8745806451612903
silhouette,0.2745806451612903,-0.14296774193548387,-0.11000950958181757,-0.26838709677419353,0.8304516129032258,-0.8745806451612903,1.0
