,abilities,v_measure,mutual_info,adjusted_rand_score,calinski_harabasz,davies_bouldin,silhouette
abilities,1.0,0.05528706758046719,0.10339500810332682,-0.14252577319587628,0.7600515463917525,-0.784020618556701,0.7512886597938144
v_measure,0.05528706758046719,1.0,0.9923204037637668,0.9115278065189847,-0.4285069923194718,0.23364907581209096,-0.29885946321469326
mutual_info,0.10339500810332682,0.9923204037637668,1.0,0.8804710989672812,-0.3770497111982742,0.17451941442658908,-0.2743001151305487
adjusted_rand_score,-0.14252577319587628,0.9115278065189847,0.8804710989672812,1.0,-0.6435567010309279,0.3889175257731959,-0.4095360824742268
calinski_harabasz,0.7600515463917525,-0.4285069923194718,-0.3770497111982742,-0.6435567010309279,1.0,-0.8213917525773196,0.8252577319587628
davies_bouldin,-0.784020618556701,0.23364907581209096,0.17451941442658908,0.3889175257731959,-0.8213917525773196,1.0,-0.7471649484536083
silhouette,0.7512886597938144,-0.29885946321469326,-0.2743001151305487,-0.4095360824742268,0.8252577319587628,-0.7471649484536083,1.0
