,abilities,v_measure,mutual_info,adjusted_rand_score,calinski_harabasz,davies_bouldin,silhouette
abilities,1.0,0.661196385027029,0.6987232821725361,0.717875643542754,0.6393343853138208,-0.5581854986559865,0.4070131815956542
v_measure,0.661196385027029,1.0,0.9813577476282771,0.9804906661226155,0.8458890135672753,-0.8058119963276548,0.41216974395593187
mutual_info,0.6987232821725361,0.9813577476282771,1.0,0.9801463837600735,0.818728960522289,-0.7668315821687238,0.37242425788024075
adjusted_rand_score,0.717875643542754,0.9804906661226155,0.9801463837600735,1.0,0.8147123329592981,-0.7517724166071611,0.36866265428950323
calinski_harabasz,0.6393343853138208,0.8458890135672753,0.818728960522289,0.8147123329592981,1.0,-0.8900336631643374,0.3062200346832602
davies_bouldin,-0.5581854986559865,-0.8058119963276548,-0.7668315821687238,-0.7517724166071611,-0.8900336631643374,1.0,-0.3863740691625013
silhouette,0.4070131815956542,0.41216974395593187,0.37242425788024075,0.36866265428950323,0.3062200346832602,-0.3863740691625013,1.0
