,abilities,v_measure,mutual_info,adjusted_rand_score,calinski_harabasz,davies_bouldin,silhouette
abilities,1.0,0.6270166881875688,0.6579256921565491,0.6630261878610013,0.6353432474250871,-0.49901337286471054,0.3952501633772613
v_measure,0.6270166881875688,1.0,0.9826583698867694,0.9867770070386617,0.8831480159134959,-0.7914541466897889,0.3544833214322146
mutual_info,0.6579256921565491,0.9826583698867694,1.0,0.9816510251963685,0.8590099969397124,-0.7535703356115475,0.3116010404978068
adjusted_rand_score,0.6630261878610013,0.9867770070386617,0.9816510251963685,1.0,0.8624018157706824,-0.7477302866469449,0.3145338161787208
calinski_harabasz,0.6353432474250871,0.8831480159134959,0.8590099969397124,0.8624018157706824,1.0,-0.8722329899010507,0.2919259410384576
davies_bouldin,-0.49901337286471054,-0.7914541466897889,-0.7535703356115475,-0.7477302866469449,-0.8722329899010507,1.0,-0.3958864633275528
silhouette,0.3952501633772613,0.3544833214322146,0.3116010404978068,0.3145338161787208,0.2919259410384576,-0.3958864633275528,1.0
