,abilities,v_measure,mutual_info,adjusted_rand_score,calinski_harabasz,davies_bouldin,silhouette
abilities,1.0,0.6462307456900949,0.6820233601958584,0.6998112822605325,0.620524329286953,-0.5376032847087626,0.42685912475772725
v_measure,0.6462307456900949,1.0,0.9815745180046924,0.98008262776701,0.8483627460981332,-0.8055952259512394,0.4138273997755789
mutual_info,0.6820233601958584,0.9815745180046924,1.0,0.9783102111598491,0.8207691523003162,-0.7663215342242171,0.3714679179842905
adjusted_rand_score,0.6998112822605325,0.98008262776701,0.9783102111598491,1.0,0.8183209221666836,-0.7507905743139855,0.36998877894522086
calinski_harabasz,0.620524329286953,0.8483627460981332,0.8207691523003162,0.8183209221666836,1.0,-0.891283280628379,0.30818371926961136
davies_bouldin,-0.5376032847087626,-0.8055952259512394,-0.7663215342242171,-0.7507905743139855,-0.891283280628379,1.0,-0.3862083035805366
silhouette,0.42685912475772725,0.4138273997755789,0.3714679179842905,0.36998877894522086,0.30818371926961136,-0.3862083035805366,1.0
