,abilities,v_measure,mutual_info,adjusted_rand_score,calinski_harabasz,davies_bouldin,silhouette
abilities,1.0,0.7823655218210206,0.803497489593753,0.7029664977393807,0.14946814343678036,-0.11481522096721132,0.37580875095953503
v_measure,0.7823655218210206,1.0,0.9874980831370955,0.9530598815529722,-0.2932499867324655,0.3049843728881775,-0.06042660534389996
mutual_info,0.803497489593753,0.9874980831370955,1.0,0.9327963800729902,-0.23257977018298448,0.24879087791977858,-0.024482081071893105
adjusted_rand_score,0.7029664977393807,0.9530598815529722,0.9327963800729902,1.0,-0.45182870057507774,0.4405329830607008,-0.1751384550530095
calinski_harabasz,0.14946814343678036,-0.2932499867324655,-0.23257977018298448,-0.45182870057507774,1.0,-0.9706108125890996,0.8304638666520452
davies_bouldin,-0.11481522096721132,0.3049843728881775,0.24879087791977858,0.4405329830607008,-0.9706108125890996,1.0,-0.8686259458273934
silhouette,0.37580875095953503,-0.06042660534389996,-0.024482081071893105,-0.1751384550530095,0.8304638666520452,-0.8686259458273934,1.0
