,abilities,v_measure,mutual_info,adjusted_rand_score,calinski_harabasz,davies_bouldin,silhouette
abilities,1.0,0.7360859801601752,0.7391754137997403,0.6613663778923128,0.15012611031911394,-0.11262199802609936,0.3742734949007567
v_measure,0.7360859801601752,1.0,0.9910440110115096,0.968361025747072,-0.3544442621987018,0.3592696172533871,-0.09979711590371863
mutual_info,0.7391754137997403,0.9910440110115096,1.0,0.9549376944374935,-0.3215000870430097,0.3311725682942182,-0.08188634695625376
adjusted_rand_score,0.6613663778923128,0.968361025747072,0.9549376944374935,1.0,-0.4797675183682421,0.47143327119201667,-0.19706108125890998
calinski_harabasz,0.15012611031911394,-0.3544442621987018,-0.3215000870430097,-0.4797675183682421,1.0,-0.972146068647878,0.8260774207698213
davies_bouldin,-0.11262199802609936,0.3592696172533871,0.3311725682942182,0.47143327119201667,-0.972146068647878,1.0,-0.8631428884746134
silhouette,0.3742734949007567,-0.09979711590371863,-0.08188634695625376,-0.19706108125890998,0.8260774207698213,-0.8631428884746134,1.0
