,abilities,v_measure,mutual_info,adjusted_rand_score,calinski_harabasz,davies_bouldin,silhouette
abilities,1.0,0.6497326203208557,0.4054144385026738,0.6433823529411765,0.6413770053475936,-0.6353609625668449,0.7967914438502673
v_measure,0.6497326203208557,1.0,0.8920454545454546,0.9933155080213903,0.9756016042780749,-0.9064171122994652,0.7550133689839572
mutual_info,0.4054144385026738,0.8920454545454546,1.0,0.8766711229946524,0.8552807486631016,-0.8231951871657754,0.6316844919786097
adjusted_rand_score,0.6433823529411765,0.9933155080213903,0.8766711229946524,1.0,0.9799465240641712,-0.9037433155080213,0.7486631016042781
calinski_harabasz,0.6413770053475936,0.9756016042780749,0.8552807486631016,0.9799465240641712,1.0,-0.9114304812834224,0.7586898395721925
davies_bouldin,-0.6353609625668449,-0.9064171122994652,-0.8231951871657754,-0.9037433155080213,-0.9114304812834224,1.0,-0.7453208556149733
silhouette,0.7967914438502673,0.7550133689839572,0.6316844919786097,0.7486631016042781,0.7586898395721925,-0.7453208556149733,1.0
