,abilities,v_measure,mutual_info,adjusted_rand_score,calinski_harabasz,davies_bouldin,silhouette
abilities,1.0,0.6510695187165776,0.4067513368983957,0.6443850267379679,0.6483957219251337,-0.642379679144385,0.7991310160427807
v_measure,0.6510695187165776,1.0,0.8920454545454546,0.99298128342246,0.981951871657754,-0.9127673796791443,0.7580213903743316
mutual_info,0.4067513368983957,0.8920454545454546,1.0,0.8763368983957219,0.8616310160427807,-0.8295454545454546,0.6346925133689839
adjusted_rand_score,0.6443850267379679,0.99298128342246,0.8763368983957219,1.0,0.9859625668449198,-0.9097593582887701,0.7523395721925134
calinski_harabasz,0.6483957219251337,0.981951871657754,0.8616310160427807,0.9859625668449198,1.0,-0.9114304812834224,0.7613636363636364
davies_bouldin,-0.642379679144385,-0.9127673796791443,-0.8295454545454546,-0.9097593582887701,-0.9114304812834224,1.0,-0.7479946524064172
silhouette,0.7991310160427807,0.7580213903743316,0.6346925133689839,0.7523395721925134,0.7613636363636364,-0.7479946524064172,1.0
