,abilities,v_measure,mutual_info,adjusted_rand_score,calinski_harabasz,davies_bouldin,silhouette
abilities,1.0,0.6564171122994652,0.4144385026737968,0.6500668449197861,0.6477272727272727,-0.6437165775401069,0.7997994652406417
v_measure,0.6564171122994652,1.0,0.8920454545454546,0.9933155080213903,0.9756016042780749,-0.9064171122994652,0.7550133689839572
mutual_info,0.4144385026737968,0.8920454545454546,1.0,0.8766711229946524,0.8552807486631016,-0.8231951871657754,0.6316844919786097
adjusted_rand_score,0.6500668449197861,0.9933155080213903,0.8766711229946524,1.0,0.9799465240641712,-0.9037433155080213,0.7486631016042781
calinski_harabasz,0.6477272727272727,0.9756016042780749,0.8552807486631016,0.9799465240641712,1.0,-0.9114304812834224,0.7586898395721925
davies_bouldin,-0.6437165775401069,-0.9064171122994652,-0.8231951871657754,-0.9037433155080213,-0.9114304812834224,1.0,-0.7453208556149733
silhouette,0.7997994652406417,0.7550133689839572,0.6316844919786097,0.7486631016042781,0.7586898395721925,-0.7453208556149733,1.0
