,abilities,v_measure,mutual_info,adjusted_rand_score,calinski_harabasz,davies_bouldin,silhouette
abilities,1.0,0.7098930481283422,0.4769385026737968,0.6968582887700535,0.6891711229946524,-0.7075534759358288,0.8205213903743316
v_measure,0.7098930481283422,1.0,0.8823529411764706,0.9883021390374331,0.9809491978609626,-0.8983957219251337,0.7546791443850267
mutual_info,0.4769385026737968,0.8823529411764706,1.0,0.8619652406417112,0.8559491978609626,-0.8231951871657754,0.6306818181818182
adjusted_rand_score,0.6968582887700535,0.9883021390374331,0.8619652406417112,1.0,0.9822860962566845,-0.8890374331550802,0.7496657754010695
calinski_harabasz,0.6891711229946524,0.9809491978609626,0.8559491978609626,0.9822860962566845,1.0,-0.9024064171122995,0.7647058823529411
davies_bouldin,-0.7075534759358288,-0.8983957219251337,-0.8231951871657754,-0.8890374331550802,-0.9024064171122995,1.0,-0.7600267379679144
silhouette,0.8205213903743316,0.7546791443850267,0.6306818181818182,0.7496657754010695,0.7647058823529411,-0.7600267379679144,1.0
