,abilities,v_measure,mutual_info,adjusted_rand_score,calinski_harabasz,davies_bouldin,silhouette
abilities,1.0,0.9096278992067449,0.8867050243398547,0.9344873464061046,0.7907017543859649,-0.798187134502924,0.8056725146198831
v_measure,0.9096278992067449,1.0,0.9868371288415921,0.960581339187042,0.789297465373982,-0.8054974800382227,0.7720155002718768
mutual_info,0.8867050243398547,0.9868371288415921,1.0,0.934130900761294,0.7937817540427271,-0.8103365450368015,0.7744483320514142
adjusted_rand_score,0.9344873464061046,0.960581339187042,0.934130900761294,1.0,0.7620579249049063,-0.7641632188421771,0.7622626062599187
calinski_harabasz,0.7907017543859649,0.789297465373982,0.7937817540427271,0.7620579249049063,1.0,-0.992280701754386,0.9844444444444445
davies_bouldin,-0.798187134502924,-0.8054974800382227,-0.8103365450368015,-0.7641632188421771,-0.992280701754386,1.0,-0.9757894736842105
silhouette,0.8056725146198831,0.7720155002718768,0.7744483320514142,0.7622626062599187,0.9844444444444445,-0.9757894736842105,1.0
