,abilities,v_measure,mutual_info,adjusted_rand_score,calinski_harabasz,davies_bouldin,silhouette
abilities,1.0,0.7810478840215488,0.7888320341187883,0.8349874652835969,0.7620453999606406,-0.5623590554073371,0.6139633916402133
v_measure,0.7810478840215488,1.0,0.9516472446713524,0.9747704846722681,0.8999519219762357,-0.8002243641108999,0.6742141532544244
mutual_info,0.7888320341187883,0.9516472446713524,1.0,0.9435884521165777,0.8381373199935896,-0.7169807001076032,0.5930767645779437
adjusted_rand_score,0.8349874652835969,0.9747704846722681,0.9435884521165777,1.0,0.8628173721925868,-0.7216053481077863,0.6290208109160008
calinski_harabasz,0.7620453999606406,0.8999519219762357,0.8381373199935896,0.8628173721925868,1.0,-0.9032487007486435,0.6552576753130795
davies_bouldin,-0.5623590554073371,-0.8002243641108999,-0.7169807001076032,-0.7216053481077863,-0.9032487007486435,1.0,-0.6804414020467502
silhouette,0.6139633916402133,0.6742141532544244,0.5930767645779437,0.6290208109160008,0.6552576753130795,-0.6804414020467502,1.0
