,abilities,v_measure,mutual_info,adjusted_rand_score,calinski_harabasz,davies_bouldin,silhouette
abilities,1.0,0.8069552874378992,0.8159298518738982,0.8478902905286293,0.7950044643879209,-0.5866205728153117,0.5568121980814579
v_measure,0.8069552874378992,1.0,0.9486709860573731,0.9828292772270427,0.925685111838641,-0.822157100666224,0.6144142494104718
mutual_info,0.8159298518738982,0.9486709860573731,1.0,0.9468852308889856,0.8613521371826278,-0.7368987385242336,0.5271411891297878
adjusted_rand_score,0.8478902905286293,0.9828292772270427,0.9468852308889856,1.0,0.8939994047482772,-0.7652418782481284,0.5744865953890885
calinski_harabasz,0.7950044643879209,0.925685111838641,0.8613521371826278,0.8939994047482772,1.0,-0.9006387508871541,0.6389111472332242
davies_bouldin,-0.5866205728153117,-0.822157100666224,-0.7368987385242336,-0.7652418782481284,-0.9006387508871541,1.0,-0.6645527599075071
silhouette,0.5568121980814579,0.6144142494104718,0.5271411891297878,0.5744865953890885,0.6389111472332242,-0.6645527599075071,1.0
