,abilities,v_measure,mutual_info,adjusted_rand_score,calinski_harabasz,davies_bouldin,silhouette
abilities,1.0,0.7809473660111266,0.7874493463678198,0.8349779070033655,0.7617619450994757,-0.5625357723391103,0.6148721353510841
v_measure,0.7809473660111266,1.0,0.9488083518395568,0.9749078504544518,0.9006845394812152,-0.8001785755168388,0.6743973076306692
mutual_info,0.7874493463678198,0.9488083518395568,1.0,0.9418484855422514,0.8369926051420591,-0.7159733510382563,0.5922067812907804
adjusted_rand_score,0.8349779070033655,0.9749078504544518,0.9418484855422514,1.0,0.8630463151628929,-0.72174271388997,0.6290208109160008
calinski_harabasz,0.7617619450994757,0.9006845394812152,0.8369926051420591,0.8630463151628929,1.0,-0.9033860665308272,0.6551203095308958
davies_bouldin,-0.5625357723391103,-0.8001785755168388,-0.7159733510382563,-0.72174271388997,-0.9033860665308272,1.0,-0.6804871906408114
silhouette,0.6148721353510841,0.6743973076306692,0.5922067812907804,0.6290208109160008,0.6551203095308958,-0.6804871906408114,1.0
