,abilities,v_measure,mutual_info,adjusted_rand_score,calinski_harabasz,davies_bouldin,silhouette
abilities,1.0,0.7995375351999817,0.7925776689026763,0.8575974724696078,0.7670276334165159,-0.5959156574097393,0.6103390645390233
v_measure,0.7995375351999817,1.0,0.9523798621763319,0.9766478170287781,0.890611048787747,-0.8006822500515122,0.6672084983630577
mutual_info,0.7925776689026763,0.9523798621763319,1.0,0.951784610453536,0.8336042491815289,-0.7160191396323176,0.5931225531720049
adjusted_rand_score,0.8575974724696078,0.9766478170287781,0.951784610453536,1.0,0.8501797202316903,-0.7207811534146844,0.6196341491334508
calinski_harabasz,0.7670276334165159,0.890611048787747,0.8336042491815289,0.8501797202316903,1.0,-0.8994482474415623,0.6483435976098354
davies_bouldin,-0.5959156574097393,-0.8006822500515122,-0.7160191396323176,-0.7207811534146844,-0.8994482474415623,1.0,-0.6818608484626479
silhouette,0.6103390645390233,0.6672084983630577,0.5931225531720049,0.6196341491334508,0.6483435976098354,-0.6818608484626479,1.0
