,abilities,v_measure,mutual_info,adjusted_rand_score,calinski_harabasz,davies_bouldin,silhouette
abilities,1.0,0.7802605371002084,0.7868083060509627,0.834245289498386,0.7606172302479453,-0.5615284232697635,0.6167036791135329
v_measure,0.7802605371002084,1.0,0.949907278097026,0.9749994276425742,0.9003182307287255,-0.799400169417798,0.6740767874722406
mutual_info,0.7868083060509627,0.949907278097026,1.0,0.9419400627303739,0.8369468165479979,-0.7156070422857667,0.5920236269145356
adjusted_rand_score,0.834245289498386,0.9749994276425742,0.9419400627303739,1.0,0.8627715835985256,-0.7216969252959088,0.6288834451338172
calinski_harabasz,0.7606172302479453,0.9003182307287255,0.8369468165479979,0.8627715835985256,1.0,-0.9032029121545823,0.6551203095308958
davies_bouldin,-0.5615284232697635,-0.799400169417798,-0.7156070422857667,-0.7216969252959088,-0.9032029121545823,1.0,-0.6805787678289338
silhouette,0.6167036791135329,0.6740767874722406,0.5920236269145356,0.6288834451338172,0.6551203095308958,-0.6805787678289338,1.0
