,abilities,v_measure,mutual_info,adjusted_rand_score,calinski_harabasz,davies_bouldin,silhouette
abilities,1.0,0.8304347826086956,0.6991304347826087,0.802608695652174,0.9356521739130435,-0.8278260869565217,0.9078260869565218
v_measure,0.8304347826086956,1.0,0.9356521739130435,0.9817391304347826,0.8773913043478261,-0.6252173913043478,0.7339130434782609
mutual_info,0.6991304347826087,0.9356521739130435,1.0,0.9295652173913044,0.78,-0.5226086956521739,0.6504347826086957
adjusted_rand_score,0.802608695652174,0.9817391304347826,0.9295652173913044,1.0,0.8539130434782609,-0.528695652173913,0.7295652173913043
calinski_harabasz,0.9356521739130435,0.8773913043478261,0.78,0.8539130434782609,1.0,-0.788695652173913,0.9008695652173913
davies_bouldin,-0.8278260869565217,-0.6252173913043478,-0.5226086956521739,-0.528695652173913,-0.788695652173913,1.0,-0.7721739130434783
silhouette,0.9078260869565218,0.7339130434782609,0.6504347826086957,0.7295652173913043,0.9008695652173913,-0.7721739130434783,1.0
