,abilities,v_measure,mutual_info,adjusted_rand_score,calinski_harabasz,davies_bouldin,silhouette
abilities,1.0,0.8191304347826087,0.7460869565217392,0.8069565217391305,0.9347826086956522,-0.8304347826086956,0.9052173913043479
v_measure,0.8191304347826087,1.0,0.9730434782608696,0.9773913043478261,0.8739130434782608,-0.6373913043478261,0.7391304347826086
mutual_info,0.7460869565217392,0.9730434782608696,1.0,0.9678260869565217,0.8208695652173913,-0.5782608695652174,0.6956521739130435
adjusted_rand_score,0.8069565217391305,0.9773913043478261,0.9678260869565217,1.0,0.8626086956521739,-0.5608695652173913,0.7495652173913043
calinski_harabasz,0.9347826086956522,0.8739130434782608,0.8208695652173913,0.8626086956521739,1.0,-0.808695652173913,0.9017391304347826
davies_bouldin,-0.8304347826086956,-0.6373913043478261,-0.5782608695652174,-0.5608695652173913,-0.808695652173913,1.0,-0.8008695652173913
silhouette,0.9052173913043479,0.7391304347826086,0.6956521739130435,0.7495652173913043,0.9017391304347826,-0.8008695652173913,1.0
