,abilities,v_measure,mutual_info,adjusted_rand_score,calinski_harabasz,davies_bouldin,silhouette
abilities,1.0,0.8043478260869565,0.7226086956521739,0.7860869565217391,0.9443478260869566,-0.8243478260869566,0.9147826086956522
v_measure,0.8043478260869565,1.0,0.9669565217391304,0.9808695652173913,0.8695652173913043,-0.6365217391304347,0.7443478260869565
mutual_info,0.7226086956521739,0.9669565217391304,1.0,0.9565217391304348,0.8069565217391305,-0.5747826086956521,0.691304347826087
adjusted_rand_score,0.7860869565217391,0.9808695652173913,0.9565217391304348,1.0,0.8547826086956521,-0.5434782608695652,0.7469565217391304
calinski_harabasz,0.9443478260869566,0.8695652173913043,0.8069565217391305,0.8547826086956521,1.0,-0.7973913043478261,0.9156521739130434
davies_bouldin,-0.8243478260869566,-0.6365217391304347,-0.5747826086956521,-0.5434782608695652,-0.7973913043478261,1.0,-0.7739130434782608
silhouette,0.9147826086956522,0.7443478260869565,0.691304347826087,0.7469565217391304,0.9156521739130434,-0.7739130434782608,1.0
