,abilities,v_measure,mutual_info,adjusted_rand_score,calinski_harabasz,davies_bouldin,silhouette
abilities,1.0,0.8869975389663659,0.9311594202898551,0.8498769483182936,0.7925895542794641,-0.4967869838665573,0.5507929997265518
v_measure,0.8869975389663659,1.0,0.9671862182116489,0.9654088050314465,0.805988515176374,-0.6628383921246924,0.6032950505879136
mutual_info,0.9311594202898551,0.9671862182116489,1.0,0.9336888159693738,0.7792589554279464,-0.572805578342904,0.5230380092972382
adjusted_rand_score,0.8498769483182936,0.9654088050314465,0.9336888159693738,1.0,0.7873256767842494,-0.6359721082854799,0.5820344544708778
calinski_harabasz,0.7925895542794641,0.805988515176374,0.7792589554279464,0.7873256767842494,1.0,-0.829505058791359,0.7113070823079026
davies_bouldin,-0.4967869838665573,-0.6628383921246924,-0.572805578342904,-0.6359721082854799,-0.829505058791359,1.0,-0.7149986327590921
silhouette,0.5507929997265518,0.6032950505879136,0.5230380092972382,0.5820344544708778,0.7113070823079026,-0.7149986327590921,1.0
