,abilities,v_measure,mutual_info,adjusted_rand_score,calinski_harabasz,davies_bouldin,silhouette
abilities,1.0,0.7791222313371616,0.85404703308723,0.7894449001914138,0.7812414547443259,-0.5091605140825813,0.5824446267432322
v_measure,0.7791222313371616,1.0,0.944353295050588,0.9591878589007383,0.7964178288214383,-0.7162975116215478,0.6609926168990976
mutual_info,0.85404703308723,0.944353295050588,1.0,0.9238446814328685,0.7478124145474433,-0.5678835110746514,0.5488788624555647
adjusted_rand_score,0.7894449001914138,0.9591878589007383,0.9238446814328685,1.0,0.7681159420289855,-0.6569592562209461,0.6348783155592015
calinski_harabasz,0.7812414547443259,0.7964178288214383,0.7478124145474433,0.7681159420289855,1.0,-0.8601312551271534,0.7290128520645338
davies_bouldin,-0.5091605140825813,-0.7162975116215478,-0.5678835110746514,-0.6569592562209461,-0.8601312551271534,1.0,-0.6817746786983867
silhouette,0.5824446267432322,0.6609926168990976,0.5488788624555647,0.6348783155592015,0.7290128520645338,-0.6817746786983867,1.0
