,abilities,v_measure,mutual_info,adjusted_rand_score,calinski_harabasz,davies_bouldin,silhouette
optimal_clustering,0.9921911358833313,,,,,,
random_model_n3,0.991016149520874,0.8235342200206419,4.257372707824377,0.003431375995837347,1.0734807170372949,3.8889838804960406,-0.46698375695224625
average_model,0.990942656993866,,,,,,
random_model_n1,0.9909239411354065,0.8219929194988004,4.2482219058283865,-0.0017225034280780756,1.1006872393745109,3.5076784346235805,-0.4503192817343412
random_model_n2,0.9908879995346069,0.8209191093628543,4.238808364983726,-0.0017728079860462405,0.9811962771336095,3.9170933900768277,-0.4742431588065848
