,abilities,v_measure,mutual_info,adjusted_rand_score,calinski_harabasz,davies_bouldin,silhouette
abilities,1.0,0.593204290095908,0.6090875099746879,0.509026215263702,0.5235319998214616,-0.49524641488500215,0.8167430768544083
v_measure,0.593204290095908,1.0,0.9980513999908369,0.9743928219996014,0.0211772133318482,0.0008162250245337457,0.32211555382263773
mutual_info,0.6090875099746879,0.9980513999908369,1.0,0.9647083063204113,0.04696180336496043,-0.024370643848636943,0.34105507419999037
adjusted_rand_score,0.509026215263702,0.9743928219996014,0.9647083063204113,1.0,-0.0760676185939506,0.09310615299608288,0.2237646746651287
calinski_harabasz,0.5235319998214616,0.0211772133318482,0.04696180336496043,-0.0760676185939506,1.0,-0.9885735418831976,0.746526471507183
davies_bouldin,-0.49524641488500215,0.0008162250245337457,-0.024370643848636943,0.09310615299608288,-0.9885735418831976,1.0,-0.7610518462784307
silhouette,0.8167430768544083,0.32211555382263773,0.34105507419999037,0.2237646746651287,0.746526471507183,-0.7610518462784307,1.0
