,abilities,v_measure,mutual_info,adjusted_rand_score,calinski_harabasz,davies_bouldin,silhouette
abilities,1.0,0.3469245269532938,0.3829560719089948,0.19560546090958797,0.6756419002926568,-0.6542314092795797,0.870172597376928
v_measure,0.3469245269532938,1.0,0.9970854141468136,0.9606208332842836,-0.05157193012053816,0.04540599831705641,0.1963087305416677
mutual_info,0.3829560719089948,0.9970854141468136,1.0,0.944116186105828,-0.016351363336797046,0.01063093708363521,0.22734389687733148
adjusted_rand_score,0.19560546090958797,0.9606208332842836,0.944116186105828,1.0,-0.18992418615421935,0.17209607816767541,0.05492536559230664
calinski_harabasz,0.6756419002926568,-0.05157193012053816,-0.016351363336797046,-0.18992418615421935,1.0,-0.9812801662851715,0.7815211777682847
davies_bouldin,-0.6542314092795797,0.04540599831705641,0.01063093708363521,0.17209607816767541,-0.9812801662851715,1.0,-0.7902052423185559
silhouette,0.870172597376928,0.1963087305416677,0.22734389687733148,0.05492536559230664,0.7815211777682847,-0.7902052423185559,1.0
