,abilities,v_measure,mutual_info,adjusted_rand_score,calinski_harabasz,davies_bouldin,silhouette
abilities,1.0,0.6169354838709677,0.28669354838709676,0.6120967741935484,0.6064516129032258,-0.5919354838709677,0.7616935483870968
v_measure,0.6169354838709677,1.0,0.8516129032258064,0.9923387096774193,0.9842741935483871,-0.8919354838709678,0.7790322580645161
mutual_info,0.28669354838709676,0.8516129032258064,1.0,0.8358870967741936,0.8314516129032258,-0.7858870967741935,0.6298387096774194
adjusted_rand_score,0.6120967741935484,0.9923387096774193,0.8358870967741936,1.0,0.9903225806451613,-0.8866935483870968,0.7766129032258065
calinski_harabasz,0.6064516129032258,0.9842741935483871,0.8314516129032258,0.9903225806451613,1.0,-0.8931451612903226,0.7838709677419354
davies_bouldin,-0.5919354838709677,-0.8919354838709678,-0.7858870967741935,-0.8866935483870968,-0.8931451612903226,1.0,-0.7673387096774194
silhouette,0.7616935483870968,0.7790322580645161,0.6298387096774194,0.7766129032258065,0.7838709677419354,-0.7673387096774194,1.0
