,abilities,v_measure,mutual_info,adjusted_rand_score,calinski_harabasz,davies_bouldin,silhouette
abilities,1.0,0.6701612903225806,0.3814516129032258,0.6600806451612903,0.6612903225806451,-0.657258064516129,0.7995967741935484
v_measure,0.6701612903225806,1.0,0.8637096774193549,0.9935483870967742,0.9850806451612903,-0.8870967741935484,0.7818548387096774
mutual_info,0.3814516129032258,0.8637096774193549,1.0,0.8435483870967742,0.8346774193548387,-0.7995967741935484,0.6366935483870968
adjusted_rand_score,0.6600806451612903,0.9935483870967742,0.8435483870967742,1.0,0.9911290322580645,-0.8842741935483871,0.7774193548387097
calinski_harabasz,0.6612903225806451,0.9850806451612903,0.8346774193548387,0.9911290322580645,1.0,-0.8927419354838709,0.7830645161290323
davies_bouldin,-0.657258064516129,-0.8870967741935484,-0.7995967741935484,-0.8842741935483871,-0.8927419354838709,1.0,-0.7705645161290322
silhouette,0.7995967741935484,0.7818548387096774,0.6366935483870968,0.7774193548387097,0.7830645161290323,-0.7705645161290322,1.0
