,abilities,v_measure,mutual_info,adjusted_rand_score,calinski_harabasz,davies_bouldin,silhouette
abilities,1.0,0.667741935483871,0.37459677419354837,0.6596774193548387,0.6580645161290323,-0.6548387096774193,0.7943548387096774
v_measure,0.667741935483871,1.0,0.8637096774193549,0.9935483870967742,0.9870967741935484,-0.8891129032258065,0.7814516129032258
mutual_info,0.37459677419354837,0.8637096774193549,1.0,0.8435483870967742,0.8366935483870968,-0.8016129032258065,0.6362903225806451
adjusted_rand_score,0.6596774193548387,0.9935483870967742,0.8435483870967742,1.0,0.9931451612903226,-0.8862903225806451,0.7782258064516129
calinski_harabasz,0.6580645161290323,0.9870967741935484,0.8366935483870968,0.9931451612903226,1.0,-0.8927419354838709,0.7846774193548387
davies_bouldin,-0.6548387096774193,-0.8891129032258065,-0.8016129032258065,-0.8862903225806451,-0.8927419354838709,1.0,-0.7721774193548387
silhouette,0.7943548387096774,0.7814516129032258,0.6362903225806451,0.7782258064516129,0.7846774193548387,-0.7721774193548387,1.0
