,abilities,v_measure,mutual_info,adjusted_rand_score,calinski_harabasz,davies_bouldin,silhouette
abilities,1.0,0.7129032258064516,0.4439516129032258,0.7020161290322581,0.7084677419354839,-0.7237903225806451,0.8237903225806451
v_measure,0.7129032258064516,1.0,0.8572580645161291,0.9899193548387096,0.9830645161290322,-0.8834677419354838,0.7754032258064516
mutual_info,0.4439516129032258,0.8572580645161291,1.0,0.8362903225806452,0.8294354838709678,-0.792741935483871,0.6270161290322581
adjusted_rand_score,0.7020161290322581,0.9899193548387096,0.8362903225806452,1.0,0.9887096774193549,-0.8818548387096774,0.7725806451612903
calinski_harabasz,0.7084677419354839,0.9830645161290322,0.8294354838709678,0.9887096774193549,1.0,-0.8895161290322581,0.7794354838709677
davies_bouldin,-0.7237903225806451,-0.8834677419354838,-0.792741935483871,-0.8818548387096774,-0.8895161290322581,1.0,-0.7729838709677419
silhouette,0.8237903225806451,0.7754032258064516,0.6270161290322581,0.7725806451612903,0.7794354838709677,-0.7729838709677419,1.0
