,abilities,v_measure,mutual_info,adjusted_rand_score,calinski_harabasz,davies_bouldin,silhouette
abilities,1.0,0.7254032258064517,0.45403225806451614,0.7153225806451613,0.707258064516129,-0.7278225806451613,0.8217741935483871
v_measure,0.7254032258064517,1.0,0.8576612903225806,0.9899193548387096,0.9838709677419355,-0.882258064516129,0.7814516129032258
mutual_info,0.45403225806451614,0.8576612903225806,1.0,0.8362903225806452,0.8314516129032258,-0.7879032258064517,0.6298387096774194
adjusted_rand_score,0.7153225806451613,0.9899193548387096,0.8362903225806452,1.0,0.9899193548387096,-0.8806451612903226,0.7782258064516129
calinski_harabasz,0.707258064516129,0.9838709677419355,0.8314516129032258,0.9899193548387096,1.0,-0.8810483870967742,0.7903225806451613
davies_bouldin,-0.7278225806451613,-0.882258064516129,-0.7879032258064517,-0.8806451612903226,-0.8810483870967742,1.0,-0.7762096774193549
silhouette,0.8217741935483871,0.7814516129032258,0.6298387096774194,0.7782258064516129,0.7903225806451613,-0.7762096774193549,1.0
