,abilities,v_measure,mutual_info,adjusted_rand_score,calinski_harabasz,davies_bouldin,silhouette
abilities,1.0,0.6394056804592811,0.6733596168629794,0.500475163900232,0.5313230994152047,-0.49221491228070174,0.8160087719298246
v_measure,0.6394056804592811,1.0,0.9921458864556266,0.9387382118575919,0.029240834845366843,-0.006999524841109688,0.31421104593524507
mutual_info,0.6733596168629794,0.9921458864556266,1.0,0.9002351476100857,0.0924925438474038,-0.06427664919407362,0.3645574049311669
adjusted_rand_score,0.500475163900232,0.9387382118575919,0.9002351476100857,1.0,-0.15154062658611367,0.1625242151749046,0.13924120042928123
calinski_harabasz,0.5313230994152047,0.029240834845366843,0.0924925438474038,-0.15154062658611367,1.0,-0.9828947368421053,0.7591739766081871
davies_bouldin,-0.49221491228070174,-0.006999524841109688,-0.06427664919407362,0.1625242151749046,-0.9828947368421053,1.0,-0.7806286549707603
silhouette,0.8160087719298246,0.31421104593524507,0.3645574049311669,0.13924120042928123,0.7591739766081871,-0.7806286549707603,1.0
