,abilities,v_measure,mutual_info,adjusted_rand_score,calinski_harabasz,davies_bouldin,silhouette
abilities,1.0,0.3558337155098709,0.4001499555320604,0.16432624082284494,0.7244655581947743,-0.7073268773981363,0.8957792801023204
v_measure,0.3558337155098709,1.0,0.9958133867577064,0.9461728940078769,-0.041132937586027804,0.015751484761952896,0.1757880317981286
mutual_info,0.4001499555320604,0.9958133867577064,1.0,0.9208662952859433,0.006526270461188065,-0.029870940990423804,0.21333774868925692
adjusted_rand_score,0.16432624082284494,0.9461728940078769,0.9208662952859433,1.0,-0.2170063867465925,0.1758563039785455,0.0020830858950077083
calinski_harabasz,0.7244655581947743,-0.041132937586027804,0.006526270461188065,-0.2170063867465925,1.0,-0.9649917778183812,0.7977343321761374
davies_bouldin,-0.7073268773981363,0.015751484761952896,-0.029870940990423804,0.1758563039785455,-0.9649917778183812,1.0,-0.7988671660880687
silhouette,0.8957792801023204,0.1757880317981286,0.21333774868925692,0.0020830858950077083,0.7977343321761374,-0.7988671660880687,1.0
