,abilities,v_measure,mutual_info,adjusted_rand_score,calinski_harabasz,davies_bouldin,silhouette
abilities,1.0,0.8128040757989107,0.8051040345487357,0.8256575384542005,0.8884222609741037,-0.8860004619833606,0.9261141325496862
v_measure,0.8128040757989107,1.0,0.9948821356904,0.9862825762548385,0.8341593567378108,-0.8344043621294661,0.7818962066207066
mutual_info,0.8051040345487357,0.9948821356904,1.0,0.9767121180237793,0.833908541797361,-0.8345455781153144,0.7785213841309093
adjusted_rand_score,0.8256575384542005,0.9862825762548385,0.9767121180237793,1.0,0.8212314560502451,-0.8192225454446876,0.7767414358100951
calinski_harabasz,0.8884222609741037,0.8341593567378108,0.833908541797361,0.8212314560502451,1.0,-0.9986281234688879,0.9609575138237558
davies_bouldin,-0.8860004619833606,-0.8344043621294661,-0.8345455781153144,-0.8192225454446876,-0.9986281234688879,1.0,-0.9580737733603976
silhouette,0.9261141325496862,0.7818962066207066,0.7785213841309093,0.7767414358100951,0.9609575138237558,-0.9580737733603976,1.0
