,abilities,v_measure,mutual_info,adjusted_rand_score,calinski_harabasz,davies_bouldin,silhouette
abilities,1.0,0.844263677554044,0.8386471316122188,0.8486806422348899,0.8785244295114097,-0.8800083998320034,0.905879882402352
v_measure,0.844263677554044,1.0,0.9966951423002225,0.9905522031184647,0.8236747832466222,-0.8276861523177383,0.7730741276689126
mutual_info,0.8386471316122188,0.9966951423002225,1.0,0.9841804463022177,0.8249881098842184,-0.8291327233455081,0.7735444955032102
adjusted_rand_score,0.8486806422348899,0.9905522031184647,0.9841804463022177,1.0,0.8166268248293655,-0.817235840359892,0.768787604879736
calinski_harabasz,0.8785244295114097,0.8236747832466222,0.8249881098842184,0.8166268248293655,1.0,-0.9983340333193336,0.9625087498250035
davies_bouldin,-0.8800083998320034,-0.8276861523177383,-0.8291327233455081,-0.817235840359892,-0.9983340333193336,1.0,-0.9602267954640907
silhouette,0.905879882402352,0.7730741276689126,0.7735444955032102,0.768787604879736,0.9625087498250035,-0.9602267954640907,1.0
