,abilities,v_measure,mutual_info,adjusted_rand_score,calinski_harabasz,davies_bouldin,silhouette
abilities,1.0,0.8430829698619714,0.8376991515309261,0.8474440425594656,0.8797975626532404,-0.8813375426335384,0.9085741885578086
v_measure,0.8430829698619714,1.0,0.9966986091782042,0.9904541896413949,0.8235067677881461,-0.8276161458767067,0.7725000748524526
mutual_info,0.8376991515309261,0.9966986091782042,1.0,0.9840997650577182,0.8246607218642714,-0.8289313988346186,0.7729925316328567
adjusted_rand_score,0.8474440425594656,0.9904541896413949,0.9840997650577182,1.0,0.8165148219731768,-0.817165838574774,0.7688436063078304
calinski_harabasz,0.8797975626532404,0.8235067677881461,0.8246607218642714,0.8165148219731768,1.0,-0.9983340333193336,0.9623827523449531
davies_bouldin,-0.8813375426335384,-0.8276161458767067,-0.8289313988346186,-0.817165838574774,-0.9983340333193336,1.0,-0.9600727985440292
silhouette,0.9085741885578086,0.7725000748524526,0.7729925316328567,0.7688436063078304,0.9623827523449531,-0.9600727985440292,1.0
