,abilities,v_measure,mutual_info,adjusted_rand_score,calinski_harabasz,davies_bouldin,silhouette
abilities,1.0,0.49359485074653703,0.4583886593016108,0.4962757819916248,0.4635491091187294,-0.46514245248422464,0.7213166580255188
v_measure,0.49359485074653703,1.0,0.9920075877331647,0.962921277268416,0.7717288215222937,-0.7633572343324442,0.5246152485965384
mutual_info,0.4583886593016108,0.9920075877331647,1.0,0.9540942143534619,0.7629019818568632,-0.7601451751991786,0.5119693464970678
adjusted_rand_score,0.4962757819916248,0.962921277268416,0.9540942143534619,1.0,0.7500031617154032,-0.7400128990568214,0.541990718081211
calinski_harabasz,0.4635491091187294,0.7717288215222937,0.7629019818568632,0.7500031617154032,1.0,-0.991628624540017,0.4669128340014416
davies_bouldin,-0.46514245248422464,-0.7633572343324442,-0.7601451751991786,-0.7400128990568214,-0.991628624540017,1.0,-0.4662046813945548
silhouette,0.7213166580255188,0.5246152485965384,0.5119693464970678,0.541990718081211,0.4669128340014416,-0.4662046813945548,1.0
