,abilities,v_measure,mutual_info,adjusted_rand_score,calinski_harabasz,davies_bouldin,silhouette
abilities,1.0,0.15553391678807457,0.11557528405914552,0.09083666349205136,0.2392068590505577,-0.3145754824350641,0.5363312172791421
v_measure,0.15553391678807457,1.0,0.997597126988474,0.9430406960568581,0.764416510943064,-0.7377586122042021,0.43707319554674634
mutual_info,0.11557528405914552,0.997597126988474,1.0,0.9441015786103746,0.7580114838845742,-0.7303664930810627,0.4184434838547989
adjusted_rand_score,0.09083666349205136,0.9430406960568581,0.9441015786103746,1.0,0.6986822805613734,-0.6562926806692174,0.40773433165957396
calinski_harabasz,0.2392068590505577,0.764416510943064,0.7580114838845742,0.6986822805613734,1.0,-0.9836617011052379,0.452844027415969
davies_bouldin,-0.3145754824350641,-0.7377586122042021,-0.7303664930810627,-0.6562926806692174,-0.9836617011052379,1.0,-0.4689547029515162
silhouette,0.5363312172791421,0.43707319554674634,0.4184434838547989,0.40773433165957396,0.452844027415969,-0.4689547029515162,1.0
