,abilities,v_measure,mutual_info,adjusted_rand_score,calinski_harabasz,davies_bouldin,silhouette
abilities,1.0,0.4906704268269414,0.45505934135266485,0.5018115370197105,0.4500464728176608,-0.4531573057242652,0.7215361950611169
v_measure,0.4906704268269414,1.0,0.9915523237432817,0.962921277268416,0.7719817395642831,-0.764318322892004,0.5251210846805172
mutual_info,0.45505934135266485,0.9915523237432817,1.0,0.9536642428074613,0.7631296080946537,-0.7592599620522157,0.5126522252104392
adjusted_rand_score,0.5018115370197105,0.962921277268416,0.9536642428074613,1.0,0.7500537453238011,-0.7411510302457738,0.5421930525148025
calinski_harabasz,0.4500464728176608,0.7719817395642831,0.7631296080946537,0.7500537453238011,1.0,-0.9927414357794104,0.46721632797582163
davies_bouldin,-0.4531573057242652,-0.764318322892004,-0.7592599620522157,-0.7411510302457738,-0.9927414357794104,1.0,-0.4670898721531633
silhouette,0.7215361950611169,0.5251210846805172,0.5126522252104392,0.5421930525148025,0.46721632797582163,-0.4670898721531633,1.0
