,abilities,v_measure,mutual_info,adjusted_rand_score,calinski_harabasz,davies_bouldin,silhouette
abilities,1.0,0.5784508558218273,0.6005002868231172,0.49303224695338743,0.526863423044094,-0.4975342228227955,0.824144023069879
v_measure,0.5784508558218273,1.0,0.9972132019480651,0.9733233608150985,0.0011345037290209354,0.017624551561032237,0.308967999628969
mutual_info,0.6005002868231172,0.9972132019480651,1.0,0.9603771399094518,0.03630291794436665,-0.01672738990905305,0.3341285291167892
adjusted_rand_score,0.49303224695338743,0.9733233608150985,0.9603771399094518,1.0,-0.09444460514437907,0.10823915382231476,0.21210654130091497
calinski_harabasz,0.526863423044094,0.0011345037290209354,0.03630291794436665,-0.09444460514437907,1.0,-0.9882076664619387,0.7498609053795297
davies_bouldin,-0.4975342228227955,0.017624551561032237,-0.01672738990905305,0.10823915382231476,-0.9882076664619387,1.0,-0.7647747389717836
silhouette,0.824144023069879,0.308967999628969,0.3341285291167892,0.21210654130091497,0.7498609053795297,-0.7647747389717836,1.0
