,abilities,v_measure,mutual_info,adjusted_rand_score,calinski_harabasz,davies_bouldin,silhouette
abilities,1.0,0.326749593272156,0.3671440074606762,0.17002413351420279,0.6797081030309599,-0.6582782413930133,0.8780824392182364
v_measure,0.326749593272156,1.0,0.9966248827749697,0.9562430676299395,-0.07026189259367208,0.05685837441583768,0.18496132523784634
mutual_info,0.3671440074606762,0.9966248827749697,1.0,0.9370331838449306,-0.030497169684547243,0.018030909564678996,0.2186834963636018
adjusted_rand_score,0.17002413351420279,0.9562430676299395,0.9370331838449306,1.0,-0.21040043958183124,0.18503880137542897,0.041474587836110834
calinski_harabasz,0.6797081030309599,-0.07026189259367208,-0.030497169684547243,-0.21040043958183124,1.0,-0.980130775622268,0.7851378201654564
davies_bouldin,-0.6582782413930133,0.05685837441583768,0.018030909564678996,0.18503880137542897,-0.980130775622268,1.0,-0.7936057223366207
silhouette,0.8780824392182364,0.18496132523784634,0.2186834963636018,0.041474587836110834,0.7851378201654564,-0.7936057223366207,1.0
