,abilities,v_measure,mutual_info,adjusted_rand_score,calinski_harabasz,davies_bouldin,silhouette
abilities,1.0,0.5992492053518989,0.6180667256078826,0.5201462561210937,0.5327143321651794,-0.5027276997001336,0.8265255247660681
v_measure,0.5992492053518989,1.0,0.9972279821667737,0.9756502950793423,0.041355190071253586,-0.017234340087356248,0.3393755900220906
mutual_info,0.6180667256078826,0.9972279821667737,1.0,0.9617845274436028,0.07264698123169647,-0.04731341549524277,0.36277955248048044
adjusted_rand_score,0.5201462561210937,0.9756502950793423,0.9617845274436028,1.0,-0.04532184877318634,0.06638581388381105,0.24904616039028496
calinski_harabasz,0.5327143321651794,0.041355190071253586,0.07264698123169647,-0.04532184877318634,1.0,-0.9883521803533365,0.74983200260125
davies_bouldin,-0.5027276997001336,-0.017234340087356248,-0.04731341549524277,0.06638581388381105,-0.9883521803533365,1.0,-0.7643411972975902
silhouette,0.8265255247660681,0.3393755900220906,0.36277955248048044,0.24904616039028496,0.74983200260125,-0.7643411972975902,1.0
