,abilities,v_measure,mutual_info,adjusted_rand_score,calinski_harabasz,davies_bouldin,silhouette
abilities,1.0,0.5984593938620326,0.6191425087258734,0.49624788241618506,0.5318906029842119,-0.5022941580259402,0.8279128581234871
v_measure,0.5984593938620326,1.0,0.9972710554436562,0.9664728773769222,0.03978697427648669,-0.017761784012278296,0.3434209866491155
mutual_info,0.6191425087258734,0.9972710554436562,1.0,0.9515290197353254,0.0755043024359807,-0.05251687479151746,0.36888315493615087
adjusted_rand_score,0.49624788241618506,0.9664728773769222,0.9515290197353254,1.0,-0.07562044542388607,0.09302796124100424,0.22327722342595852
calinski_harabasz,0.5318906029842119,0.03978697427648669,0.0755043024359807,-0.07562044542388607,1.0,-0.9881643122945193,0.7495285234293146
davies_bouldin,-0.5022941580259402,-0.017761784012278296,-0.05251687479151746,0.09302796124100424,-0.9881643122945193,1.0,-0.7644279056324289
silhouette,0.8279128581234871,0.3434209866491155,0.36888315493615087,0.22327722342595852,0.7495285234293146,-0.7644279056324289,1.0
