,abilities,v_measure,mutual_info,adjusted_rand_score,calinski_harabasz,davies_bouldin,silhouette
abilities,1.0,0.5797702766057197,0.5986404125644632,0.6007969995311767,0.4761134552273793,-0.41964369432723864,0.2250351617440225
v_measure,0.5797702766057197,1.0,0.9975855602437881,0.9544538209095171,0.8171823722456634,-0.7252461322081575,0.35618846694796064
mutual_info,0.5986404125644632,0.9975855602437881,1.0,0.9587201125175808,0.812892639474918,-0.720112517580872,0.3418424753867792
adjusted_rand_score,0.6007969995311767,0.9544538209095171,0.9587201125175808,1.0,0.7808485700890764,-0.672737927801219,0.3516877637130802
calinski_harabasz,0.4761134552273793,0.8171823722456634,0.812892639474918,0.7808485700890764,1.0,-0.9018987341772152,0.3049226441631505
davies_bouldin,-0.41964369432723864,-0.7252461322081575,-0.720112517580872,-0.672737927801219,-0.9018987341772152,1.0,-0.310126582278481
silhouette,0.2250351617440225,0.35618846694796064,0.3418424753867792,0.3516877637130802,0.3049226441631505,-0.310126582278481,1.0
