,abilities,v_measure,mutual_info,adjusted_rand_score,calinski_harabasz,davies_bouldin,silhouette
abilities,1.0,0.6268635724331927,0.6598921706516643,0.6841068917018284,0.5168307548054384,-0.44566338490389124,0.2382794186591655
v_measure,0.6268635724331927,1.0,0.9952648851383029,0.9346225972808251,0.8152367557430849,-0.7194327238631036,0.343131739334271
mutual_info,0.6598921706516643,0.9952648851383029,1.0,0.9480075011720581,0.8071729957805908,-0.7019456165025785,0.31575246132208157
adjusted_rand_score,0.6841068917018284,0.9346225972808251,0.9480075011720581,1.0,0.7491795593061416,-0.6310126582278481,0.2996249413970933
calinski_harabasz,0.5168307548054384,0.8152367557430849,0.8071729957805908,0.7491795593061416,1.0,-0.8952883263009845,0.3021800281293952
davies_bouldin,-0.44566338490389124,-0.7194327238631036,-0.7019456165025785,-0.6310126582278481,-0.8952883263009845,1.0,-0.3132208157524613
silhouette,0.2382794186591655,0.343131739334271,0.31575246132208157,0.2996249413970933,0.3021800281293952,-0.3132208157524613,1.0
