,abilities,v_measure,mutual_info,adjusted_rand_score,calinski_harabasz,davies_bouldin,silhouette
abilities,1.0,0.5861462728551337,0.6056493202062823,0.6115564932020628,0.4759493670886076,-0.4191279887482419,0.23584153774027192
v_measure,0.5861462728551337,1.0,0.9972573839662447,0.9545710267229255,0.8172058134083451,-0.7252226910454759,0.35632911392405064
mutual_info,0.6056493202062823,0.9972573839662447,1.0,0.959001406469761,0.8127754336615096,-0.720393811533052,0.3420768870135959
adjusted_rand_score,0.6115564932020628,0.9545710267229255,0.959001406469761,1.0,0.7804266291608064,-0.6725972808251289,0.35157055789967184
calinski_harabasz,0.4759493670886076,0.8172058134083451,0.8127754336615096,0.7804266291608064,1.0,-0.9015002344116269,0.30466479137365216
davies_bouldin,-0.4191279887482419,-0.7252226910454759,-0.720393811533052,-0.6725972808251289,-0.9015002344116269,1.0,-0.31167369901547115
silhouette,0.23584153774027192,0.35632911392405064,0.3420768870135959,0.35157055789967184,0.30466479137365216,-0.31167369901547115,1.0
