,abilities,v_measure,mutual_info,adjusted_rand_score,calinski_harabasz,davies_bouldin,silhouette
abilities,1.0,0.5747773089545242,0.5942100328176277,0.6014299109235818,0.46957337083919365,-0.41230661040787625,0.23619315518049697
v_measure,0.5747773089545242,1.0,0.997163619315518,0.9545710267229255,0.817065166432255,-0.7249413970932959,0.3559306141584623
mutual_info,0.5942100328176277,0.997163619315518,1.0,0.9585325832161276,0.8125175808720112,-0.7202062822315987,0.3410923581809658
adjusted_rand_score,0.6014299109235818,0.9545710267229255,0.9585325832161276,1.0,0.7804266291608064,-0.6720581340834505,0.35004688232536335
calinski_harabasz,0.46957337083919365,0.817065166432255,0.8125175808720112,0.7804266291608064,1.0,-0.9013595874355368,0.3046882325363338
davies_bouldin,-0.41230661040787625,-0.7249413970932959,-0.7202062822315987,-0.6720581340834505,-0.9013595874355368,1.0,-0.310056258790436
silhouette,0.23619315518049697,0.3559306141584623,0.3410923581809658,0.35004688232536335,0.3046882325363338,-0.310056258790436,1.0
