,abilities,v_measure,mutual_info,adjusted_rand_score,calinski_harabasz,davies_bouldin,silhouette
abilities,1.0,0.8020300164830398,0.8340929629484071,0.8030710505769064,0.7736040021977386,-0.7325699083311645,0.5240883722275238
v_measure,0.8020300164830398,1.0,0.9763190486816756,0.9973251207310373,0.8991642809635348,-0.8750903675428704,0.5169890980596281
mutual_info,0.8340929629484071,0.9763190486816756,1.0,0.974792148097076,0.8952341147933438,-0.8492389483681553,0.4872404893918134
adjusted_rand_score,0.8030710505769064,0.9973251207310373,0.974792148097076,1.0,0.8977184002776091,-0.873615569243226,0.514068419074058
calinski_harabasz,0.7736040021977386,0.8991642809635348,0.8952341147933438,0.8977184002776091,1.0,-0.8793123391457737,0.43781267169833143
davies_bouldin,-0.7325699083311645,-0.8750903675428704,-0.8492389483681553,-0.873615569243226,-0.8793123391457737,1.0,-0.502689338075822
silhouette,0.5240883722275238,0.5169890980596281,0.4872404893918134,0.514068419074058,0.43781267169833143,-0.502689338075822,1.0
