,abilities,v_measure,mutual_info,adjusted_rand_score,calinski_harabasz,davies_bouldin,silhouette
abilities,1.0,0.7659408345623319,0.8007037186068602,0.7649431768890431,0.725138081605506,-0.6754576212370955,0.6070674647928053
v_measure,0.7659408345623319,1.0,0.9760810757640365,0.9972094502761633,0.8830716289291808,-0.8236459327376305,0.5379688268124114
mutual_info,0.8007037186068602,0.9760810757640365,1.0,0.9745687029448481,0.8791227819635329,-0.797867115041684,0.5074408801224205
adjusted_rand_score,0.7649431768890431,0.9972094502761633,0.9745687029448481,1.0,0.8786183164165293,-0.8193372082935716,0.5361180995344265
calinski_harabasz,0.725138081605506,0.8830716289291808,0.8791227819635329,0.8786183164165293,1.0,-0.8834041814869437,0.42935426968566553
davies_bouldin,-0.6754576212370955,-0.8236459327376305,-0.797867115041684,-0.8193372082935716,-0.8834041814869437,1.0,-0.499942164772563
silhouette,0.6070674647928053,0.5379688268124114,0.5074408801224205,0.5361180995344265,0.42935426968566553,-0.499942164772563,1.0
