,abilities,v_measure,mutual_info,adjusted_rand_score,calinski_harabasz,davies_bouldin,silhouette
abilities,1.0,0.803905337854569,0.833687382467481,0.8051704880279028,0.7728115613088041,-0.7207958156108786,0.509081970890413
v_measure,0.803905337854569,1.0,0.9757224336456978,0.9982938607906076,0.8990486105086608,-0.8713455365663225,0.5124490327058211
mutual_info,0.833687382467481,0.9757224336456978,1.0,0.9744625119868281,0.894023030904164,-0.8458925753495266,0.47958121442677126
adjusted_rand_score,0.8051704880279028,0.9982938607906076,0.9744625119868281,1.0,0.8991642809635348,-0.8708250195193893,0.5116104219079841
calinski_harabasz,0.7728115613088041,0.8990486105086608,0.894023030904164,0.8991642809635348,1.0,-0.872776958445389,0.43055435065498393
davies_bouldin,-0.7207958156108786,-0.8713455365663225,-0.8458925753495266,-0.8708250195193893,-0.872776958445389,1.0,-0.5038460426245627
silhouette,0.509081970890413,0.5124490327058211,0.47958121442677126,0.5116104219079841,0.43055435065498393,-0.5038460426245627,1.0
