,abilities,v_measure,mutual_info,adjusted_rand_score,calinski_harabasz,davies_bouldin,silhouette
abilities,1.0,0.7356063636643383,0.8908139730674798,0.7386220266486138,0.9074236480803249,-0.8189986768009355,0.7446533526171647
v_measure,0.7356063636643383,1.0,0.7748576718784701,0.9940917623165215,0.7476575122048105,-0.7293904052681786,0.7786257192971658
mutual_info,0.8908139730674798,0.7748576718784701,1.0,0.7628558254178242,0.8772599308939267,-0.8230497015127559,0.6877058021950105
adjusted_rand_score,0.7386220266486138,0.9940917623165215,0.7628558254178242,1.0,0.7505500423997832,-0.741083792350063,0.7916115333723113
calinski_harabasz,0.9074236480803249,0.7476575122048105,0.8772599308939267,0.7505500423997832,1.0,-0.8640356951557341,0.7784906532193069
davies_bouldin,-0.8189986768009355,-0.7293904052681786,-0.8230497015127559,-0.741083792350063,-0.8640356951557341,1.0,-0.7637935809459335
silhouette,0.7446533526171647,0.7786257192971658,0.6877058021950105,0.7916115333723113,0.7784906532193069,-0.7637935809459335,1.0
