,abilities,v_measure,mutual_info,adjusted_rand_score,calinski_harabasz,davies_bouldin,silhouette
abilities,1.0,0.6801033909779063,0.8365874299013122,0.6959197489076251,0.7874330728044803,-0.7295218167271832,0.7273678380208013
v_measure,0.6801033909779063,1.0,0.8172013232754312,0.9748907625084621,0.8787617699550742,-0.8329127946335159,0.7728475598498369
mutual_info,0.8365874299013122,0.8172013232754312,1.0,0.8193245635249324,0.7807369798600835,-0.7538118317685821,0.5836756674281123
adjusted_rand_score,0.6959197489076251,0.9748907625084621,0.8193245635249324,1.0,0.8774078404824912,-0.8123576835497569,0.7687857714320881
calinski_harabasz,0.7874330728044803,0.8787617699550742,0.7807369798600835,0.8774078404824912,1.0,-0.9483660532955874,0.7729706443473444
davies_bouldin,-0.7295218167271832,-0.8329127946335159,-0.7538118317685821,-0.8123576835497569,-0.9483660532955874,1.0,-0.6973352206289618
silhouette,0.7273678380208013,0.7728475598498369,0.5836756674281123,0.7687857714320881,0.7729706443473444,-0.6973352206289618,1.0
