,abilities,v_measure,mutual_info,adjusted_rand_score,calinski_harabasz,davies_bouldin,silhouette
abilities,1.0,0.6796725952366299,0.839664589683198,0.6967813403901778,0.7860176010831436,-0.728783309742138,0.728783309742138
v_measure,0.6796725952366299,1.0,0.8117547504614931,0.9745215090159395,0.8795618191888731,-0.8357437380761893,0.7728475598498369
mutual_info,0.839664589683198,0.8117547504614931,1.0,0.8101853989727313,0.7803677206862573,-0.7505500423997832,0.5783521810054497
adjusted_rand_score,0.6967813403901778,0.9745215090159395,0.8101853989727313,1.0,0.877469382731245,-0.8146347467536463,0.7675549264570127
calinski_harabasz,0.7860176010831436,0.8795618191888731,0.7803677206862573,0.877469382731245,1.0,-0.9496584405194166,0.7747553695612037
davies_bouldin,-0.728783309742138,-0.8357437380761893,-0.7505500423997832,-0.8146347467536463,-0.9496584405194166,1.0,-0.6991199458428211
silhouette,0.728783309742138,0.7728475598498369,0.5783521810054497,0.7675549264570127,0.7747553695612037,-0.6991199458428211,1.0
