,abilities,v_measure,mutual_info,adjusted_rand_score,calinski_harabasz,davies_bouldin,silhouette
abilities,1.0,0.4206831467105909,0.3958251736158439,0.4455261990531802,0.40042075736325383,-0.4052997523201337,0.6540538927516338
v_measure,0.4206831467105909,1.0,0.994732876252434,0.9542371996210058,0.7200978802593834,-0.715666416868543,0.4972116845274921
mutual_info,0.3958251736158439,0.994732876252434,1.0,0.9485970501122808,0.7145921227131878,-0.7121301986071655,0.4888411425670161
adjusted_rand_score,0.4455261990531802,0.9542371996210058,0.9485970501122808,1.0,0.6886598554630856,-0.6833629884470982,0.5280976414939544
calinski_harabasz,0.40042075736325383,0.7200978802593834,0.7145921227131878,0.6886598554630856,1.0,-0.9959267106323297,0.4495538778311599
davies_bouldin,-0.4052997523201337,-0.715666416868543,-0.7121301986071655,-0.6833629884470982,-0.9959267106323297,1.0,-0.44973292351765093
silhouette,0.6540538927516338,0.4972116845274921,0.4888411425670161,0.5280976414939544,0.4495538778311599,-0.44973292351765093,1.0
