,abilities,v_measure,mutual_info,adjusted_rand_score,calinski_harabasz,davies_bouldin,silhouette
abilities,1.0,0.1408561037268225,0.1135055488400359,0.10161335448937091,0.19285287973739182,-0.2447776783049836,0.4824231572664876
v_measure,0.1408561037268225,1.0,0.9987316745626142,0.937195508635804,0.7153445865274853,-0.6999011471887924,0.43600484946500184
mutual_info,0.1135055488400359,0.9987316745626142,1.0,0.937837132092364,0.7119127111188869,-0.6961111630419055,0.4243812366680532
adjusted_rand_score,0.10161335448937091,0.937195508635804,0.937837132092364,1.0,0.6418576891911929,-0.6149249278324095,0.42478410899862784
calinski_harabasz,0.19285287973739182,0.7153445865274853,0.7119127111188869,0.6418576891911929,1.0,-0.9904804535959415,0.44215159653834674
davies_bouldin,-0.2447776783049836,-0.6999011471887924,-0.6961111630419055,-0.6149249278324095,-0.9904804535959415,1.0,-0.4504177857356013
silhouette,0.4824231572664876,0.43600484946500184,0.4243812366680532,0.42478410899862784,0.44215159653834674,-0.4504177857356013,1.0
