,abilities,v_measure,mutual_info,adjusted_rand_score,calinski_harabasz,davies_bouldin,silhouette
abilities,1.0,0.38043157956016116,0.35552902999409813,0.3769849115255533,0.4507325952672257,-0.45492524842589,0.5827638685804661
v_measure,0.38043157956016116,1.0,0.9947329548421752,0.9391081833170448,0.7114161553684153,-0.7080291698971772,0.4476565268758574
mutual_info,0.35552902999409813,0.9947329548421752,1.0,0.9334830387717191,0.7058209150524934,-0.7047913908343638,0.4392263647998684
adjusted_rand_score,0.3769849115255533,0.9391081833170448,0.9334830387717191,1.0,0.6993602775677089,-0.6956599586387793,0.4602644683877347
calinski_harabasz,0.4507325952672257,0.7114161553684153,0.7058209150524934,0.6993602775677089,1.0,-0.9958371877890841,0.4977171674972397
davies_bouldin,-0.45492524842589,-0.7080291698971772,-0.7047913908343638,-0.6956599586387793,-0.9958371877890841,1.0,-0.49698606427740144
silhouette,0.5827638685804661,0.4476565268758574,0.4392263647998684,0.4602644683877347,0.4977171674972397,-0.49698606427740144,1.0
