,abilities,v_measure,mutual_info,adjusted_rand_score,calinski_harabasz,davies_bouldin,silhouette
abilities,1.0,0.4171842303296076,0.3923113364827029,0.4412663243121536,0.3967503207901883,-0.4003461549938826,0.6565754528363821
v_measure,0.4171842303296076,1.0,0.9946433500697558,0.9542222785905594,0.7200531180029102,-0.7154426055861774,0.49712216001454584
mutual_info,0.3923113364827029,0.9946433500697558,1.0,0.9484926028991563,0.7146070434653455,-0.7123987721460043,0.48890082557564696
adjusted_rand_score,0.4412663243121536,0.9542222785905594,0.9484926028991563,1.0,0.6885703309501394,-0.6830944149082594,0.5279036717159042
calinski_harabasz,0.3967503207901883,0.7200531180029102,0.7146070434653455,0.6885703309501394,1.0,-0.9957476649458387,0.44959863925278265
davies_bouldin,-0.4003461549938826,-0.7154426055861774,-0.7123987721460043,-0.6830944149082594,-0.9957476649458387,1.0,-0.44950911640953717
silhouette,0.6565754528363821,0.49712216001454584,0.48890082557564696,0.5279036717159042,0.44959863925278265,-0.44950911640953717,1.0
