,abilities,v_measure,mutual_info,adjusted_rand_score,calinski_harabasz,davies_bouldin,silhouette
abilities,1.0,0.42263030486717224,0.39781709402889837,0.44683176486697995,0.3882456506818657,-0.39310972516487125,0.6567992599444958
v_measure,0.42263030486717224,1.0,0.9946284290393095,0.9542521206514522,0.7200531180029102,-0.7154426055861774,0.497166922271019
mutual_info,0.39781709402889837,0.9946284290393095,1.0,0.9485373659904953,0.7145473604567147,-0.7121898816157963,0.4889903500885932
adjusted_rand_score,0.44683176486697995,0.9542521206514522,0.9485373659904953,1.0,0.6886001724544548,-0.6833033054384673,0.528023037733166
calinski_harabasz,0.3882456506818657,0.7200531180029102,0.7145473604567147,0.6886001724544548,1.0,-0.9958521082629584,0.4495240368834114
davies_bouldin,-0.39310972516487125,-0.7154426055861774,-0.7121898816157963,-0.6833033054384673,-0.9958521082629584,1.0,-0.44977768493927367
silhouette,0.6567992599444958,0.497166922271019,0.4889903500885932,0.528023037733166,0.4495240368834114,-0.44977768493927367,1.0
