,abilities,v_measure,mutual_info,adjusted_rand_score,calinski_harabasz,davies_bouldin,silhouette
abilities,1.0,0.8962697450722459,0.8783578205588339,0.9142320515720442,0.8340815391662849,-0.8400824553366927,0.8484654145671094
v_measure,0.8962697450722459,1.0,0.9896437329727377,0.9697171010062168,0.8024921858735704,-0.8156860974755334,0.7845338061931205
mutual_info,0.8783578205588339,0.9896437329727377,1.0,0.9486333788510293,0.8057321837093725,-0.8189285139381706,0.7843339676786479
adjusted_rand_score,0.9142320515720442,0.9697171010062168,0.9486333788510293,1.0,0.7810162974020034,-0.7824822204190052,0.7748777447683083
calinski_harabasz,0.8340815391662849,0.8024921858735704,0.8057321837093725,0.7810162974020034,1.0,-0.9939532753092075,0.9845167201099404
davies_bouldin,-0.8400824553366927,-0.8156860974755334,-0.8189285139381706,-0.7824822204190052,-0.9939532753092075,1.0,-0.9781493357764545
silhouette,0.8484654145671094,0.7845338061931205,0.7843339676786479,0.7748777447683083,0.9845167201099404,-0.9781493357764545,1.0
