,abilities,v_measure,mutual_info,adjusted_rand_score,calinski_harabasz,davies_bouldin,silhouette
abilities,1.0,0.8629117238428358,0.8447193807011514,0.8659253071524059,0.7730187814933578,-0.7799358680714613,0.787036188731104
v_measure,0.8629117238428358,1.0,0.9894611603145943,0.9672328290808802,0.7641669346971223,-0.7763067487187479,0.7680150266888828
mutual_info,0.8447193807011514,0.9894611603145943,1.0,0.947065781958698,0.7674456100593369,-0.7800229299770233,0.7693241897191735
adjusted_rand_score,0.8659253071524059,0.9672328290808802,0.947065781958698,1.0,0.743360399902769,-0.7440933614112699,0.7568285676214733
calinski_harabasz,0.7730187814933578,0.7641669346971223,0.7674456100593369,0.743360399902769,1.0,-0.9945945945945946,0.9540540540540541
davies_bouldin,-0.7799358680714613,-0.7763067487187479,-0.7800229299770233,-0.7440933614112699,-0.9945945945945946,1.0,-0.9469995419147962
silhouette,0.787036188731104,0.7680150266888828,0.7693241897191735,0.7568285676214733,0.9540540540540541,-0.9469995419147962,1.0
