,abilities,v_measure,mutual_info,adjusted_rand_score,calinski_harabasz,davies_bouldin,silhouette
abilities,1.0,0.8950328158595618,0.876557951015741,0.9147359626091386,0.833623453962437,-0.8382501145213009,0.8458085203847916
v_measure,0.8950328158595618,1.0,0.9888531388487413,0.9691673358011959,0.8023547492943832,-0.8144033560697871,0.7825638818914386
mutual_info,0.876557951015741,0.9888531388487413,1.0,0.9476590607925472,0.8066120172872763,-0.8190982714248503,0.7847553449070093
adjusted_rand_score,0.9147359626091386,0.9691673358011959,0.9476590607925472,1.0,0.7810162974020034,-0.7818866891933482,0.7733202015627438
calinski_harabasz,0.833623453962437,0.8023547492943832,0.8066120172872763,0.7810162974020034,1.0,-0.9945945945945946,0.9853870819972514
davies_bouldin,-0.8382501145213009,-0.8144033560697871,-0.8190982714248503,-0.7818866891933482,-0.9945945945945946,1.0,-0.9783325698579936
silhouette,0.8458085203847916,0.7825638818914386,0.7847553449070093,0.7733202015627438,0.9853870819972514,-0.9783325698579936,1.0
