,abilities,v_measure,mutual_info,adjusted_rand_score,calinski_harabasz,davies_bouldin,silhouette
abilities,1.0,0.7299758028134355,0.7575906710959822,0.7849321248410778,0.6958263270858112,-0.5510533295055298,0.535960847038237
v_measure,0.7299758028134355,1.0,0.968858084184336,0.9782362028189039,0.8691711438297174,-0.7960327550615867,0.5823592940436643
mutual_info,0.7575906710959822,0.968858084184336,1.0,0.9624601840079837,0.8251514033001135,-0.736100288452337,0.5252976800776498
adjusted_rand_score,0.7849321248410778,0.9782362028189039,0.9624601840079837,1.0,0.8356505215382302,-0.7288821446636318,0.537956773161629
calinski_harabasz,0.6958263270858112,0.8691711438297174,0.8251514033001135,0.8356505215382302,1.0,-0.8911810140945194,0.5190638286237679
davies_bouldin,-0.5510533295055298,-0.7960327550615867,-0.736100288452337,-0.7288821446636318,-0.8911810140945194,1.0,-0.5773558080083118
silhouette,0.535960847038237,0.5823592940436643,0.5252976800776498,0.537956773161629,0.5190638286237679,-0.5773558080083118,1.0
