,abilities,v_measure,mutual_info,adjusted_rand_score,calinski_harabasz,davies_bouldin,silhouette
abilities,1.0,0.766148546118197,0.7968529986739394,0.8198527652843326,0.7502084785848063,-0.6043418228547212,0.44496848897455876
v_measure,0.766148546118197,1.0,0.9662333046248069,0.9790768095268269,0.9289395617164965,-0.8201205758110158,0.514224391310886
mutual_info,0.7968529986739394,0.9662333046248069,1.0,0.9631092913955284,0.8859587964292062,-0.7545284282765314,0.44835882923895065
adjusted_rand_score,0.8198527652843326,0.9790768095268269,0.9631092913955284,1.0,0.8977080869947305,-0.7571720541267953,0.4643704245581733
calinski_harabasz,0.7502084785848063,0.9289395617164965,0.8859587964292062,0.8977080869947305,1.0,-0.894790085988872,0.5097403928966903
davies_bouldin,-0.6043418228547212,-0.8201205758110158,-0.7545284282765314,-0.7571720541267953,-0.894790085988872,1.0,-0.5533226701663727
silhouette,0.44496848897455876,0.514224391310886,0.44835882923895065,0.4643704245581733,0.5097403928966903,-0.5533226701663727,1.0
