,abilities,v_measure,mutual_info,adjusted_rand_score,calinski_harabasz,davies_bouldin,silhouette
abilities,1.0,0.7281986083200044,0.7550205744439432,0.7828268329027054,0.6954708881871249,-0.552830523998961,0.5341836525448058
v_measure,0.7281986083200044,1.0,0.9680651820257283,0.9783182271801392,0.8696906314508742,-0.7966342670439788,0.5826053671273702
mutual_info,0.7550205744439432,0.9680651820257283,1.0,0.9623234767392582,0.8247686229476822,-0.7359088982761214,0.5252429971701595
adjusted_rand_score,0.7828268329027054,0.9783182271801392,0.9623234767392582,1.0,0.8356231800844851,-0.7296477053684944,0.5377653829854133
calinski_harabasz,0.6954708881871249,0.8696906314508742,0.8247686229476822,0.8356231800844851,1.0,-0.8917551846231664,0.5189271213550425
davies_bouldin,-0.552830523998961,-0.7966342670439788,-0.7359088982761214,-0.7296477053684944,-0.8917551846231664,1.0,-0.5779573199907039
silhouette,0.5341836525448058,0.5826053671273702,0.5252429971701595,0.5377653829854133,0.5189271213550425,-0.5779573199907039,1.0
