,abilities,v_measure,mutual_info,adjusted_rand_score,calinski_harabasz,davies_bouldin,silhouette
abilities,1.0,0.7528059166905905,0.7802020533431763,0.8119181396874872,0.7154028079672996,-0.5764261985809785,0.5155367810906506
v_measure,0.7528059166905905,1.0,0.967983157664493,0.9791111293387469,0.863894243256914,-0.7969076815814297,0.5787502221493117
mutual_info,0.7802020533431763,0.967983157664493,1.0,0.9666981093384736,0.8229094040930156,-0.7357995324611409,0.5257351433375712
adjusted_rand_score,0.8119181396874872,0.9791111293387469,0.9666981093384736,1.0,0.8272566952384859,-0.7293742908310434,0.5329532871262765
calinski_harabasz,0.7154028079672996,0.863894243256914,0.8229094040930156,0.8272566952384859,1.0,-0.8889390148874216,0.514798561839533
davies_bouldin,-0.5764261985809785,-0.7969076815814297,-0.7357995324611409,-0.7293742908310434,-0.8889390148874216,1.0,-0.5785861734268412
silhouette,0.5155367810906506,0.5787502221493117,0.5257351433375712,0.5329532871262765,0.514798561839533,-0.5785861734268412,1.0
