,abilities,v_measure,mutual_info,adjusted_rand_score,calinski_harabasz,davies_bouldin,silhouette
abilities,1.0,0.7074451814105481,0.762192892795058,0.7195466788029814,0.7378406810263144,-0.7043713115426797,0.6097975871613707
v_measure,0.7074451814105481,1.0,0.9539665604739131,0.9900173837786217,0.8701812240269188,-0.8137921258197608,0.48893183022091574
mutual_info,0.762192892795058,0.9539665604739131,1.0,0.9553542784239702,0.8478732849372915,-0.7923944103317839,0.44089888311087566
adjusted_rand_score,0.7195466788029814,0.9900173837786217,0.9553542784239702,1.0,0.8724493221818508,-0.7999298680175777,0.4979296143487052
calinski_harabasz,0.7378406810263144,0.8701812240269188,0.8478732849372915,0.8724493221818508,1.0,-0.9028299000992293,0.48126207724963255
davies_bouldin,-0.7043713115426797,-0.8137921258197608,-0.7923944103317839,-0.7999298680175777,-0.9028299000992293,1.0,-0.4833361933255243
silhouette,0.6097975871613707,0.48893183022091574,0.44089888311087566,0.4979296143487052,0.48126207724963255,-0.4833361933255243,1.0
