,abilities,v_measure,mutual_info,adjusted_rand_score,calinski_harabasz,davies_bouldin,silhouette
abilities,1.0,0.7062365238411435,0.7620539794505862,0.7160550013802571,0.736572336663359,-0.7033118709571523,0.6117672513485485
v_measure,0.7062365238411435,1.0,0.9531568835982983,0.9903456611431514,0.8691814702349422,-0.8164034230376102,0.48851402266605987
mutual_info,0.7620539794505862,0.9531568835982983,1.0,0.9524331785267621,0.8467274728203209,-0.7917035047524917,0.44014697928047664
adjusted_rand_score,0.7160550013802571,0.9903456611431514,0.9524331785267621,1.0,0.8717629240560161,-0.8020935142837958,0.4976908671745018
calinski_harabasz,0.736572336663359,0.8691814702349422,0.8467274728203209,0.8717629240560161,1.0,-0.9082315549155805,0.4821275357561198
davies_bouldin,-0.7033118709571523,-0.8164034230376102,-0.7917035047524917,-0.8020935142837958,-0.9082315549155805,1.0,-0.48584303865465966
silhouette,0.6117672513485485,0.48851402266605987,0.44014697928047664,0.4976908671745018,0.4821275357561198,-0.48584303865465966,1.0
