,abilities,v_measure,mutual_info,adjusted_rand_score,calinski_harabasz,davies_bouldin,silhouette
abilities,1.0,0.8455862977602108,0.8523056653491436,0.8681159420289855,0.7799736495388669,-0.664163372859025,0.5686429512516469
v_measure,0.8455862977602108,1.0,0.986429512516469,0.957707509881423,0.9030303030303031,-0.8650856389986825,0.632806324110672
mutual_info,0.8523056653491436,0.986429512516469,1.0,0.9524374176548089,0.8772068511198946,-0.8380764163372859,0.5993412384716732
adjusted_rand_score,0.8681159420289855,0.957707509881423,0.9524374176548089,1.0,0.8561264822134388,-0.7700922266139657,0.6242424242424243
calinski_harabasz,0.7799736495388669,0.9030303030303031,0.8772068511198946,0.8561264822134388,1.0,-0.933201581027668,0.6582345191040844
davies_bouldin,-0.664163372859025,-0.8650856389986825,-0.8380764163372859,-0.7700922266139657,-0.933201581027668,1.0,-0.5839262187088274
silhouette,0.5686429512516469,0.632806324110672,0.5993412384716732,0.6242424242424243,0.6582345191040844,-0.5839262187088274,1.0
