,abilities,v_measure,mutual_info,adjusted_rand_score,calinski_harabasz,davies_bouldin,silhouette
abilities,1.0,0.7190668598002592,0.7581001753449722,0.8203095219943585,0.7154074864679424,-0.42021803766105054,0.33978806129450334
v_measure,0.7190668598002592,1.0,0.8877792178089502,0.9190363650224899,0.8435617900434551,-0.7109857436913929,0.6639475489822368
mutual_info,0.7581001753449722,0.8877792178089502,1.0,0.8240451322710985,0.756346725623237,-0.5959441945566821,0.46031867042768926
adjusted_rand_score,0.8203095219943585,0.9190363650224899,0.8240451322710985,1.0,0.7638179461767173,-0.5781809865060609,0.5281695509643973
calinski_harabasz,0.7154074864679424,0.8435617900434551,0.756346725623237,0.7638179461767173,1.0,-0.87634367614546,0.73751620035069
davies_bouldin,-0.42021803766105054,-0.7109857436913929,-0.5959441945566821,-0.5781809865060609,-0.87634367614546,1.0,-0.8203857589387817
silhouette,0.33978806129450334,0.6639475489822368,0.46031867042768926,0.5281695509643973,0.73751620035069,-0.8203857589387817,1.0
