,abilities,v_measure,mutual_info,adjusted_rand_score,calinski_harabasz,davies_bouldin,silhouette
abilities,1.0,0.8130434782608695,0.8252577493854096,0.8843214756258234,0.7011857707509881,-0.5831357048748353,0.5229249011857707
v_measure,0.8130434782608695,1.0,0.9856714653392271,0.9349143610013175,0.8961791831357049,-0.8450592885375494,0.5951251646903821
mutual_info,0.8252577493854096,0.9856714653392271,1.0,0.9441022436690593,0.8794756090281167,-0.7986429069848583,0.553443789621364
adjusted_rand_score,0.8843214756258234,0.9349143610013175,0.9441022436690593,1.0,0.8098814229249012,-0.7028985507246377,0.5382081686429513
calinski_harabasz,0.7011857707509881,0.8961791831357049,0.8794756090281167,0.8098814229249012,1.0,-0.9003952569169961,0.6474308300395257
davies_bouldin,-0.5831357048748353,-0.8450592885375494,-0.7986429069848583,-0.7028985507246377,-0.9003952569169961,1.0,-0.5818181818181818
silhouette,0.5229249011857707,0.5951251646903821,0.553443789621364,0.5382081686429513,0.6474308300395257,-0.5818181818181818,1.0
