,abilities,v_measure,mutual_info,adjusted_rand_score,calinski_harabasz,davies_bouldin,silhouette
abilities,1.0,0.8450592885375494,0.8582345191040843,0.8665349143610013,0.7819499341238472,-0.6616600790513834,0.5656126482213438
v_measure,0.8450592885375494,1.0,0.9907773386034255,0.957707509881423,0.9031620553359684,-0.8654808959156786,0.6329380764163373
mutual_info,0.8582345191040843,0.9907773386034255,1.0,0.9594202898550724,0.8837944664031621,-0.8474308300395257,0.6068511198945982
adjusted_rand_score,0.8665349143610013,0.957707509881423,0.9594202898550724,1.0,0.8566534914361001,-0.7704874835309617,0.6246376811594203
calinski_harabasz,0.7819499341238472,0.9031620553359684,0.8837944664031621,0.8566534914361001,1.0,-0.9335968379446641,0.6579710144927536
davies_bouldin,-0.6616600790513834,-0.8654808959156786,-0.8474308300395257,-0.7704874835309617,-0.9335968379446641,1.0,-0.5851119894598156
silhouette,0.5656126482213438,0.6329380764163373,0.6068511198945982,0.6246376811594203,0.6579710144927536,-0.5851119894598156,1.0
