,abilities,v_measure,mutual_info,adjusted_rand_score,calinski_harabasz,davies_bouldin,silhouette
abilities,1.0,0.48760305178724433,0.421650055570485,0.5276547313927576,0.49687778768956287,-0.5000769017810452,0.7599434002891508
v_measure,0.48760305178724433,1.0,0.9773587227366414,0.9678223151936506,0.8546511631950672,-0.8398240437097696,0.5818567739925384
mutual_info,0.421650055570485,0.9773587227366414,1.0,0.9439505337311963,0.8313338259132091,-0.8236434112424117,0.5557708874291933
adjusted_rand_score,0.5276547313927576,0.9678223151936506,0.9439505337311963,1.0,0.8310262093263773,-0.8131844472901271,0.5835179035614307
calinski_harabasz,0.49687778768956287,0.8546511631950672,0.8313338259132091,0.8310262093263773,1.0,-0.983635300993571,0.579378018394906
davies_bouldin,-0.5000769017810452,-0.8398240437097696,-0.8236434112424117,-0.8131844472901271,-0.983635300993571,1.0,-0.5738410901596481
silhouette,0.7599434002891508,0.5818567739925384,0.5557708874291933,0.5835179035614307,0.579378018394906,-0.5738410901596481,1.0
