,abilities,v_measure,mutual_info,adjusted_rand_score,calinski_harabasz,davies_bouldin,silhouette
abilities,1.0,0.4890488497453543,0.42217300376809924,0.5259013168478158,0.5040757943953982,-0.5054907871666308,0.7632655572303054
v_measure,0.4890488497453543,1.0,0.9792660042452395,0.9680684160334697,0.8546511631950672,-0.8389627172666403,0.5820413439446376
mutual_info,0.42217300376809924,0.9792660042452395,1.0,0.9456732396099302,0.8320105824042393,-0.8253660641286703,0.5562630739681244
adjusted_rand_score,0.5259013168478158,0.9680684160334697,0.9456732396099302,1.0,0.8310262093263773,-0.8126307374338296,0.5836409501961635
calinski_harabasz,0.5040757943953982,0.8546511631950672,0.8320105824042393,0.8310262093263773,1.0,-0.9832046510197177,0.5791934541203975
davies_bouldin,-0.5054907871666308,-0.8389627172666403,-0.8253660641286703,-0.8126307374338296,-0.9832046510197177,1.0,-0.5741486972838291
silhouette,0.7632655572303054,0.5820413439446376,0.5562630739681244,0.5836409501961635,0.5791934541203975,-0.5741486972838291,1.0
