,abilities,v_measure,mutual_info,adjusted_rand_score,calinski_harabasz,davies_bouldin,silhouette
abilities,1.0,0.7951951472583606,0.7412676717153156,0.845598212147817,0.835581451033602,-0.7975895921462207,0.8368185808923297
v_measure,0.7951951472583606,1.0,0.9702587024457515,0.9679942533322692,0.8558145103360204,-0.8507063612419188,0.6779471625828078
mutual_info,0.7412676717153156,0.9702587024457515,1.0,0.9286747613476138,0.8366872524884896,-0.8413365126976384,0.6322395267248049
adjusted_rand_score,0.845598212147817,0.9679942533322692,0.9286747613476138,1.0,0.8549365472104717,-0.8487109905020352,0.7050442972304254
calinski_harabasz,0.835581451033602,0.8558145103360204,0.8366872524884896,0.8549365472104717,1.0,-0.9691116609466038,0.7838614414558225
davies_bouldin,-0.7975895921462207,-0.8507063612419188,-0.8413365126976384,-0.8487109905020352,-0.9691116609466038,1.0,-0.7284699497166574
silhouette,0.8368185808923297,0.6779471625828078,0.6322395267248049,0.7050442972304254,0.7838614414558225,-0.7284699497166574,1.0
