,abilities,v_measure,mutual_info,adjusted_rand_score,calinski_harabasz,davies_bouldin,silhouette
abilities,1.0,0.491109880877128,0.4269410608639937,0.5281469179316888,0.5069673013626995,-0.5101048940293457,0.7623427358577625
v_measure,0.491109880877128,1.0,0.9782200756760082,0.9677607899836959,0.8545281165603344,-0.8393933804882049,0.5816106807230729
mutual_info,0.4269410608639937,0.9782200756760082,1.0,0.944319684990925,0.8318260124521402,-0.8245662610029073,0.5562015506507579
adjusted_rand_score,0.5281469179316888,0.9677607899836959,0.944319684990925,1.0,0.830657069422179,-0.8131844472901271,0.5827181004356677
calinski_harabasz,0.5069673013626995,0.8545281165603344,0.8318260124521402,0.830657069422179,1.0,-0.9834507367190625,0.5793164969700698
davies_bouldin,-0.5101048940293457,-0.8393933804882049,-0.8245662610029073,-0.8131844472901271,-0.9834507367190625,1.0,-0.5737180473099757
silhouette,0.7623427358577625,0.5816106807230729,0.5562015506507579,0.5827181004356677,0.5793164969700698,-0.5737180473099757,1.0
