,abilities,v_measure,mutual_info,adjusted_rand_score,calinski_harabasz,davies_bouldin,silhouette
abilities,1.0,0.07496846836537092,0.02316424155893488,0.03719198943526198,0.23907961117263443,-0.36415651531930604,0.5968992248062015
v_measure,0.07496846836537092,1.0,0.996308373838676,0.9571771365286409,0.8352662507413013,-0.7757713726868789,0.4196019320901352
mutual_info,0.02316424155893488,0.996308373838676,1.0,0.9563157570909986,0.8282523768031378,-0.7683268222788282,0.399421663215419
adjusted_rand_score,0.03719198943526198,0.9571771365286409,0.9563157570909986,1.0,0.7840157508247203,-0.7076014400247279,0.3837942598795107
calinski_harabasz,0.23907961117263443,0.8352662507413013,0.8282523768031378,0.7840157508247203,1.0,-0.9631475329149748,0.5491571305524794
davies_bouldin,-0.36415651531930604,-0.7757713726868789,-0.7683268222788282,-0.7076014400247279,-0.9631475329149748,1.0,-0.5782576596530085
silhouette,0.5968992248062015,0.4196019320901352,0.399421663215419,0.3837942598795107,0.5491571305524794,-0.5782576596530085,1.0
