,abilities,v_measure,mutual_info,adjusted_rand_score,calinski_harabasz,davies_bouldin,silhouette
abilities,1.0,0.8001615212861981,0.8310052777623325,0.801613855540248,0.7575687653122858,-0.7148945700344081,0.5044689818051021
v_measure,0.8001615212861981,1.0,0.9770287865235369,0.9983983603553468,0.8896090234748794,-0.8702671887830932,0.5063828054482894
mutual_info,0.8310052777623325,0.9770287865235369,1.0,0.9756898695476953,0.884786242380783,-0.8459032778183976,0.47557379467292354
adjusted_rand_score,0.801613855540248,0.9983983603553468,0.9756898695476953,1.0,0.8892968394763453,-0.8696428207860251,0.5059891821457899
calinski_harabasz,0.7575687653122858,0.8896090234748794,0.884786242380783,0.8892968394763453,1.0,-0.8685026705305092,0.41540152970159283
davies_bouldin,-0.7148945700344081,-0.8702671887830932,-0.8459032778183976,-0.8696428207860251,-0.8685026705305092,1.0,-0.4918323164731352
silhouette,0.5044689818051021,0.5063828054482894,0.47557379467292354,0.5059891821457899,0.41540152970159283,-0.4918323164731352,1.0
