,abilities,v_measure,mutual_info,adjusted_rand_score,calinski_harabasz,davies_bouldin,silhouette
abilities,1.0,0.8461340083746751,0.8770055374638085,0.845682175256059,0.8410983447461469,-0.7850545304006135,0.471798247697643
v_measure,0.8461340083746751,1.0,0.9757261449906004,0.9973158871712032,0.8901112325159994,-0.856408933891645,0.5102240259519916
mutual_info,0.8770055374638085,0.9757261449906004,1.0,0.9739633068305285,0.8855237815867423,-0.8343871454165304,0.48062188570499126
adjusted_rand_score,0.845682175256059,0.9973158871712032,0.9739633068305285,1.0,0.8843184694839118,-0.8487293728861848,0.5120785077583715
calinski_harabasz,0.8410983447461469,0.8901112325159994,0.8855237815867423,0.8843184694839118,1.0,-0.8684619508785265,0.4143156723153873
davies_bouldin,-0.7850545304006135,-0.856408933891645,-0.8343871454165304,-0.8487293728861848,-0.8684619508785265,1.0,-0.5110655654263008
silhouette,0.471798247697643,0.5102240259519916,0.48062188570499126,0.5120785077583715,0.4143156723153873,-0.5110655654263008,1.0
