,abilities,v_measure,mutual_info,adjusted_rand_score,calinski_harabasz,davies_bouldin,silhouette
abilities,1.0,0.8009203953084274,0.8283627647023842,0.8024815377932233,0.7580636403127715,-0.7196731103388357,0.5118918331885317
v_measure,0.8009203953084274,1.0,0.9827470619064634,0.998398132059079,0.8918331885317116,-0.8754615551694179,0.5114710034752389
mutual_info,0.8283627647023842,0.9827470619064634,1.0,0.9813672955803022,0.887148966451001,-0.8514857452028808,0.4857796999855925
adjusted_rand_score,0.8024815377932233,0.998398132059079,0.9813672955803022,1.0,0.8916974370112946,-0.8744569939183319,0.5113895525629887
calinski_harabasz,0.7580636403127715,0.8918331885317116,0.887148966451001,0.8916974370112946,1.0,-0.876235338835795,0.42313748913987836
davies_bouldin,-0.7196731103388357,-0.8754615551694179,-0.8514857452028808,-0.8744569939183319,-0.876235338835795,1.0,-0.49137977845351866
silhouette,0.5118918331885317,0.5114710034752389,0.4857796999855925,0.5113895525629887,0.42313748913987836,-0.49137977845351866,1.0
