,abilities,v_measure,mutual_info,adjusted_rand_score,calinski_harabasz,davies_bouldin,silhouette
abilities,1.0,0.8412763068567549,0.8660101645692653,0.8407603530210455,0.7799728445349626,-0.7569314324507808,0.512111337406653
v_measure,0.8412763068567549,1.0,0.9752746850387514,0.998234894772573,0.8910794297352342,-0.8741072640868975,0.4830685675492193
mutual_info,0.8660101645692653,0.9752746850387514,1.0,0.9725500365275728,0.8845051601987622,-0.8459727868648617,0.4415561300435312
adjusted_rand_score,0.8407603530210455,0.998234894772573,0.9725500365275728,1.0,0.8898710115410726,-0.8727359131025119,0.48249830278343514
calinski_harabasz,0.7799728445349626,0.8910794297352342,0.8845051601987622,0.8898710115410726,1.0,-0.8714596062457569,0.3915682281059063
davies_bouldin,-0.7569314324507808,-0.8741072640868975,-0.8459727868648617,-0.8727359131025119,-0.8714596062457569,1.0,-0.46210454854039373
silhouette,0.512111337406653,0.4830685675492193,0.4415561300435312,0.48249830278343514,0.3915682281059063,-0.46210454854039373,1.0
