,abilities,v_measure,mutual_info,adjusted_rand_score,calinski_harabasz,davies_bouldin,silhouette
abilities,1.0,0.6687296416938111,0.6726384364820847,0.3711183496199783,0.3053203040173724,-0.13387622149837133,-0.3477741585233442
v_measure,0.6687296416938111,1.0,0.9984799131378936,0.010532030401737242,-0.26319218241042347,0.5230184581976113,-0.8259500542888165
mutual_info,0.6726384364820847,0.9984799131378936,1.0,-0.003691639522258415,-0.2648208469055375,0.5249728555917481,-0.8246471226927253
adjusted_rand_score,0.3711183496199783,0.010532030401737242,-0.003691639522258415,1.0,0.48935939196525513,-0.40162866449511403,0.15722041259500544
calinski_harabasz,0.3053203040173724,-0.26319218241042347,-0.2648208469055375,0.48935939196525513,1.0,-0.8725298588490771,0.43550488599348536
davies_bouldin,-0.13387622149837133,0.5230184581976113,0.5249728555917481,-0.40162866449511403,-0.8725298588490771,1.0,-0.7066232356134636
silhouette,-0.3477741585233442,-0.8259500542888165,-0.8246471226927253,0.15722041259500544,0.43550488599348536,-0.7066232356134636,1.0
