,abilities,v_measure,mutual_info,adjusted_rand_score,calinski_harabasz,davies_bouldin,silhouette
abilities,1.0,0.9290179471667674,0.4502923976608187,0.9330510183504739,0.8370639241782617,-0.26033474490824765,0.7217180883242589
v_measure,0.9290179471667674,1.0,0.5910465819721719,0.9568461383343416,0.7551925791490219,-0.15749142972373462,0.588626739261948
mutual_info,0.4502923976608187,0.5910465819721719,1.0,0.5712845331720104,0.32526719096592055,0.2692075015124017,0.09094575519257915
adjusted_rand_score,0.9330510183504739,0.9568461383343416,0.5712845331720104,1.0,0.6906634402097197,-0.1111111111111111,0.5696713046985279
calinski_harabasz,0.8370639241782617,0.7551925791490219,0.32526719096592055,0.6906634402097197,1.0,-0.5446662633595483,0.888283928211333
davies_bouldin,-0.26033474490824765,-0.15749142972373462,0.2692075015124017,-0.1111111111111111,-0.5446662633595483,1.0,-0.7624521072796935
silhouette,0.7217180883242589,0.588626739261948,0.09094575519257915,0.5696713046985279,0.888283928211333,-0.7624521072796935,1.0
