,abilities,v_measure,mutual_info,adjusted_rand_score,calinski_harabasz,davies_bouldin,silhouette
abilities,1.0,0.9314377898769913,0.4398064125831821,0.9229683403912079,0.8459366807824158,-0.27364387981447874,0.730590844928413
v_measure,0.9314377898769913,1.0,0.5926598104456544,0.9604759023996774,0.7592256503327284,-0.15749142972373462,0.5894333534986893
mutual_info,0.4398064125831821,0.5926598104456544,1.0,0.5765275257108288,0.32526719096592055,0.2720306513409962,0.09094575519257915
adjusted_rand_score,0.9229683403912079,0.9604759023996774,0.5765275257108288,1.0,0.6963097398669087,-0.13651945956846137,0.5773341399475701
calinski_harabasz,0.8459366807824158,0.7592256503327284,0.32526719096592055,0.6963097398669087,1.0,-0.5466827989514015,0.888283928211333
davies_bouldin,-0.27364387981447874,-0.15749142972373462,0.2720306513409962,-0.13651945956846137,-0.5466827989514015,1.0,-0.7632587215164348
silhouette,0.730590844928413,0.5894333534986893,0.09094575519257915,0.5773341399475701,0.888283928211333,-0.7632587215164348,1.0
