,abilities,v_measure,mutual_info,adjusted_rand_score,calinski_harabasz,davies_bouldin,silhouette
abilities,1.0,0.93063117564025,0.4458560193587417,0.9330510183504739,0.8350473885864086,-0.26356120185521276,0.724944545271224
v_measure,0.93063117564025,1.0,0.5926598104456544,0.9560395240976003,0.7543859649122807,-0.15991127243395845,0.5874168179068361
mutual_info,0.4458560193587417,0.5926598104456544,1.0,0.5769308328291994,0.3196208913087316,0.27283726557773746,0.0885259124823553
adjusted_rand_score,0.9330510183504739,0.9560395240976003,0.5769308328291994,1.0,0.685823754789272,-0.10990118975599919,0.5660415406331922
calinski_harabasz,0.8350473885864086,0.7543859649122807,0.3196208913087316,0.685823754789272,1.0,-0.5446662633595483,0.888283928211333
davies_bouldin,-0.26356120185521276,-0.15991127243395845,0.27283726557773746,-0.10990118975599919,-0.5446662633595483,1.0,-0.7624521072796935
silhouette,0.724944545271224,0.5874168179068361,0.0885259124823553,0.5660415406331922,0.888283928211333,-0.7624521072796935,1.0
