,abilities,v_measure,mutual_info,adjusted_rand_score,calinski_harabasz,davies_bouldin,silhouette
abilities,1.0,0.9287082834349152,0.43662398124573104,0.924271457759439,0.8391650743480309,-0.2837551693361402,0.7300594975101831
v_measure,0.9287082834349152,1.0,0.594273038919137,0.9584593668078242,0.7604355716878403,-0.16878402903811252,0.5894333534986893
mutual_info,0.43662398124573104,0.594273038919137,1.0,0.5716878402903811,0.3264771123210325,0.25146198830409355,0.09538213349465618
adjusted_rand_score,0.924271457759439,0.9584593668078242,0.5716878402903811,1.0,0.6967130469852792,-0.1449889090542448,0.5749142972373462
calinski_harabasz,0.8391650743480309,0.7604355716878403,0.3264771123210325,0.6967130469852792,1.0,-0.5523290986085905,0.8854607783827384
davies_bouldin,-0.2837551693361402,-0.16878402903811252,0.25146198830409355,-0.1449889090542448,-0.5523290986085905,1.0,-0.7757612421859246
silhouette,0.7300594975101831,0.5894333534986893,0.09538213349465618,0.5749142972373462,0.8854607783827384,-0.7757612421859246,1.0
