,abilities,v_measure,mutual_info,adjusted_rand_score,calinski_harabasz,davies_bouldin,silhouette
abilities,1.0,0.9373064829705015,0.9473267327414885,-0.24283811208327694,-0.5029162566305835,0.49081919208890384,-0.7185992367328324
v_measure,0.9373064829705015,1.0,0.9964116412358723,-0.13900123624337815,-0.5108849578762931,0.46758514749297936,-0.7157189832705279
mutual_info,0.9473267327414885,0.9964116412358723,1.0,-0.18232879676887842,-0.5172037204092833,0.47395139517364526,-0.7152715272042252
adjusted_rand_score,-0.24283811208327694,-0.13900123624337815,-0.18232879676887842,1.0,0.3883681579032738,-0.33716980927486323,0.3687097202442638
calinski_harabasz,-0.5029162566305835,-0.5108849578762931,-0.5172037204092833,0.3883681579032738,1.0,-0.44809543239805105,0.8312651513333174
davies_bouldin,0.49081919208890384,0.46758514749297936,0.47395139517364526,-0.33716980927486323,-0.44809543239805105,1.0,-0.5724743777452416
silhouette,-0.7185992367328324,-0.7157189832705279,-0.7152715272042252,0.3687097202442638,0.8312651513333174,-0.5724743777452416,1.0
