,abilities,v_measure,mutual_info,adjusted_rand_score,calinski_harabasz,davies_bouldin,silhouette
abilities,1.0,0.6923288453602957,0.4448721492426364,0.6890294227453936,0.6843841642228738,-0.6942815249266863,0.8178152492668622
v_measure,0.6923288453602957,1.0,0.8735105407882676,0.9904674610449129,0.9813949266769986,-0.8959765412023102,0.7464027159934139
mutual_info,0.4448721492426364,0.8735105407882676,1.0,0.8529789184234647,0.8464852019787783,-0.80249290044675,0.6107597862696599
adjusted_rand_score,0.6890294227453936,0.9904674610449129,0.8529789184234647,1.0,0.9843277467791337,-0.8912107085363404,0.7434698958912787
calinski_harabasz,0.6843841642228738,0.9813949266769986,0.8464852019787783,0.9843277467791337,1.0,-0.9021260997067448,0.7602639296187683
davies_bouldin,-0.6942815249266863,-0.8959765412023102,-0.80249290044675,-0.8912107085363404,-0.9021260997067448,1.0,-0.7441348973607038
silhouette,0.8178152492668622,0.7464027159934139,0.6107597862696599,0.7434698958912787,0.7602639296187683,-0.7441348973607038,1.0
