,abilities,v_measure,mutual_info,adjusted_rand_score,calinski_harabasz,davies_bouldin,silhouette
abilities,1.0,0.6550586510263929,0.3845307917888563,0.6455278592375366,0.6458944281524927,-0.6414956011730205,0.7947214076246334
v_measure,0.6550586510263929,1.0,0.876099706744868,0.9941348973607038,0.9864369501466276,-0.8973607038123167,0.7708944281524927
mutual_info,0.3845307917888563,0.876099706744868,1.0,0.8577712609970675,0.8497067448680352,-0.8178152492668622,0.6381964809384164
adjusted_rand_score,0.6455278592375366,0.9941348973607038,0.8577712609970675,1.0,0.9919354838709677,-0.8947947214076246,0.7668621700879765
calinski_harabasz,0.6458944281524927,0.9864369501466276,0.8497067448680352,0.9919354838709677,1.0,-0.9024926686217009,0.7719941348973607
davies_bouldin,-0.6414956011730205,-0.8973607038123167,-0.8178152492668622,-0.8947947214076246,-0.9024926686217009,1.0,-0.7602639296187683
silhouette,0.7947214076246334,0.7708944281524927,0.6381964809384164,0.7668621700879765,0.7719941348973607,-0.7602639296187683,1.0
