,abilities,v_measure,mutual_info,adjusted_rand_score,calinski_harabasz,davies_bouldin,silhouette
abilities,1.0,-0.09778022381214456,-0.24910467292235902,-0.22289488167308752,0.21953233292902896,-0.6195193542469272,0.7534397358282884
v_measure,-0.09778022381214456,1.0,0.9673932209506951,0.9343239772518804,0.8816139719213385,-0.5175197211520822,0.2056503393872684
mutual_info,-0.24910467292235902,0.9673932209506951,1.0,0.9299172967057384,0.8275493398218314,-0.46146824364378014,0.11499964988893566
adjusted_rand_score,-0.22289488167308752,0.9343239772518804,0.9299172967057384,1.0,0.8027510620136673,-0.3542469271693267,0.0787011557512383
calinski_harabasz,0.21953233292902896,0.8816139719213385,0.8275493398218314,0.8027510620136673,1.0,-0.7657038345686683,0.5980743004858509
davies_bouldin,-0.6195193542469272,-0.5175197211520822,-0.46146824364378014,-0.3542469271693267,-0.7657038345686683,1.0,-0.7820583379196477
silhouette,0.7534397358282884,0.2056503393872684,0.11499964988893566,0.0787011557512383,0.5980743004858509,-0.7820583379196477,1.0
