,abilities,v_measure,mutual_info,adjusted_rand_score,calinski_harabasz,davies_bouldin,silhouette
abilities,1.0,0.6451612903225806,0.36033724340175954,0.6414956011730205,0.6418621700879765,-0.6337976539589443,0.7895894428152492
v_measure,0.6451612903225806,1.0,0.8676686217008798,0.9941348973607038,0.9860703812316716,-0.8962609970674487,0.7683284457478006
mutual_info,0.36033724340175954,0.8676686217008798,1.0,0.8541055718475073,0.8456744868035191,-0.8093841642228738,0.626466275659824
adjusted_rand_score,0.6414956011730205,0.9941348973607038,0.8541055718475073,1.0,0.9919354838709677,-0.8929618768328446,0.7675953079178885
calinski_harabasz,0.6418621700879765,0.9860703812316716,0.8456744868035191,0.9919354838709677,1.0,-0.9002932551319648,0.7727272727272727
davies_bouldin,-0.6337976539589443,-0.8962609970674487,-0.8093841642228738,-0.8929618768328446,-0.9002932551319648,1.0,-0.7573313782991202
silhouette,0.7895894428152492,0.7683284457478006,0.626466275659824,0.7675953079178885,0.7727272727272727,-0.7573313782991202,1.0
