,abilities,v_measure,mutual_info,adjusted_rand_score,calinski_harabasz,davies_bouldin,silhouette
abilities,1.0,0.7159090909090909,0.4596774193548387,0.7096774193548387,0.6997800586510264,-0.7210410557184751,0.8148826979472141
v_measure,0.7159090909090909,1.0,0.8662023460410557,0.9904692082111437,0.9853372434017595,-0.8911290322580645,0.7657624633431085
mutual_info,0.4596774193548387,0.8662023460410557,1.0,0.8486070381231672,0.844574780058651,-0.8093841642228738,0.6345307917888563
adjusted_rand_score,0.7096774193548387,0.9904692082111437,0.8486070381231672,1.0,0.9901026392961877,-0.8889296187683284,0.7653958944281525
calinski_harabasz,0.6997800586510264,0.9853372434017595,0.844574780058651,0.9901026392961877,1.0,-0.8907624633431085,0.7730938416422287
davies_bouldin,-0.7210410557184751,-0.8911290322580645,-0.8093841642228738,-0.8889296187683284,-0.8907624633431085,1.0,-0.7719941348973607
silhouette,0.8148826979472141,0.7657624633431085,0.6345307917888563,0.7653958944281525,0.7730938416422287,-0.7719941348973607,1.0
