,abilities,v_measure,mutual_info,adjusted_rand_score,calinski_harabasz,davies_bouldin,silhouette
abilities,1.0,0.6444281524926686,0.3548387096774194,0.6392961876832844,0.6414956011730205,-0.6301319648093842,0.7881231671554252
v_measure,0.6444281524926686,1.0,0.8676686217008798,0.9937683284457478,0.9860703812316716,-0.8962609970674487,0.7679618768328446
mutual_info,0.3548387096774194,0.8676686217008798,1.0,0.8537390029325513,0.8456744868035191,-0.8093841642228738,0.626099706744868
adjusted_rand_score,0.6392961876832844,0.9937683284457478,0.8537390029325513,1.0,0.9915689149560117,-0.8925953079178885,0.7675953079178885
calinski_harabasz,0.6414956011730205,0.9860703812316716,0.8456744868035191,0.9915689149560117,1.0,-0.9002932551319648,0.7723607038123167
davies_bouldin,-0.6301319648093842,-0.8962609970674487,-0.8093841642228738,-0.8925953079178885,-0.9002932551319648,1.0,-0.7569648093841642
silhouette,0.7881231671554252,0.7679618768328446,0.626099706744868,0.7675953079178885,0.7723607038123167,-0.7569648093841642,1.0
