,abilities,v_measure,mutual_info,adjusted_rand_score,calinski_harabasz,davies_bouldin,silhouette
abilities,1.0,0.8311444652908068,0.8877101848907492,0.8172896521864627,0.7354596622889306,-0.48665031029008515,0.5791600519555491
v_measure,0.8311444652908068,1.0,0.9507108345460311,0.9559821041997402,0.7691586087458507,-0.6973589262519844,0.6749170154423437
mutual_info,0.8877101848907492,0.9507108345460311,1.0,0.9265353275190902,0.7236775655706392,-0.5531500339149331,0.5725626052291036
adjusted_rand_score,0.8172896521864627,0.9559821041997402,0.9265353275190902,1.0,0.7385625631404243,-0.6285899841246934,0.6359503535863761
calinski_harabasz,0.7354596622889306,0.7691586087458507,0.7236775655706392,0.7385625631404243,1.0,-0.8626785972001731,0.7419541059315918
davies_bouldin,-0.48665031029008515,-0.6973589262519844,-0.5531500339149331,-0.6285899841246934,-0.8626785972001731,1.0,-0.6995959012844566
silhouette,0.5791600519555491,0.6749170154423437,0.5725626052291036,0.6359503535863761,0.7419541059315918,-0.6995959012844566,1.0
