,abilities,v_measure,mutual_info,adjusted_rand_score,calinski_harabasz,davies_bouldin,silhouette
abilities,1.0,0.760368746853903,0.8345510636201374,0.7852645632783688,0.7671158739138669,-0.49607620292750837,0.5913658423144856
v_measure,0.760368746853903,1.0,0.939890316062924,0.9573531534131909,0.7870544090056285,-0.7034925674700534,0.6715976331360947
mutual_info,0.8345510636201374,0.939890316062924,1.0,0.9176648867080387,0.7361091066531967,-0.5459662288930581,0.5563573387213162
adjusted_rand_score,0.7852645632783688,0.9573531534131909,0.9176648867080387,1.0,0.7559532400057728,-0.6392697358926251,0.6456198585654496
calinski_harabasz,0.7671158739138669,0.7870544090056285,0.7361091066531967,0.7559532400057728,1.0,-0.8538028575552028,0.741521143022081
davies_bouldin,-0.49607620292750837,-0.7034925674700534,-0.5459662288930581,-0.6392697358926251,-0.8538028575552028,1.0,-0.6928128157021215
silhouette,0.5913658423144856,0.6715976331360947,0.5563573387213162,0.6456198585654496,0.741521143022081,-0.6928128157021215,1.0
