,abilities,v_measure,mutual_info,adjusted_rand_score,calinski_harabasz,davies_bouldin,silhouette
abilities,1.0,0.8300620580170299,0.8874215221202782,0.8170731707317073,0.7374801558666474,-0.48650598932024824,0.5762014720738924
v_measure,0.8300620580170299,1.0,0.9504943374681779,0.9560542646846587,0.7687978063212585,-0.6975754077067398,0.6749170154423437
mutual_info,0.8874215221202782,0.9504943374681779,1.0,0.9265353275190902,0.7236775655706392,-0.5531500339149331,0.5727069366143391
adjusted_rand_score,0.8170731707317073,0.9560542646846587,0.9265353275190902,1.0,0.7385625631404243,-0.6285899841246934,0.6355173906768653
calinski_harabasz,0.7374801558666474,0.7687978063212585,0.7236775655706392,0.7385625631404243,1.0,-0.8626785972001731,0.7420984269014288
davies_bouldin,-0.48650598932024824,-0.6975754077067398,-0.5531500339149331,-0.6285899841246934,-0.8626785972001731,1.0,-0.699812382739212
silhouette,0.5762014720738924,0.6749170154423437,0.5727069366143391,0.6355173906768653,0.7420984269014288,-0.699812382739212,1.0
