,abilities,v_measure,mutual_info,adjusted_rand_score,calinski_harabasz,davies_bouldin,silhouette
abilities,1.0,0.7684615384615384,0.3376923076923077,0.7630769230769231,0.7646153846153846,-0.7592307692307693,0.8053846153846154
v_measure,0.7684615384615384,1.0,0.7538461538461538,0.98,0.9753846153846154,-0.7861538461538462,0.8592307692307692
mutual_info,0.3376923076923077,0.7538461538461538,1.0,0.7023076923076923,0.6961538461538461,-0.6192307692307693,0.5923076923076923
adjusted_rand_score,0.7630769230769231,0.98,0.7023076923076923,1.0,0.99,-0.7823076923076923,0.8523076923076923
calinski_harabasz,0.7646153846153846,0.9753846153846154,0.6961538461538461,0.99,1.0,-0.7861538461538462,0.8676923076923077
davies_bouldin,-0.7592307692307693,-0.7861538461538462,-0.6192307692307693,-0.7823076923076923,-0.7861538461538462,1.0,-0.8415384615384616
silhouette,0.8053846153846154,0.8592307692307692,0.5923076923076923,0.8523076923076923,0.8676923076923077,-0.8415384615384616,1.0
