,abilities,v_measure,mutual_info,adjusted_rand_score,calinski_harabasz,davies_bouldin,silhouette
abilities,1.0,0.7461538461538462,0.3007692307692308,0.7323076923076923,0.7353846153846154,-0.7392307692307692,0.8015384615384615
v_measure,0.7461538461538462,1.0,0.7361538461538462,0.9876923076923076,0.9769230769230769,-0.7892307692307692,0.8569230769230769
mutual_info,0.3007692307692308,0.7361538461538462,1.0,0.7023076923076923,0.696923076923077,-0.6238461538461538,0.6
adjusted_rand_score,0.7323076923076923,0.9876923076923076,0.7023076923076923,1.0,0.99,-0.78,0.8553846153846154
calinski_harabasz,0.7353846153846154,0.9769230769230769,0.696923076923077,0.99,1.0,-0.79,0.8715384615384615
davies_bouldin,-0.7392307692307692,-0.7892307692307692,-0.6238461538461538,-0.78,-0.79,1.0,-0.8453846153846154
silhouette,0.8015384615384615,0.8569230769230769,0.6,0.8553846153846154,0.8715384615384615,-0.8453846153846154,1.0
