,abilities,v_measure,mutual_info,adjusted_rand_score,calinski_harabasz,davies_bouldin,silhouette
abilities,1.0,0.7492307692307693,0.27384615384615385,0.7361538461538462,0.7361538461538462,-0.7438461538461538,0.79
v_measure,0.7492307692307693,1.0,0.7292307692307692,0.9853846153846154,0.98,-0.8046153846153846,0.8630769230769231
mutual_info,0.27384615384615385,0.7292307692307692,1.0,0.6946153846153846,0.6907692307692308,-0.6138461538461538,0.5869230769230769
adjusted_rand_score,0.7361538461538462,0.9853846153846154,0.6946153846153846,1.0,0.9853846153846154,-0.7915384615384615,0.8469230769230769
calinski_harabasz,0.7361538461538462,0.98,0.6907692307692308,0.9853846153846154,1.0,-0.7976923076923077,0.8715384615384615
davies_bouldin,-0.7438461538461538,-0.8046153846153846,-0.6138461538461538,-0.7915384615384615,-0.7976923076923077,1.0,-0.8538461538461538
silhouette,0.79,0.8630769230769231,0.5869230769230769,0.8469230769230769,0.8715384615384615,-0.8538461538461538,1.0
