,abilities,v_measure,mutual_info,adjusted_rand_score,calinski_harabasz,davies_bouldin,silhouette
abilities,1.0,0.8113633159452982,0.8625211591665884,0.8442126039757507,0.6854645425066968,-0.29338784717326943,0.5833920766953334
v_measure,0.8113633159452982,1.0,0.932459118124677,0.9214718736782743,0.6966022839419146,-0.561257577893698,0.6509234456506415
mutual_info,0.8625211591665884,0.932459118124677,1.0,0.8695713566422022,0.6582064363233014,-0.3962210981294938,0.5184715223566365
adjusted_rand_score,0.8442126039757507,0.9214718736782743,0.8695713566422022,1.0,0.6447201466234316,-0.4569293669815311,0.6117298745241788
calinski_harabasz,0.6854645425066968,0.6966022839419146,0.6582064363233014,0.6447201466234316,1.0,-0.7748484421260398,0.8409699703933455
davies_bouldin,-0.29338784717326943,-0.561257577893698,-0.3962210981294938,-0.4569293669815311,-0.7748484421260398,1.0,-0.7360778232059777
silhouette,0.5833920766953334,0.6509234456506415,0.5184715223566365,0.6117298745241788,0.8409699703933455,-0.7360778232059777,1.0
