,abilities,v_measure,mutual_info,adjusted_rand_score,calinski_harabasz,davies_bouldin,silhouette
abilities,1.0,0.8124911884957,0.8609701157219534,0.8284223882701255,0.6923727618779077,-0.3049485408148879,0.581841251938531
v_measure,0.8124911884957,1.0,0.9273829759422351,0.9282391089806852,0.7095728182715353,-0.5504018045960807,0.6490906527562386
mutual_info,0.8609701157219534,0.9273829759422351,1.0,0.8537789142968273,0.6597574797679364,-0.36364918579215816,0.5083192379917527
adjusted_rand_score,0.8284223882701255,0.9282391089806852,0.8537789142968273,1.0,0.6758776258282814,-0.5130410263640208,0.6279430424362047
calinski_harabasz,0.6923727618779077,0.7095728182715353,0.6597574797679364,0.6758776258282814,1.0,-0.7573664175948118,0.8153108698717045
davies_bouldin,-0.3049485408148879,-0.5504018045960807,-0.36364918579215816,-0.5130410263640208,-0.7573664175948118,1.0,-0.7404483293387847
silhouette,0.581841251938531,0.6490906527562386,0.5083192379917527,0.6279430424362047,0.8153108698717045,-0.7404483293387847,1.0
