,abilities,v_measure,mutual_info,adjusted_rand_score,calinski_harabasz,davies_bouldin,silhouette
abilities,1.0,0.8105174115324968,0.8623995488509798,0.8395601297053433,0.6896940645707035,-0.2947976878612717,0.5855068377273368
v_measure,0.8105174115324968,1.0,0.9333145354574933,0.9197800648526716,0.7019596785563231,-0.5647821796137037,0.6571267446778514
mutual_info,0.8623995488509798,0.9333145354574933,1.0,0.86874383194699,0.6620611870858593,-0.3987029465670379,0.5243197518680389
adjusted_rand_score,0.8395601297053433,0.9197800648526716,0.86874383194699,1.0,0.6466939235866347,-0.4586211758071338,0.6128577470745806
calinski_harabasz,0.6896940645707035,0.7019596785563231,0.6620611870858593,0.6466939235866347,1.0,-0.7751304102636402,0.8409699703933455
davies_bouldin,-0.2947976878612717,-0.5647821796137037,-0.3987029465670379,-0.4586211758071338,-0.7751304102636402,1.0,-0.736218807274778
silhouette,0.5855068377273368,0.6571267446778514,0.5243197518680389,0.6128577470745806,0.8409699703933455,-0.736218807274778,1.0
