,abilities,v_measure,mutual_info,adjusted_rand_score,calinski_harabasz,davies_bouldin,silhouette
abilities,1.0,0.7154941491611448,0.8072747779500916,0.7869730720428592,0.7194417030875511,-0.31749612293810797,0.5960806428873537
v_measure,0.7154941491611448,1.0,0.9161144790638658,0.919357112646271,0.7253630339771606,-0.5763428732553222,0.6414775130410264
mutual_info,0.8072747779500916,0.9161144790638658,1.0,0.8553503454109685,0.6761595939658819,-0.3786832087974059,0.49048357535598475
adjusted_rand_score,0.7869730720428592,0.919357112646271,0.8553503454109685,1.0,0.6640349640490625,-0.4814605949527703,0.619343014239391
calinski_harabasz,0.7194417030875511,0.7253630339771606,0.6761595939658819,0.6640349640490625,1.0,-0.7551106724940082,0.8392781615677428
davies_bouldin,-0.31749612293810797,-0.5763428732553222,-0.3786832087974059,-0.4814605949527703,-0.7551106724940082,1.0,-0.7225433526011561
silhouette,0.5960806428873537,0.6414775130410264,0.49048357535598475,0.619343014239391,0.8392781615677428,-0.7225433526011561,1.0
