,abilities,v_measure,mutual_info,adjusted_rand_score,calinski_harabasz,davies_bouldin,silhouette
abilities,1.0,0.9013818621158348,0.7535301668806161,0.9275088726119459,0.8408215661103979,-0.47715774371366004,0.7328399909386091
v_measure,0.9013818621158348,1.0,0.8442950992977422,0.97085252586272,0.8945858189232047,-0.6591406780940875,0.7689345314505777
mutual_info,0.7535301668806161,0.8442950992977422,1.0,0.833723476553651,0.7221173450124594,-0.46567998187721815,0.5661103979460848
adjusted_rand_score,0.9275088726119459,0.97085252586272,0.833723476553651,1.0,0.8479196556671449,-0.5697349543154874,0.7317828286642
calinski_harabasz,0.8408215661103979,0.8945858189232047,0.7221173450124594,0.8479196556671449,1.0,-0.8228498074454429,0.8781242920788341
davies_bouldin,-0.47715774371366004,-0.6591406780940875,-0.46567998187721815,-0.5697349543154874,-0.8228498074454429,1.0,-0.8326663142792419
silhouette,0.7328399909386091,0.7689345314505777,0.5661103979460848,0.7317828286642,0.8781242920788341,-0.8326663142792419,1.0
