,abilities,v_measure,mutual_info,adjusted_rand_score,calinski_harabasz,davies_bouldin,silhouette
abilities,1.0,0.8963980971079061,0.7557955146114929,0.9263006871554784,0.8408215661103979,-0.47610058143925094,0.7328399909386091
v_measure,0.8963980971079061,1.0,0.8532054670391905,0.9699463867703693,0.8877897757305746,-0.6620101185531979,0.7645548591708827
mutual_info,0.7557955146114929,0.8532054670391905,1.0,0.837801102469229,0.7234765536509854,-0.47021067733897154,0.5667144906743186
adjusted_rand_score,0.9263006871554784,0.9699463867703693,0.837801102469229,1.0,0.8456543079362682,-0.5745676961413577,0.7308766895718493
calinski_harabasz,0.8408215661103979,0.8877897757305746,0.7234765536509854,0.8456543079362682,1.0,-0.8195272974401571,0.8781242920788341
davies_bouldin,-0.47610058143925094,-0.6620101185531979,-0.47021067733897154,-0.5745676961413577,-0.8195272974401571,1.0,-0.8313071056407159
silhouette,0.7328399909386091,0.7645548591708827,0.5667144906743186,0.7308766895718493,0.8781242920788341,-0.8313071056407159,1.0
