,abilities,v_measure,mutual_info,adjusted_rand_score,calinski_harabasz,davies_bouldin,silhouette
abilities,1.0,0.9022880012081854,0.7574567696141358,0.9202597598731406,0.847617609303028,-0.48199048553953033,0.730423620025674
v_measure,0.9022880012081854,1.0,0.8524503511288983,0.9771954995091746,0.8995695839311334,-0.6700143472022956,0.7586649550706034
mutual_info,0.7574567696141358,0.8524503511288983,1.0,0.8403684965642226,0.7357094313977196,-0.4779128596239523,0.5552367288378766
adjusted_rand_score,0.9202597598731406,0.9771954995091746,0.8403684965642226,1.0,0.8655893679679831,-0.6096050743789172,0.7257419013818621
calinski_harabasz,0.847617609303028,0.8995695839311334,0.7357094313977196,0.8655893679679831,1.0,-0.8187721815298649,0.8787283848070678
davies_bouldin,-0.48199048553953033,-0.6700143472022956,-0.4779128596239523,-0.6096050743789172,-0.8187721815298649,1.0,-0.8305519897304237
silhouette,0.730423620025674,0.7586649550706034,0.5552367288378766,0.7257419013818621,0.8787283848070678,-0.8305519897304237,1.0
