,abilities,v_measure,mutual_info,adjusted_rand_score,calinski_harabasz,davies_bouldin,silhouette
abilities,1.0,0.898059352110549,0.7523219814241486,0.9269047798837121,0.8450502152080345,-0.48576606509099146,0.7403911500415313
v_measure,0.898059352110549,1.0,0.8461073774824436,0.9705504794986031,0.8924714943743864,-0.6608019330967303,0.768028392358227
mutual_info,0.7523219814241486,0.8461073774824436,1.0,0.8344785924639432,0.7237786000151023,-0.46703919051574416,0.5664124443102017
adjusted_rand_score,0.9269047798837121,0.9705504794986031,0.8344785924639432,1.0,0.8471645397568527,-0.5726043947745979,0.7317828286642
calinski_harabasz,0.8450502152080345,0.8924714943743864,0.7237786000151023,0.8471645397568527,1.0,-0.8223967378992675,0.8782753152608925
davies_bouldin,-0.48576606509099146,-0.6608019330967303,-0.46703919051574416,-0.5726043947745979,-0.8223967378992675,1.0,-0.8331193838254172
silhouette,0.7403911500415313,0.768028392358227,0.5664124443102017,0.7317828286642,0.8782753152608925,-0.8331193838254172,1.0
