,abilities,v_measure,mutual_info,adjusted_rand_score,calinski_harabasz,davies_bouldin,silhouette
abilities,1.0,0.7513278388278388,0.7713369963369964,0.7762820512820513,0.639514652014652,-0.564514652014652,0.38855311355311356
v_measure,0.7513278388278388,1.0,0.9961538461538462,0.9531593406593407,0.8711080586080586,-0.8027014652014652,0.44793956043956046
mutual_info,0.7713369963369964,0.9961538461538462,1.0,0.9566849816849817,0.8634615384615385,-0.7944139194139194,0.43141025641025643
adjusted_rand_score,0.7762820512820513,0.9531593406593407,0.9566849816849817,1.0,0.8376831501831502,-0.7453754578754579,0.4437271062271062
calinski_harabasz,0.639514652014652,0.8711080586080586,0.8634615384615385,0.8376831501831502,1.0,-0.9261904761904762,0.4508699633699634
davies_bouldin,-0.564514652014652,-0.8027014652014652,-0.7944139194139194,-0.7453754578754579,-0.9261904761904762,1.0,-0.4162545787545788
silhouette,0.38855311355311356,0.44793956043956046,0.43141025641025643,0.4437271062271062,0.4508699633699634,-0.4162545787545788,1.0
