,abilities,v_measure,mutual_info,adjusted_rand_score,calinski_harabasz,davies_bouldin,silhouette
abilities,1.0,0.7544413919413919,0.774496336996337,0.781547619047619,0.654029304029304,-0.5857142857142857,0.3995879120879121
v_measure,0.7544413919413919,1.0,0.9972069597069597,0.9531135531135531,0.8712912087912088,-0.8011904761904762,0.44702380952380955
mutual_info,0.774496336996337,0.9972069597069597,1.0,0.9577380952380953,0.8654761904761905,-0.7932692307692307,0.430952380952381
adjusted_rand_score,0.781547619047619,0.9531135531135531,0.9577380952380953,1.0,0.8381868131868132,-0.743956043956044,0.44157509157509156
calinski_harabasz,0.654029304029304,0.8712912087912088,0.8654761904761905,0.8381868131868132,1.0,-0.9257326007326008,0.451007326007326
davies_bouldin,-0.5857142857142857,-0.8011904761904762,-0.7932692307692307,-0.743956043956044,-0.9257326007326008,1.0,-0.41593406593406596
silhouette,0.3995879120879121,0.44702380952380955,0.430952380952381,0.44157509157509156,0.451007326007326,-0.41593406593406596,1.0
