,abilities,v_measure,mutual_info,adjusted_rand_score,calinski_harabasz,davies_bouldin,silhouette
abilities,1.0,0.7371336996336997,0.760989010989011,0.7710164835164836,0.6633699633699633,-0.6059981684981685,0.3820054945054945
v_measure,0.7371336996336997,1.0,0.9947802197802198,0.966025641025641,0.8138736263736264,-0.8181776556776557,0.4008699633699634
mutual_info,0.760989010989011,0.9947802197802198,1.0,0.9672619047619048,0.8037087912087912,-0.8081043956043956,0.37797619047619047
adjusted_rand_score,0.7710164835164836,0.966025641025641,0.9672619047619048,1.0,0.7777014652014652,-0.7453754578754579,0.3782051282051282
calinski_harabasz,0.6633699633699633,0.8138736263736264,0.8037087912087912,0.7777014652014652,1.0,-0.9179029304029304,0.4070054945054945
davies_bouldin,-0.6059981684981685,-0.8181776556776557,-0.8081043956043956,-0.7453754578754579,-0.9179029304029304,1.0,-0.4070970695970696
silhouette,0.3820054945054945,0.4008699633699634,0.37797619047619047,0.3782051282051282,0.4070054945054945,-0.4070970695970696,1.0
