,abilities,v_measure,mutual_info,adjusted_rand_score,calinski_harabasz,davies_bouldin,silhouette
abilities,1.0,0.7152472527472528,0.7362179487179488,0.7419871794871795,0.6014194139194139,-0.5326007326007326,0.3570970695970696
v_measure,0.7152472527472528,1.0,0.9961080586080586,0.9530677655677655,0.8715659340659341,-0.8019688644688645,0.4477564102564103
mutual_info,0.7362179487179488,0.9961080586080586,1.0,0.9568681318681319,0.865018315018315,-0.794047619047619,0.43241758241758244
adjusted_rand_score,0.7419871794871795,0.9530677655677655,0.9568681318681319,1.0,0.8379578754578755,-0.7450549450549451,0.4438186813186813
calinski_harabasz,0.6014194139194139,0.8715659340659341,0.865018315018315,0.8379578754578755,1.0,-0.9261904761904762,0.4510989010989011
davies_bouldin,-0.5326007326007326,-0.8019688644688645,-0.794047619047619,-0.7450549450549451,-0.9261904761904762,1.0,-0.41611721611721614
silhouette,0.3570970695970696,0.4477564102564103,0.43241758241758244,0.4438186813186813,0.4510989010989011,-0.41611721611721614,1.0
