,abilities,v_measure,mutual_info,adjusted_rand_score,calinski_harabasz,davies_bouldin,silhouette
abilities,1.0,0.7358516483516484,0.7658424908424909,0.7897893772893773,0.6096153846153847,-0.5293498168498169,0.3367673992673993
v_measure,0.7358516483516484,1.0,0.9932692307692308,0.9347985347985348,0.8684981684981685,-0.7948717948717948,0.4315018315018315
mutual_info,0.7658424908424909,0.9932692307692308,1.0,0.9466575091575091,0.8583791208791208,-0.7698260073260074,0.398992673992674
adjusted_rand_score,0.7897893772893773,0.9347985347985348,0.9466575091575091,1.0,0.8059981684981685,-0.7021520146520146,0.38745421245421247
calinski_harabasz,0.6096153846153847,0.8684981684981685,0.8583791208791208,0.8059981684981685,1.0,-0.9143315018315018,0.44693223443223445
davies_bouldin,-0.5293498168498169,-0.7948717948717948,-0.7698260073260074,-0.7021520146520146,-0.9143315018315018,1.0,-0.4222069597069597
silhouette,0.3367673992673993,0.4315018315018315,0.398992673992674,0.38745421245421247,0.44693223443223445,-0.4222069597069597,1.0
