,abilities,v_measure,mutual_info,adjusted_rand_score,calinski_harabasz,davies_bouldin,silhouette
abilities,1.0,0.5929877154009919,0.6154363826130589,0.5070134743082643,0.5338946615690359,-0.50179849225081,0.8298179372539735
v_measure,0.5929877154009919,1.0,0.9972109415528303,0.9744432477411389,0.011672903314051152,0.011366393817839743,0.316351856700864
mutual_info,0.6154363826130589,0.9972109415528303,1.0,0.9608512908794252,0.04407694865778112,-0.019449720002776675,0.3444661225185286
adjusted_rand_score,0.5070134743082643,0.9744432477411389,0.9608512908794252,1.0,-0.087609512045455,0.10602538906725471,0.21599278047435838
calinski_harabasz,0.5338946615690359,0.011672903314051152,0.04407694865778112,-0.087609512045455,1.0,-0.9867529371701005,0.7451557977183723
davies_bouldin,-0.50179849225081,0.011366393817839743,-0.019449720002776675,0.10602538906725471,-0.9867529371701005,1.0,-0.7617742210114081
silhouette,0.8298179372539735,0.316351856700864,0.3444661225185286,0.21599278047435838,0.7451557977183723,-0.7617742210114081,1.0
