,abilities,v_measure,mutual_info,adjusted_rand_score,calinski_harabasz,davies_bouldin,silhouette
abilities,1.0,0.6107431134965604,0.6346171833369757,0.5161446878367436,0.530870083432658,-0.4987399965945854,0.8265792610250298
v_measure,0.6107431134965604,1.0,0.9963584936339688,0.9711738637010595,0.023337193120238554,0.0016091680042776674,0.3266015060533933
mutual_info,0.6346171833369757,0.9963584936339688,1.0,0.9527323222650755,0.06609797117904746,-0.03959064046909956,0.35801080240032784
adjusted_rand_score,0.5161446878367436,0.9711738637010595,0.9527323222650755,1.0,-0.08629798188663103,0.10587168555251153,0.21577049673963006
calinski_harabasz,0.530870083432658,0.023337193120238554,0.06609797117904746,-0.08629798188663103,1.0,-0.9867529371701005,0.7453771496679721
davies_bouldin,-0.4987399965945854,0.0016091680042776674,-0.03959064046909956,0.10587168555251153,-0.9867529371701005,1.0,-0.7618934105227312
silhouette,0.8265792610250298,0.3266015060533933,0.35801080240032784,0.21577049673963006,0.7453771496679721,-0.7618934105227312,1.0
