,abilities,v_measure,mutual_info,adjusted_rand_score,calinski_harabasz,davies_bouldin,silhouette
abilities,1.0,0.6055154460117642,0.626516774755626,0.530558902846024,0.5311765707474885,-0.4983824280606164,0.8260514217605993
v_measure,0.6055154460117642,1.0,0.9969547788326965,0.9799779472979988,0.024358887091208502,0.0005534175676087216,0.3277253694214602
mutual_info,0.626516774755626,0.9969547788326965,1.0,0.9669918747521715,0.05904524951200477,-0.033577087936572825,0.35285754562670363
adjusted_rand_score,0.530558902846024,0.9799779472979988,0.9669918747521715,1.0,-0.05941074562005834,0.0822368002212874,0.23901373771738288
calinski_harabasz,0.5311765707474885,0.024358887091208502,0.05904524951200477,-0.05941074562005834,1.0,-0.9870083432657926,0.7463136386855099
davies_bouldin,-0.4983824280606164,0.0005534175676087216,-0.033577087936572825,0.0822368002212874,-0.9870083432657926,1.0,-0.7620807083262388
silhouette,0.8260514217605993,0.3277253694214602,0.35285754562670363,0.23901373771738288,0.7463136386855099,-0.7620807083262388,1.0
