,abilities,v_measure,mutual_info,adjusted_rand_score,calinski_harabasz,davies_bouldin,silhouette
abilities,1.0,0.8970932495184543,0.8882554939390467,0.8988358304286097,0.7572220356063151,-0.7600772589855559,0.8221993617735975
v_measure,0.8970932495184543,1.0,0.9949396360552014,0.9857859707321169,0.7510838647030809,-0.7563535973349967,0.7567315064480424
mutual_info,0.8882554939390467,0.9949396360552014,1.0,0.9761469850702823,0.752816189286969,-0.7583278267524631,0.7574984565433698
adjusted_rand_score,0.8988358304286097,0.9857859707321169,0.9761469850702823,1.0,0.7415521570740379,-0.7416361368769369,0.7527424658103372
calinski_harabasz,0.7572220356063151,0.7510838647030809,0.752816189286969,0.7415521570740379,1.0,-0.9975016795431643,0.9484380248572388
davies_bouldin,-0.7600772589855559,-0.7563535973349967,-0.7583278267524631,-0.7416361368769369,-0.9975016795431643,1.0,-0.9449949613705072
silhouette,0.8221993617735975,0.7567315064480424,0.7574984565433698,0.7527424658103372,0.9484380248572388,-0.9449949613705072,1.0
