,abilities,v_measure,mutual_info,adjusted_rand_score,calinski_harabasz,davies_bouldin,silhouette
abilities,1.0,0.8732441730360577,0.8657942008341487,0.8817854493088206,0.8819071212630165,-0.8841115216661068,0.8986605643265032
v_measure,0.8732441730360577,1.0,0.9952906256336814,0.9853331807085658,0.8282696835279251,-0.834390161441847,0.7913788440947837
mutual_info,0.8657942008341487,0.9952906256336814,1.0,0.9763178577824512,0.82951952050622,-0.835913523493111,0.7915964683081076
adjusted_rand_score,0.8817854493088206,0.9853331807085658,0.9763178577824512,1.0,0.8177180120230313,-0.8186103161635019,0.7864138832361685
calinski_harabasz,0.8819071212630165,0.8282696835279251,0.82951952050622,0.8177180120230313,1.0,-0.9975016795431643,0.9739460866644273
davies_bouldin,-0.8841115216661068,-0.834390161441847,-0.835913523493111,-0.8186103161635019,-0.9975016795431643,1.0,-0.9705030231776957
silhouette,0.8986605643265032,0.7913788440947837,0.7915964683081076,0.7864138832361685,0.9739460866644273,-0.9705030231776957,1.0
