,abilities,v_measure,mutual_info,adjusted_rand_score,calinski_harabasz,davies_bouldin,silhouette
abilities,1.0,0.8462378279744085,0.8350497169420843,0.866462334166269,0.8893507147805277,-0.8857190839053677,0.9166824107311543
v_measure,0.8462378279744085,1.0,0.9927453320274534,0.9796449692790202,0.8440544218488419,-0.8442748618903655,0.8053829402787104
mutual_info,0.8350497169420843,0.9927453320274534,1.0,0.9656497418153722,0.8440987307957548,-0.8447810810283403,0.8010161868799035
adjusted_rand_score,0.866462334166269,0.9796449692790202,0.9656497418153722,1.0,0.8249588020052768,-0.8218833000014399,0.7983814263270693
calinski_harabasz,0.8893507147805277,0.8440544218488419,0.8440987307957548,0.8249588020052768,1.0,-0.9979427755736088,0.9718076285240465
davies_bouldin,-0.8857190839053677,-0.8442748618903655,-0.8447810810283403,-0.8218833000014399,-0.9979427755736088,1.0,-0.9675042508974117
silhouette,0.9166824107311543,0.8053829402787104,0.8010161868799035,0.7983814263270693,0.9718076285240465,-0.9675042508974117,1.0
