,abilities,v_measure,mutual_info,adjusted_rand_score,calinski_harabasz,davies_bouldin,silhouette
abilities,1.0,0.8747972558952988,0.8663874030046587,0.8830025676853415,0.8813449012597318,-0.8834653356338916,0.8982768846533947
v_measure,0.8747972558952988,1.0,0.9951698972487761,0.9858581206036711,0.8280807150846136,-0.834096210530029,0.7912108721451734
mutual_info,0.8663874030046587,0.9951698972487761,1.0,0.976176235718713,0.8305335805453288,-0.8366020769685031,0.7928627065551052
adjusted_rand_score,0.8830025676853415,0.9858581206036711,0.976176235718713,1.0,0.8178439843722742,-0.8187992746873662,0.786350897061547
calinski_harabasz,0.8813449012597318,0.8280807150846136,0.8305335805453288,0.8178439843722742,1.0,-0.9975016795431643,0.9740300638226402
davies_bouldin,-0.8834653356338916,-0.834096210530029,-0.8366020769685031,-0.8187992746873662,-0.9975016795431643,1.0,-0.9705660060463553
silhouette,0.8982768846533947,0.7912108721451734,0.7928627065551052,0.786350897061547,0.9740300638226402,-0.9705660060463553,1.0
