,abilities,v_measure,mutual_info,adjusted_rand_score,calinski_harabasz,davies_bouldin,silhouette
abilities,1.0,0.8904837041903766,0.9140162026667166,0.8870395623213648,0.8899810901855686,-0.7907601418921723,0.5246548648548423
v_measure,0.8904837041903766,1.0,0.9731808703123191,0.9981213849018671,0.9329631033403095,-0.8411416706491109,0.5402501524314882
mutual_info,0.9140162026667166,0.9731808703123191,1.0,0.9719514606699698,0.9267685935457752,-0.809941673236887,0.5021024494354667
adjusted_rand_score,0.8870395623213648,0.9981213849018671,0.9719514606699698,1.0,0.9307878648056293,-0.8389664321144308,0.5395415519997363
calinski_harabasz,0.8899810901855686,0.9329631033403095,0.9267685935457752,0.9307878648056293,1.0,-0.860175007827563,0.46708303808315343
davies_bouldin,-0.7907601418921723,-0.8411416706491109,-0.809941673236887,-0.8389664321144308,-0.860175007827563,1.0,-0.546874742514378
silhouette,0.5246548648548423,0.5402501524314882,0.5021024494354667,0.5395415519997363,0.46708303808315343,-0.546874742514378,1.0
