,abilities,v_measure,mutual_info,adjusted_rand_score,calinski_harabasz,davies_bouldin,silhouette
abilities,1.0,0.8016541179959471,0.8349314588072566,0.8033016458803566,0.7731683608745078,-0.71563668715093,0.5159563075605055
v_measure,0.8016541179959471,1.0,0.9728516125101672,0.9968367464619339,0.9031583109544129,-0.8782971151786744,0.5283292419724204
mutual_info,0.8349314588072566,0.9728516125101672,1.0,0.9711103839796033,0.898086065178846,-0.848621971282164,0.4828484481129061
adjusted_rand_score,0.8033016458803566,0.9968367464619339,0.9711103839796033,1.0,0.901428406675783,-0.8740794437945862,0.5248859086940046
calinski_harabasz,0.7731683608745078,0.9031583109544129,0.898086065178846,0.901428406675783,1.0,-0.8791208791208791,0.44255894031006476
davies_bouldin,-0.71563668715093,-0.8782971151786744,-0.848621971282164,-0.8740794437945862,-0.8791208791208791,1.0,-0.5070761322635385
silhouette,0.5159563075605055,0.5283292419724204,0.4828484481129061,0.5248859086940046,0.44255894031006476,-0.5070761322635385,1.0
