,abilities,v_measure,mutual_info,adjusted_rand_score,calinski_harabasz,davies_bouldin,silhouette
abilities,1.0,0.8473165520671959,0.8408599599459254,0.8534373812732282,0.8807686887902487,-0.8831290072570985,0.9056929472275065
v_measure,0.8473165520671959,1.0,0.9963041147804007,0.9876369244480705,0.823393149027386,-0.8287926505234845,0.7714328564898905
mutual_info,0.8408599599459254,0.9963041147804007,1.0,0.980169860621422,0.824545581859938,-0.8300248168326616,0.7720171604092124
adjusted_rand_score,0.8534373812732282,0.9876369244480705,0.980169860621422,1.0,0.8144814323643602,-0.8155471501617767,0.7674313127461887
calinski_harabasz,0.8807686887902487,0.823393149027386,0.824545581859938,0.8144814323643602,1.0,-0.9976572958500669,0.9635031353484111
davies_bouldin,-0.8831290072570985,-0.8287926505234845,-0.8300248168326616,-0.8155471501617767,-0.9976572958500669,1.0,-0.9607024589586416
silhouette,0.9056929472275065,0.7714328564898905,0.7720171604092124,0.7674313127461887,0.9635031353484111,-0.9607024589586416,1.0
