,abilities,v_measure,mutual_info,adjusted_rand_score,calinski_harabasz,davies_bouldin,silhouette
abilities,1.0,0.846911369246934,0.8398622453717812,0.8518344007845522,0.8795180722891566,-0.8818079334883393,0.9069787923624322
v_measure,0.846911369246934,1.0,0.996017834130361,0.9883768593540073,0.8232345992281531,-0.8286341007242516,0.7721199056198997
mutual_info,0.8398622453717812,0.996017834130361,1.0,0.9802009533696024,0.8244818308596131,-0.8300226560189222,0.7720421930641167
adjusted_rand_score,0.8518344007845522,0.9883768593540073,0.9802009533696024,1.0,0.8147280447472335,-0.8157056866936238,0.7675722341078306
calinski_harabasz,0.8795180722891566,0.8232345992281531,0.8244818308596131,0.8147280447472335,1.0,-0.9977277531177341,0.9635735926160783
davies_bouldin,-0.8818079334883393,-0.8286341007242516,-0.8300226560189222,-0.8157056866936238,-0.9977277531177341,1.0,-0.9608257591770591
silhouette,0.9069787923624322,0.7721199056198997,0.7720421930641167,0.7675722341078306,0.9635735926160783,-0.9608257591770591,1.0
