,abilities,v_measure,mutual_info,adjusted_rand_score,calinski_harabasz,davies_bouldin,silhouette
abilities,1.0,0.8678715180806632,0.8611328905153969,0.8696329963138107,0.8109455365320933,-0.8137990558726133,0.8303388994574791
v_measure,0.8678715180806632,1.0,0.996045100684833,0.9880568620197643,0.7813477072684525,-0.7865440680562379,0.7874600367374747
mutual_info,0.8611328905153969,0.996045100684833,1.0,0.980181452270569,0.782688737345819,-0.7880263925019794,0.7881320886436854
adjusted_rand_score,0.8696329963138107,0.9880568620197643,0.980181452270569,1.0,0.7732977517429679,-0.7741961056418731,0.7847297454760959
calinski_harabasz,0.8109455365320933,0.7813477072684525,0.782688737345819,0.7732977517429679,1.0,-0.9976396815331502,0.9522652011554992
davies_bouldin,-0.8137990558726133,-0.7865440680562379,-0.7880263925019794,-0.7741961056418731,-0.9976396815331502,1.0,-0.9496054393010639
silhouette,0.8303388994574791,0.7874600367374747,0.7881320886436854,0.7847297454760959,0.9522652011554992,-0.9496054393010639,1.0
