,abilities,v_measure,mutual_info,adjusted_rand_score,calinski_harabasz,davies_bouldin,silhouette
abilities,1.0,0.7705684521368222,0.8223745821876312,0.7708692204631832,0.6831815820413967,-0.5121264320673721,0.45872638285073686
v_measure,0.7705684521368222,1.0,0.9705176668647906,0.9812429934651246,0.747409291007027,-0.705930604544336,0.5854592185492029
mutual_info,0.8223745821876312,0.9705176668647906,1.0,0.9646526444094102,0.7074119392335675,-0.6129837105638425,0.5131142722501981
adjusted_rand_score,0.7708692204631832,0.9812429934651246,0.9646526444094102,1.0,0.7323161895387308,-0.675088179804774,0.5617258633418095
calinski_harabasz,0.6831815820413967,0.747409291007027,0.7074119392335675,0.7323161895387308,1.0,-0.8957154184781123,0.5084898695759167
davies_bouldin,-0.5121264320673721,-0.705930604544336,-0.6129837105638425,-0.675088179804774,-0.8957154184781123,1.0,-0.5479725480545757
silhouette,0.45872638285073686,0.5854592185492029,0.5131142722501981,0.5617258633418095,0.5084898695759167,-0.5479725480545757,1.0
