,abilities,v_measure,mutual_info,adjusted_rand_score,calinski_harabasz,davies_bouldin,silhouette
abilities,1.0,0.7508817980477401,0.8059770869220463,0.7520575287780603,0.683947174144861,-0.5020370218467175,0.44551991906597765
v_measure,0.7508817980477401,1.0,0.9670248544007874,0.9814617340661144,0.7538621387362262,-0.7072977333005223,0.5810570639542832
mutual_info,0.8059770869220463,0.9670248544007874,1.0,0.9621852186038881,0.7109889809422252,-0.6081262133267711,0.5029119842506767
adjusted_rand_score,0.7520575287780603,0.9814617340661144,0.9621852186038881,1.0,0.7389330927186722,-0.6799004730265497,0.5631476772482432
calinski_harabasz,0.683947174144861,0.7538621387362262,0.7109889809422252,0.7389330927186722,1.0,-0.892461652038389,0.5097749706067317
davies_bouldin,-0.5020370218467175,-0.7072977333005223,-0.6081262133267711,-0.6799004730265497,-0.892461652038389,1.0,-0.5466327618735133
silhouette,0.44551991906597765,0.5810570639542832,0.5029119842506767,0.5631476772482432,0.5097749706067317,-0.5466327618735133,1.0
