,abilities,v_measure,mutual_info,adjusted_rand_score,calinski_harabasz,davies_bouldin,silhouette
abilities,1.0,0.7700489432094715,0.8218035658765017,0.7706504798621934,0.6829081562901594,-0.5107866458863096,0.4609137888606349
v_measure,0.7700489432094715,1.0,0.9708520183001521,0.9811336231646296,0.7476553741831405,-0.7053837530418615,0.5846662838706149
mutual_info,0.8218035658765017,0.9708520183001521,1.0,0.9649732039044293,0.7075084766945428,-0.613228699780812,0.5135349449584621
adjusted_rand_score,0.7706504798621934,0.9811336231646296,0.9649732039044293,1.0,0.7325075875645969,-0.6735843381729691,0.5599212533836436
calinski_harabasz,0.6829081562901594,0.7476553741831405,0.7075084766945428,0.7325075875645969,1.0,-0.8971645749596697,0.5115248954146502
davies_bouldin,-0.5107866458863096,-0.7053837530418615,-0.613228699780812,-0.6735843381729691,-0.8971645749596697,1.0,-0.5486287698575452
silhouette,0.4609137888606349,0.5846662838706149,0.5135349449584621,0.5599212533836436,0.5115248954146502,-0.5486287698575452,1.0
