,abilities,v_measure,mutual_info,adjusted_rand_score,calinski_harabasz,davies_bouldin,silhouette
abilities,1.0,0.8177070516501244,0.8526741772847389,0.8043365324146228,0.7707598501626883,-0.5739753369972384,0.42380991441773985
v_measure,0.8177070516501244,1.0,0.9825276171232852,0.9844694173297242,0.8677713067016651,-0.7549284991660514,0.4200092964755421
mutual_info,0.8526741772847389,0.9825276171232852,1.0,0.971562944692193,0.8367056767865897,-0.6924969924933716,0.3723066828472616
adjusted_rand_score,0.8043365324146228,0.9844694173297242,0.971562944692193,1.0,0.8505728269488421,-0.7284062012960381,0.39942033740737704
calinski_harabasz,0.7707598501626883,0.8677713067016651,0.8367056767865897,0.8505728269488421,1.0,-0.8310228857353785,0.4734640308424247
davies_bouldin,-0.5739753369972384,-0.7549284991660514,-0.6924969924933716,-0.7284062012960381,-0.8310228857353785,1.0,-0.5520465917480109
silhouette,0.42380991441773985,0.4200092964755421,0.3723066828472616,0.39942033740737704,0.4734640308424247,-0.5520465917480109,1.0
