,abilities,v_measure,mutual_info,adjusted_rand_score,calinski_harabasz,davies_bouldin,silhouette
abilities,1.0,0.7470538375304187,0.8014655620266317,0.7470538375304187,0.6827167582642933,-0.500888633691521,0.44658627949580293
v_measure,0.7470538375304187,1.0,0.9677084187788806,0.9817625023924753,0.7537254258606075,-0.708118010554234,0.5800453886747053
mutual_info,0.8014655620266317,0.9677084187788806,1.0,0.9626226998058677,0.7110163235173489,-0.6098487955595658,0.5032674377272851
adjusted_rand_score,0.7470538375304187,0.9817625023924753,0.9626226998058677,1.0,0.7363902332321658,-0.679763760150931,0.561479780165696
calinski_harabasz,0.6827167582642933,0.7537254258606075,0.7110163235173489,0.7363902332321658,1.0,-0.8935826976184617,0.5109507013370519
davies_bouldin,-0.500888633691521,-0.708118010554234,-0.6098487955595658,-0.679763760150931,-0.8935826976184617,1.0,-0.5466054192983896
silhouette,0.44658627949580293,0.5800453886747053,0.5032674377272851,0.561479780165696,0.5109507013370519,-0.5466054192983896,1.0
