,abilities,v_measure,mutual_info,adjusted_rand_score,calinski_harabasz,davies_bouldin,silhouette
abilities,1.0,0.6142816500711238,0.6337411095305833,0.6421621621621622,0.49450924608819347,-0.42406827880512094,0.2543954480796586
v_measure,0.6142816500711238,1.0,0.9973826458036984,0.9557041251778093,0.8278805120910384,-0.7321763869132291,0.38193456614509247
mutual_info,0.6337411095305833,0.9973826458036984,1.0,0.9609388335704125,0.8223897581792319,-0.7257752489331437,0.3675960170697013
adjusted_rand_score,0.6421621621621622,0.9557041251778093,0.9609388335704125,1.0,0.7943669985775249,-0.6805120910384068,0.37726884779516356
calinski_harabasz,0.49450924608819347,0.8278805120910384,0.8223897581792319,0.7943669985775249,1.0,-0.9019630156472261,0.357325746799431
davies_bouldin,-0.42406827880512094,-0.7321763869132291,-0.7257752489331437,-0.6805120910384068,-0.9019630156472261,1.0,-0.3615931721194879
silhouette,0.2543954480796586,0.38193456614509247,0.3675960170697013,0.37726884779516356,0.357325746799431,-0.3615931721194879,1.0
