,abilities,v_measure,mutual_info,adjusted_rand_score,calinski_harabasz,davies_bouldin,silhouette
abilities,1.0,0.6855761024182077,0.7188244582291219,0.7440682788051209,0.5611095305832148,-0.48483641536273114,0.29903271692745376
v_measure,0.6855761024182077,1.0,0.9945020946346466,0.9367852062588905,0.8264864864864865,-0.7252062588904694,0.36847795163584635
mutual_info,0.7188244582291219,0.9945020946346466,1.0,0.950177455055719,0.8170186132398204,-0.7038314639684705,0.34045761350515114
adjusted_rand_score,0.7440682788051209,0.9367852062588905,0.950177455055719,1.0,0.7630156472261735,-0.6389189189189189,0.3264864864864865
calinski_harabasz,0.5611095305832148,0.8264864864864865,0.8170186132398204,0.7630156472261735,1.0,-0.8940825035561878,0.3548221906116643
davies_bouldin,-0.48483641536273114,-0.7252062588904694,-0.7038314639684705,-0.6389189189189189,-0.8940825035561878,1.0,-0.36210526315789476
silhouette,0.29903271692745376,0.36847795163584635,0.34045761350515114,0.3264864864864865,0.3548221906116643,-0.36210526315789476,1.0
