,abilities,v_measure,mutual_info,adjusted_rand_score,calinski_harabasz,davies_bouldin,silhouette
abilities,1.0,0.5443018687214984,0.5636094513555577,0.5649372557982608,0.45496892719931215,-0.4033151576495685,0.23810145731979407
v_measure,0.5443018687214984,1.0,0.9970614163972965,0.9555512020983664,0.818787344499951,-0.7333072125901982,0.3525538468236088
mutual_info,0.5636094513555577,0.9970614163972965,1.0,0.9599699611453946,0.8135196613010307,-0.7271470706674938,0.3368814009425235
adjusted_rand_score,0.5649372557982608,0.9555512020983664,0.9599699611453946,1.0,0.7828060208312927,-0.6831989203426171,0.34985470336631075
calinski_harabasz,0.45496892719931215,0.818787344499951,0.8135196613010307,0.7828060208312927,1.0,-0.9038321306907848,0.3089975076457592
davies_bouldin,-0.4033151576495685,-0.7333072125901982,-0.7271470706674938,-0.6831989203426171,-0.9038321306907848,1.0,-0.3153753224279231
silhouette,0.23810145731979407,0.3525538468236088,0.3368814009425235,0.34985470336631075,0.3089975076457592,-0.3153753224279231,1.0
