,abilities,v_measure,mutual_info,adjusted_rand_score,calinski_harabasz,davies_bouldin,silhouette
abilities,1.0,0.5559691339885287,0.5748196036177229,0.5768874957825884,0.47044546750688393,-0.40982357614740805,0.23078764924195427
v_measure,0.5559691339885287,1.0,0.9974314602583777,0.9556165039562042,0.8189179482156267,-0.7326977285837115,0.3530109598284738
mutual_info,0.5748196036177229,0.9974314602583777,1.0,0.9607535834394488,0.8142597490231931,-0.7271253033815479,0.3383615763868482
adjusted_rand_score,0.5768874957825884,0.9556165039562042,0.9607535834394488,1.0,0.7828277881172386,-0.6830030147691035,0.3514654825263112
calinski_harabasz,0.47044546750688393,0.8189179482156267,0.8142597490231931,0.7828277881172386,1.0,-0.9038321306907848,0.30914987864738086
davies_bouldin,-0.40982357614740805,-0.7326977285837115,-0.7271253033815479,-0.6830030147691035,-0.9038321306907848,1.0,-0.31489644213711215
silhouette,0.23078764924195427,0.3530109598284738,0.3383615763868482,0.3514654825263112,0.30914987864738086,-0.31489644213711215,1.0
