,abilities,v_measure,mutual_info,adjusted_rand_score,calinski_harabasz,davies_bouldin,silhouette
abilities,1.0,0.885991048202695,0.8726727966470377,0.9018952075986089,0.8531067251461988,-0.8568347953216374,0.8673611111111111
v_measure,0.885991048202695,1.0,0.9918191025346744,0.9754350057694304,0.8133418657737965,-0.8228456581921682,0.7893630664412896
mutual_info,0.8726727966470377,0.9918191025346744,1.0,0.9591335160077044,0.816791758956422,-0.8266810757345125,0.7909077061694046
adjusted_rand_score,0.9018952075986089,0.9754350057694304,0.9591335160077044,1.0,0.7962059335395042,-0.796900416059692,0.7833397310602357
calinski_harabasz,0.8531067251461988,0.8133418657737965,0.816791758956422,0.7962059335395042,1.0,-0.995687134502924,0.983516081871345
davies_bouldin,-0.8568347953216374,-0.8228456581921682,-0.8266810757345125,-0.796900416059692,-0.995687134502924,1.0,-0.9775219298245614
silhouette,0.8673611111111111,0.7893630664412896,0.7909077061694046,0.7833397310602357,0.983516081871345,-0.9775219298245614,1.0
