,abilities,v_measure,mutual_info,adjusted_rand_score,calinski_harabasz,davies_bouldin,silhouette
abilities,1.0,0.8824819556174501,0.8681839280761735,0.898166933016548,0.8542397660818714,-0.8579312865497076,0.8683479532163743
v_measure,0.8824819556174501,1.0,0.9914076948121163,0.9752156754578348,0.8132687596782706,-0.8228822112399311,0.7902768926353638
mutual_info,0.8681839280761735,0.9914076948121163,1.0,0.9586852630953726,0.8161777109671342,-0.8262499168114508,0.7914267731936231
adjusted_rand_score,0.898166933016548,0.9752156754578348,0.9586852630953726,1.0,0.7959866232699712,-0.7965714506553925,0.7827183519632256
calinski_harabasz,0.8542397660818714,0.8132687596782706,0.8161777109671342,0.7959866232699712,1.0,-0.995687134502924,0.9836988304093567
davies_bouldin,-0.8579312865497076,-0.8228822112399311,-0.8262499168114508,-0.7965714506553925,-0.995687134502924,1.0,-0.9781067251461988
silhouette,0.8683479532163743,0.7902768926353638,0.7914267731936231,0.7827183519632256,0.9836988304093567,-0.9781067251461988,1.0
