,abilities,v_measure,mutual_info,adjusted_rand_score,calinski_harabasz,davies_bouldin,silhouette
abilities,1.0,0.8529191447203172,0.8330043998748481,0.8906389912334675,0.8676776904805409,-0.8615384615384616,0.8934039831902064
v_measure,0.8529191447203172,1.0,0.9866398652180268,0.9643287897965105,0.8410781213725845,-0.8406030185839409,0.8148012825237583
mutual_info,0.8330043998748481,0.9866398652180268,1.0,0.9393424423963034,0.8404239906420191,-0.840972236265209,0.8059941655056886
adjusted_rand_score,0.8906389912334675,0.9643287897965105,0.9393424423963034,1.0,0.8083030326249162,-0.8019441969401013,0.8033329081816126
calinski_harabasz,0.8676776904805409,0.8410781213725845,0.8404239906420191,0.8083030326249162,1.0,-0.9964553261465375,0.979974419879408
davies_bouldin,-0.8615384615384616,-0.8406030185839409,-0.840972236265209,-0.8019441969401013,-0.9964553261465375,1.0,-0.9728850721724831
silhouette,0.8934039831902064,0.8148012825237583,0.8059941655056886,0.8033329081816126,0.979974419879408,-0.9728850721724831,1.0
