,abilities,v_measure,mutual_info,adjusted_rand_score,calinski_harabasz,davies_bouldin,silhouette
abilities,1.0,0.9253443171579354,0.6457716565838589,0.9477410220105548,0.8566096022654138,-0.3903977345861758,0.75054704595186
v_measure,0.9253443171579354,1.0,0.7474578452825331,0.9616424250225254,0.8442527995881066,-0.46350881709357705,0.7206847728150341
mutual_info,0.6457716565838589,0.7474578452825331,1.0,0.72789290771013,0.5649375724031407,-0.1592225511648861,0.38936800102973357
adjusted_rand_score,0.9477410220105548,0.9616424250225254,0.72789290771013,1.0,0.7883897541511135,-0.36722872956622477,0.6859312652851075
calinski_harabasz,0.8566096022654138,0.8442527995881066,0.5649375724031407,0.7883897541511135,1.0,-0.7052387694684,0.9093834470330802
davies_bouldin,-0.3903977345861758,-0.46350881709357705,-0.1592225511648861,-0.36722872956622477,-0.7052387694684,1.0,-0.8270047625176985
silhouette,0.75054704595186,0.7206847728150341,0.38936800102973357,0.6859312652851075,0.9093834470330802,-0.8270047625176985,1.0
