,abilities,v_measure,mutual_info,adjusted_rand_score,calinski_harabasz,davies_bouldin,silhouette
abilities,1.0,0.9250868837688249,0.6388209550778736,0.9467112884541125,0.8566096022654138,-0.38988286780795467,0.7502896125627494
v_measure,0.9250868837688249,1.0,0.7423091775003218,0.9626721585789677,0.8450250997554383,-0.4568155489767023,0.7191401724803707
mutual_info,0.6388209550778736,0.7423091775003218,1.0,0.722486806538808,0.5585017376753765,-0.1494400823786845,0.38370446646930106
adjusted_rand_score,0.9467112884541125,0.9626721585789677,0.722486806538808,1.0,0.7865877204273394,-0.3659415626206719,0.6841292315613335
calinski_harabasz,0.8566096022654138,0.8450250997554383,0.5585017376753765,0.7865877204273394,1.0,-0.7042090359119578,0.9088685802548591
davies_bouldin,-0.38988286780795467,-0.4568155489767023,-0.1494400823786845,-0.3659415626206719,-0.7042090359119578,1.0,-0.8270047625176985
silhouette,0.7502896125627494,0.7191401724803707,0.38370446646930106,0.6841292315613335,0.9088685802548591,-0.8270047625176985,1.0
