,abilities,v_measure,mutual_info,adjusted_rand_score,calinski_harabasz,davies_bouldin,silhouette
abilities,1.0,0.8178296588170445,0.8078947855861485,0.8345014591238764,0.8883349813945892,-0.8852545670879467,0.9256736127978868
v_measure,0.8178296588170445,1.0,0.9933358262136097,0.9822661617150834,0.8374456604965286,-0.8376917616190447,0.788198091424152
mutual_info,0.8078947855861485,0.9933358262136097,1.0,0.969731231209381,0.8371192234345783,-0.8378757910004295,0.7838039982217682
adjusted_rand_score,0.8345014591238764,0.9822661617150834,0.969731231209381,1.0,0.8209222534819323,-0.8182518318162625,0.7817591070744819
calinski_harabasz,0.8883349813945892,0.8374456604965286,0.8371192234345783,0.8209222534819323,1.0,-0.9982137323879482,0.9647121010517107
davies_bouldin,-0.8852545670879467,-0.8376917616190447,-0.8378757910004295,-0.8182518318162625,-0.9982137323879482,1.0,-0.9609755208428267
silhouette,0.9256736127978868,0.788198091424152,0.7838039982217682,0.7817591070744819,0.9647121010517107,-0.9609755208428267,1.0
