,abilities,v_measure,mutual_info,adjusted_rand_score,calinski_harabasz,davies_bouldin,silhouette
abilities,1.0,0.8285052805303088,0.8212584712174997,0.8302007210770966,0.7945550081884989,-0.79764481774142,0.8419047445525855
v_measure,0.8285052805303088,1.0,0.9959658517348046,0.9879486221136403,0.7406306855531781,-0.7452885681938229,0.7237401639619553
mutual_info,0.8212584712174997,0.9959658517348046,1.0,0.9794645776228005,0.7422833697623522,-0.7468869177468044,0.7246713802455965
adjusted_rand_score,0.8302007210770966,0.9879486221136403,0.9794645776228005,1.0,0.732554591581336,-0.7326001677324187,0.7209326730552652
calinski_harabasz,0.7945550081884989,0.7406306855531781,0.7422833697623522,0.732554591581336,1.0,-0.9975573298333881,0.9496153705931678
davies_bouldin,-0.79764481774142,-0.7452885681938229,-0.7468869177468044,-0.7326001677324187,-0.9975573298333881,1.0,-0.9466805206168654
silhouette,0.8419047445525855,0.7237401639619553,0.7246713802455965,0.7209326730552652,0.9496153705931678,-0.9466805206168654,1.0
