,abilities,v_measure,mutual_info,adjusted_rand_score,calinski_harabasz,davies_bouldin,silhouette
abilities,1.0,0.8521246559184632,0.8446734899813179,0.8578844234595255,0.8805228067228713,-0.882664710100265,0.9049587341900737
v_measure,0.8521246559184632,1.0,0.9958788111248876,0.9874789795954737,0.823775543019608,-0.8289988318260597,0.7762372338998075
mutual_info,0.8446734899813179,0.9958788111248876,1.0,0.9792545256504911,0.8257120133458631,-0.8310177787064223,0.7773402074985654
adjusted_rand_score,0.8578844234595255,0.9874789795954737,0.9792545256504911,1.0,0.8146348810032574,-0.8154096473210375,0.7712570821054292
calinski_harabasz,0.8805228067228713,0.823775543019608,0.8257120133458631,0.8146348810032574,1.0,-0.9978307630609938,0.9666411462320901
davies_bouldin,-0.882664710100265,-0.8289988318260597,-0.8310177787064223,-0.8154096473210375,-0.9978307630609938,1.0,-0.9636333807284261
silhouette,0.9049587341900737,0.7762372338998075,0.7773402074985654,0.7712570821054292,0.9666411462320901,-0.9636333807284261,1.0
