,abilities,v_measure,mutual_info,adjusted_rand_score,calinski_harabasz,davies_bouldin,silhouette
abilities,1.0,0.8491536163828918,0.8418624985226003,0.8549318444256778,0.8805643661817784,-0.8826242298297422,0.9054832476575887
v_measure,0.8491536163828918,1.0,0.9955642709572495,0.9876613024808701,0.8235749978996395,-0.828852980829719,0.7758726064089557
mutual_info,0.8418624985226003,0.9955642709572495,1.0,0.9791041914362519,0.8252706618722729,-0.8307222653430948,0.7767440978669473
adjusted_rand_score,0.8549318444256778,0.9876613024808701,0.9791041914362519,1.0,0.8147442597775323,-0.8155737154824497,0.7713117714925666
calinski_harabasz,0.8805643661817784,0.8235749978996395,0.8252706618722729,0.8147442597775323,1.0,-0.9978307630609938,0.9666411462320901
davies_bouldin,-0.8826242298297422,-0.828852980829719,-0.8307222653430948,-0.8155737154824497,-0.9978307630609938,1.0,-0.9636333807284261
silhouette,0.9054832476575887,0.7758726064089557,0.7767440978669473,0.7713117714925666,0.9666411462320901,-0.9636333807284261,1.0
