,abilities,v_measure,mutual_info,adjusted_rand_score,calinski_harabasz,davies_bouldin,silhouette
abilities,1.0,0.8058459964377904,0.7987571180628549,0.8180524009720818,0.8920479202556448,-0.8899832989229778,0.9310784687610957
v_measure,0.8058459964377904,1.0,0.9952975690851222,0.9869429566784689,0.8310383422075336,-0.8313605622395663,0.7784638696340289
mutual_info,0.7987571180628549,0.9952975690851222,1.0,0.9781761669111425,0.8307237116008338,-0.8313615967218344,0.7751750969916366
adjusted_rand_score,0.8180524009720818,0.9869429566784689,0.9781761669111425,1.0,0.818650772219246,-0.8170003196583863,0.7743449978962478
calinski_harabasz,0.8920479202556448,0.8310383422075336,0.8307237116008338,0.818650772219246,1.0,-0.998671804110832,0.9611141064923793
davies_bouldin,-0.8899832989229778,-0.8313605622395663,-0.8313615967218344,-0.8170003196583863,-0.998671804110832,1.0,-0.9584051128966505
silhouette,0.9310784687610957,0.7784638696340289,0.7751750969916366,0.7743449978962478,0.9611141064923793,-0.9584051128966505,1.0
