,abilities,v_measure,mutual_info,adjusted_rand_score,calinski_harabasz,davies_bouldin,silhouette
abilities,1.0,0.8250409370449624,0.819727280841465,0.8258037586970008,0.7205631413382976,-0.7228909324683738,0.7882926572698952
v_measure,0.8250409370449624,1.0,0.9970108630808538,0.9910824088018466,0.7116181969786528,-0.7152613159939943,0.7101780470429853
mutual_info,0.819727280841465,0.9970108630808538,1.0,0.9851069232527822,0.7127562372324193,-0.7164521710706808,0.7108753883396385
adjusted_rand_score,0.8258037586970008,0.9910824088018466,0.9851069232527822,1.0,0.7056077082060496,-0.7060417259948808,0.7081263265866918
calinski_harabasz,0.7205631413382976,0.7116181969786528,0.7127562372324193,0.7056077082060496,1.0,-0.9982377232436414,0.9278255609037587
davies_bouldin,-0.7228909324683738,-0.7152613159939943,-0.7164521710706808,-0.7060417259948808,-0.9982377232436414,1.0,-0.9256818958941582
silhouette,0.7882926572698952,0.7101780470429853,0.7108753883396385,0.7081263265866918,0.9278255609037587,-0.9256818958941582,1.0
