,abilities,v_measure,mutual_info,adjusted_rand_score,calinski_harabasz,davies_bouldin,silhouette
abilities,1.0,0.8352360956403998,0.830141412991551,0.839326755967479,0.8847549909255898,-0.8861621820668613,0.913753649491044
v_measure,0.8352360956403998,1.0,0.9969085883937614,0.9910327634293806,0.8210180237479338,-0.8249046474706199,0.7700578761555565
mutual_info,0.830141412991551,0.9969085883937614,1.0,0.9850865129506734,0.8220651221796259,-0.8261164211536861,0.770470251316798
adjusted_rand_score,0.839326755967479,0.9910327634293806,0.9850865129506734,1.0,0.8144039410475759,-0.8150418072869507,0.7666231565599728
calinski_harabasz,0.8847549909255898,0.8210180237479338,0.8220651221796259,0.8144039410475759,1.0,-0.9984349930298009,0.9628080696493858
davies_bouldin,-0.8861621820668613,-0.8249046474706199,-0.8261164211536861,-0.8150418072869507,-0.9984349930298009,1.0,-0.9606381020016308
silhouette,0.913753649491044,0.7700578761555565,0.770470251316798,0.7666231565599728,0.9628080696493858,-0.9606381020016308,1.0
