,abilities,v_measure,mutual_info,adjusted_rand_score,calinski_harabasz,davies_bouldin,silhouette
abilities,1.0,0.8357490510555766,0.8303935599192329,0.8395832176513514,0.8850048659880586,-0.8868197480207265,0.9132407480470291
v_measure,0.8357490510555766,1.0,0.9970007117383066,0.9910196101642212,0.821031176450887,-0.8251019380149187,0.7698868910171642
mutual_info,0.8303935599192329,0.9970007117383066,1.0,0.9850209377588579,0.8222121481949786,-0.8263291608472159,0.770637686184044
adjusted_rand_score,0.8395832176513514,0.9910196101642212,0.9850209377588579,1.0,0.8143776372851275,-0.8152390855053141,0.7668861941844574
calinski_harabasz,0.8850048659880586,0.821031176450887,0.8222121481949786,0.8143776372851275,1.0,-0.9982508745627187,0.9626107998632263
davies_bouldin,-0.8868197480207265,-0.8251019380149187,-0.8263291608472159,-0.8152390855053141,-0.9982508745627187,1.0,-0.9605065888108577
silhouette,0.9132407480470291,0.7698868910171642,0.770637686184044,0.7668861941844574,0.9626107998632263,-0.9605065888108577,1.0
