,abilities,v_measure,mutual_info,adjusted_rand_score,calinski_harabasz,davies_bouldin,silhouette
abilities,1.0,0.8364817762836887,0.831188230096183,0.8401843906348458,0.8838964856319823,-0.8857902818056036,0.913112237018787
v_measure,0.8364817762836887,1.0,0.9969447940571974,0.9911906026112925,0.8210048710449804,-0.8250493272031056,0.7699658072348837
mutual_info,0.831188230096183,0.9969447940571974,1.0,0.9850439083793529,0.8221753920404657,-0.8262989949522379,0.7705218397772146
adjusted_rand_score,0.8401843906348458,0.9911906026112925,0.9850439083793529,1.0,0.8143776372851275,-0.8152390855053141,0.766873042303233
calinski_harabasz,0.8838964856319823,0.8210048710449804,0.8221753920404657,0.8143776372851275,1.0,-0.9982508745627187,0.9626371025013809
davies_bouldin,-0.8857902818056036,-0.8250493272031056,-0.8262989949522379,-0.8152390855053141,-0.9982508745627187,1.0,-0.9604671348536258
silhouette,0.913112237018787,0.7699658072348837,0.7705218397772146,0.766873042303233,0.9626371025013809,-0.9604671348536258,1.0
