,abilities,v_measure,mutual_info,adjusted_rand_score,calinski_harabasz,davies_bouldin,silhouette
abilities,1.0,0.7116359976155342,0.7789678390290142,0.727721369308798,0.7583676181727566,-0.7230306169316616,0.6470013388189076
v_measure,0.7116359976155342,1.0,0.939626107945939,0.988918097509015,0.8722160873261734,-0.813132152175825,0.5632518640854499
mutual_info,0.7789678390290142,0.939626107945939,1.0,0.9428705450067918,0.8416871072716434,-0.7868443940622892,0.5003957822318209
adjusted_rand_score,0.727721369308798,0.988918097509015,0.9428705450067918,1.0,0.8723333561356018,-0.799372611869558,0.5715388599517244
calinski_harabasz,0.7583676181727566,0.8722160873261734,0.8416871072716434,0.8723333561356018,1.0,-0.9094489343196943,0.5516617967536085
davies_bouldin,-0.7230306169316616,-0.813132152175825,-0.7868443940622892,-0.799372611869558,-0.9094489343196943,1.0,-0.5389967653353399
silhouette,0.6470013388189076,0.5632518640854499,0.5003957822318209,0.5715388599517244,0.5516617967536085,-0.5389967653353399,1.0
