,abilities,v_measure,mutual_info,adjusted_rand_score,calinski_harabasz,davies_bouldin,silhouette
abilities,1.0,0.7128086857098184,0.781483164523614,0.7247505594699449,0.75479091948519,-0.7194734630456664,0.6445777834240538
v_measure,0.7128086857098184,1.0,0.9406274889317153,0.9887812838980152,0.8705352343910329,-0.8161615964193923,0.5630173264665931
mutual_info,0.781483164523614,0.9406274889317153,1.0,0.9408033930053626,0.840655340408849,-0.7867993765271759,0.5008282150193913
adjusted_rand_score,0.7247505594699449,0.9887812838980152,0.9408033930053626,1.0,0.8717665568900311,-0.8009166511936987,0.5715974943564386
calinski_harabasz,0.75479091948519,0.8705352343910329,0.840655340408849,0.8717665568900311,1.0,-0.9164264284806849,0.5527563056416069
davies_bouldin,-0.7194734630456664,-0.8161615964193923,-0.7867993765271759,-0.8009166511936987,-0.9164264284806849,1.0,-0.5420262095789072
silhouette,0.6445777834240538,0.5630173264665931,0.5008282150193913,0.5715974943564386,0.5527563056416069,-0.5420262095789072,1.0
