,abilities,v_measure,mutual_info,adjusted_rand_score,calinski_harabasz,davies_bouldin,silhouette
abilities,1.0,0.712886864916104,0.7828415348701123,0.7244964770495168,0.7561004211904738,-0.7206266063383792,0.6453400306853385
v_measure,0.712886864916104,1.0,0.9391811665483933,0.9885662910807298,0.8702225175658904,-0.8166697612602488,0.5629391472603075
mutual_info,0.7828415348701123,0.9391811665483933,1.0,0.9381746043491895,0.8404794363352018,-0.7867211969388883,0.49999755689383485
adjusted_rand_score,0.7244964770495168,0.9885662910807298,0.9381746043491895,1.0,0.8713365712554604,-0.8011511888125555,0.5713434119360103
calinski_harabasz,0.7561004211904738,0.8702225175658904,0.8404794363352018,0.8713365712554604,1.0,-0.916680510901113,0.5526390368321785
davies_bouldin,-0.7206266063383792,-0.8166697612602488,-0.7867211969388883,-0.8011511888125555,-0.916680510901113,1.0,-0.5421043887851928
silhouette,0.6453400306853385,0.5629391472603075,0.49999755689383485,0.5713434119360103,0.5526390368321785,-0.5421043887851928,1.0
