,abilities,v_measure,mutual_info,adjusted_rand_score,calinski_harabasz,davies_bouldin,silhouette
abilities,1.0,0.709681517458394,0.7774960055209424,0.7240078570102317,0.7599116574968973,-0.7242814842322314,0.643033744099913
v_measure,0.709681517458394,1.0,0.9410379317702257,0.9891526351278719,0.8708674960177467,-0.8174906429262477,0.5636036705137351
mutual_info,0.7774960055209424,0.9410379317702257,1.0,0.9433051398305683,0.840889879173712,-0.7879329805573473,0.5016784180420198
adjusted_rand_score,0.7240078570102317,0.9891526351278719,0.9433051398305683,1.0,0.8728610657780297,-0.8034574753979811,0.5714606807454388
calinski_harabasz,0.7599116574968973,0.8708674960177467,0.840889879173712,0.8728610657780297,1.0,-0.9157814500288286,0.5527172160384641
davies_bouldin,-0.7242814842322314,-0.8174906429262477,-0.7879329805573473,-0.8034574753979811,-0.9157814500288286,1.0,-0.5420066647773358
silhouette,0.643033744099913,0.5636036705137351,0.5016784180420198,0.5714606807454388,0.5527172160384641,-0.5420066647773358,1.0
