,abilities,v_measure,mutual_info,adjusted_rand_score,calinski_harabasz,davies_bouldin,silhouette
abilities,1.0,0.8444650015417823,0.8611162503854456,0.8701202590194265,0.7795868023435091,-0.6768424298489053,0.555349984582177
v_measure,0.8444650015417823,1.0,0.9907493061979649,0.9601603453592352,0.9069996916435399,-0.8699969164353993,0.6187480727721246
mutual_info,0.8611162503854456,0.9907493061979649,1.0,0.961763798951588,0.8905951279679309,-0.8508788159111933,0.5969164353993216
adjusted_rand_score,0.8701202590194265,0.9601603453592352,0.961763798951588,1.0,0.8632130743139069,-0.7837804502004317,0.6119642306506321
calinski_harabasz,0.7795868023435091,0.9069996916435399,0.8905951279679309,0.8632130743139069,1.0,-0.9366019118100524,0.6414431082331175
davies_bouldin,-0.6768424298489053,-0.8699969164353993,-0.8508788159111933,-0.7837804502004317,-0.9366019118100524,1.0,-0.5757015109466543
silhouette,0.555349984582177,0.6187480727721246,0.5969164353993216,0.6119642306506321,0.6414431082331175,-0.5757015109466543,1.0
