,abilities,v_measure,mutual_info,adjusted_rand_score,calinski_harabasz,davies_bouldin,silhouette
abilities,1.0,0.8108174785686092,0.8244726779326508,0.8821116905732728,0.6979555339591503,-0.5903358108206227,0.5142927628952333
v_measure,0.8108174785686092,1.0,0.9885596230300628,0.938945420906568,0.9029293863706445,-0.8456984273820537,0.5898859081097749
mutual_info,0.8244726779326508,0.9885596230300628,1.0,0.9477319687505756,0.886058774974915,-0.802861636571549,0.5519134110983862
adjusted_rand_score,0.8821116905732728,0.938945420906568,0.9477319687505756,1.0,0.8204131976564909,-0.7126117792167745,0.5358618563058896
calinski_harabasz,0.6979555339591503,0.9029293863706445,0.886058774974915,0.8204131976564909,1.0,-0.9058896083872957,0.6358926919518963
davies_bouldin,-0.5903358108206227,-0.8456984273820537,-0.802861636571549,-0.7126117792167745,-0.9058896083872957,1.0,-0.5731113166820845
silhouette,0.5142927628952333,0.5898859081097749,0.5519134110983862,0.5358618563058896,0.6358926919518963,-0.5731113166820845,1.0
