,abilities,v_measure,mutual_info,adjusted_rand_score,calinski_harabasz,davies_bouldin,silhouette
abilities,1.0,0.8466851680542707,0.8644465001541782,0.8719703977798335,0.7769966080789392,-0.6754856614246069,0.5612704286154795
v_measure,0.8466851680542707,1.0,0.9933395004625347,0.960777058279371,0.9067530064754856,-0.868886833179155,0.620968239284613
mutual_info,0.8644465001541782,0.9933395004625347,1.0,0.9652173913043478,0.8909651557200123,-0.852358926919519,0.6003700277520814
adjusted_rand_score,0.8719703977798335,0.960777058279371,0.9652173913043478,1.0,0.8622263336416898,-0.7821769966080789,0.6150477952513105
calinski_harabasz,0.7769966080789392,0.9067530064754856,0.8909651557200123,0.8622263336416898,1.0,-0.9337650323774284,0.6414431082331175
davies_bouldin,-0.6754856614246069,-0.868886833179155,-0.852358926919519,-0.7821769966080789,-0.9337650323774284,1.0,-0.5806352143077398
silhouette,0.5612704286154795,0.620968239284613,0.6003700277520814,0.6150477952513105,0.6414431082331175,-0.5806352143077398,1.0
