,abilities,v_measure,mutual_info,adjusted_rand_score,calinski_harabasz,davies_bouldin,silhouette
abilities,1.0,0.8461917977181622,0.8602528522972557,0.8719703977798335,0.7860006167129201,-0.6725254394079556,0.5495528831329016
v_measure,0.8461917977181622,1.0,0.9913660191181005,0.9604070305272896,0.9066296638914585,-0.8691335183472094,0.6196114708603145
mutual_info,0.8602528522972557,0.9913660191181005,1.0,0.9620104841196423,0.8884983040394696,-0.8522355843354918,0.5946962688868331
adjusted_rand_score,0.8719703977798335,0.9604070305272896,0.9620104841196423,1.0,0.8632130743139069,-0.7806968855997534,0.6114708603145236
calinski_harabasz,0.7860006167129201,0.9066296638914585,0.8884983040394696,0.8632130743139069,1.0,-0.9348751156336725,0.6418131359851988
davies_bouldin,-0.6725254394079556,-0.8691335183472094,-0.8522355843354918,-0.7806968855997534,-0.9348751156336725,1.0,-0.5739747147702744
silhouette,0.5495528831329016,0.6196114708603145,0.5946962688868331,0.6114708603145236,0.6418131359851988,-0.5739747147702744,1.0
