,abilities,v_measure,mutual_info,adjusted_rand_score,calinski_harabasz,davies_bouldin,silhouette
abilities,1.0,0.8732447658286387,0.8827480225967402,0.872488018161944,0.8314344572437569,-0.7597746573614731,0.6278903556714034
v_measure,0.8732447658286387,1.0,0.9766251165987775,0.998444463129572,0.9254813755990919,-0.8664760783654251,0.5961279744387454
mutual_info,0.8827480225967402,0.9766251165987775,1.0,0.9754875954328154,0.9209181772768011,-0.8371734477345373,0.5627043360326311
adjusted_rand_score,0.872488018161944,0.998444463129572,0.9754875954328154,1.0,0.9229588833767762,-0.8643950222820146,0.594887749096107
calinski_harabasz,0.8314344572437569,0.9254813755990919,0.9209181772768011,0.9229588833767762,1.0,-0.8806650971159505,0.5339064996216262
davies_bouldin,-0.7597746573614731,-0.8664760783654251,-0.8371734477345373,-0.8643950222820146,-0.8806650971159505,1.0,-0.5880559993273354
silhouette,0.6278903556714034,0.5961279744387454,0.5627043360326311,0.594887749096107,0.5339064996216262,-0.5880559993273354,1.0
