,abilities,v_measure,mutual_info,adjusted_rand_score,calinski_harabasz,davies_bouldin,silhouette
abilities,1.0,0.8764819641806104,0.887975195981558,0.8757882788194736,0.8340830740771883,-0.762948793407887,0.6255990919027999
v_measure,0.8764819641806104,1.0,0.9803125604466179,0.998444463129572,0.9254813755990919,-0.8669385352728496,0.5965273690406121
mutual_info,0.887975195981558,0.9803125604466179,1.0,0.9791111841000056,0.9230574929804377,-0.8391929932756961,0.5654161853051652
adjusted_rand_score,0.8757882788194736,0.998444463129572,0.9791111841000056,1.0,0.9229588833767762,-0.8648364584209198,0.5952871436979736
calinski_harabasz,0.8340830740771883,0.9254813755990919,0.9230574929804377,0.9229588833767762,1.0,-0.8807912217270664,0.533969561927184
davies_bouldin,-0.762948793407887,-0.8669385352728496,-0.8391929932756961,-0.8648364584209198,-0.8807912217270664,1.0,-0.5881400824014126
silhouette,0.6255990919027999,0.5965273690406121,0.5654161853051652,0.5952871436979736,0.533969561927184,-0.5881400824014126,1.0
