,abilities,v_measure,mutual_info,adjusted_rand_score,calinski_harabasz,davies_bouldin,silhouette
abilities,1.0,0.8886682844326789,0.8954433158021887,0.885768911579633,0.873541121721135,-0.7837446030695534,0.5766075236624542
v_measure,0.8886682844326789,1.0,0.9639141232520724,0.997667895748637,0.897429432836448,-0.8530144023194983,0.5905791392224218
mutual_info,0.8954433158021887,0.9639141232520724,1.0,0.9622415378496247,0.889762837076895,-0.8146753238525487,0.5339018837473337
adjusted_rand_score,0.885768911579633,0.997667895748637,0.9622415378496247,1.0,0.8917567468196191,-0.84956877081298,0.59225993507926
calinski_harabasz,0.873541121721135,0.897429432836448,0.889762837076895,0.8917567468196191,1.0,-0.8795919868057526,0.4952359942432742
davies_bouldin,-0.7837446030695534,-0.8530144023194983,-0.8146753238525487,-0.84956877081298,-0.8795919868057526,1.0,-0.5623417688275398
silhouette,0.5766075236624542,0.5905791392224218,0.5339018837473337,0.59225993507926,0.4952359942432742,-0.5623417688275398,1.0
