,abilities,v_measure,mutual_info,adjusted_rand_score,calinski_harabasz,davies_bouldin,silhouette
abilities,1.0,0.8748371369730593,0.8736599832960179,0.8746900348842096,0.8361492876055983,-0.7713823393435044,0.6468288992560837
v_measure,0.8748371369730593,1.0,0.963533340935737,0.9979405707561048,0.922792417938049,-0.8712016139200606,0.5977178161644181
mutual_info,0.8736599832960179,0.963533340935737,1.0,0.9616280847009292,0.9142072043815412,-0.833628549809973,0.5512716810669626
adjusted_rand_score,0.8746900348842096,0.9979405707561048,0.9616280847009292,1.0,0.9205438574370614,-0.8703400159710839,0.5975076703232043
calinski_harabasz,0.8361492876055983,0.922792417938049,0.9142072043815412,0.9205438574370614,1.0,-0.883999495649981,0.5341276846131215
davies_bouldin,-0.7713823393435044,-0.8712016139200606,-0.833628549809973,-0.8703400159710839,-0.883999495649981,1.0,-0.589311982515866
silhouette,0.6468288992560837,0.5977178161644181,0.5512716810669626,0.5975076703232043,0.5341276846131215,-0.589311982515866,1.0
