,abilities,v_measure,mutual_info,adjusted_rand_score,calinski_harabasz,davies_bouldin,silhouette
abilities,1.0,0.8778061412078619,0.8750575179711994,0.8773439223472315,0.8389167270702678,-0.7739959870998918,0.6455621736892418
v_measure,0.8778061412078619,1.0,0.9642468218507584,0.9979200151271627,0.9221791518283907,-0.8689189331148298,0.5924280146649439
mutual_info,0.8750575179711994,0.9642468218507584,1.0,0.9628043788532965,0.9146141482008656,-0.8347638730712971,0.5474334394892919
adjusted_rand_score,0.8773439223472315,0.9979200151271627,0.9628043788532965,1.0,0.9198470475770277,-0.8682045948756736,0.591776706270419
calinski_harabasz,0.8389167270702678,0.9221791518283907,0.9146141482008656,0.9198470475770277,1.0,-0.881903081108905,0.5285577721050918
davies_bouldin,-0.7739959870998918,-0.8689189331148298,-0.8347638730712971,-0.8682045948756736,-0.881903081108905,1.0,-0.5913144874097885
silhouette,0.6455621736892418,0.5924280146649439,0.5474334394892919,0.591776706270419,0.5285577721050918,-0.5913144874097885,1.0
