,abilities,v_measure,mutual_info,adjusted_rand_score,calinski_harabasz,davies_bouldin,silhouette
abilities,1.0,0.8790820829655781,0.875710099244793,0.8787668642037574,0.8396587231538688,-0.7721388643718741,0.607111335266675
v_measure,0.8790820829655781,1.0,0.961926994281423,0.9979405707561048,0.9232757533728407,-0.872882780649771,0.5706720464002017
mutual_info,0.875710099244793,0.961926994281423,1.0,0.959810531665111,0.9139117229859867,-0.8332229019471866,0.512268190465565
adjusted_rand_score,0.8787668642037574,0.9979405707561048,0.959810531665111,1.0,0.9210482074559745,-0.871726978523095,0.570356827638381
calinski_harabasz,0.8396587231538688,0.9232757533728407,0.9139117229859867,0.9210482074559745,1.0,-0.8826755768503342,0.5051485731097382
davies_bouldin,-0.7721388643718741,-0.872882780649771,-0.8332229019471866,-0.871726978523095,-0.8826755768503342,1.0,-0.5619930231580716
silhouette,0.607111335266675,0.5706720464002017,0.512268190465565,0.570356827638381,0.5051485731097382,-0.5619930231580716,1.0
