,abilities,v_measure,mutual_info,adjusted_rand_score,calinski_harabasz,davies_bouldin,silhouette
abilities,1.0,0.7082649151614668,0.5898453592940556,0.6360153256704981,0.7323481116584565,-0.8790366721401204,0.8100711548987412
v_measure,0.7082649151614668,1.0,0.9555221110420177,0.9562123700054734,0.8943623426382047,-0.6787082649151615,0.6436781609195402
mutual_info,0.5898453592940556,0.9555221110420177,1.0,0.9117284880781898,0.8890105461657042,-0.5695908086732853,0.591761330298723
adjusted_rand_score,0.6360153256704981,0.9562123700054734,0.9117284880781898,1.0,0.8045977011494253,-0.5374931581828134,0.5593869731800766
calinski_harabasz,0.7323481116584565,0.8943623426382047,0.8890105461657042,0.8045977011494253,1.0,-0.7285166940339354,0.8073344280240832
davies_bouldin,-0.8790366721401204,-0.6787082649151615,-0.5695908086732853,-0.5374931581828134,-0.7285166940339354,1.0,-0.6951286261631089
silhouette,0.8100711548987412,0.6436781609195402,0.591761330298723,0.5593869731800766,0.8073344280240832,-0.6951286261631089,1.0
