,abilities,v_measure,mutual_info,adjusted_rand_score,calinski_harabasz,davies_bouldin,silhouette
abilities,1.0,0.9053092501368364,0.836343732895457,0.8910782703886152,0.9293924466338259,-0.8045977011494253,0.8834154351395731
v_measure,0.9053092501368364,1.0,0.9616858237547893,0.969896004378763,0.9074986316365626,-0.7389162561576355,0.7334428024083196
mutual_info,0.836343732895457,0.9616858237547893,1.0,0.9337712096332786,0.8511220580186097,-0.6798029556650246,0.6781609195402298
adjusted_rand_score,0.8910782703886152,0.969896004378763,0.9337712096332786,1.0,0.8691844553913519,-0.6310892172961139,0.7126436781609196
calinski_harabasz,0.9293924466338259,0.9074986316365626,0.8511220580186097,0.8691844553913519,1.0,-0.8724685276409414,0.8555008210180624
davies_bouldin,-0.8045977011494253,-0.7389162561576355,-0.6798029556650246,-0.6310892172961139,-0.8724685276409414,1.0,-0.7432950191570882
silhouette,0.8834154351395731,0.7334428024083196,0.6781609195402298,0.7126436781609196,0.8555008210180624,-0.7432950191570882,1.0
