,abilities,v_measure,mutual_info,adjusted_rand_score,calinski_harabasz,davies_bouldin,silhouette
abilities,1.0,0.896551724137931,0.8418171866447729,0.8719211822660099,0.9414340448823207,-0.8270388615216201,0.89272030651341
v_measure,0.896551724137931,1.0,0.969896004378763,0.9737274220032841,0.9074986316365626,-0.7597153804050356,0.7427476737821566
mutual_info,0.8418171866447729,0.969896004378763,1.0,0.9452654625068418,0.8631636562671046,-0.7328954570333881,0.7006020799124247
adjusted_rand_score,0.8719211822660099,0.9737274220032841,0.9452654625068418,1.0,0.8686371100164204,-0.6310892172961139,0.7110016420361248
calinski_harabasz,0.9414340448823207,0.9074986316365626,0.8631636562671046,0.8686371100164204,1.0,-0.8724685276409414,0.8565955117679256
davies_bouldin,-0.8270388615216201,-0.7597153804050356,-0.7328954570333881,-0.6310892172961139,-0.8724685276409414,1.0,-0.7389162561576355
silhouette,0.89272030651341,0.7427476737821566,0.7006020799124247,0.7110016420361248,0.8565955117679256,-0.7389162561576355,1.0
