,abilities,v_measure,mutual_info,adjusted_rand_score,calinski_harabasz,davies_bouldin,silhouette
abilities,1.0,0.7809404132207254,0.7717057774920366,0.8205090739063093,0.7736929775855519,-0.5603612028405272,0.6541687366667641
v_measure,0.7809404132207254,1.0,0.9393903971477834,0.9789590578333675,0.9119202782080131,-0.8047283672813349,0.7165317513662001
mutual_info,0.7717057774920366,0.9393903971477834,1.0,0.9317922791431661,0.8388030041789649,-0.7150121277652766,0.626289488295976
adjusted_rand_score,0.8205090739063093,0.9789590578333675,0.9317922791431661,1.0,0.8794237119728806,-0.7352932581314474,0.6733393728630294
calinski_harabasz,0.7736929775855519,0.9119202782080131,0.8388030041789649,0.8794237119728806,1.0,-0.9066600426663549,0.713901633595371
davies_bouldin,-0.5603612028405272,-0.8047283672813349,-0.7150121277652766,-0.7352932581314474,-0.9066600426663549,1.0,-0.7199216809374909
silhouette,0.6541687366667641,0.7165317513662001,0.626289488295976,0.6733393728630294,0.713901633595371,-0.7199216809374909,1.0
