,abilities,v_measure,mutual_info,adjusted_rand_score,calinski_harabasz,davies_bouldin,silhouette
abilities,1.0,0.7801221543586896,0.7694263420906514,0.8203337327215874,0.7739267658318478,-0.5617054852567287,0.6558637014524095
v_measure,0.7801221543586896,1.0,0.9390397147783395,0.9789006107717935,0.912212513515883,-0.8036178731114293,0.7160641748736082
mutual_info,0.7694263420906514,0.9390397147783395,1.0,0.9309155732195564,0.8379262982553553,-0.7134340571027792,0.6250036529413484
adjusted_rand_score,0.8203337327215874,0.9789006107717935,0.9309155732195564,1.0,0.8798328414038984,-0.7350010228235776,0.6731640316783074
calinski_harabasz,0.7739267658318478,0.912212513515883,0.8379262982553553,0.8798328414038984,1.0,-0.9061924661737631,0.713784739472223
davies_bouldin,-0.5617054852567287,-0.8036178731114293,-0.7134340571027792,-0.7350010228235776,-0.9061924661737631,1.0,-0.7197463397527689
silhouette,0.6558637014524095,0.7160641748736082,0.6250036529413484,0.6731640316783074,0.713784739472223,-0.7197463397527689,1.0
