,abilities,v_measure,mutual_info,adjusted_rand_score,calinski_harabasz,davies_bouldin,silhouette
abilities,1.0,0.8228469563692685,0.8199246032905696,0.861422017008095,0.8043776849118911,-0.5640433677196879,0.6107425699172974
v_measure,0.8228469563692685,1.0,0.9378707735468599,0.9852713404833572,0.9046728425728396,-0.7885969782869167,0.708173821561121
mutual_info,0.8199246032905696,0.9378707735468599,1.0,0.9350653145913089,0.8306788626201818,-0.7011017271106695,0.6181653467371928
adjusted_rand_score,0.861422017008095,0.9852713404833572,0.9350653145913089,1.0,0.8779040883719571,-0.7403781524883837,0.6803530202519068
calinski_harabasz,0.8043776849118911,0.9046728425728396,0.8306788626201818,0.8779040883719571,1.0,-0.8821122768052836,0.7083491627458429
davies_bouldin,-0.5640433677196879,-0.7885969782869167,-0.7011017271106695,-0.7403781524883837,-0.8821122768052836,1.0,-0.7388000818258862
silhouette,0.6107425699172974,0.708173821561121,0.6181653467371928,0.6803530202519068,0.7083491627458429,-0.7388000818258862,1.0
