,abilities,v_measure,mutual_info,adjusted_rand_score,calinski_harabasz,davies_bouldin,silhouette
abilities,1.0,0.7787194248809141,0.770595283322131,0.8201583915368655,0.7750372600017534,-0.5626990853034863,0.6548701014056518
v_measure,0.7787194248809141,1.0,0.937812326485286,0.9786668225254975,0.9110435722844034,-0.8037932142961512,0.7157719395657384
mutual_info,0.770595283322131,0.937812326485286,1.0,0.9307402320348345,0.838452321809521,-0.7145445512726848,0.6257050176802361
adjusted_rand_score,0.8201583915368655,0.9786668225254975,0.9307402320348345,1.0,0.8797159472807504,-0.7352348110698734,0.6734562669861772
calinski_harabasz,0.7750372600017534,0.9110435722844034,0.838452321809521,0.8797159472807504,1.0,-0.9066600426663549,0.713901633595371
davies_bouldin,-0.5626990853034863,-0.8037932142961512,-0.7145445512726848,-0.7352348110698734,-0.9066600426663549,1.0,-0.7199216809374909
silhouette,0.6548701014056518,0.7157719395657384,0.6257050176802361,0.6734562669861772,0.713901633595371,-0.7199216809374909,1.0
