,abilities,v_measure,mutual_info,adjusted_rand_score,calinski_harabasz,davies_bouldin,silhouette
abilities,1.0,0.8020982495105059,0.7710044127531488,0.8454659691983986,0.7679651655513019,-0.5859610158099302,0.657149536807037
v_measure,0.8020982495105059,1.0,0.9388643735936176,0.9812969402963266,0.8988281364154417,-0.8032671907419855,0.7064788567754756
mutual_info,0.7710044127531488,0.9388643735936176,1.0,0.9410853619334288,0.8303866273123118,-0.7115053040708378,0.623308688155703
adjusted_rand_score,0.8454659691983986,0.9812969402963266,0.9410853619334288,1.0,0.8632923229784623,-0.7311435167596949,0.6597796545778661
calinski_harabasz,0.7679651655513019,0.8988281364154417,0.8303866273123118,0.8632923229784623,1.0,-0.9006984423858091,0.7037902919430725
davies_bouldin,-0.5859610158099302,-0.8032671907419855,-0.7115053040708378,-0.7311435167596949,-0.9006984423858091,1.0,-0.7218504339694322
silhouette,0.657149536807037,0.7064788567754756,0.623308688155703,0.6597796545778661,0.7037902919430725,-0.7218504339694322,1.0
