,abilities,v_measure,mutual_info,adjusted_rand_score,calinski_harabasz,davies_bouldin,silhouette
abilities,1.0,0.8962982261865259,0.8537589755803714,0.9497568881685575,0.6260708497337346,-0.6405417920815003,0.6434359805510534
v_measure,0.8962982261865259,1.0,0.9757031392135563,0.9192787477440079,0.6786489540048327,-0.7109490321637116,0.654742265331684
mutual_info,0.8537589755803714,0.9757031392135563,1.0,0.8701495725608507,0.6861462983312299,-0.7189854095960064,0.6585197444100687
adjusted_rand_score,0.9497568881685575,0.9192787477440079,0.8701495725608507,1.0,0.6242185691132206,-0.6280388978930308,0.6355637879138689
calinski_harabasz,0.6260708497337346,0.6786489540048327,0.6861462983312299,0.6242185691132206,1.0,-0.9847186848807594,0.9827506367214633
davies_bouldin,-0.6405417920815003,-0.7109490321637116,-0.7189854095960064,-0.6280388978930308,-0.9847186848807594,1.0,-0.9657328085204908
silhouette,0.6434359805510534,0.654742265331684,0.6585197444100687,0.6355637879138689,0.9827506367214633,-0.9657328085204908,1.0
