,abilities,v_measure,mutual_info,adjusted_rand_score,calinski_harabasz,davies_bouldin,silhouette
abilities,1.0,0.9115536003704561,0.8674427616106025,0.9624913174345914,0.6034961796712202,-0.6183144246353323,0.6274600601991202
v_measure,0.9115536003704561,1.0,0.9739982513871903,0.921509608705719,0.6727251678629312,-0.70479277610558,0.6609168789071544
mutual_info,0.8674427616106025,0.9739982513871903,1.0,0.869701274709128,0.6814918498320028,-0.7145008874258371,0.6635974768206084
adjusted_rand_score,0.9624913174345914,0.921509608705719,0.869701274709128,1.0,0.6198194026394999,-0.6236397314193101,0.6482982171799028
calinski_harabasz,0.6034961796712202,0.6727251678629312,0.6814918498320028,0.6198194026394999,1.0,-0.9847186848807594,0.9836767770317203
davies_bouldin,-0.6183144246353323,-0.70479277610558,-0.7145008874258371,-0.6236397314193101,-0.9847186848807594,1.0,-0.963996295438759
silhouette,0.6274600601991202,0.6609168789071544,0.6635974768206084,0.6482982171799028,0.9836767770317203,-0.963996295438759,1.0
