,abilities,v_measure,mutual_info,adjusted_rand_score,calinski_harabasz,davies_bouldin,silhouette
abilities,1.0,0.9614734707671511,0.8888803398069861,0.9625356056582822,0.9224641529474243,-0.6832906870081591,0.7877661372085164
v_measure,0.9614734707671511,1.0,0.8297096729661184,0.9912132477188239,0.8973591464297784,-0.7533915898228166,0.8455076521991021
mutual_info,0.8888803398069861,0.8297096729661184,1.0,0.8217876498022998,0.8576812609272559,-0.5862786155001352,0.626279942339664
adjusted_rand_score,0.9625356056582822,0.9912132477188239,0.8217876498022998,1.0,0.8866412398010911,-0.7531019166706899,0.8373968039395548
calinski_harabasz,0.9224641529474243,0.8973591464297784,0.8576812609272559,0.8866412398010911,1.0,-0.7178583498286101,0.783227924491865
davies_bouldin,-0.6832906870081591,-0.7533915898228166,-0.5862786155001352,-0.7531019166706899,-0.7178583498286101,1.0,-0.8793028532805485
silhouette,0.7877661372085164,0.8455076521991021,0.626279942339664,0.8373968039395548,0.783227924491865,-0.8793028532805485,1.0
