,abilities,v_measure,mutual_info,adjusted_rand_score,calinski_harabasz,davies_bouldin,silhouette
abilities,1.0,0.9649987913947304,0.9422346149847464,0.9606478124244622,0.9103698332124728,-0.6577229876722263,0.7694948029973411
v_measure,0.9649987913947304,1.0,0.9063844972930191,0.9881073241479332,0.9094996374184191,-0.7436789944404157,0.847328982354363
mutual_info,0.9422346149847464,0.9063844972930191,1.0,0.8914794211874911,0.900734207004649,-0.6158816414323373,0.7069195082337482
adjusted_rand_score,0.9606478124244622,0.9881073241479332,0.8914794211874911,1.0,0.8915155910079768,-0.7609862218999275,0.8486826202562243
calinski_harabasz,0.9103698332124728,0.9094996374184191,0.900734207004649,0.8915155910079768,1.0,-0.7279187817258883,0.8028523084360648
davies_bouldin,-0.6577229876722263,-0.7436789944404157,-0.6158816414323373,-0.7609862218999275,-0.7279187817258883,1.0,-0.8728547256466038
silhouette,0.7694948029973411,0.847328982354363,0.7069195082337482,0.8486826202562243,0.8028523084360648,-0.8728547256466038,1.0
