,abilities,v_measure,mutual_info,adjusted_rand_score,calinski_harabasz,davies_bouldin,silhouette
abilities,1.0,0.9592939133789911,0.8889155032483419,0.9545673772547506,0.9233143628822225,-0.7010707051220219,0.787305874409183
v_measure,0.9592939133789911,1.0,0.82548755160753,0.9834088936047073,0.8949551461367802,-0.7700395485675702,0.8457605864763191
mutual_info,0.8889155032483419,0.82548755160753,1.0,0.8148837989559219,0.8584661951753754,-0.5888001185675064,0.6196385551781465
adjusted_rand_score,0.9545673772547506,0.9834088936047073,0.8148837989559219,1.0,0.8735410436963442,-0.7489148258898428,0.8204880871997685
calinski_harabasz,0.9233143628822225,0.8949551461367802,0.8584661951753754,0.8735410436963442,1.0,-0.7346387575962188,0.7838333172566798
davies_bouldin,-0.7010707051220219,-0.7700395485675702,-0.5888001185675064,-0.7489148258898428,-0.7346387575962188,1.0,-0.8854056139673966
silhouette,0.787305874409183,0.8457605864763191,0.6196385551781465,0.8204880871997685,0.7838333172566798,-0.8854056139673966,1.0
