,abilities,v_measure,mutual_info,adjusted_rand_score,calinski_harabasz,davies_bouldin,silhouette
abilities,1.0,0.7447057318788942,0.8604657537108692,0.7592866670321037,0.7851961482943229,-0.7077965977817976,0.6657713460870837
v_measure,0.7447057318788942,1.0,0.8890614579612198,0.983738054779002,0.8847046355679804,-0.8686619525297374,0.6703027645306876
mutual_info,0.8604657537108692,0.8890614579612198,1.0,0.8910348356347264,0.8245795152778413,-0.8142375545074271,0.5605854353998443
adjusted_rand_score,0.7592866670321037,0.983738054779002,0.8910348356347264,1.0,0.8853989658133713,-0.8546657165305414,0.6727877359352445
calinski_harabasz,0.7851961482943229,0.8847046355679804,0.8245795152778413,0.8853989658133713,1.0,-0.9330519468654643,0.6357324270496446
davies_bouldin,-0.7077965977817976,-0.8686619525297374,-0.8142375545074271,-0.8546657165305414,-0.9330519468654643,1.0,-0.5877870964205448
silhouette,0.6657713460870837,0.6703027645306876,0.5605854353998443,0.6727877359352445,0.6357324270496446,-0.5877870964205448,1.0
