,abilities,v_measure,mutual_info,adjusted_rand_score,calinski_harabasz,davies_bouldin,silhouette
abilities,1.0,0.6918635458349321,0.7972921120429753,0.7134608708363025,0.7800434869995797,-0.7240219993056698,0.7119260355570173
v_measure,0.6918635458349321,1.0,0.8894918598914652,0.9826417438652268,0.8841564801110928,-0.8291582159367064,0.6952986533647609
mutual_info,0.7972921120429753,0.8894918598914652,1.0,0.8974949295620238,0.8267097882292752,-0.7835516819236602,0.5808437939666357
adjusted_rand_score,0.7134608708363025,0.9826417438652268,0.8974949295620238,1.0,0.8824754700433043,-0.8126039211387016,0.7015841692704051
calinski_harabasz,0.7800434869995797,0.8841564801110928,0.8267097882292752,0.8824754700433043,1.0,-0.9283378099362313,0.6864185349631822
davies_bouldin,-0.7240219993056698,-0.8291582159367064,-0.7835516819236602,-0.8126039211387016,-0.9283378099362313,1.0,-0.6157064810246853
silhouette,0.7119260355570173,0.6952986533647609,0.5808437939666357,0.7015841692704051,0.6864185349631822,-0.6157064810246853,1.0
