,abilities,v_measure,mutual_info,adjusted_rand_score,calinski_harabasz,davies_bouldin,silhouette
abilities,1.0,0.3186653394409549,0.3589767751916253,0.0932719612593173,0.7318067323105106,-0.7084039386306389,0.887886420883902
v_measure,0.3186653394409549,1.0,0.9963108624792388,0.9253054546334015,-0.11814548948443308,0.07761098349733353,0.11821419203695359
mutual_info,0.3589767751916253,0.9963108624792388,1.0,0.8995338424697658,-0.07187784156354941,0.034071517502390174,0.1508128636185152
adjusted_rand_score,0.0932719612593173,0.9253054546334015,0.8995338424697658,1.0,-0.32527251110418437,0.2564578183508702,-0.07456260885350777
calinski_harabasz,0.7318067323105106,-0.11814548948443308,-0.07187784156354941,-0.32527251110418437,1.0,-0.9578200137394092,0.7971605220975498
davies_bouldin,-0.7084039386306389,0.07761098349733353,0.034071517502390174,0.2564578183508702,-0.9578200137394092,1.0,-0.7964735516372796
silhouette,0.887886420883902,0.11821419203695359,0.1508128636185152,-0.07456260885350777,0.7971605220975498,-0.7964735516372796,1.0
