,abilities,v_measure,mutual_info,adjusted_rand_score,calinski_harabasz,davies_bouldin,silhouette
abilities,1.0,0.6548165815370142,0.6747929771643477,0.5344953965936499,0.4832340815391663,-0.4456710948236372,0.7858451672010994
v_measure,0.6548165815370142,1.0,0.9961132763179773,0.949432476021198,-0.036397787388054555,0.060838592386830016,0.2760642753938537
mutual_info,0.6747929771643477,0.9961132763179773,1.0,0.9325985899566469,0.007705367555725431,0.019148755681639092,0.3041556246773405
adjusted_rand_score,0.5344953965936499,0.949432476021198,0.9325985899566469,1.0,-0.19112190225744224,0.20321590566011835,0.12982729410297011
calinski_harabasz,0.4832340815391663,-0.036397787388054555,0.007705367555725431,-0.19112190225744224,1.0,-0.9842876775080165,0.7629867155290884
davies_bouldin,-0.4456710948236372,0.060838592386830016,0.019148755681639092,0.20321590566011835,-0.9842876775080165,1.0,-0.7831424644983968
silhouette,0.7858451672010994,0.2760642753938537,0.3041556246773405,0.12982729410297011,0.7629867155290884,-0.7831424644983968,1.0
