,abilities,v_measure,mutual_info,adjusted_rand_score,calinski_harabasz,davies_bouldin,silhouette
abilities,1.0,0.6385990651929345,0.6592549902400572,0.5440469106446271,0.47975263398992213,-0.44163994502977555,0.7836463582226294
v_measure,0.6385990651929345,1.0,0.9955757090229314,0.9683079642408874,-0.07016137367502272,0.09061651787737182,0.24724840595762168
mutual_info,0.6592549902400572,0.9955757090229314,1.0,0.9508387600661858,-0.02989215575204404,0.05416807058441723,0.27237622288787366
adjusted_rand_score,0.5440469106446271,0.9683079642408874,0.9508387600661858,1.0,-0.19103028101954317,0.2032617162790679,0.13326309052418492
calinski_harabasz,0.47975263398992213,-0.07016137367502272,-0.02989215575204404,-0.19103028101954317,1.0,-0.9842876775080165,0.7625744388456253
davies_bouldin,-0.44163994502977555,0.09061651787737182,0.05416807058441723,0.2032617162790679,-0.9842876775080165,1.0,-0.7828218048557032
silhouette,0.7836463582226294,0.24724840595762168,0.27237622288787366,0.13326309052418492,0.7625744388456253,-0.7828218048557032,1.0
