,abilities,v_measure,mutual_info,adjusted_rand_score,calinski_harabasz,davies_bouldin,silhouette
abilities,1.0,0.9087619256497423,0.8237751239161338,0.9324487334137516,0.31571444237306723,-0.34927075337208024,0.3284351354315166
v_measure,0.9087619256497423,1.0,0.9497836305458103,0.8499835508279416,0.4192345651935519,-0.4758197170742406,0.4091457396644369
mutual_info,0.8237751239161338,0.9497836305458103,1.0,0.7518800264924073,0.4392735570835933,-0.49711892554512593,0.41413771386216824
adjusted_rand_score,0.9324487334137516,0.8499835508279416,0.7518800264924073,1.0,0.317688343020068,-0.32119749972584716,0.35694703366597214
calinski_harabasz,0.31571444237306723,0.4192345651935519,0.4392735570835933,0.317688343020068,1.0,-0.9741199692948789,0.9839894725298827
davies_bouldin,-0.34927075337208024,-0.4758197170742406,-0.49711892554512593,-0.32119749972584716,-0.9741199692948789,1.0,-0.9502138392367584
silhouette,0.3284351354315166,0.4091457396644369,0.41413771386216824,0.35694703366597214,0.9839894725298827,-0.9502138392367584,1.0
