,abilities,v_measure,mutual_info,adjusted_rand_score,calinski_harabasz,davies_bouldin,silhouette
abilities,1.0,0.8646781445333919,0.7805283019543807,0.9662243667068757,0.30847680666739774,-0.3290931023138502,0.32755784625507184
v_measure,0.8646781445333919,1.0,0.949673867038293,0.8517381291808312,0.4163833753701064,-0.4734071718390174,0.3979603026647659
mutual_info,0.7805283019543807,0.949673867038293,1.0,0.751660499477373,0.4410297732038675,-0.49887514166540015,0.4140279503546511
adjusted_rand_score,0.9662243667068757,0.8517381291808312,0.751660499477373,1.0,0.31637240925540083,-0.31988156596117995,0.3551924553130826
calinski_harabasz,0.30847680666739774,0.4163833753701064,0.4410297732038675,0.31637240925540083,1.0,-0.9741199692948789,0.9806996381182147
davies_bouldin,-0.3290931023138502,-0.4734071718390174,-0.49887514166540015,-0.31988156596117995,-0.9741199692948789,1.0,-0.9469240048250904
silhouette,0.32755784625507184,0.3979603026647659,0.4140279503546511,0.3551924553130826,0.9806996381182147,-0.9469240048250904,1.0
