,abilities,v_measure,mutual_info,adjusted_rand_score,calinski_harabasz,davies_bouldin,silhouette
abilities,1.0,0.8546361804809662,0.7709114629214331,0.955258252001316,0.30167781554995066,-0.3229520780787367,0.3286544577256278
v_measure,0.8546361804809662,1.0,0.9496683425044006,0.8527718387552924,0.41936722111628577,-0.47639414448983924,0.3957887816445281
mutual_info,0.7709114629214331,0.9496683425044006,1.0,0.7518115633701973,0.4440177797974081,-0.5018663261393695,0.41185530526572933
adjusted_rand_score,0.955258252001316,0.8527718387552924,0.7518115633701973,1.0,0.32032021054940235,-0.32448733413751507,0.3529992323719706
calinski_harabasz,0.30167781554995066,0.41936722111628577,0.4440177797974081,0.32032021054940235,1.0,-0.9741199692948789,0.9791643820594363
davies_bouldin,-0.3229520780787367,-0.47639414448983924,-0.5018663261393695,-0.32448733413751507,-0.9741199692948789,1.0,-0.9453887487663121
silhouette,0.3286544577256278,0.3957887816445281,0.41185530526572933,0.3529992323719706,0.9791643820594363,-0.9453887487663121,1.0
