,abilities,v_measure,mutual_info,adjusted_rand_score,calinski_harabasz,davies_bouldin,silhouette
abilities,1.0,0.6859920626587993,0.7377623478978605,0.6937568463349653,0.7133877888135285,-0.6803645297440313,0.5745473125730565
v_measure,0.6859920626587993,1.0,0.9565859514227204,0.9929970567400707,0.8608795469975992,-0.8503244230728849,0.44691990564783124
mutual_info,0.7377623478978605,0.9565859514227204,1.0,0.9573522412296666,0.8371684451137407,-0.82734122637757,0.4021250310624933
adjusted_rand_score,0.6937568463349653,0.9929970567400707,0.9573522412296666,1.0,0.8602036138179697,-0.843551937626125,0.44715245138285364
calinski_harabasz,0.7133877888135285,0.8608795469975992,0.8371684451137407,0.8602036138179697,1.0,-0.9387130868137945,0.3840931202710175
davies_bouldin,-0.6803645297440313,-0.8503244230728849,-0.82734122637757,-0.843551937626125,-0.9387130868137945,1.0,-0.3649707074312832
silhouette,0.5745473125730565,0.44691990564783124,0.4021250310624933,0.44715245138285364,0.3840931202710175,-0.3649707074312832,1.0
