,abilities,v_measure,mutual_info,adjusted_rand_score,calinski_harabasz,davies_bouldin,silhouette
abilities,1.0,0.7070323163177457,0.7596732648504819,0.7182173879567996,0.7367518495964835,-0.7025246904506925,0.6005151572419489
v_measure,0.7070323163177457,1.0,0.9567782848737889,0.9903967970658435,0.8689708754173404,-0.815075348746054,0.4700039896688575
mutual_info,0.7596732648504819,0.9567782848737889,1.0,0.9565403029604085,0.8491474648134767,-0.792934736979415,0.42588263293033063
adjusted_rand_score,0.7182173879567996,0.9903967970658435,0.9565403029604085,1.0,0.8727085651890893,-0.8005025582876621,0.47901924140296354
calinski_harabasz,0.7367518495964835,0.8689708754173404,0.8491474648134767,0.8727085651890893,1.0,-0.909231533782696,0.46639228943997646
davies_bouldin,-0.7025246904506925,-0.815075348746054,-0.792934736979415,-0.8005025582876621,-0.909231533782696,1.0,-0.47157185953565856
silhouette,0.6005151572419489,0.4700039896688575,0.42588263293033063,0.47901924140296354,0.46639228943997646,-0.47157185953565856,1.0
