,abilities,v_measure,mutual_info,adjusted_rand_score,calinski_harabasz,davies_bouldin,silhouette
abilities,1.0,0.8898802736602053,0.8795900015217554,0.8898802736602053,0.8554161915621437,-0.7676168757126568,0.7016533637400229
v_measure,0.8898802736602053,1.0,0.9507733381729044,0.9972919042189282,0.9227194982896237,-0.8701824401368301,0.6746009122006842
mutual_info,0.8795900015217554,0.9507733381729044,1.0,0.9488158678555203,0.910895238495394,-0.8157793267959361,0.6070015437476444
adjusted_rand_score,0.8898802736602053,0.9972919042189282,0.9488158678555203,1.0,0.9193842645381984,-0.869327251995439,0.6730330672748005
calinski_harabasz,0.8554161915621437,0.9227194982896237,0.910895238495394,0.9193842645381984,1.0,-0.8614025085518814,0.6076396807297606
davies_bouldin,-0.7676168757126568,-0.8701824401368301,-0.8157793267959361,-0.869327251995439,-0.8614025085518814,1.0,-0.6647947548460661
silhouette,0.7016533637400229,0.6746009122006842,0.6070015437476444,0.6730330672748005,0.6076396807297606,-0.6647947548460661,1.0
