,abilities,v_measure,mutual_info,adjusted_rand_score,calinski_harabasz,davies_bouldin,silhouette
abilities,1.0,0.887115165336374,0.8817670925476914,0.8874572405929304,0.8543044469783352,-0.7660775370581528,0.6656784492588369
v_measure,0.887115165336374,1.0,0.9528856373743668,0.9972919042189282,0.9237742303306727,-0.8762257696693273,0.6508551881413911
mutual_info,0.8817670925476914,0.9528856373743668,1.0,0.9503426279370129,0.9122546326561939,-0.8181347103343503,0.5730628907367628
adjusted_rand_score,0.8874572405929304,0.9972919042189282,0.9503426279370129,1.0,0.9205530216647663,-0.8751995438996579,0.6495153933865451
calinski_harabasz,0.8543044469783352,0.9237742303306727,0.9122546326561939,0.9205530216647663,1.0,-0.8686431014823262,0.5854332953249715
davies_bouldin,-0.7660775370581528,-0.8762257696693273,-0.8181347103343503,-0.8751995438996579,-0.8686431014823262,1.0,-0.6385689851767389
silhouette,0.6656784492588369,0.6508551881413911,0.5730628907367628,0.6495153933865451,0.5854332953249715,-0.6385689851767389,1.0
