,abilities,v_measure,mutual_info,adjusted_rand_score,calinski_harabasz,davies_bouldin,silhouette
abilities,1.0,0.8999351477932905,0.8853958812953763,0.9020446269087882,0.885376282782212,-0.7764538198403649,0.6783067274800456
v_measure,0.8999351477932905,1.0,0.9454919323166816,0.9964366652888439,0.901617029790782,-0.845801352653695,0.6802072420871285
mutual_info,0.8853958812953763,0.9454919323166816,1.0,0.9418059710211587,0.8873102816583281,-0.7900187408247284,0.6107794352008895
adjusted_rand_score,0.9020446269087882,0.9964366652888439,0.9418059710211587,1.0,0.8950320341734852,-0.8429792116748537,0.6823452276771599
calinski_harabasz,0.885376282782212,0.901617029790782,0.8873102816583281,0.8950320341734852,1.0,-0.8768814139110604,0.5965792474344356
davies_bouldin,-0.7764538198403649,-0.845801352653695,-0.7900187408247284,-0.8429792116748537,-0.8768814139110604,1.0,-0.6637115165336374
silhouette,0.6783067274800456,0.6802072420871285,0.6107794352008895,0.6823452276771599,0.5965792474344356,-0.6637115165336374,1.0
