,abilities,v_measure,mutual_info,adjusted_rand_score,calinski_harabasz,davies_bouldin,silhouette
abilities,1.0,0.9533734179492975,0.9532761779447468,-0.14232695332728268,-0.34053449593633156,0.6209422557255191,-0.7851482100766951
v_measure,0.9533734179492975,1.0,0.9984441851419681,-0.22442629327110075,-0.3960845326072864,0.6645274212368728,-0.8285362375210683
mutual_info,0.9532761779447468,0.9984441851419681,1.0,-0.24841177233242578,-0.40055750032412807,0.6669259691430053,-0.8270452482821211
adjusted_rand_score,-0.14232695332728268,-0.22442629327110075,-0.24841177233242578,1.0,0.5113444833398159,-0.5352003111629716,0.28853883054583174
calinski_harabasz,-0.34053449593633156,-0.3960845326072864,-0.40055750032412807,0.5113444833398159,1.0,-0.8254894334240892,0.5017502917152858
davies_bouldin,0.6209422557255191,0.6645274212368728,0.6669259691430053,-0.5352003111629716,-0.8254894334240892,1.0,-0.779268767016725
silhouette,-0.7851482100766951,-0.8285362375210683,-0.8270452482821211,0.28853883054583174,0.5017502917152858,-0.779268767016725,1.0
