,abilities,v_measure,mutual_info,adjusted_rand_score,calinski_harabasz,davies_bouldin,silhouette
abilities,1.0,0.9064444564958868,0.9041270871080856,0.9058569805553279,0.8664806326447156,-0.7805236266050593,0.7024202462970838
v_measure,0.9064444564958868,1.0,0.9689116759660903,0.9977119534970008,0.9231030857708243,-0.8596870941809411,0.6861047554263806
mutual_info,0.9041270871080856,0.9689116759660903,1.0,0.9669887090841012,0.9170846169369977,-0.8160513166453944,0.6371223498357984
adjusted_rand_score,0.9058569805553279,0.9977119534970008,0.9669887090841012,1.0,0.9195473378269742,-0.8578319213406715,0.683538432997341
calinski_harabasz,0.8664806326447156,0.9231030857708243,0.9170846169369977,0.9195473378269742,1.0,-0.8626244511780348,0.6298930183662111
davies_bouldin,-0.7805236266050593,-0.8596870941809411,-0.8160513166453944,-0.8578319213406715,-0.8626244511780348,1.0,-0.6834147548079896
silhouette,0.7024202462970838,0.6861047554263806,0.6371223498357984,0.683538432997341,0.6298930183662111,-0.6834147548079896,1.0
