,abilities,v_measure,mutual_info,adjusted_rand_score,calinski_harabasz,davies_bouldin,silhouette
abilities,1.0,0.8978860180492026,0.8900144572868676,0.8973297070095191,0.8665471628136976,-0.7860984052416863,0.7135616269007294
v_measure,0.8978860180492026,1.0,0.9487344057055395,0.996971195450612,0.9193039930770182,-0.8677525033996786,0.6880640375819014
mutual_info,0.8900144572868676,0.9487344057055395,1.0,0.945616120465869,0.9087241687248909,-0.818914451050996,0.6248671287733872
adjusted_rand_score,0.8973297070095191,0.996971195450612,0.945616120465869,1.0,0.9162133761898875,-0.8674743478798368,0.6869823216714056
calinski_harabasz,0.8665471628136976,0.9193039930770182,0.9087241687248909,0.9162133761898875,1.0,-0.8704722462603536,0.6309494375077266
davies_bouldin,-0.7860984052416863,-0.8677525033996786,-0.818914451050996,-0.8674743478798368,-0.8704722462603536,1.0,-0.6863332921251082
silhouette,0.7135616269007294,0.6880640375819014,0.6248671287733872,0.6869823216714056,0.6309494375077266,-0.6863332921251082,1.0
