,abilities,v_measure,mutual_info,adjusted_rand_score,calinski_harabasz,davies_bouldin,silhouette
abilities,1.0,0.8963716157745086,0.8958120291760215,0.8966806774632217,0.8620966744962294,-0.7808752627024355,0.7195883298306341
v_measure,0.8963716157745086,1.0,0.9606855058255854,0.9970639139572258,0.9231054518481889,-0.8745209543824948,0.6922981827172704
mutual_info,0.8958120291760215,0.9606855058255854,1.0,0.9582827844681941,0.9123675543998528,-0.8201495585603652,0.6342409312107308
adjusted_rand_score,0.8966806774632217,0.9970639139572258,0.9582827844681941,1.0,0.9204475213252565,-0.8735010508097416,0.6914328099888738
calinski_harabasz,0.8620966744962294,0.9231054518481889,0.9123675543998528,0.9204475213252565,1.0,-0.8764989491902584,0.6364507355668192
davies_bouldin,-0.7808752627024355,-0.8745209543824948,-0.8201495585603652,-0.8735010508097416,-0.8764989491902584,1.0,-0.6863332921251082
silhouette,0.7195883298306341,0.6922981827172704,0.6342409312107308,0.6914328099888738,0.6364507355668192,-0.6863332921251082,1.0
