,abilities,v_measure,mutual_info,adjusted_rand_score,calinski_harabasz,davies_bouldin,silhouette
abilities,1.0,0.8166491043203372,0.8652614625288781,0.8480992137472644,0.6649104320337197,-0.26059820053497607,0.5736402691091838
v_measure,0.8166491043203372,1.0,0.9249290757979921,0.914890167787955,0.6717192186106833,-0.5091189105941477,0.6360541460646835
mutual_info,0.8652614625288781,0.9249290757979921,1.0,0.8485610164236641,0.6381029674472781,-0.3353871142585935,0.4850425681917247
adjusted_rand_score,0.8480992137472644,0.914890167787955,0.8485610164236641,1.0,0.6172489259949745,-0.4155791521439572,0.6015238712815109
calinski_harabasz,0.6649104320337197,0.6717192186106833,0.6381029674472781,0.6172489259949745,1.0,-0.7406176542109103,0.8373996919834644
davies_bouldin,-0.26059820053497607,-0.5091189105941477,-0.3353871142585935,-0.4155791521439572,-0.7406176542109103,1.0,-0.7263516251925103
silhouette,0.5736402691091838,0.6360541460646835,0.4850425681917247,0.6015238712815109,0.8373996919834644,-0.7263516251925103,1.0
