,abilities,v_measure,mutual_info,adjusted_rand_score,calinski_harabasz,davies_bouldin,silhouette
abilities,1.0,0.8088676339466645,0.8621807977133532,0.8385344897462916,0.672367674475156,-0.25330307205965796,0.5655345708032747
v_measure,0.8088676339466645,1.0,0.9270368990928249,0.9111615465672368,0.6798249169165924,-0.5102537083569749,0.636540487963038
mutual_info,0.8621807977133532,0.9270368990928249,1.0,0.8519659617460864,0.639724369981765,-0.3370085167930803,0.4876368122469036
adjusted_rand_score,0.8385344897462916,0.9111615465672368,0.8519659617460864,1.0,0.6229229148091108,-0.4087703655669936,0.5926076031450109
calinski_harabasz,0.672367674475156,0.6798249169165924,0.639724369981765,0.6229229148091108,1.0,-0.7495339223474102,0.8542595444597552
davies_bouldin,-0.25330307205965796,-0.5102537083569749,-0.3370085167930803,-0.4087703655669936,-0.7495339223474102,1.0,-0.7315392721082922
silhouette,0.5655345708032747,0.636540487963038,0.4876368122469036,0.5926076031450109,0.8542595444597552,-0.7315392721082922,1.0
