,abilities,v_measure,mutual_info,adjusted_rand_score,calinski_harabasz,davies_bouldin,silhouette
abilities,1.0,0.8091918618789009,0.8615322366995585,0.8399935154413553,0.6736645862041015,-0.24989867877117614,0.5686147361595202
v_measure,0.8091918618789009,1.0,0.9263883380790302,0.9134311420928913,0.6728540163735106,-0.5081462267974386,0.6320012969117289
mutual_info,0.8615322366995585,0.9263883380790302,1.0,0.8508309799719456,0.6381029674472781,-0.3379813583137724,0.4873125317400062
adjusted_rand_score,0.8399935154413553,0.9134311420928913,0.8508309799719456,1.0,0.6206533192834562,-0.4069871119396936,0.5921212612466564
calinski_harabasz,0.6736645862041015,0.6728540163735106,0.6381029674472781,0.6206533192834562,1.0,-0.7513171759747103,0.8553943422225825
davies_bouldin,-0.24989867877117614,-0.5081462267974386,-0.3379813583137724,-0.4069871119396936,-0.7513171759747103,1.0,-0.7310529302099376
silhouette,0.5686147361595202,0.6320012969117289,0.4873125317400062,0.5921212612466564,0.8553943422225825,-0.7310529302099376,1.0
