,abilities,v_measure,mutual_info,adjusted_rand_score,calinski_harabasz,davies_bouldin,silhouette
abilities,1.0,0.6963605414606469,0.7855232228256465,0.7715814217394829,0.6966847693928832,-0.26173299829780333,0.571208559617411
v_measure,0.6963605414606469,1.0,0.9082434951771096,0.9241306638566913,0.6926319202399287,-0.5277620166977385,0.6101159114857745
mutual_info,0.7855232228256465,0.9082434951771096,1.0,0.8490718975439734,0.655345708032747,-0.3256059009483667,0.4541622760800843
adjusted_rand_score,0.7715814217394829,0.9241306638566913,0.8490718975439734,1.0,0.6297317013860744,-0.441355272756748,0.5823944232795656
calinski_harabasz,0.6966847693928832,0.6926319202399287,0.655345708032747,0.6297317013860744,1.0,-0.7274864229553376,0.8544216584258734
davies_bouldin,-0.26173299829780333,-0.5277620166977385,-0.3256059009483667,-0.441355272756748,-0.7274864229553376,1.0,-0.7159763313609467
silhouette,0.571208559617411,0.6101159114857745,0.4541622760800843,0.5823944232795656,0.8544216584258734,-0.7159763313609467,1.0
