,abilities,v_measure,mutual_info,adjusted_rand_score,calinski_harabasz,davies_bouldin,silhouette
abilities,1.0,0.7346444063718879,0.7813617785311426,0.7256953304414392,0.6922319833776838,-0.5890897823788868,0.36665694601392484
v_measure,0.7346444063718879,1.0,0.9768298073125105,0.9890460394415485,0.802828709947873,-0.799766704334196,0.4276783436007728
mutual_info,0.7813617785311426,0.9768298073125105,1.0,0.972646869869709,0.7653044021167285,-0.7242223062732669,0.3663943352676066
adjusted_rand_score,0.7256953304414392,0.9890460394415485,0.972646869869709,1.0,0.7924397623300404,-0.7806838479203878,0.4072285203951445
calinski_harabasz,0.6922319833776838,0.802828709947873,0.7653044021167285,0.7924397623300404,1.0,-0.9103634309043852,0.3705391317026938
davies_bouldin,-0.5890897823788868,-0.799766704334196,-0.7242223062732669,-0.7806838479203878,-0.9103634309043852,1.0,-0.4211351292239274
silhouette,0.36665694601392484,0.4276783436007728,0.3663943352676066,0.4072285203951445,0.3705391317026938,-0.4211351292239274,1.0
