,abilities,v_measure,mutual_info,adjusted_rand_score,calinski_harabasz,davies_bouldin,silhouette
abilities,1.0,0.7376152808661102,0.7783833046039118,0.7390733787773849,0.6676994860204862,-0.5114825210512886,0.3910983122516677
v_measure,0.7376152808661102,1.0,0.9793857652223715,0.9873692268435825,0.7363212189698538,-0.7358837895964714,0.5018773010607662
mutual_info,0.7783833046039118,0.9793857652223715,1.0,0.9757040008911302,0.7028706827012751,-0.6669279140814344,0.4444181172705751
adjusted_rand_score,0.7390733787773849,0.9873692268435825,0.9757040008911302,1.0,0.7245288521124194,-0.7129916523894579,0.4828673495425218
calinski_harabasz,0.6676994860204862,0.7363212189698538,0.7028706827012751,0.7245288521124194,1.0,-0.8706120365982576,0.40866839208252836
davies_bouldin,-0.5114825210512886,-0.7358837895964714,-0.6669279140814344,-0.7129916523894579,-0.8706120365982576,1.0,-0.4773083512557868
silhouette,0.3910983122516677,0.5018773010607662,0.4444181172705751,0.4828673495425218,0.40866839208252836,-0.4773083512557868,1.0
