,abilities,v_measure,mutual_info,adjusted_rand_score,calinski_harabasz,davies_bouldin,silhouette
abilities,1.0,0.7379251266722561,0.7789301012867694,0.7394196770313126,0.6677177122443773,-0.5119564028724529,0.389348594758138
v_measure,0.7379251266722561,1.0,0.9792946324418952,0.9872780957241278,0.7362300878503991,-0.7358655633725805,0.5018955272846571
mutual_info,0.7789301012867694,0.9792946324418952,1.0,0.9757040008911302,0.7028706827012751,-0.6669461406375297,0.4444363438266704
adjusted_rand_score,0.7394196770313126,0.9872780957241278,0.9757040008911302,1.0,0.7245288521124194,-0.7130098786133489,0.4828855757664127
calinski_harabasz,0.6677177122443773,0.7362300878503991,0.7028706827012751,0.7245288521124194,1.0,-0.8706484890460394,0.4087048445303102
davies_bouldin,-0.5119564028724529,-0.7358655633725805,-0.6669461406375297,-0.7130098786133489,-0.8706484890460394,1.0,-0.4773083512557868
silhouette,0.389348594758138,0.5018955272846571,0.4444363438266704,0.4828855757664127,0.4087048445303102,-0.4773083512557868,1.0
