,abilities,v_measure,mutual_info,adjusted_rand_score,calinski_harabasz,davies_bouldin,silhouette
abilities,1.0,0.7282685464140161,0.7699065446191571,0.7306744189301371,0.6679303572881157,-0.5079398349660637,0.37671042499582275
v_measure,0.7282685464140161,1.0,0.9773448037035687,0.9884992527248204,0.7382714249261838,-0.7373601137316371,0.4971931615207961
mutual_info,0.7699065446191571,0.9773448037035687,1.0,0.9753945977472387,0.704662268071301,-0.6651113622279736,0.43637225239674843
adjusted_rand_score,0.7306744189301371,0.9884992527248204,0.9753945977472387,1.0,0.7253854846352933,-0.7161812415703714,0.47976889148106294
calinski_harabasz,0.6679303572881157,0.7382714249261838,0.704662268071301,0.7253854846352933,1.0,-0.8687711879852732,0.4086501658586374
davies_bouldin,-0.5079398349660637,-0.7373601137316371,-0.6651113622279736,-0.7161812415703714,-0.8687711879852732,1.0,-0.4763970400612401
silhouette,0.37671042499582275,0.4971931615207961,0.43637225239674843,0.47976889148106294,0.4086501658586374,-0.4763970400612401,1.0
