,abilities,v_measure,mutual_info,adjusted_rand_score,calinski_harabasz,davies_bouldin,silhouette
abilities,1.0,0.880378523158357,0.8697525357681586,0.8815545674117877,0.8117598796663476,-0.8174757281553398,0.8512785450567483
v_measure,0.880378523158357,1.0,0.993858995212733,0.9815926589445182,0.8124414551229616,-0.8200173681043644,0.8004348637914244
mutual_info,0.8697525357681586,0.993858995212733,1.0,0.969253920867266,0.8145271133382218,-0.8223226781685993,0.8015618581466468
adjusted_rand_score,0.8815545674117877,0.9815926589445182,0.969253920867266,1.0,0.8001066653951181,-0.8010912605840369,0.7962503342385195
calinski_harabasz,0.8117598796663476,0.8124414551229616,0.8145271133382218,0.8001066653951181,1.0,-0.9963899904280049,0.9187747846301108
davies_bouldin,-0.8174757281553398,-0.8200173681043644,-0.8223226781685993,-0.8010912605840369,-0.9963899904280049,1.0,-0.9147271981402981
silhouette,0.8512785450567483,0.8004348637914244,0.8015618581466468,0.7962503342385195,0.9187747846301108,-0.9147271981402981,1.0
