,abilities,v_measure,mutual_info,adjusted_rand_score,calinski_harabasz,davies_bouldin,silhouette
abilities,1.0,0.9602161739809871,0.9377566972697041,0.9619091027477537,0.9163953639796849,-0.7474280505274125,0.7747102487303035
v_measure,0.9602161739809871,1.0,0.9247982001444361,0.9947258757650735,0.9150931110821722,-0.8088292746451361,0.8242609714806616
mutual_info,0.9377566972697041,0.9247982001444361,1.0,0.9194969967750084,0.8987503119835442,-0.7115065732189405,0.715040708798559
adjusted_rand_score,0.9619091027477537,0.9947258757650735,0.9194969967750084,1.0,0.9066935798932153,-0.8074619091027477,0.8172939184789686
calinski_harabasz,0.9163953639796849,0.9150931110821722,0.8987503119835442,0.9066935798932153,1.0,-0.7893605938273213,0.772105742935278
davies_bouldin,-0.7474280505274125,-0.8088292746451361,-0.7115065732189405,-0.8074619091027477,-0.7893605938273213,1.0,-0.8351998958197682
silhouette,0.7747102487303035,0.8242609714806616,0.715040708798559,0.8172939184789686,0.772105742935278,-0.8351998958197682,1.0
