,abilities,v_measure,mutual_info,adjusted_rand_score,calinski_harabasz,davies_bouldin,silhouette
abilities,1.0,0.9588212334113974,0.928467770520003,0.9585610200364298,0.9367030965391621,-0.7726385636221702,0.7665235493104345
v_measure,0.9588212334113974,1.0,0.8917331406280148,0.9943403590944575,0.9176424668227947,-0.8195420244600572,0.8084179026801978
mutual_info,0.928467770520003,0.8917331406280148,1.0,0.8864853363577307,0.8958657864908635,-0.7187523923687772,0.6769011533132621
adjusted_rand_score,0.9585610200364298,0.9943403590944575,0.8864853363577307,1.0,0.9103564923237054,-0.8190866510538641,0.8045797553994275
calinski_harabasz,0.9367030965391621,0.9176424668227947,0.8958657864908635,0.9103564923237054,1.0,-0.8301457194899818,0.7624902419984387
davies_bouldin,-0.7726385636221702,-0.8195420244600572,-0.7187523923687772,-0.8190866510538641,-0.8301457194899818,1.0,-0.8289097059588862
silhouette,0.7665235493104345,0.8084179026801978,0.6769011533132621,0.8045797553994275,0.7624902419984387,-0.8289097059588862,1.0
