,abilities,v_measure,mutual_info,adjusted_rand_score,calinski_harabasz,davies_bouldin,silhouette
abilities,1.0,0.945615404631798,0.928171650909644,0.9474368982565704,0.9117226125422847,-0.7704918032786885,0.7934556336195681
v_measure,0.945615404631798,1.0,0.8960855731682262,0.9939500390320063,0.9094457455113193,-0.8332032266458496,0.8363257871454592
mutual_info,0.928171650909644,0.8960855731682262,1.0,0.890650584489578,0.8901594710547603,-0.7225588261993345,0.7076944595721879
adjusted_rand_score,0.9474368982565704,0.9939500390320063,0.890650584489578,1.0,0.9031355711683581,-0.834504293520687,0.8328779599271403
calinski_harabasz,0.9117226125422847,0.9094457455113193,0.8901594710547603,0.9031355711683581,1.0,-0.813752276867031,0.7820712984647411
davies_bouldin,-0.7704918032786885,-0.8332032266458496,-0.7225588261993345,-0.834504293520687,-0.813752276867031,1.0,-0.8396435076762946
silhouette,0.7934556336195681,0.8363257871454592,0.7076944595721879,0.8328779599271403,0.7820712984647411,-0.8396435076762946,1.0
