,abilities,v_measure,mutual_info,adjusted_rand_score,calinski_harabasz,davies_bouldin,silhouette
abilities,1.0,0.9470177149358037,0.9205717698042848,0.9489029741589469,0.9197789696083212,-0.7639525434747277,0.7838452787258248
v_measure,0.9470177149358037,1.0,0.8880264680598476,0.993954168698196,0.910157646676418,-0.8330570453437348,0.8291565090199903
mutual_info,0.9205717698042848,0.8880264680598476,1.0,0.8838154912042484,0.884533642295901,-0.7010460383786681,0.6826026126157724
adjusted_rand_score,0.9489029741589469,0.993954168698196,0.8838154912042484,1.0,0.9037867706809687,-0.8346822688119616,0.8251259548187876
calinski_harabasz,0.9197789696083212,0.910157646676418,0.884533642295901,0.9037867706809687,1.0,-0.7964570128392654,0.7677880708597432
davies_bouldin,-0.7639525434747277,-0.8330570453437348,-0.7010460383786681,-0.8346822688119616,-0.7964570128392654,1.0,-0.8402730375426621
silhouette,0.7838452787258248,0.8291565090199903,0.6826026126157724,0.8251259548187876,0.7677880708597432,-0.8402730375426621,1.0
