,abilities,v_measure,mutual_info,adjusted_rand_score,calinski_harabasz,davies_bouldin,silhouette
abilities,1.0,0.12989697184836685,0.08321589999800551,0.05248489026467282,0.23734368802321454,-0.33245652491597255,0.5527859543642095
v_measure,0.12989697184836685,1.0,0.9969101006305064,0.931270616727212,0.8216787235628451,-0.7813025191985344,0.4258499568889404
mutual_info,0.08321589999800551,0.9969101006305064,1.0,0.9316881706960625,0.8149980692729902,-0.773745029033136,0.4045553713400278
adjusted_rand_score,0.05248489026467282,0.931270616727212,0.9316881706960625,1.0,0.7342039064550571,-0.664599839572631,0.37528575473260084
calinski_harabasz,0.23734368802321454,0.8216787235628451,0.8149980692729902,0.7342039064550571,1.0,-0.974781319805432,0.521471368029895
davies_bouldin,-0.33245652491597255,-0.7813025191985344,-0.773745029033136,-0.664599839572631,-0.974781319805432,1.0,-0.5392580530677856
silhouette,0.5527859543642095,0.4258499568889404,0.4045553713400278,0.37528575473260084,0.521471368029895,-0.5392580530677856,1.0
