,abilities,v_measure,mutual_info,adjusted_rand_score,calinski_harabasz,davies_bouldin,silhouette
abilities,1.0,0.4958405093949977,0.4449454621608699,0.5191587078201498,0.4739478958948491,-0.4748037743185493,0.7318386775141658
v_measure,0.4958405093949977,1.0,0.9861383658302367,0.9649701473842428,0.8352208089098901,-0.8248249088139861,0.5502729448354088
mutual_info,0.4449454621608699,0.9861383658302367,1.0,0.949814203999833,0.8203575943149429,-0.8160990328298737,0.5305249097134703
adjusted_rand_score,0.5191587078201498,0.9649701473842428,0.949814203999833,1.0,0.8065798953926603,-0.7943469687737851,0.5696034739293993
calinski_harabasz,0.4739478958948491,0.8352208089098901,0.8203575943149429,0.8065798953926603,1.0,-0.988560693038305,0.5400480116898028
davies_bouldin,-0.4748037743185493,-0.8248249088139861,-0.8160990328298737,-0.7943469687737851,-0.988560693038305,1.0,-0.5357060849598163
silhouette,0.7318386775141658,0.5502729448354088,0.5305249097134703,0.5696034739293993,0.5400480116898028,-0.5357060849598163,1.0
