,abilities,v_measure,mutual_info,adjusted_rand_score,calinski_harabasz,davies_bouldin,silhouette
abilities,1.0,0.5018839961962405,0.44982099451113006,0.5195445011784391,0.47771631353720906,-0.48051351633441186,0.7288383258532513
v_measure,0.5018839961962405,1.0,0.9853868314475387,0.9649283954740929,0.8351790583070954,-0.8242821509776537,0.5505234484521776
mutual_info,0.44982099451113006,0.9853868314475387,1.0,0.9489374138866853,0.8199818388897897,-0.8140115026901339,0.5305249097134703
adjusted_rand_score,0.5195445011784391,0.9649283954740929,0.9489374138866853,1.0,0.806621645995455,-0.7940547145542215,0.5693112197098357
calinski_harabasz,0.47771631353720906,0.8351790583070954,0.8199818388897897,0.806621645995455,1.0,-0.9888946874021501,0.5400897609852834
davies_bouldin,-0.48051351633441186,-0.8242821509776537,-0.8140115026901339,-0.7940547145542215,-0.9888946874021501,1.0,-0.5357060849598163
silhouette,0.7288383258532513,0.5505234484521776,0.5305249097134703,0.5693112197098357,0.5400897609852834,-0.5357060849598163,1.0
