,abilities,v_measure,mutual_info,adjusted_rand_score,calinski_harabasz,davies_bouldin,silhouette
abilities,1.0,0.496247664818943,0.4443934161478066,0.5183754843001848,0.48339421772257596,-0.485356434610166,0.7323870159691055
v_measure,0.496247664818943,1.0,0.9850110642561897,0.9649701473842428,0.8351373077043006,-0.8242821509776537,0.5499806906158452
mutual_info,0.4443934161478066,0.9850110642561897,1.0,0.9489374138866853,0.8198148364786105,-0.8157650280075154,0.5302326554939067
adjusted_rand_score,0.5183754843001848,0.9649701473842428,0.9489374138866853,1.0,0.8064546435842759,-0.7935954579234787,0.5689354642846826
calinski_harabasz,0.48339421772257596,0.8351373077043006,0.8198148364786105,0.8064546435842759,1.0,-0.9885189437428243,0.5400062623943221
davies_bouldin,-0.485356434610166,-0.8242821509776537,-0.8157650280075154,-0.7935954579234787,-0.9885189437428243,1.0,-0.5356643356643357
silhouette,0.7323870159691055,0.5499806906158452,0.5302326554939067,0.5689354642846826,0.5400062623943221,-0.5356643356643357,1.0
