,abilities,v_measure,mutual_info,adjusted_rand_score,calinski_harabasz,davies_bouldin,silhouette
abilities,1.0,0.8302568810226374,0.8213824161423636,0.8451998246904913,0.8931796665980655,-0.8906935583453386,0.924428894834328
v_measure,0.8302568810226374,1.0,0.9941123196831807,0.9836523172502009,0.8426889575211964,-0.8430100508877155,0.7923349311204105
mutual_info,0.8213824161423636,0.9941123196831807,1.0,0.9726758927944105,0.8422955118110278,-0.8430118265051907,0.7882178691528443
adjusted_rand_score,0.8451998246904913,0.9836523172502009,0.9726758927944105,1.0,0.8273270253274786,-0.8251783377946613,0.7872922840551015
calinski_harabasz,0.8931796665980655,0.8426889575211964,0.8422955118110278,0.8273270253274786,1.0,-0.9983371064004939,0.9633669479316732
davies_bouldin,-0.8906935583453386,-0.8430100508877155,-0.8430118265051907,-0.8251783377946613,-0.9983371064004939,1.0,-0.9599753035604034
silhouette,0.924428894834328,0.7923349311204105,0.7882178691528443,0.7872922840551015,0.9633669479316732,-0.9599753035604034,1.0
