,abilities,v_measure,mutual_info,adjusted_rand_score,calinski_harabasz,davies_bouldin,silhouette
abilities,1.0,0.8538081580147269,0.8470251267145513,0.858491926172144,0.8857777960729428,-0.888165315111349,0.906030543778043
v_measure,0.8538081580147269,1.0,0.9962569974131801,0.9887561838320472,0.830160566232883,-0.8351749754930303,0.7815973711321467
mutual_info,0.8470251267145513,0.9962569974131801,1.0,0.9812740975415447,0.8315938282285594,-0.8366744638560178,0.7824755275514295
adjusted_rand_score,0.858491926172144,0.9887561838320472,0.9812740975415447,1.0,0.8219776971118645,-0.8229739139588305,0.7779547923124701
calinski_harabasz,0.8857777960729428,0.830160566232883,0.8315938282285594,0.8219776971118645,1.0,-0.9978100687440826,0.9652410159305149
davies_bouldin,-0.888165315111349,-0.8351749754930303,-0.8366744638560178,-0.8229739139588305,-0.9978100687440826,1.0,-0.9626065121639978
silhouette,0.906030543778043,0.7815973711321467,0.7824755275514295,0.7779547923124701,0.9652410159305149,-0.9626065121639978,1.0
