,abilities,v_measure,mutual_info,adjusted_rand_score,calinski_harabasz,davies_bouldin,silhouette
abilities,1.0,0.8524989772719298,0.8460122933560791,0.8581461318946847,0.8837525213024328,-0.8855308113448318,0.904252253735644
v_measure,0.8524989772719298,1.0,0.9959934635051912,0.9887726522600626,0.8301440985505837,-0.8349279602585403,0.7817291125905413
mutual_info,0.8460122933560791,0.9959934635051912,1.0,0.9811094017328906,0.831676172404045,-0.836616822933178,0.7825166996391723
adjusted_rand_score,0.8581461318946847,0.9887726522600626,0.9811094017328906,1.0,0.822010629900194,-0.8227269180463596,0.7775266660641872
calinski_harabasz,0.8837525213024328,0.8301440985505837,0.831676172404045,0.822010629900194,1.0,-0.9980405878236529,0.9655538632527889
davies_bouldin,-0.8855308113448318,-0.8349279602585403,-0.836616822933178,-0.8227269180463596,-0.9980405878236529,1.0,-0.9628205655950274
silhouette,0.904252253735644,0.7817291125905413,0.7825166996391723,0.7775266660641872,0.9655538632527889,-0.9628205655950274,1.0
