,abilities,v_measure,mutual_info,adjusted_rand_score,calinski_harabasz,davies_bouldin,silhouette
abilities,1.0,0.8541951485487612,0.8479274208822418,0.8597022061432513,0.8850203762400691,-0.8868645288766311,0.903824146873585
v_measure,0.8541951485487612,1.0,0.996038774428166,0.9888549944001398,0.8301440985505837,-0.8349279602585403,0.7817291125905413
mutual_info,0.8479274208822418,0.996038774428166,1.0,0.9812453524047421,0.8314998255216647,-0.8364898620071333,0.7823323208108847
adjusted_rand_score,0.8597022061432513,0.9888549944001398,0.9812453524047421,1.0,0.8221094282651823,-0.8228751155938421,0.7775760652466814
calinski_harabasz,0.8850203762400691,0.8301440985505837,0.8314998255216647,0.8221094282651823,1.0,-0.9980405878236529,0.9655538632527889
davies_bouldin,-0.8868645288766311,-0.8349279602585403,-0.8364898620071333,-0.8228751155938421,-0.9980405878236529,1.0,-0.9628205655950274
silhouette,0.903824146873585,0.7817291125905413,0.7823323208108847,0.7775760652466814,0.9655538632527889,-0.9628205655950274,1.0
