,abilities,v_measure,mutual_info,adjusted_rand_score,calinski_harabasz,davies_bouldin,silhouette
abilities,1.0,0.8358204043433379,0.8292391775574753,0.8372989085559334,0.8093936524924875,-0.8120775532046268,0.8325443543407566
v_measure,0.8358204043433379,1.0,0.9962124352613005,0.988946841933811,0.7905714982925993,-0.7956430641818378,0.7710591425174446
mutual_info,0.8292391775574753,0.9962124352613005,1.0,0.9813545460241025,0.7924926036011335,-0.7976056715883368,0.7723532085983972
adjusted_rand_score,0.8372989085559334,0.988946841933811,0.9813545460241025,1.0,0.7827797996822127,-0.7838830253827682,0.7675157664819895
calinski_harabasz,0.8093936524924875,0.7905714982925993,0.7924926036011335,0.7827797996822127,1.0,-0.9980405878236529,0.9604989091507842
davies_bouldin,-0.8120775532046268,-0.7956430641818378,-0.7976056715883368,-0.7838830253827682,-0.9980405878236529,1.0,-0.9578973366813486
silhouette,0.8325443543407566,0.7710591425174446,0.7723532085983972,0.7675157664819895,0.9604989091507842,-0.9578973366813486,1.0
