,abilities,v_measure,mutual_info,adjusted_rand_score,calinski_harabasz,davies_bouldin,silhouette
abilities,1.0,0.8044641893038394,0.8346892272074153,0.8056828173446249,0.7749857312539529,-0.7311459731284804,0.5072115013805976
v_measure,0.8044641893038394,1.0,0.9723626002243441,0.9982414734601324,0.9067055393586005,-0.8770265475804835,0.5061008530396286
mutual_info,0.8346892272074153,0.9723626002243441,1.0,0.9709416948712414,0.9003829328533102,-0.849253507076718,0.46394876472313584
adjusted_rand_score,0.8056828173446249,0.9982414734601324,0.9709416948712414,1.0,0.9068906474154288,-0.8766254801240224,0.5056689342403629
calinski_harabasz,0.7749857312539529,0.9067055393586005,0.9003829328533102,0.9068906474154288,1.0,-0.8789393308343746,0.42607246980424823
davies_bouldin,-0.7311459731284804,-0.8770265475804835,-0.849253507076718,-0.8766254801240224,-0.8789393308343746,1.0,-0.4911688031221559
silhouette,0.5072115013805976,0.5061008530396286,0.46394876472313584,0.5056689342403629,0.42607246980424823,-0.4911688031221559,1.0
