,abilities,v_measure,mutual_info,adjusted_rand_score,calinski_harabasz,davies_bouldin,silhouette
abilities,1.0,0.866826331608148,0.8884828810840841,0.8650985564657288,0.8702356022016718,-0.811267562184727,0.5198057795659827
v_measure,0.866826331608148,1.0,0.9740001781184359,0.9969301256488773,0.9055589408162164,-0.836216804091109,0.5316976096631623
mutual_info,0.8884828810840841,0.9740001781184359,1.0,0.9725018470088976,0.9003502530640203,-0.8072297469418424,0.49625653150654564
adjusted_rand_score,0.8650985564657288,0.9969301256488773,0.9725018470088976,1.0,0.9011469605929948,-0.8291977446450747,0.5269153933372928
calinski_harabasz,0.8702356022016718,0.9055589408162164,0.9003502530640203,0.9011469605929948,1.0,-0.9033992302174366,0.4390768779840644
davies_bouldin,-0.811267562184727,-0.836216804091109,-0.8072297469418424,-0.8291977446450747,-0.9033992302174366,1.0,-0.5115660215816795
silhouette,0.5198057795659827,0.5316976096631623,0.49625653150654564,0.5269153933372928,0.4390768779840644,-0.5115660215816795,1.0
