,abilities,v_measure,mutual_info,adjusted_rand_score,calinski_harabasz,davies_bouldin,silhouette
abilities,1.0,0.8550753706818076,0.8716141876939401,0.8560319688951291,0.8069214509434836,-0.7600327094872942,0.5593013747242066
v_measure,0.8550753706818076,1.0,0.9855167334519648,0.9986113896903399,0.9082282875349081,-0.8705043741224754,0.5313285914862759
mutual_info,0.8716141876939401,0.9855167334519648,1.0,0.9843727610868598,0.9064435084855836,-0.8502806489933328,0.5086657662353482
adjusted_rand_score,0.8560319688951291,0.9986113896903399,0.9843727610868598,1.0,0.9081511425177048,-0.869270053847222,0.5300479842007004
calinski_harabasz,0.8069214509434836,0.9082282875349081,0.9064435084855836,0.9081511425177048,1.0,-0.8732815947417957,0.45279496397327695
davies_bouldin,-0.7600327094872942,-0.8705043741224754,-0.8502806489933328,-0.869270053847222,-0.8732815947417957,1.0,-0.5193093978059957
silhouette,0.5593013747242066,0.5313285914862759,0.5086657662353482,0.5300479842007004,0.45279496397327695,-0.5193093978059957,1.0
