,abilities,v_measure,mutual_info,adjusted_rand_score,calinski_harabasz,davies_bouldin,silhouette
abilities,1.0,0.8048806824317029,0.8365202709151373,0.8053434525737733,0.7765745754083947,-0.733120459067981,0.5376772024002344
v_measure,0.8048806824317029,1.0,0.9746844884942955,0.9982414734601324,0.9064433029447607,-0.8746355685131195,0.5324324741234362
mutual_info,0.8365202709151373,0.9746844884942955,1.0,0.9730074756732485,0.9013827990582111,-0.8503846073250829,0.5010790658573364
adjusted_rand_score,0.8053434525737733,0.9982414734601324,0.9730074756732485,1.0,0.9065821339873819,-0.8741882240424514,0.5318771499529517
calinski_harabasz,0.7765745754083947,0.9064433029447607,0.9013827990582111,0.9065821339873819,1.0,-0.8773042096657258,0.45337590818640383
davies_bouldin,-0.733120459067981,-0.8746355685131195,-0.8503846073250829,-0.8741882240424514,-0.8773042096657258,1.0,-0.5208786462430778
silhouette,0.5376772024002344,0.5324324741234362,0.5010790658573364,0.5318771499529517,0.45337590818640383,-0.5208786462430778,1.0
