,abilities,v_measure,mutual_info,adjusted_rand_score,calinski_harabasz,davies_bouldin,silhouette
abilities,1.0,0.8083208020050126,0.8382003898508329,0.8098322729901677,0.7752997879313669,-0.7347368421052631,0.5486099865047234
v_measure,0.8083208020050126,1.0,0.971171486877731,0.9970233275496433,0.9056564488143436,-0.8768151147098515,0.5325853094274147
mutual_info,0.8382003898508329,0.971171486877731,1.0,0.9688015520860179,0.8997106192331449,-0.8501735783262302,0.4987130206809114
adjusted_rand_score,0.8098322729901677,0.9970233275496433,0.9688015520860179,1.0,0.9037439753229227,-0.8732369385000964,0.529269327164064
calinski_harabasz,0.7752997879313669,0.9056564488143436,0.8997106192331449,0.9037439753229227,1.0,-0.8796375554270291,0.4530788509735878
davies_bouldin,-0.7347368421052631,-0.8768151147098515,-0.8501735783262302,-0.8732369385000964,-0.8796375554270291,1.0,-0.5216965490649701
silhouette,0.5486099865047234,0.5325853094274147,0.4987130206809114,0.529269327164064,0.4530788509735878,-0.5216965490649701,1.0
