,abilities,v_measure,mutual_info,adjusted_rand_score,calinski_harabasz,davies_bouldin,silhouette
abilities,1.0,0.12407807596641271,0.07991321011685332,0.060175504618318054,0.24277790414865882,-0.3249461951671887,0.5450298332487621
v_measure,0.12407807596641271,1.0,0.9970952614264716,0.9466648001679849,0.7984321825338333,-0.766375909064581,0.4325847121762311
mutual_info,0.07991321011685332,0.9970952614264716,1.0,0.947189752922237,0.79104804093775,-0.7583268447655329,0.41242705549687597
adjusted_rand_score,0.060175504618318054,0.9466648001679849,0.947189752922237,1.0,0.7210911733995019,-0.6702070886568241,0.39569900012755
calinski_harabasz,0.24277790414865882,0.7984321825338333,0.79104804093775,0.7210911733995019,1.0,-0.9805777676681073,0.5157040121782646
davies_bouldin,-0.3249461951671887,-0.766375909064581,-0.7583268447655329,-0.6702070886568241,-0.9805777676681073,1.0,-0.5306818778324088
silhouette,0.5450298332487621,0.4325847121762311,0.41242705549687597,0.39569900012755,0.5157040121782646,-0.5306818778324088,1.0
