,abilities,v_measure,mutual_info,adjusted_rand_score,calinski_harabasz,davies_bouldin,silhouette
abilities,1.0,0.12404281205321735,0.07419464939940572,0.042199410167956405,0.24690644963682506,-0.3318281263673755,0.5354511245296228
v_measure,0.12404281205321735,1.0,0.996499334873626,0.9383882937758175,0.7986907858914087,-0.7645251912635154,0.43319593598379136
mutual_info,0.07419464939940572,0.996499334873626,1.0,0.9398585731288945,0.7907444846818475,-0.7552486722303271,0.4088319463720969
adjusted_rand_score,0.042199410167956405,0.9383882937758175,0.9398585731288945,1.0,0.7095661917084001,-0.6506865501468051,0.38688335228225146
calinski_harabasz,0.24690644963682506,0.7986907858914087,0.7907444846818475,0.7095661917084001,1.0,-0.9791721361687232,0.5176336746302617
davies_bouldin,-0.3318281263673755,-0.7645251912635154,-0.7552486722303271,-0.6506865501468051,-0.9791721361687232,1.0,-0.5319506432134419
silhouette,0.5354511245296228,0.43319593598379136,0.4088319463720969,0.38688335228225146,0.5176336746302617,-0.5319506432134419,1.0
