,abilities,v_measure,mutual_info,adjusted_rand_score,calinski_harabasz,davies_bouldin,silhouette
abilities,1.0,0.4893968821283478,0.444009938303928,0.5090283975373683,0.46955182883284663,-0.47172138678549685,0.720275743844759
v_measure,0.4893968821283478,1.0,0.9876469764837627,0.9677351623740201,0.8095042301159885,-0.8005109051196712,0.5431688349915866
mutual_info,0.444009938303928,0.9876469764837627,1.0,0.9546472564389697,0.7966966155297934,-0.7924274106677284,0.5259520416134227
adjusted_rand_score,0.5090283975373683,0.9677351623740201,0.9546472564389697,1.0,0.7814744506527582,-0.7704864971553121,0.5605955892646063
calinski_harabasz,0.46955182883284663,0.8095042301159885,0.7966966155297934,0.7814744506527582,1.0,-0.9905170151342839,0.5329542472224652
davies_bouldin,-0.47172138678549685,-0.8005109051196712,-0.7924274106677284,-0.7704864971553121,-0.9905170151342839,1.0,-0.52896509491733
silhouette,0.720275743844759,0.5431688349915866,0.5259520416134227,0.5605955892646063,0.5329542472224652,-0.52896509491733,1.0
