,abilities,v_measure,mutual_info,adjusted_rand_score,calinski_harabasz,davies_bouldin,silhouette
abilities,1.0,0.4204432050044961,0.38541880275375573,0.42123610716317794,0.4698291182501709,-0.47264524948735476,0.6748051948051949
v_measure,0.4204432050044961,1.0,0.9907311204680921,0.9427462131568874,0.8012413020748989,-0.7946246702679675,0.3869089119830027
mutual_info,0.38541880275375573,0.9907311204680921,1.0,0.9326023951440914,0.7911249641882682,-0.7883087944522602,0.37416779453659754
adjusted_rand_score,0.42123610716317794,0.9427462131568874,0.9326023951440914,1.0,0.80553391031328,-0.7981243763476668,0.4192538517664733
calinski_harabasz,0.4698291182501709,0.8012413020748989,0.7911249641882682,0.80553391031328,1.0,-0.9924812030075187,0.5511141490088859
davies_bouldin,-0.47264524948735476,-0.7946246702679675,-0.7883087944522602,-0.7981243763476668,-0.9924812030075187,1.0,-0.5485987696514012
silhouette,0.6748051948051949,0.3869089119830027,0.37416779453659754,0.4192538517664733,0.5511141490088859,-0.5485987696514012,1.0
