,abilities,v_measure,mutual_info,adjusted_rand_score,calinski_harabasz,davies_bouldin,silhouette
abilities,1.0,0.14012085753898296,0.09908259412550402,0.06965711475862213,0.24788778607169223,-0.32485713504497854,0.525770377054111
v_measure,0.14012085753898296,1.0,0.9974432253841229,0.9413196248393536,0.772134420063337,-0.7437793943500137,0.43656349135865
mutual_info,0.09908259412550402,0.9974432253841229,1.0,0.9422606278179106,0.765849525312558,-0.7368917587391045,0.4174266153229976
adjusted_rand_score,0.06965711475862213,0.9413196248393536,0.9422606278179106,1.0,0.7072487151282201,-0.6598900800891883,0.4031226076099572
calinski_harabasz,0.24788778607169223,0.772134420063337,0.765849525312558,0.7072487151282201,1.0,-0.9825280944959396,0.46665572963661717
davies_bouldin,-0.32485713504497854,-0.7437793943500137,-0.7368917587391045,-0.6598900800891883,-0.9825280944959396,1.0,-0.4808191835507068
silhouette,0.525770377054111,0.43656349135865,0.4174266153229976,0.4031226076099572,0.46665572963661717,-0.4808191835507068,1.0
