,abilities,v_measure,mutual_info,adjusted_rand_score,calinski_harabasz,davies_bouldin,silhouette
abilities,1.0,0.4840733856460252,0.4463143218160859,0.5056734294010231,0.47723855092276146,-0.48336295283663705,0.7187423103212577
v_measure,0.4840733856460252,1.0,0.9905941541574386,0.9623219314795067,0.7803494288474897,-0.7721195387585602,0.5285722099640746
mutual_info,0.4463143218160859,0.9905941541574386,1.0,0.952150493533481,0.7707251055541235,-0.7666238314234278,0.5153387654356961
adjusted_rand_score,0.5056734294010231,0.9623219314795067,0.952150493533481,1.0,0.7613195168810613,-0.7516678517601572,0.5425712256635162
calinski_harabasz,0.47723855092276146,0.7803494288474897,0.7707251055541235,0.7613195168810613,1.0,-0.9922351332877649,0.48002734107997264
davies_bouldin,-0.48336295283663705,-0.7721195387585602,-0.7666238314234278,-0.7516678517601572,-0.9922351332877649,1.0,-0.4797265892002734
silhouette,0.7187423103212577,0.5285722099640746,0.5153387654356961,0.5425712256635162,0.48002734107997264,-0.4797265892002734,1.0
