,abilities,v_measure,mutual_info,adjusted_rand_score,calinski_harabasz,davies_bouldin,silhouette
abilities,1.0,0.6623376623376623,0.8073309824078203,0.7384138703935659,0.7829784428769201,-0.713494627200211,0.693321906519876
v_measure,0.6623376623376623,1.0,0.6098823222484685,0.9585997758586591,0.8577361724569846,-0.8006460544531611,0.8755356318808095
mutual_info,0.8073309824078203,0.6098823222484685,1.0,0.6142334446426312,0.6471964930832576,-0.6309127471535881,0.47071233173214416
adjusted_rand_score,0.7384138703935659,0.9585997758586591,0.6142334446426312,1.0,0.8515393236205419,-0.7791548552969872,0.8540444327246358
calinski_harabasz,0.7829784428769201,0.8577361724569846,0.6471964930832576,0.8515393236205419,1.0,-0.9476564045091964,0.8365086689959786
davies_bouldin,-0.713494627200211,-0.8006460544531611,-0.6309127471535881,-0.7791548552969872,-0.9476564045091964,1.0,-0.7268112598061837
silhouette,0.693321906519876,0.8755356318808095,0.47071233173214416,0.8540444327246358,0.8365086689959786,-0.7268112598061837,1.0
