,abilities,v_measure,mutual_info,adjusted_rand_score,calinski_harabasz,davies_bouldin,silhouette
abilities,1.0,0.6693255982596084,0.810099878476833,0.745269958467928,0.7812644208583295,-0.7124398444195399,0.6930582108247083
v_measure,0.6693255982596084,1.0,0.6002571121038056,0.9579405366207396,0.8634056299030919,-0.8044696420330938,0.8806776979365812
mutual_info,0.810099878476833,0.6002571121038056,1.0,0.6044763823042059,0.6446253753048887,-0.6294623730222006,0.47156937099160046
adjusted_rand_score,0.745269958467928,0.9579405366207396,0.6044763823042059,1.0,0.8582635638473202,-0.7864064869141011,0.8593183466279913
calinski_harabasz,0.7812644208583295,0.8634056299030919,0.6446253753048887,0.8582635638473202,1.0,-0.9479201002043641,0.836113125453227
davies_bouldin,-0.7124398444195399,-0.8044696420330938,-0.6294623730222006,-0.7864064869141011,-0.9479201002043641,1.0,-0.7261520205682642
silhouette,0.6930582108247083,0.8806776979365812,0.47156937099160046,0.8593183466279913,0.836113125453227,-0.7261520205682642,1.0
