,abilities,v_measure,mutual_info,adjusted_rand_score,calinski_harabasz,davies_bouldin,silhouette
abilities,1.0,0.7021557123079966,0.7614872437207463,0.8098754037840332,0.7543674599512163,-0.6850154921220911,0.7096710396202782
v_measure,0.7021557123079966,1.0,0.5929856945085371,0.9564902102973168,0.8739534577098029,-0.7775726811259807,0.8814687850220845
mutual_info,0.7614872437207463,0.5929856945085371,1.0,0.6153998285977982,0.6560089656536358,-0.6235743951479992,0.46786208715142724
adjusted_rand_score,0.8098754037840332,0.9564902102973168,0.6153998285977982,1.0,0.8628782385127562,-0.7684751796426923,0.858527259542488
calinski_harabasz,0.7543674599512163,0.8739534577098029,0.6560089656536358,0.8628782385127562,1.0,-0.9017733535500033,0.8293888852264487
davies_bouldin,-0.6850154921220911,-0.7775726811259807,-0.6235743951479992,-0.7684751796426923,-0.9017733535500033,1.0,-0.7059792998879293
silhouette,0.7096710396202782,0.8814687850220845,0.46786208715142724,0.858527259542488,0.8293888852264487,-0.7059792998879293,1.0
