,abilities,v_measure,mutual_info,adjusted_rand_score,calinski_harabasz,davies_bouldin,silhouette
abilities,1.0,0.24780718642844152,0.2933701204184851,0.010563044614683752,0.7484842707340325,-0.7424594852240228,0.8852240228789323
v_measure,0.24780718642844152,1.0,0.9955340529802569,0.9161152548313821,-0.18419647744681017,0.1095263526350391,0.04339867315413457
mutual_info,0.2933701204184851,0.9955340529802569,1.0,0.8937116228106607,-0.13397464515598267,0.05641439474089526,0.08191156367656376
adjusted_rand_score,0.010563044614683752,0.9161152548313821,0.8937116228106607,1.0,-0.40414132428309896,0.2960321853566425,-0.1530306788401657
calinski_harabasz,0.7484842707340325,-0.18419647744681017,-0.13397464515598267,-0.40414132428309896,1.0,-0.9395233555767397,0.8151382268827455
davies_bouldin,-0.7424594852240228,0.1095263526350391,0.05641439474089526,0.2960321853566425,-0.9395233555767397,1.0,-0.8017159199237369
silhouette,0.8852240228789323,0.04339867315413457,0.08191156367656376,-0.1530306788401657,0.8151382268827455,-0.8017159199237369,1.0
