,abilities,v_measure,mutual_info,adjusted_rand_score,calinski_harabasz,davies_bouldin,silhouette
abilities,1.0,0.667938353222559,0.697782549592768,0.5567360338716059,0.4165172611100515,-0.3816517261110052,0.716040434865535
v_measure,0.667938353222559,1.0,0.9930633793228715,0.9517941298659945,-0.11422249426252809,0.133183275708245,0.1939951180110071
mutual_info,0.697782549592768,0.9930633793228715,1.0,0.9279452583361806,-0.053399190456373424,0.07576034036115399,0.23549922147581723
adjusted_rand_score,0.5567360338716059,0.9517941298659945,0.9279452583361806,1.0,-0.2774906064397739,0.2836706281944128,0.044786083579914024
calinski_harabasz,0.4165172611100515,-0.11422249426252809,-0.053399190456373424,-0.2774906064397739,1.0,-0.9835208849895098,0.78294869349609
davies_bouldin,-0.3816517261110052,0.133183275708245,0.07576034036115399,0.2836706281944128,-0.9835208849895098,1.0,-0.8053023078390235
silhouette,0.716040434865535,0.1939951180110071,0.23549922147581723,0.044786083579914024,0.78294869349609,-0.8053023078390235,1.0
