,abilities,v_measure,mutual_info,adjusted_rand_score,calinski_harabasz,davies_bouldin,silhouette
abilities,1.0,0.6609186675364184,0.6791291459115151,0.5574989995203267,0.41834827388899487,-0.3825672325004768,0.7150486362769407
v_measure,0.6609186675364184,1.0,0.9944396075884766,0.9538543729017409,-0.11872424921342264,0.13402258595332706,0.1909049302904778
mutual_info,0.6791291459115151,0.9944396075884766,1.0,0.9391838126492944,-0.07212904251336912,0.0885272191102082,0.2192157174425924
adjusted_rand_score,0.5574989995203267,0.9538543729017409,0.9391838126492944,1.0,-0.2697846533876933,0.271310584685135,0.054971674990337394
calinski_harabasz,0.41834827388899487,-0.11872424921342264,-0.07212904251336912,-0.2697846533876933,1.0,-0.9831394239938966,0.7853137516688918
davies_bouldin,-0.3825672325004768,0.13402258595332706,0.0885272191102082,0.271310584685135,-0.9831394239938966,1.0,-0.80751478161358
silhouette,0.7150486362769407,0.1909049302904778,0.2192157174425924,0.054971674990337394,0.7853137516688918,-0.80751478161358,1.0
