,abilities,v_measure,mutual_info,adjusted_rand_score,calinski_harabasz,davies_bouldin,silhouette
abilities,1.0,0.6874821187998306,0.717857960620246,0.6172156631994927,0.4015639900820141,-0.36738508487507154,0.7129887469006294
v_measure,0.6874821187998306,1.0,0.9932940321443059,0.9803921568627451,-0.15663087225569328,0.17543725803797694,0.15674531273712705
mutual_info,0.717857960620246,0.9932940321443059,1.0,0.9632521239841771,-0.09360207355760741,0.11366785086170864,0.201689727302366
adjusted_rand_score,0.6172156631994927,0.9803921568627451,0.9632521239841771,1.0,-0.24482633661398914,0.2606572698789947,0.07244082474757953
calinski_harabasz,0.4015639900820141,-0.15663087225569328,-0.09360207355760741,-0.24482633661398914,1.0,-0.9874117871447644,0.7861529658592409
davies_bouldin,-0.36738508487507154,0.17543725803797694,0.11366785086170864,0.2606572698789947,-0.9874117871447644,1.0,-0.8010299446881556
silhouette,0.7129887469006294,0.15674531273712705,0.201689727302366,0.07244082474757953,0.7861529658592409,-0.8010299446881556,1.0
