,abilities,v_measure,mutual_info,adjusted_rand_score,calinski_harabasz,davies_bouldin,silhouette
abilities,1.0,0.9294602173151069,0.9111269358539504,0.9294602173151069,0.9076410795653698,-0.8183052926743778,0.7229670522257273
v_measure,0.9294602173151069,1.0,0.9214152002456806,0.995881528215913,0.9263932702418507,-0.8702681388012619,0.7301086575534526
mutual_info,0.9111269358539504,0.9214152002456806,1.0,0.9183375143165305,0.9086428036397078,-0.7926360275816734,0.622857681647203
adjusted_rand_score,0.9294602173151069,0.995881528215913,0.9183375143165305,1.0,0.922099544339292,-0.8713196635120926,0.7277427269540834
calinski_harabasz,0.9076410795653698,0.9263932702418507,0.9086428036397078,0.922099544339292,1.0,-0.8526550998948476,0.6830529267437785
davies_bouldin,-0.8183052926743778,-0.8702681388012619,-0.7926360275816734,-0.8713196635120926,-0.8526550998948476,1.0,-0.736198738170347
silhouette,0.7229670522257273,0.7301086575534526,0.622857681647203,0.7277427269540834,0.6830529267437785,-0.736198738170347,1.0
