,abilities,v_measure,mutual_info,adjusted_rand_score,calinski_harabasz,davies_bouldin,silhouette
abilities,1.0,0.9549089634320019,0.9361986763349395,0.9556539076707347,0.9445235643390811,-0.8202055169693916,0.6885256677110493
v_measure,0.9549089634320019,1.0,0.9261778651897179,0.9958370763129643,0.9185381564821103,-0.8486010385399093,0.7429504173878749
mutual_info,0.9361986763349395,0.9261778651897179,1.0,0.9210136313758427,0.9022685614046276,-0.7644164817687168,0.640584747550901
adjusted_rand_score,0.9556539076707347,0.9958370763129643,0.9210136313758427,1.0,0.9127100633202603,-0.8472864310597927,0.7379987292127692
calinski_harabasz,0.9445235643390811,0.9185381564821103,0.9022685614046276,0.9127100633202603,1.0,-0.8728336364233913,0.6758616156525931
davies_bouldin,-0.8202055169693916,-0.8486010385399093,-0.7644164817687168,-0.8472864310597927,-0.8728336364233913,1.0,-0.7344931092657917
silhouette,0.6885256677110493,0.7429504173878749,0.640584747550901,0.7379987292127692,0.6758616156525931,-0.7344931092657917,1.0
