,abilities,v_measure,mutual_info,adjusted_rand_score,calinski_harabasz,davies_bouldin,silhouette
abilities,1.0,0.938097325734327,0.929279521990227,0.9384042086804033,0.904340201665936,-0.7972380534853135,0.7366944322665497
v_measure,0.938097325734327,1.0,0.9557662010945046,0.9969311705392372,0.9307321350284963,-0.8516001753616834,0.7472161332748795
mutual_info,0.929279521990227,0.9557662010945046,1.0,0.9532562414786379,0.922718399485593,-0.7900428148784636,0.6783275947827826
adjusted_rand_score,0.9384042086804033,0.9969311705392372,0.9532562414786379,1.0,0.9256904866286716,-0.8503726435773783,0.742393686979395
calinski_harabasz,0.904340201665936,0.9307321350284963,0.922718399485593,0.9256904866286716,1.0,-0.8355545813239807,0.7025427444103464
davies_bouldin,-0.7972380534853135,-0.8516001753616834,-0.7900428148784636,-0.8503726435773783,-0.8355545813239807,1.0,-0.7590092064883823
silhouette,0.7366944322665497,0.7472161332748795,0.6783275947827826,0.742393686979395,0.7025427444103464,-0.7590092064883823,1.0
