,abilities,v_measure,mutual_info,adjusted_rand_score,calinski_harabasz,davies_bouldin,silhouette
abilities,1.0,0.9235030710999427,0.9087954732895996,0.9210944086738373,0.9020440785764585,-0.7982964188047567,0.7540208240267108
v_measure,0.9235030710999427,1.0,0.9260166015767439,0.9930368521316429,0.9238871006590904,-0.8627515382425716,0.7507718583722
mutual_info,0.9087954732895996,0.9260166015767439,1.0,0.9235110621520709,0.9103679693805404,-0.7799700272175133,0.653506221519543
adjusted_rand_score,0.9210944086738373,0.9930368521316429,0.9235110621520709,1.0,0.9153035976263987,-0.8600363485077405,0.7403490332610743
calinski_harabasz,0.9020440785764585,0.9238871006590904,0.9103679693805404,0.9153035976263987,1.0,-0.8348989467691432,0.6987453195822111
davies_bouldin,-0.7982964188047567,-0.8627515382425716,-0.7799700272175133,-0.8600363485077405,-0.8348989467691432,1.0,-0.7597932952330902
silhouette,0.7540208240267108,0.7507718583722,0.653506221519543,0.7403490332610743,0.6987453195822111,-0.7597932952330902,1.0
