,abilities,v_measure,mutual_info,adjusted_rand_score,calinski_harabasz,davies_bouldin,silhouette
abilities,1.0,0.6881966511352223,0.7485171663018703,0.6963687404021169,0.7071142795989265,-0.6697400266723743,0.5963580683932365
v_measure,0.6881966511352223,1.0,0.94898064187643,0.9920229187069003,0.8851276816438085,-0.8387309218433574,0.4738956484515205
mutual_info,0.7485171663018703,0.94898064187643,1.0,0.9499269382039351,0.8577014739913034,-0.8120454255523684,0.41930956134820746
adjusted_rand_score,0.6963687404021169,0.9920229187069003,0.9499269382039351,1.0,0.8868308184012111,-0.8329093708349047,0.47478040389184645
calinski_harabasz,0.7071142795989265,0.8851276816438085,0.8577014739913034,0.8868308184012111,1.0,-0.9466717157581046,0.4469927721158437
davies_bouldin,-0.6697400266723743,-0.8387309218433574,-0.8120454255523684,-0.8329093708349047,-0.9466717157581046,1.0,-0.46396759800451126
silhouette,0.5963580683932365,0.4738956484515205,0.41930956134820746,0.47478040389184645,0.4469927721158437,-0.46396759800451126,1.0
