,abilities,v_measure,mutual_info,adjusted_rand_score,calinski_harabasz,davies_bouldin,silhouette
abilities,1.0,0.6982234881538436,0.75824768365759,0.7111480646064179,0.7335067586479411,-0.7019609134464988,0.6366629896109456
v_measure,0.6982234881538436,1.0,0.9482150427951425,0.9900060918385828,0.8667533793239706,-0.8054233827815006,0.5169665936743665
mutual_info,0.75824768365759,0.9482150427951425,1.0,0.9507176462436524,0.8413275323495721,-0.7814543912936084,0.46373900480744523
adjusted_rand_score,0.7111480646064179,0.9900060918385828,0.9507176462436524,1.0,0.8687291107562112,-0.7934866720450466,0.5256268831190214
calinski_harabasz,0.7335067586479411,0.8667533793239706,0.8413275323495721,0.8687291107562112,1.0,-0.9055435731102952,0.5138218878113835
davies_bouldin,-0.7019609134464988,-0.8054233827815006,-0.7814543912936084,-0.7934866720450466,-0.9055435731102952,1.0,-0.5076806559428355
silhouette,0.6366629896109456,0.5169665936743665,0.46373900480744523,0.5256268831190214,0.5138218878113835,-0.5076806559428355,1.0
