,abilities,v_measure,mutual_info,adjusted_rand_score,calinski_harabasz,davies_bouldin,silhouette
abilities,1.0,0.6985692411544857,0.758832173278788,0.7093534418887992,0.7318273869305366,-0.7018785913034888,0.6344073628924708
v_measure,0.6985692411544857,1.0,0.9488242291608981,0.9901707361246028,0.8662594464659104,-0.8084199087870656,0.5172135601033966
mutual_info,0.758832173278788,0.9488242291608981,1.0,0.9487007454381099,0.8412534421158991,-0.7821376678930371,0.46435642342138683
adjusted_rand_score,0.7093534418887992,0.9901707361246028,0.9487007454381099,1.0,0.8688772906136293,-0.7951660437624513,0.5260384938340715
calinski_harabasz,0.7318273869305366,0.8662594464659104,0.8412534421158991,0.8688772906136293,1.0,-0.911256729835191,0.5142828918122396
davies_bouldin,-0.7018785913034888,-0.8084199087870656,-0.7821376678930371,-0.7951660437624513,-0.911256729835191,1.0,-0.5102161779475444
silhouette,0.6344073628924708,0.5172135601033966,0.46435642342138683,0.5260384938340715,0.5142828918122396,-0.5102161779475444,1.0
