,abilities,v_measure,mutual_info,adjusted_rand_score,calinski_harabasz,davies_bouldin,silhouette
abilities,1.0,0.7002650773004923,0.7600783713510705,0.7109669558917958,0.7337207962197672,-0.7017962691604788,0.6328103133180762
v_measure,0.7002650773004923,1.0,0.9496019691940488,0.9903024515534188,0.8655350116074222,-0.8078271893573934,0.5167690205311425
mutual_info,0.7600783713510705,0.9496019691940488,1.0,0.9497172211430456,0.840606554571469,-0.7814576078899557,0.4641278308917242
adjusted_rand_score,0.7109669558917958,0.9903024515534188,0.9497172211430456,1.0,0.868054069183529,-0.7949849350478292,0.5256598119762254
calinski_harabasz,0.7337207962197672,0.8655350116074222,0.840606554571469,0.868054069183529,1.0,-0.911256729835191,0.5143816783838517
davies_bouldin,-0.7017962691604788,-0.8078271893573934,-0.7814576078899557,-0.7949849350478292,-0.911256729835191,1.0,-0.5103149645191564
silhouette,0.6328103133180762,0.5167690205311425,0.4641278308917242,0.5256598119762254,0.5143816783838517,-0.5103149645191564,1.0
