,abilities,v_measure,mutual_info,adjusted_rand_score,calinski_harabasz,davies_bouldin,silhouette
abilities,1.0,0.6987668142977098,0.7571939558897963,0.7095016217462173,0.7336220096481552,-0.702290202018539,0.6339463588916147
v_measure,0.6987668142977098,1.0,0.951186884390248,0.9902036649818068,0.8660618733226864,-0.8074814363567513,0.5166537695309285
mutual_info,0.7571939558897963,0.951186884390248,1.0,0.9520430382015804,0.8416321255324499,-0.782219990374896,0.464932680794399
adjusted_rand_score,0.7095016217462173,0.9902036649818068,0.9520430382015804,1.0,0.8677577094686929,-0.7936019230452607,0.5250835569751552
calinski_harabasz,0.7336220096481552,0.8660618733226864,0.8416321255324499,0.8677577094686929,1.0,-0.911174407692181,0.5145133938126677
davies_bouldin,-0.702290202018539,-0.8074814363567513,-0.782219990374896,-0.7936019230452607,-0.911174407692181,1.0,-0.5102820356619524
silhouette,0.6339463588916147,0.5166537695309285,0.464932680794399,0.5250835569751552,0.5145133938126677,-0.5102820356619524,1.0
