,abilities,v_measure,mutual_info,adjusted_rand_score,calinski_harabasz,davies_bouldin,silhouette
abilities,1.0,0.755771567436209,0.8073515275397825,0.7948562170919401,0.6271769947347104,-0.13628999594977723,0.5194410692588093
v_measure,0.755771567436209,1.0,0.9185357715180443,0.8967193195625759,0.6271769947347104,-0.4260834345889024,0.576751721344674
mutual_info,0.8073515275397825,0.9185357715180443,1.0,0.8159586866819977,0.5966280195991971,-0.26975849358660237,0.4185104557032386
adjusted_rand_score,0.7948562170919401,0.8967193195625759,0.8159586866819977,1.0,0.5771567436208992,-0.35925475901174564,0.5427298501417578
calinski_harabasz,0.6271769947347104,0.6271769947347104,0.5966280195991971,0.5771567436208992,1.0,-0.6893479141352774,0.8667476711219118
davies_bouldin,-0.13628999594977723,-0.4260834345889024,-0.26975849358660237,-0.35925475901174564,-0.6893479141352774,1.0,-0.7197245848521668
silhouette,0.5194410692588093,0.576751721344674,0.4185104557032386,0.5427298501417578,0.8667476711219118,-0.7197245848521668,1.0
