,abilities,v_measure,mutual_info,adjusted_rand_score,calinski_harabasz,davies_bouldin,silhouette
abilities,1.0,0.7606318347509113,0.8178826399020223,0.8037667071688943,0.6364925070878898,-0.14763061968408261,0.5204536249493722
v_measure,0.7606318347509113,1.0,0.9120550869874352,0.8963142972863507,0.6109761036857028,-0.40117456460105305,0.5878898339408668
mutual_info,0.8178826399020223,0.9120550869874352,1.0,0.8161612080735792,0.5757683162662992,-0.21305250394377304,0.4223583621432877
adjusted_rand_score,0.8037667071688943,0.8963142972863507,0.8161612080735792,1.0,0.5550830295666261,-0.30093155123531795,0.5496152288375861
calinski_harabasz,0.6364925070878898,0.6109761036857028,0.5757683162662992,0.5550830295666261,1.0,-0.6913730255164034,0.8663426488456865
davies_bouldin,-0.14763061968408261,-0.40117456460105305,-0.21305250394377304,-0.30093155123531795,-0.6913730255164034,1.0,-0.7120291616038882
silhouette,0.5204536249493722,0.5878898339408668,0.4223583621432877,0.5496152288375861,0.8663426488456865,-0.7120291616038882,1.0
