,abilities,v_measure,mutual_info,adjusted_rand_score,calinski_harabasz,davies_bouldin,silhouette
abilities,1.0,0.7606318347509113,0.8217541185383908,0.8088294856217092,0.631429728635075,-0.1431753746456055,0.5166059133252329
v_measure,0.7606318347509113,1.0,0.9120923824940532,0.8928716079384366,0.6109761036857028,-0.40117456460105305,0.5886998784933172
mutual_info,0.8217541185383908,0.9120923824940532,1.0,0.8130443756009614,0.5764634511610205,-0.21328742588635088,0.4223212563846549
adjusted_rand_score,0.8088294856217092,0.8928716079384366,0.8130443756009614,1.0,0.5530579181855002,-0.29445119481571486,0.5484001620089105
calinski_harabasz,0.631429728635075,0.6109761036857028,0.5764634511610205,0.5530579181855002,1.0,-0.6913730255164034,0.8659376265694613
davies_bouldin,-0.1431753746456055,-0.40117456460105305,-0.21328742588635088,-0.29445119481571486,-0.6913730255164034,1.0,-0.7114216281895505
silhouette,0.5166059133252329,0.5886998784933172,0.4223212563846549,0.5484001620089105,0.8659376265694613,-0.7114216281895505,1.0
