,abilities,v_measure,mutual_info,adjusted_rand_score,calinski_harabasz,davies_bouldin,silhouette
abilities,1.0,0.748275584854088,0.7709783744674009,0.7904333145751267,0.7633250261275022,-0.5067127582603104,0.5190610177667015
v_measure,0.748275584854088,1.0,0.9633089476646033,0.9848219310233942,0.9254924029262802,-0.803328241820082,0.5539834391832141
mutual_info,0.7709783744674009,0.9633089476646033,1.0,0.9611222767103464,0.8820805530991237,-0.739464587185465,0.48462095023715734
adjusted_rand_score,0.7904333145751267,0.9848219310233942,0.9611222767103464,1.0,0.8992845084009968,-0.7464426400836081,0.5134978696036658
calinski_harabasz,0.7633250261275022,0.9254924029262802,0.8820805530991237,0.8992845084009968,1.0,-0.8548757938741056,0.5509606881582121
davies_bouldin,-0.5067127582603104,-0.803328241820082,-0.739464587185465,-0.7464426400836081,-0.8548757938741056,1.0,-0.6113835517324544
silhouette,0.5190610177667015,0.5539834391832141,0.48462095023715734,0.5134978696036658,0.5509606881582121,-0.6113835517324544,1.0
