,abilities,v_measure,mutual_info,adjusted_rand_score,calinski_harabasz,davies_bouldin,silhouette
abilities,1.0,0.7489508802958437,0.7692419004743146,0.8037141249296568,0.7307822172200338,-0.567006994131361,0.5549159900313531
v_measure,0.7489508802958437,1.0,0.9626658091486454,0.9771042688318997,0.88137310073157,-0.7996301953533242,0.6185545461853846
mutual_info,0.7692419004743146,0.9626658091486454,1.0,0.9571669748372056,0.8322051611865906,-0.7325508481389179,0.5545622638475761
adjusted_rand_score,0.8037141249296568,0.9771042688318997,0.9571669748372056,1.0,0.8468687193504301,-0.7276308384918402,0.5734062223651419
calinski_harabasz,0.7307822172200338,0.88137310073157,0.8322051611865906,0.8468687193504301,1.0,-0.8884797813329046,0.5614438459683254
davies_bouldin,-0.567006994131361,-0.7996301953533242,-0.7325508481389179,-0.7276308384918402,-0.8884797813329046,1.0,-0.616657287563309
silhouette,0.5549159900313531,0.6185545461853846,0.5545622638475761,0.5734062223651419,0.5614438459683254,-0.616657287563309,1.0
