,abilities,v_measure,mutual_info,adjusted_rand_score,calinski_harabasz,davies_bouldin,silhouette
abilities,1.0,0.7482112710024922,0.7686309188841547,0.8019776509365705,0.730106921778278,-0.5670713079829568,0.5549159900313531
v_measure,0.7482112710024922,1.0,0.9635662030709864,0.9771364257576975,0.881694669989549,-0.7995658815017285,0.6188439585175657
mutual_info,0.7686309188841547,0.9635662030709864,1.0,0.9577136425757697,0.8323981027413779,-0.7331939866548758,0.5548838331055551
adjusted_rand_score,0.8019776509365705,0.9771364257576975,0.9577136425757697,1.0,0.8467079347214407,-0.7275986815660422,0.573341908513546
calinski_harabasz,0.730106921778278,0.881694669989549,0.8323981027413779,0.8467079347214407,1.0,-0.8882868397781172,0.5614438459683254
davies_bouldin,-0.5670713079829568,-0.7995658815017285,-0.7331939866548758,-0.7275986815660422,-0.8882868397781172,1.0,-0.616625130637511
silhouette,0.5549159900313531,0.6188439585175657,0.5548838331055551,0.573341908513546,0.5614438459683254,-0.616625130637511,1.0
