,abilities,v_measure,mutual_info,adjusted_rand_score,calinski_harabasz,davies_bouldin,silhouette
abilities,1.0,0.7526167698368036,0.7719752391671356,0.8088913899831176,0.7348661467963663,-0.5702548436369483,0.5545301069217783
v_measure,0.7526167698368036,1.0,0.9637269876999759,0.9770399549803039,0.8808585899188037,-0.7993407830211432,0.6177184661146394
mutual_info,0.7719752391671356,0.9637269876999759,1.0,0.9574885440951845,0.8318835919286116,-0.7330010451000885,0.5546587346249698
adjusted_rand_score,0.8088913899831176,0.9770399549803039,0.9574885440951845,1.0,0.846900876276228,-0.7284669185625854,0.573084653107163
calinski_harabasz,0.7348661467963663,0.8808585899188037,0.8318835919286116,0.846900876276228,1.0,-0.8881582120749256,0.5611222767103465
davies_bouldin,-0.5702548436369483,-0.7993407830211432,-0.7330010451000885,-0.7284669185625854,-0.8881582120749256,1.0,-0.6173968968566605
silhouette,0.5545301069217783,0.6177184661146394,0.5546587346249698,0.573084653107163,0.5611222767103465,-0.6173968968566605,1.0
