,abilities,v_measure,mutual_info,adjusted_rand_score,calinski_harabasz,davies_bouldin,silhouette
abilities,1.0,0.15950335641719363,0.12619174547754694,0.10102696915386901,0.2299103246922796,-0.2905178147748929,0.5110973786185261
v_measure,0.15950335641719363,1.0,0.9982450845268988,0.9407491272761581,0.7403483283075127,-0.720573250939663,0.44844893962244264
mutual_info,0.12619174547754694,0.9982450845268988,1.0,0.9415782920497381,0.7354939150440062,-0.7150580248511345,0.43321068056135703
adjusted_rand_score,0.10102696915386901,0.9407491272761581,0.9415782920497381,1.0,0.6689655824271922,-0.6357177901350629,0.4253339875464731
calinski_harabasz,0.2299103246922796,0.7403483283075127,0.7354939150440062,0.6689655824271922,1.0,-0.9877162858274997,0.4446100722682416
davies_bouldin,-0.2905178147748929,-0.720573250939663,-0.7150580248511345,-0.6357177901350629,-0.9877162858274997,1.0,-0.45538426703398305
silhouette,0.5110973786185261,0.44844893962244264,0.43321068056135703,0.4253339875464731,0.4446100722682416,-0.45538426703398305,1.0
