,abilities,v_measure,mutual_info,adjusted_rand_score,calinski_harabasz,davies_bouldin,silhouette
abilities,1.0,0.46322870386479054,0.43407583527393934,0.47868255459353304,0.43365253077975374,-0.43767158828246616,0.6996462097268739
v_measure,0.46322870386479054,1.0,0.9934711437763584,0.9592229528922267,0.746068136707874,-0.7404262546957935,0.5205532441748267
mutual_info,0.43407583527393934,0.9934711437763584,1.0,0.952222358502137,0.7391997586062107,-0.7363693830148659,0.5104016303872034
adjusted_rand_score,0.47868255459353304,0.9592229528922267,0.952222358502137,1.0,0.7164624080224077,-0.709801590797443,0.5385544329357795
calinski_harabasz,0.43365253077975374,0.746068136707874,0.7391997586062107,0.7164624080224077,1.0,-0.9946223878484834,0.4542384074720506
davies_bouldin,-0.43767158828246616,-0.7404262546957935,-0.7363693830148659,-0.709801590797443,-0.9946223878484834,1.0,-0.4541440633992169
silhouette,0.6996462097268739,0.5205532441748267,0.5104016303872034,0.5385544329357795,0.4542384074720506,-0.4541440633992169,1.0
