,abilities,v_measure,mutual_info,adjusted_rand_score,calinski_harabasz,davies_bouldin,silhouette
abilities,1.0,0.4297002147573549,0.40143406384258856,0.430681416257734,0.43799235813010046,-0.44152082645407803,0.6449643851125053
v_measure,0.4297002147573549,1.0,0.99333899424474,0.9730351919992453,0.8002169967081914,-0.7955845934708248,0.4133783051837415
mutual_info,0.40143406384258856,0.99333899424474,1.0,0.9659401830361355,0.793046678051575,-0.791395617834591,0.4045097531610845
adjusted_rand_score,0.430681416257734,0.9730351919992453,0.9659401830361355,1.0,0.7991225796500762,-0.7943769608549736,0.42834162806452236
calinski_harabasz,0.43799235813010046,0.8002169967081914,0.793046678051575,0.7991225796500762,1.0,-0.9946789942921835,0.587999433935563
davies_bouldin,-0.44152082645407803,-0.7955845934708248,-0.791395617834591,-0.7943769608549736,-0.9946789942921835,1.0,-0.5868673050615595
silhouette,0.6449643851125053,0.4133783051837415,0.4045097531610845,0.42834162806452236,0.587999433935563,-0.5868673050615595,1.0
