,abilities,v_measure,mutual_info,adjusted_rand_score,calinski_harabasz,davies_bouldin,silhouette
abilities,1.0,0.4594947756197567,0.43024742320981796,0.4761846357530411,0.43161673483538304,-0.4357490247183946,0.7016213105475041
v_measure,0.4594947756197567,1.0,0.9936220999896218,0.9592040833655687,0.746105875049092,-0.7403885163545755,0.5205532441748267
mutual_info,0.43024742320981796,0.9936220999896218,1.0,0.9522978366087687,0.7394261886535183,-0.7366335514033915,0.51064692960512
adjusted_rand_score,0.4761846357530411,0.9592040833655687,0.9522978366087687,1.0,0.7164058005105808,-0.7098581983092699,0.5384223487415167
calinski_harabasz,0.43161673483538304,0.746105875049092,0.7394261886535183,0.7164058005105808,1.0,-0.9944903061465163,0.454276145101184
davies_bouldin,-0.4357490247183946,-0.7403885163545755,-0.7366335514033915,-0.7098581983092699,-0.9944903061465163,1.0,-0.4539931128826831
silhouette,0.7016213105475041,0.5205532441748267,0.51064692960512,0.5384223487415167,0.454276145101184,-0.4539931128826831,1.0
