,abilities,v_measure,mutual_info,adjusted_rand_score,calinski_harabasz,davies_bouldin,silhouette
abilities,1.0,0.6809100888134917,0.801393102506732,0.6972757209859295,0.7620596746831654,-0.7231813192296178,0.7049396267837541
v_measure,0.6809100888134917,1.0,0.8797900368988432,0.9809200678574993,0.8864384791936932,-0.8407344576389582,0.698393373914779
mutual_info,0.801393102506732,0.8797900368988432,1.0,0.8797102029534337,0.824724573052653,-0.7869431583876157,0.5731079356083184
adjusted_rand_score,0.6972757209859295,0.9809200678574993,0.8797102029534337,1.0,0.8875162159465123,-0.8216146093204271,0.7009879253567508
calinski_harabasz,0.7620596746831654,0.8864384791936932,0.824724573052653,0.8875162159465123,1.0,-0.945514419718591,0.7003093503642351
davies_bouldin,-0.7231813192296178,-0.8407344576389582,-0.7869431583876157,-0.8216146093204271,-0.945514419718591,1.0,-0.6366829657718791
silhouette,0.7049396267837541,0.698393373914779,0.5731079356083184,0.7009879253567508,0.7003093503642351,-0.6366829657718791,1.0
