,abilities,v_measure,mutual_info,adjusted_rand_score,calinski_harabasz,davies_bouldin,silhouette
abilities,1.0,0.6779962079632771,0.7970940734263107,0.6942021754315937,0.7639756511326214,-0.7258557030236503,0.703143398862389
v_measure,0.6779962079632771,1.0,0.8831741660370492,0.9823570501945914,0.8871968865382697,-0.8394571400059875,0.6980341283305059
mutual_info,0.7970940734263107,0.8831741660370492,1.0,0.8863674919859753,0.8240577194075552,-0.7849993513947531,0.573481423852762
adjusted_rand_score,0.6942021754315937,0.9823570501945914,0.8863674919859753,1.0,0.8870372218341482,-0.8201377108073047,0.6995908591956891
calinski_harabasz,0.7639756511326214,0.8871968865382697,0.8240577194075552,0.8870372218341482,1.0,-0.9447560123740145,0.7008282606526295
davies_bouldin,-0.7258557030236503,-0.8394571400059875,-0.7849993513947531,-0.8201377108073047,-0.9447560123740145,1.0,-0.6376409539966071
silhouette,0.703143398862389,0.6980341283305059,0.573481423852762,0.6995908591956891,0.7008282606526295,-0.6376409539966071,1.0
