,abilities,v_measure,mutual_info,adjusted_rand_score,calinski_harabasz,davies_bouldin,silhouette
abilities,1.0,0.6796726873565513,0.8032013093036318,0.6976349665702025,0.760822273226225,-0.7240594751022852,0.7013072547649936
v_measure,0.6796726873565513,1.0,0.8778053867854172,0.9821574693144397,0.8889931144596348,-0.8434088414329908,0.7001896018361441
mutual_info,0.8032013093036318,0.8778053867854172,1.0,0.8785438434111064,0.8249358840435098,-0.7867556806666625,0.5728826752373384
adjusted_rand_score,0.6976349665702025,0.9821574693144397,0.8785438434111064,1.0,0.8895918571000898,-0.8253268136912484,0.7021854106376609
calinski_harabasz,0.760822273226225,0.8889931144596348,0.8249358840435098,0.8895918571000898,1.0,-0.9445963476698932,0.7001896018361441
davies_bouldin,-0.7240594751022852,-0.8434088414329908,-0.7867556806666625,-0.8253268136912484,-0.9445963476698932,1.0,-0.6375212054685161
silhouette,0.7013072547649936,0.7001896018361441,0.5728826752373384,0.7021854106376609,0.7001896018361441,-0.6375212054685161,1.0
