,abilities,v_measure,mutual_info,adjusted_rand_score,calinski_harabasz,davies_bouldin,silhouette
abilities,1.0,0.6912483784053488,0.8068935924320775,0.7108073046602136,0.7684462628480192,-0.7219439177726774,0.7115657120047899
v_measure,0.6912483784053488,1.0,0.8776856370623325,0.9803612413930746,0.8900708512124539,-0.8328310547849516,0.6985929547949307
mutual_info,0.8068935924320775,0.8776856370623325,1.0,0.8823758345498177,0.8275903362385547,-0.784540310789595,0.5715255117090448
adjusted_rand_score,0.7108073046602136,0.9803612413930746,0.8823758345498177,1.0,0.8890729468116955,-0.8177028240694542,0.7012673385889632
calinski_harabasz,0.7684462628480192,0.8900708512124539,0.8275903362385547,0.8890729468116955,1.0,-0.9315038419319429,0.6985530386189003
davies_bouldin,-0.7219439177726774,-0.8328310547849516,-0.784540310789595,-0.8177028240694542,-0.9315038419319429,1.0,-0.6308552040714499
silhouette,0.7115657120047899,0.6985929547949307,0.5715255117090448,0.7012673385889632,0.6985530386189003,-0.6308552040714499,1.0
