,abilities,v_measure,mutual_info,adjusted_rand_score,calinski_harabasz,davies_bouldin,silhouette
abilities,1.0,0.8008766914427292,0.8185629883743091,0.824128073184677,0.6986468458166571,-0.6380407852105965,0.4752811130169621
v_measure,0.8008766914427292,1.0,0.9945111492281303,0.9566228320945303,0.8938822184105203,-0.8493615399275777,0.536801982085001
mutual_info,0.8185629883743091,0.9945111492281303,1.0,0.9586811511339813,0.8815323041738136,-0.8360968172288927,0.5161425576519916
adjusted_rand_score,0.824128073184677,0.9566228320945303,0.9586811511339813,1.0,0.8508099866590433,-0.769010863350486,0.5275014293882219
calinski_harabasz,0.6986468458166571,0.8938822184105203,0.8815323041738136,0.8508099866590433,1.0,-0.9342100247760625,0.5412997903563941
davies_bouldin,-0.6380407852105965,-0.8493615399275777,-0.8360968172288927,-0.769010863350486,-0.9342100247760625,1.0,-0.49296740994854205
silhouette,0.4752811130169621,0.536801982085001,0.5161425576519916,0.5275014293882219,0.5412997903563941,-0.49296740994854205,1.0
