,abilities,v_measure,mutual_info,adjusted_rand_score,calinski_harabasz,davies_bouldin,silhouette
abilities,1.0,0.6891625615763547,0.34926108374384235,0.6783251231527093,0.680295566502463,-0.6655172413793103,0.7921182266009852
v_measure,0.6891625615763547,1.0,0.8300492610837439,0.9950738916256158,0.987192118226601,-0.8610837438423645,0.7995073891625616
mutual_info,0.34926108374384235,0.8300492610837439,1.0,0.8147783251231527,0.8019704433497536,-0.7600985221674876,0.6182266009852216
adjusted_rand_score,0.6783251231527093,0.9950738916256158,0.8147783251231527,1.0,0.9935960591133005,-0.8541871921182266,0.7985221674876847
calinski_harabasz,0.680295566502463,0.987192118226601,0.8019704433497536,0.9935960591133005,1.0,-0.8566502463054187,0.8078817733990148
davies_bouldin,-0.6655172413793103,-0.8610837438423645,-0.7600985221674876,-0.8541871921182266,-0.8566502463054187,1.0,-0.7901477832512315
silhouette,0.7921182266009852,0.7995073891625616,0.6182266009852216,0.7985221674876847,0.8078817733990148,-0.7901477832512315,1.0
