,abilities,v_measure,mutual_info,adjusted_rand_score,calinski_harabasz,davies_bouldin,silhouette
abilities,1.0,0.7320197044334975,0.41576354679802957,0.7261083743842365,0.7236453201970443,-0.7280788177339902,0.8157635467980295
v_measure,0.7320197044334975,1.0,0.8266009852216749,0.9876847290640394,0.9788177339901478,-0.861576354679803,0.8044334975369458
mutual_info,0.41576354679802957,0.8266009852216749,1.0,0.8019704433497536,0.7921182266009852,-0.7453201970443349,0.6241379310344828
adjusted_rand_score,0.7261083743842365,0.9876847290640394,0.8019704433497536,1.0,0.9852216748768473,-0.8596059113300493,0.7965517241379311
calinski_harabasz,0.7236453201970443,0.9788177339901478,0.7921182266009852,0.9852216748768473,1.0,-0.8660098522167488,0.8088669950738916
davies_bouldin,-0.7280788177339902,-0.861576354679803,-0.7453201970443349,-0.8596059113300493,-0.8660098522167488,1.0,-0.7916256157635468
silhouette,0.8157635467980295,0.8044334975369458,0.6241379310344828,0.7965517241379311,0.8088669950738916,-0.7916256157635468,1.0
