,abilities,v_measure,mutual_info,adjusted_rand_score,calinski_harabasz,davies_bouldin,silhouette
abilities,1.0,-0.16913214990138067,-0.3424624673654703,-0.2958579881656805,0.21836107468730453,-0.6873767258382643,0.7672583826429981
v_measure,-0.16913214990138067,1.0,0.9548485221213041,0.9289940828402367,0.8384473770724717,-0.3609467455621302,0.10355029585798817
mutual_info,-0.3424624673654703,0.9548485221213041,1.0,0.9296819719258589,0.7655695922556043,-0.2783124374555119,0.004441155916843275
adjusted_rand_score,-0.2958579881656805,0.9289940828402367,0.9296819719258589,1.0,0.7654960473800991,-0.1997041420118343,-0.009368836291913214
calinski_harabasz,0.21836107468730453,0.8384473770724717,0.7655695922556043,0.7654960473800991,1.0,-0.6950092896367932,0.5860752094880476
davies_bouldin,-0.6873767258382643,-0.3609467455621302,-0.2783124374555119,-0.1997041420118343,-0.6950092896367932,1.0,-0.8274161735700197
silhouette,0.7672583826429981,0.10355029585798817,0.004441155916843275,-0.009368836291913214,0.5860752094880476,-0.8274161735700197,1.0
