,abilities,v_measure,mutual_info,adjusted_rand_score,calinski_harabasz,davies_bouldin,silhouette
abilities,1.0,0.8110139581918491,0.8039048158222127,0.8236395399922152,0.8941795712039868,-0.8919208568397325,0.9285825719712489
v_measure,0.8110139581918491,1.0,0.9952440080899632,0.9867204877774809,0.8313593059130862,-0.8315695980168388,0.7794849924486756
mutual_info,0.8039048158222127,0.9952440080899632,1.0,0.9776496375383279,0.8314146439068286,-0.831950567770376,0.776675787514882
adjusted_rand_score,0.8236395399922152,0.9867204877774809,0.9776496375383279,1.0,0.81877719710444,-0.8168439910668881,0.7744355554641728
calinski_harabasz,0.8941795712039868,0.8313593059130862,0.8314146439068286,0.81877719710444,1.0,-0.9986705555178729,0.9615546360984875
davies_bouldin,-0.8919208568397325,-0.8315695980168388,-0.831950567770376,-0.8168439910668881,-0.9986705555178729,1.0,-0.9587600895340161
silhouette,0.9285825719712489,0.7794849924486756,0.776675787514882,0.7744355554641728,0.9615546360984875,-0.9587600895340161,1.0
