,abilities,v_measure,mutual_info,adjusted_rand_score,calinski_harabasz,davies_bouldin,silhouette
abilities,1.0,0.8425115665502662,0.8375332027485874,0.8443334954023661,0.8473438045897488,-0.8499214825767327,0.8805958506218422
v_measure,0.8425115665502662,1.0,0.9970658189379377,0.9905399584208613,0.7521241131446997,-0.7559093581537617,0.766240770606811
mutual_info,0.8375332027485874,0.9970658189379377,1.0,0.9846337560161643,0.7531511641365877,-0.7569637633695546,0.7668548126251878
adjusted_rand_score,0.8443334954023661,0.9905399584208613,0.9846337560161643,1.0,0.7459281624207218,-0.7463758780537167,0.7641420483993836
calinski_harabasz,0.8473438045897488,0.7521241131446997,0.7531511641365877,0.7459281624207218,1.0,-0.9982091982091982,0.9618640618640618
davies_bouldin,-0.8499214825767327,-0.7559093581537617,-0.7569637633695546,-0.7463758780537167,-0.9982091982091982,1.0,-0.9598561931895265
silhouette,0.8805958506218422,0.766240770606811,0.7668548126251878,0.7641420483993836,0.9618640618640618,-0.9598561931895265,1.0
