,abilities,v_measure,mutual_info,adjusted_rand_score,calinski_harabasz,davies_bouldin,silhouette
abilities,1.0,0.8403023041162245,0.8348660682585674,0.8442505077780655,0.8831667452457026,-0.885052520194075,0.9094319272604446
v_measure,0.8403023041162245,1.0,0.9969534551259623,0.9907359371991302,0.8210225008340654,-0.8252082760072952,0.7701215751861832
mutual_info,0.8348660682585674,0.9969534551259623,1.0,0.9846698782680396,0.8220575972633913,-0.8263521507681758,0.7706382907661375
adjusted_rand_score,0.8442505077780655,0.9907359371991302,0.9846698782680396,1.0,0.8141791634868953,-0.8150542529469882,0.7670396545087128
calinski_harabasz,0.8831667452457026,0.8210225008340654,0.8220575972633913,0.8141791634868953,1.0,-0.9981956315289648,0.9627594627594628
davies_bouldin,-0.885052520194075,-0.8252082760072952,-0.8263521507681758,-0.8150542529469882,-0.9981956315289648,1.0,-0.9605209605209605
silhouette,0.9094319272604446,0.7701215751861832,0.7706382907661375,0.7670396545087128,0.9627594627594628,-0.9605209605209605,1.0
