,abilities,v_measure,mutual_info,adjusted_rand_score,calinski_harabasz,davies_bouldin,silhouette
abilities,1.0,0.7438497061293031,0.787610991168296,0.7445843828715365,0.6708228379513014,-0.5017632241813602,0.4233627204030227
v_measure,0.7438497061293031,1.0,0.9777073408396824,0.9855793450881613,0.740617128463476,-0.7324307304785894,0.5349496221662469
mutual_info,0.787610991168296,0.9777073408396824,1.0,0.9731312582172926,0.7064589938372912,-0.6595646425601405,0.4737085162361061
adjusted_rand_score,0.7445843828715365,0.9855793450881613,0.9731312582172926,1.0,0.7277287993282956,-0.7077246011754827,0.514609571788413
calinski_harabasz,0.6708228379513014,0.740617128463476,0.7064589938372912,0.7277287993282956,1.0,-0.877120067170445,0.4452770780856423
davies_bouldin,-0.5017632241813602,-0.7324307304785894,-0.6595646425601405,-0.7077246011754827,-0.877120067170445,1.0,-0.5020780856423174
silhouette,0.4233627204030227,0.5349496221662469,0.4737085162361061,0.514609571788413,0.4452770780856423,-0.5020780856423174,1.0
