,abilities,v_measure,mutual_info,adjusted_rand_score,calinski_harabasz,davies_bouldin,silhouette
abilities,1.0,0.7231108312342569,0.7693534844668346,0.7245382031905961,0.672544080604534,-0.49477329974811085,0.4121116708648195
v_measure,0.7231108312342569,1.0,0.9747061293031066,0.9853274559193954,0.745424013434089,-0.7343618807724601,0.532031905961377
mutual_info,0.7693534844668346,0.9747061293031066,1.0,0.970088161209068,0.7099706129303107,-0.6573257766582704,0.4660369437447523
adjusted_rand_score,0.7245382031905961,0.9853274559193954,0.970088161209068,1.0,0.7318849706129303,-0.7112090680100756,0.5157640638119227
calinski_harabasz,0.672544080604534,0.745424013434089,0.7099706129303107,0.7318849706129303,1.0,-0.8752308984047019,0.44498320738874897
davies_bouldin,-0.49477329974811085,-0.7343618807724601,-0.6573257766582704,-0.7112090680100756,-0.8752308984047019,1.0,-0.50088161209068
silhouette,0.4121116708648195,0.532031905961377,0.4660369437447523,0.5157640638119227,0.44498320738874897,-0.50088161209068,1.0
