,abilities,v_measure,mutual_info,adjusted_rand_score,calinski_harabasz,davies_bouldin,silhouette
abilities,1.0,0.7424643157010915,0.7858477299743476,0.742968094038623,0.6685768261964735,-0.49922334172963895,0.4257136859781696
v_measure,0.7424643157010915,1.0,0.9777283320443723,0.9853064651553316,0.741414777497901,-0.7329135180520571,0.536607892527288
mutual_info,0.7858477299743476,0.9777283320443723,1.0,0.9732781966501216,0.7066689058841898,-0.6595856337648303,0.47385545466893514
adjusted_rand_score,0.742968094038623,0.9853064651553316,0.9732781966501216,1.0,0.728022670025189,-0.707913518052057,0.5146305625524769
calinski_harabasz,0.6685768261964735,0.741414777497901,0.7066689058841898,0.728022670025189,1.0,-0.877120067170445,0.44531905961376994
davies_bouldin,-0.49922334172963895,-0.7329135180520571,-0.6595856337648303,-0.707913518052057,-0.877120067170445,1.0,-0.5021410579345088
silhouette,0.4257136859781696,0.536607892527288,0.47385545466893514,0.5146305625524769,0.44531905961376994,-0.5021410579345088,1.0
