,abilities,v_measure,mutual_info,adjusted_rand_score,calinski_harabasz,davies_bouldin,silhouette
abilities,1.0,0.7577455919395466,0.8032074562528632,0.7451301427371957,0.7376364399664148,-0.6066120906801008,0.4201301427371956
v_measure,0.7577455919395466,1.0,0.9776863496349926,0.9887909319899244,0.8443744752308984,-0.772208228379513,0.4134550797649034
mutual_info,0.8032074562528632,0.9776863496349926,1.0,0.9676735449979286,0.8087071518816069,-0.6971179077503028,0.3567665149088873
adjusted_rand_score,0.7451301427371957,0.9887909319899244,0.9676735449979286,1.0,0.8362300587741394,-0.7610831234256927,0.40415617128463477
calinski_harabasz,0.7376364399664148,0.8443744752308984,0.8087071518816069,0.8362300587741394,1.0,-0.8482367758186398,0.3965155331654072
davies_bouldin,-0.6066120906801008,-0.772208228379513,-0.6971179077503028,-0.7610831234256927,-0.8482367758186398,1.0,-0.48639798488664987
silhouette,0.4201301427371956,0.4134550797649034,0.3567665149088873,0.40415617128463477,0.3965155331654072,-0.48639798488664987,1.0
