,abilities,v_measure,mutual_info,adjusted_rand_score,calinski_harabasz,davies_bouldin,silhouette
abilities,1.0,0.8748379082260894,0.871935806007912,0.8740751234076867,0.8317078752084037,-0.7672852488313047,0.6656169294641981
v_measure,0.8748379082260894,1.0,0.9621130977257097,0.99760267628502,0.9223267116346479,-0.8721790582876571,0.6075799017097276
mutual_info,0.871935806007912,0.9621130977257097,1.0,0.9585867944297233,0.9133343883558405,-0.8340635269559701,0.559208382127002
adjusted_rand_score,0.8740751234076867,0.99760267628502,0.9585867944297233,1.0,0.9188396953219496,-0.870500931687171,0.6069260861510968
calinski_harabasz,0.8317078752084037,0.9223267116346479,0.9133343883558405,0.9188396953219496,1.0,-0.8854733079798189,0.5431136876287199
davies_bouldin,-0.7672852488313047,-0.8721790582876571,-0.8340635269559701,-0.870500931687171,-0.8854733079798189,1.0,-0.5985572470006211
silhouette,0.6656169294641981,0.6075799017097276,0.559208382127002,0.6069260861510968,0.5431136876287199,-0.5985572470006211,1.0
