,abilities,v_measure,mutual_info,adjusted_rand_score,calinski_harabasz,davies_bouldin,silhouette
abilities,1.0,0.8779825813976303,0.8831529144118099,0.8774375688078394,0.8334659530635158,-0.7634427355271907,0.6462432282185718
v_measure,0.8779825813976303,1.0,0.9763456758635958,0.9981251566911196,0.9250934696591492,-0.8663629129832899,0.6058904960704592
mutual_info,0.8831529144118099,0.9763456758635958,1.0,0.9742274104011884,0.9197530475560848,-0.8329478391739292,0.5689835734332235
adjusted_rand_score,0.8774375688078394,0.9981251566911196,0.9742274104011884,1.0,0.9221068006670954,-0.8642264636313098,0.6046478673657362
calinski_harabasz,0.8334659530635158,0.9250934696591492,0.9197530475560848,0.9221068006670954,1.0,-0.8803588362891183,0.5429524422014148
davies_bouldin,-0.7634427355271907,-0.8663629129832899,-0.8329478391739292,-0.8642264636313098,-0.8803588362891183,1.0,-0.5967124840583817
silhouette,0.6462432282185718,0.6058904960704592,0.5689835734332235,0.6046478673657362,0.5429524422014148,-0.5967124840583817,1.0
