,abilities,v_measure,mutual_info,adjusted_rand_score,calinski_harabasz,davies_bouldin,silhouette
abilities,1.0,0.8786082446141943,0.8723093625102143,0.8781505737231527,0.8349551591496039,-0.7714696684065425,0.6666630343580076
v_measure,0.8786082446141943,1.0,0.9619125328667251,0.9978642025084724,0.9219998038553324,-0.8681689895280541,0.6050736087349758
mutual_info,0.8723093625102143,0.9619125328667251,1.0,0.959913827335857,0.9129497083045313,-0.8345087076340706,0.5593208138867956
adjusted_rand_score,0.8781505737231527,0.9978642025084724,0.959913827335857,1.0,0.919515304732535,-0.8672100600420621,0.604659525547843
calinski_harabasz,0.8349551591496039,0.9219998038553324,0.9129497083045313,0.919515304732535,1.0,-0.880744042105722,0.5403458684305158
davies_bouldin,-0.7714696684065425,-0.8681689895280541,-0.8345087076340706,-0.8672100600420621,-0.880744042105722,1.0,-0.5985136592967124
silhouette,0.6666630343580076,0.6050736087349758,0.5593208138867956,0.604659525547843,0.5403458684305158,-0.5985136592967124,1.0
