,abilities,v_measure,mutual_info,adjusted_rand_score,calinski_harabasz,davies_bouldin,silhouette
abilities,1.0,0.9031008535741502,0.8712132697676535,0.937236468001982,0.7245803744351195,-0.7357972885732731,0.7488702388637831
v_measure,0.9031008535741502,1.0,0.9822388076728132,0.9456078763668644,0.7371436642813936,-0.7586095589334106,0.724352896227466
mutual_info,0.8712132697676535,0.9822388076728132,1.0,0.9096597842808879,0.7430521183284513,-0.7650917998042952,0.7271076601179048
adjusted_rand_score,0.937236468001982,0.9456078763668644,0.9096597842808879,1.0,0.7005870842913041,-0.7026045555931855,0.7120866707120276
calinski_harabasz,0.7245803744351195,0.7371436642813936,0.7430521183284513,0.7005870842913041,1.0,-0.9892672692059393,0.9812782440284055
davies_bouldin,-0.7357972885732731,-0.7586095589334106,-0.7650917998042952,-0.7026045555931855,-0.9892672692059393,1.0,-0.9697385409941898
silhouette,0.7488702388637831,0.724352896227466,0.7271076601179048,0.7120866707120276,0.9812782440284055,-0.9697385409941898,1.0
