,abilities,v_measure,mutual_info,adjusted_rand_score,calinski_harabasz,davies_bouldin,silhouette
abilities,1.0,0.8493062305789988,0.8053415417766082,0.932725659433734,0.7555053642010163,-0.7419536984754376,0.7934177623618618
v_measure,0.8493062305789988,1.0,0.9705063743983284,0.9218296254584175,0.8096160077973815,-0.8085672823986801,0.7814617644014781
mutual_info,0.8053415417766082,0.9705063743983284,1.0,0.8663412618029699,0.8081656028889398,-0.8093759147942248,0.7620123755674069
adjusted_rand_score,0.932725659433734,0.9218296254584175,0.8663412618029699,1.0,0.738485117367105,-0.7245301282568364,0.7571186577397757
calinski_harabasz,0.7555053642010163,0.8096160077973815,0.8081656028889398,0.738485117367105,1.0,-0.992175526337017,0.9779785431959345
davies_bouldin,-0.7419536984754376,-0.8085672823986801,-0.8093759147942248,-0.7245301282568364,-0.992175526337017,1.0,-0.9623295958699686
silhouette,0.7934177623618618,0.7814617644014781,0.7620123755674069,0.7571186577397757,0.9779785431959345,-0.9623295958699686,1.0
