,abilities,v_measure,mutual_info,adjusted_rand_score,calinski_harabasz,davies_bouldin,silhouette
abilities,1.0,0.9020256667257219,0.8695354669825147,0.9337475790832795,0.72958360232408,-0.737895416397676,0.7445932859909619
v_measure,0.9020256667257219,1.0,0.9805418272642519,0.9458477958330018,0.7491727891397403,-0.76983294577227,0.7307723371388934
mutual_info,0.8695354669825147,0.9805418272642519,1.0,0.9084488038828975,0.7576394401278873,-0.7789933355846326,0.733419520895284
adjusted_rand_score,0.9337475790832795,0.9458477958330018,0.9084488038828975,1.0,0.711265332472563,-0.7123143963847643,0.7110232408005165
calinski_harabasz,0.72958360232408,0.7491727891397403,0.7576394401278873,0.711265332472563,1.0,-0.9904777275661717,0.9868463524854745
davies_bouldin,-0.737895416397676,-0.76983294577227,-0.7789933355846326,-0.7123143963847643,-0.9904777275661717,1.0,-0.9744189799870885
silhouette,0.7445932859909619,0.7307723371388934,0.733419520895284,0.7110232408005165,0.9868463524854745,-0.9744189799870885,1.0
