,abilities,v_measure,mutual_info,adjusted_rand_score,calinski_harabasz,davies_bouldin,silhouette
abilities,1.0,0.5843741196356466,0.733471077614738,0.6852286599680721,0.7222274391961686,-0.6221241431120293,0.6369612170156822
v_measure,0.5843741196356466,1.0,0.4571750583647304,0.9430932481923185,0.8133158043008734,-0.7269227157479575,0.9030894919710771
mutual_info,0.733471077614738,0.4571750583647304,1.0,0.4656273499121473,0.5161532704955953,-0.5062922636902756,0.3434447798767089
adjusted_rand_score,0.6852286599680721,0.9430932481923185,0.4656273499121473,1.0,0.8056155507559395,-0.7180955958305945,0.8668419569912668
calinski_harabasz,0.7222274391961686,0.8133158043008734,0.5161532704955953,0.8056155507559395,1.0,-0.9395248380129589,0.8328481547563151
davies_bouldin,-0.6221241431120293,-0.7269227157479575,-0.5062922636902756,-0.7180955958305945,-0.9395248380129589,1.0,-0.7227908723823834
silhouette,0.6369612170156822,0.9030894919710771,0.3434447798767089,0.8668419569912668,0.8328481547563151,-0.7227908723823834,1.0
