,abilities,v_measure,mutual_info,adjusted_rand_score,calinski_harabasz,davies_bouldin,silhouette
abilities,1.0,0.5973330829185839,0.7081748610896448,0.705136632547657,0.7143393745891633,-0.6215607099258146,0.6504836134848343
v_measure,0.5973330829185839,1.0,0.4333004653318686,0.9410273265095314,0.8204526246595925,-0.7415719785895389,0.9107897455160109
mutual_info,0.7081748610896448,0.4333004653318686,1.0,0.43827769217681634,0.5167864024103322,-0.5048598399705517,0.33845142545644874
adjusted_rand_score,0.705136632547657,0.9410273265095314,0.43827769217681634,1.0,0.8091839609352991,-0.714902807775378,0.8751056437224153
calinski_harabasz,0.7143393745891633,0.8204526246595925,0.5167864024103322,0.8091839609352991,1.0,-0.9335148840266692,0.8426143299840361
davies_bouldin,-0.6215607099258146,-0.7415719785895389,-0.5048598399705517,-0.714902807775378,-0.9335148840266692,1.0,-0.7137759414029486
silhouette,0.6504836134848343,0.9107897455160109,0.33845142545644874,0.8751056437224153,0.8426143299840361,-0.7137759414029486,1.0
