,abilities,v_measure,mutual_info,adjusted_rand_score,calinski_harabasz,davies_bouldin,silhouette
abilities,1.0,0.7723680050584888,0.8121735613994963,0.7639456212456529,0.7174328169459374,-0.5648182105595954,0.4566677205184951
v_measure,0.7723680050584888,1.0,0.9815107561977594,0.986519127410686,0.8244704394562125,-0.7520834650648119,0.4821625039519444
mutual_info,0.8121735613994963,0.9815107561977594,1.0,0.970255333989361,0.7943925236185883,-0.6860369534145914,0.4305262227421412
adjusted_rand_score,0.7639456212456529,0.986519127410686,0.970255333989361,1.0,0.8125829908314891,-0.7335693961429023,0.4678722731583939
calinski_harabasz,0.7174328169459374,0.8244704394562125,0.7943925236185883,0.8125829908314891,1.0,-0.9033069870376225,0.48044261776794184
davies_bouldin,-0.5648182105595954,-0.7520834650648119,-0.6860369534145914,-0.7335693961429023,-0.9033069870376225,1.0,-0.5110970597533987
silhouette,0.4566677205184951,0.4821625039519444,0.4305262227421412,0.4678722731583939,0.48044261776794184,-0.5110970597533987,1.0
