,abilities,v_measure,mutual_info,adjusted_rand_score,calinski_harabasz,davies_bouldin,silhouette
abilities,1.0,0.7495795131204552,0.7980575280433206,0.7503635788808094,0.6843503003477711,-0.49963958267467595,0.4481947518178944
v_measure,0.7495795131204552,1.0,0.9731329316219302,0.9817641479607967,0.747353778058805,-0.7161176098640532,0.5684856149225419
mutual_info,0.7980575280433206,0.9731329316219302,1.0,0.9671765234244782,0.7087619902891628,-0.630203162852705,0.5002877033783438
adjusted_rand_score,0.7503635788808094,0.9817641479607967,0.9671765234244782,1.0,0.7324818210559595,-0.685893139424597,0.5430920012646222
calinski_harabasz,0.6843503003477711,0.747353778058805,0.7087619902891628,0.7324818210559595,1.0,-0.8861334176414796,0.494783433449257
davies_bouldin,-0.49963958267467595,-0.7161176098640532,-0.630203162852705,-0.685893139424597,-0.8861334176414796,1.0,-0.5356560227631995
silhouette,0.4481947518178944,0.5684856149225419,0.5002877033783438,0.5430920012646222,0.494783433449257,-0.5356560227631995,1.0
