,abilities,v_measure,mutual_info,adjusted_rand_score,calinski_harabasz,davies_bouldin,silhouette
abilities,1.0,0.7502371166613974,0.7988188132511045,0.7510970597533987,0.6859184318684793,-0.5021941195067974,0.4471577616187164
v_measure,0.7502371166613974,1.0,0.9731640386050145,0.9822952892823269,0.7473284856149225,-0.7159658552007587,0.5685361998103067
mutual_info,0.7988188132511045,0.9731640386050145,1.0,0.967447801708165,0.7088513148347607,-0.6302151178776584,0.5003351335178254
adjusted_rand_score,0.7510970597533987,0.9822952892823269,0.967447801708165,1.0,0.732835915270313,-0.6860701865317737,0.5432690483717989
calinski_harabasz,0.6859184318684793,0.7473284856149225,0.7088513148347607,0.732835915270313,1.0,-0.8860828327537148,0.494783433449257
davies_bouldin,-0.5021941195067974,-0.7159658552007587,-0.6302151178776584,-0.6860701865317737,-0.8860828327537148,1.0,-0.5355801454315523
silhouette,0.4471577616187164,0.5685361998103067,0.5003351335178254,0.5432690483717989,0.494783433449257,-0.5355801454315523,1.0
