,abilities,v_measure,mutual_info,adjusted_rand_score,calinski_harabasz,davies_bouldin,silhouette
abilities,1.0,0.7302560859943092,0.7816250395194436,0.7314954157445464,0.6809864053114132,-0.49402466013278534,0.44048055643376544
v_measure,0.7302560859943092,1.0,0.9695478975656022,0.9810812519759722,0.7529434081568132,-0.718899778691116,0.5643123616819475
mutual_info,0.7816250395194436,0.9695478975656022,1.0,0.9645652861207714,0.7120708188428707,-0.6276699336073348,0.4895478975656023
adjusted_rand_score,0.7314954157445464,0.9810812519759722,0.9645652861207714,1.0,0.7369079987353778,-0.6904204868795447,0.5432437559279165
calinski_harabasz,0.6809864053114132,0.7529434081568132,0.7120708188428707,0.7369079987353778,1.0,-0.8838318052481821,0.4948846032247866
davies_bouldin,-0.49402466013278534,-0.718899778691116,-0.6276699336073348,-0.6904204868795447,-0.8838318052481821,1.0,-0.5335061650331964
silhouette,0.44048055643376544,0.5643123616819475,0.4895478975656023,0.5432437559279165,0.4948846032247866,-0.5335061650331964,1.0
