,abilities,v_measure,mutual_info,adjusted_rand_score,calinski_harabasz,davies_bouldin,silhouette
abilities,1.0,0.7837167429070382,0.7828857075124194,0.8311109432910568,0.7619335424117267,-0.5674712600709231,0.6391669500248558
v_measure,0.7837167429070382,1.0,0.9455552757491815,0.9777386048854193,0.8967010828506673,-0.7984386804331403,0.6986653235960715
mutual_info,0.7828857075124194,0.9455552757491815,1.0,0.9382523293880635,0.8300176278015613,-0.7149836313271216,0.6167212289095946
adjusted_rand_score,0.8311109432910568,0.9777386048854193,0.9382523293880635,1.0,0.8614454797280282,-0.7268698060941828,0.659430873835306
calinski_harabasz,0.7619335424117267,0.8967010828506673,0.8300176278015613,0.8614454797280282,1.0,-0.909896751447998,0.6821959204230672
davies_bouldin,-0.5674712600709231,-0.7984386804331403,-0.7149836313271216,-0.7268698060941828,-0.909896751447998,1.0,-0.6939813648954923
silhouette,0.6391669500248558,0.6986653235960715,0.6167212289095946,0.659430873835306,0.6821959204230672,-0.6939813648954923,1.0
