,abilities,v_measure,mutual_info,adjusted_rand_score,calinski_harabasz,davies_bouldin,silhouette
abilities,1.0,0.8005540166204986,0.8081591538655251,0.8510702593805087,0.7537647947620246,-0.5613699320070511,0.5951145807101486
v_measure,0.8005540166204986,1.0,0.9438932258876858,0.9773860488541929,0.9123646436665828,-0.8176781667086376,0.6709141274238227
mutual_info,0.8081591538655251,0.9438932258876858,1.0,0.9390078065978343,0.8439687736086628,-0.7251070259380509,0.5784437169478721
adjusted_rand_score,0.8510702593805087,0.9773860488541929,0.9390078065978343,1.0,0.8771594056912616,-0.7443968773608662,0.6310249307479224
calinski_harabasz,0.7537647947620246,0.9123646436665828,0.8439687736086628,0.8771594056912616,1.0,-0.9151347267690758,0.6681944094686477
davies_bouldin,-0.5613699320070511,-0.8176781667086376,-0.7251070259380509,-0.7443968773608662,-0.9151347267690758,1.0,-0.6579702845630824
silhouette,0.5951145807101486,0.6709141274238227,0.5784437169478721,0.6310249307479224,0.6681944094686477,-0.6579702845630824,1.0
