,abilities,v_measure,mutual_info,adjusted_rand_score,calinski_harabasz,davies_bouldin,silhouette
abilities,1.0,0.781062704608411,0.7813648954923194,0.8287081339712918,0.7616721228909594,-0.5680684966003525,0.6398891966759003
v_measure,0.781062704608411,1.0,0.9461596575169983,0.9776378745907832,0.8959959707882146,-0.7983883152858222,0.6980609418282548
mutual_info,0.7813648954923194,0.9461596575169983,1.0,0.9385041551246538,0.8305716444220599,-0.7154369176529841,0.617124150088139
adjusted_rand_score,0.8287081339712918,0.9776378745907832,0.9385041551246538,1.0,0.8611936539914379,-0.727121631830773,0.6591286829513976
calinski_harabasz,0.7616721228909594,0.8959959707882146,0.8305716444220599,0.8611936539914379,1.0,-0.9100478468899521,0.6820951901284311
davies_bouldin,-0.5680684966003525,-0.7983883152858222,-0.7154369176529841,-0.727121631830773,-0.9100478468899521,1.0,-0.6942835557794007
silhouette,0.6398891966759003,0.6980609418282548,0.617124150088139,0.6591286829513976,0.6820951901284311,-0.6942835557794007,1.0
