,abilities,v_measure,mutual_info,adjusted_rand_score,calinski_harabasz,davies_bouldin,silhouette
abilities,1.0,0.80181314530345,0.781969277260136,0.8509695290858725,0.7634852681944094,-0.5978342986653236,0.6408461344749433
v_measure,0.80181314530345,1.0,0.9477209770838579,0.9799043062200957,0.8862251322085117,-0.7977839335180056,0.6906572651725006
mutual_info,0.781969277260136,0.9477209770838579,1.0,0.9476706119365399,0.8264417023419793,-0.713523042054898,0.6163686728783682
adjusted_rand_score,0.8509695290858725,0.9799043062200957,0.9476706119365399,1.0,0.8476957945101989,-0.724301183580962,0.6483001762780156
calinski_harabasz,0.7634852681944094,0.8862251322085117,0.8264417023419793,0.8476957945101989,1.0,-0.9055149836313271,0.6741374968521783
davies_bouldin,-0.5978342986653236,-0.7977839335180056,-0.713523042054898,-0.724301183580962,-0.9055149836313271,1.0,-0.695542684462352
silhouette,0.6408461344749433,0.6906572651725006,0.6163686728783682,0.6483001762780156,0.6741374968521783,-0.695542684462352,1.0
