,abilities,v_measure,mutual_info,adjusted_rand_score,calinski_harabasz,davies_bouldin,silhouette
abilities,1.0,0.7907723855092276,0.8075187969924812,0.8170198222829802,0.6804511278195489,-0.6237183868762816,0.44647983595352014
v_measure,0.7907723855092276,1.0,0.9931647300068353,0.9591250854408749,0.8896103896103896,-0.8428571428571429,0.5238550922761449
mutual_info,0.8075187969924812,0.9931647300068353,1.0,0.9604921394395078,0.8774436090225564,-0.8347231715652769,0.504647983595352
adjusted_rand_score,0.8170198222829802,0.9591250854408749,0.9604921394395078,1.0,0.8469583048530417,-0.7690362269309637,0.5125085440874915
calinski_harabasz,0.6804511278195489,0.8896103896103896,0.8774436090225564,0.8469583048530417,1.0,-0.9319890635680109,0.518591934381408
davies_bouldin,-0.6237183868762816,-0.8428571428571429,-0.8347231715652769,-0.7690362269309637,-0.9319890635680109,1.0,-0.4833902939166097
silhouette,0.44647983595352014,0.5238550922761449,0.504647983595352,0.5125085440874915,0.518591934381408,-0.4833902939166097,1.0
