,abilities,v_measure,mutual_info,adjusted_rand_score,calinski_harabasz,davies_bouldin,silhouette
abilities,1.0,0.6505168382176184,0.7058502152582006,0.7767870801372407,0.6741624598439652,-0.44343189317948384,0.3672938656876243
v_measure,0.6505168382176184,1.0,0.9294127931117376,0.9006097161214187,0.8146812648877816,-0.711663279354881,0.5895452260757447
mutual_info,0.7058502152582006,0.9294127931117376,1.0,0.8593063659607946,0.7433073275202693,-0.6118359229878275,0.4356082956358312
adjusted_rand_score,0.7767870801372407,0.9006097161214187,0.8593063659607946,1.0,0.7298017876264778,-0.5686094538779256,0.4481522760549837
calinski_harabasz,0.6741624598439652,0.8146812648877816,0.7433073275202693,0.7298017876264778,1.0,-0.9154264734806268,0.7330361240411722
davies_bouldin,-0.44343189317948384,-0.711663279354881,-0.6118359229878275,-0.5686094538779256,-0.9154264734806268,1.0,-0.7599160820822133
silhouette,0.3672938656876243,0.5895452260757447,0.4356082956358312,0.4481522760549837,0.7330361240411722,-0.7599160820822133,1.0
