,abilities,v_measure,mutual_info,adjusted_rand_score,calinski_harabasz,davies_bouldin,silhouette
abilities,1.0,0.7911825017088175,0.8084757347915242,0.8166780587833219,0.6767600820232399,-0.6192754613807245,0.44401913875598087
v_measure,0.7911825017088175,1.0,0.9942583732057416,0.9590567327409433,0.889747095010253,-0.842241968557758,0.5237183868762816
mutual_info,0.8084757347915242,0.9942583732057416,1.0,0.9606971975393028,0.8796992481203008,-0.8339712918660287,0.5062200956937799
adjusted_rand_score,0.8166780587833219,0.9590567327409433,0.9606971975393028,1.0,0.8478468899521531,-0.7678742310321258,0.5127136021872863
calinski_harabasz,0.6767600820232399,0.889747095010253,0.8796992481203008,0.8478468899521531,1.0,-0.9335611756664388,0.5192071086807929
davies_bouldin,-0.6192754613807245,-0.842241968557758,-0.8339712918660287,-0.7678742310321258,-0.9335611756664388,1.0,-0.48373205741626796
silhouette,0.44401913875598087,0.5237183868762816,0.5062200956937799,0.5127136021872863,0.5192071086807929,-0.48373205741626796,1.0
