,abilities,v_measure,mutual_info,adjusted_rand_score,calinski_harabasz,davies_bouldin,silhouette
abilities,1.0,0.6644235624019835,0.6827138277296535,0.5833834027977193,0.38120644075943283,-0.34188896899783705,0.6651766402307138
v_measure,0.6644235624019835,1.0,0.9922211175747748,0.9729859642376466,-0.1468912975982393,0.16419524626818893,0.10574635298302566
mutual_info,0.6827138277296535,0.9922211175747748,1.0,0.9555043104850323,-0.09101887363831714,0.11511068772998394,0.13264952838871735
adjusted_rand_score,0.5833834027977193,0.9729859642376466,0.9555043104850323,1.0,-0.26955706705854904,0.2783051744416903,-0.0022110601078269
calinski_harabasz,0.38120644075943283,-0.1468912975982393,-0.09101887363831714,-0.26955706705854904,1.0,-0.981350636866138,0.7948570055275174
davies_bouldin,-0.34188896899783705,0.16419524626818893,0.11511068772998394,0.2783051744416903,-0.981350636866138,1.0,-0.8162941600576784
silhouette,0.6651766402307138,0.10574635298302566,0.13264952838871735,-0.0022110601078269,0.7948570055275174,-0.8162941600576784,1.0
