,abilities,v_measure,mutual_info,adjusted_rand_score,calinski_harabasz,davies_bouldin,silhouette
abilities,1.0,0.7117894535236953,0.7384372579838198,0.5784464532735191,0.38908916125931264,-0.3530401345830329,0.6762316750781062
v_measure,0.7117894535236953,1.0,0.9925087830077078,0.9310867028990998,-0.11782237796897259,0.14195409308134477,0.18021872501251662
mutual_info,0.7384372579838198,0.9925087830077078,1.0,0.9032846056688268,-0.054356383907971074,0.08384761347506176,0.2194494435433513
adjusted_rand_score,0.5784464532735191,0.9310867028990998,0.9032846056688268,1.0,-0.31614112707162495,0.32022687981620274,0.0033647375543581796
calinski_harabasz,0.38908916125931264,-0.11782237796897259,-0.054356383907971074,-0.31614112707162495,1.0,-0.9818312905551551,0.7873588079788513
davies_bouldin,-0.3530401345830329,0.14195409308134477,0.08384761347506176,0.32022687981620274,-0.9818312905551551,1.0,-0.8121605383321318
silhouette,0.6762316750781062,0.18021872501251662,0.2194494435433513,0.0033647375543581796,0.7873588079788513,-0.8121605383321318,1.0
