,abilities,v_measure,mutual_info,adjusted_rand_score,calinski_harabasz,davies_bouldin,silhouette
abilities,1.0,0.7040019279296629,0.7191619445412769,0.6048356092355568,0.385436193222783,-0.34929103580869986,0.6771929824561403
v_measure,0.7040019279296629,1.0,0.9941473815617655,0.952431317525659,-0.15377959490932,0.16627809277628566,0.17324840889440116
mutual_info,0.7191619445412769,0.9941473815617655,1.0,0.9383673624404287,-0.11092942886183459,0.1248076545404655,0.19602993771066163
adjusted_rand_score,0.6048356092355568,0.952431317525659,0.9383673624404287,1.0,-0.30623918512594234,0.3064795235226822,0.039271294027294755
calinski_harabasz,0.385436193222783,-0.15377959490932,-0.11092942886183459,-0.30623918512594234,1.0,-0.9817351598173516,0.7898582071617399
davies_bouldin,-0.34929103580869986,0.16627809277628566,0.1248076545404655,0.3064795235226822,-0.9817351598173516,1.0,-0.8143715453016102
silhouette,0.6771929824561403,0.17324840889440116,0.19602993771066163,0.039271294027294755,0.7898582071617399,-0.8143715453016102,1.0
