,abilities,v_measure,mutual_info,adjusted_rand_score,calinski_harabasz,davies_bouldin,silhouette
abilities,1.0,0.7152505760099319,0.733655350758488,0.5924341479637795,0.3907233838019707,-0.3566931026195626,0.6761355443403028
v_measure,0.7152505760099319,1.0,0.9940544253847267,0.9494507632309593,-0.10513159551943821,0.12839803001025124,0.1938709303748945
mutual_info,0.733655350758488,0.9940544253847267,1.0,0.9315819695645731,-0.05946084513628643,0.08632655492255997,0.222051350419881
adjusted_rand_score,0.5924341479637795,0.9494507632309593,0.9315819695645731,1.0,-0.2800903675606445,0.2915785429248102,0.026917900434865437
calinski_harabasz,0.3907233838019707,-0.10513159551943821,-0.05946084513628643,-0.2800903675606445,1.0,-0.9824080749819755,0.7888968997837058
davies_bouldin,-0.3566931026195626,0.12839803001025124,0.08632655492255997,0.2915785429248102,-0.9824080749819755,1.0,-0.8137947608747897
silhouette,0.6761355443403028,0.1938709303748945,0.222051350419881,0.026917900434865437,0.7888968997837058,-0.8137947608747897,1.0
