,abilities,v_measure,mutual_info,adjusted_rand_score,calinski_harabasz,davies_bouldin,silhouette
abilities,1.0,0.6275284709144858,0.6473392807112603,0.5607176499211067,0.5147015599656002,-0.481172641273228,0.8185301705838168
v_measure,0.6275284709144858,1.0,0.9968900104860319,0.9840661525452595,0.0084481895426804,0.0168528317165841,0.3140962841441653
mutual_info,0.6473392807112603,0.9968900104860319,1.0,0.9726248319659434,0.045673648852768305,-0.0195744209369007,0.34066245986679605
adjusted_rand_score,0.5607176499211067,0.9840661525452595,0.9726248319659434,1.0,-0.06521111975589611,0.08847592157865905,0.23666519739122296
calinski_harabasz,0.5147015599656002,0.0084481895426804,0.045673648852768305,-0.06521111975589611,1.0,-0.9869803289752996,0.7470526120987143
davies_bouldin,-0.481172641273228,0.0168528317165841,-0.0195744209369007,0.08847592157865905,-0.9869803289752996,1.0,-0.7635340351182766
silhouette,0.8185301705838168,0.3140962841441653,0.34066245986679605,0.23666519739122296,0.7470526120987143,-0.7635340351182766,1.0
