,abilities,v_measure,mutual_info,adjusted_rand_score,calinski_harabasz,davies_bouldin,silhouette
abilities,1.0,0.5778166065548273,0.6050062842079498,0.4498677294276827,0.526809673371219,-0.4942712047144593,0.8037731125031297
v_measure,0.5778166065548273,1.0,0.9956702503671757,0.9387288523090992,0.019105680007336957,0.0054432136773039765,0.3144109084284323
mutual_info,0.6050062842079498,0.9956702503671757,1.0,0.9094425880484377,0.06757655814037063,-0.04039997648978637,0.3495594622567334
adjusted_rand_score,0.4498677294276827,0.9387288523090992,0.9094425880484377,1.0,-0.1352203141715854,0.14886100764690915,0.163720980985949
calinski_harabasz,0.526809673371219,0.019105680007336957,0.06757655814037063,-0.1352203141715854,1.0,-0.9880036141561708,0.7568935674551769
davies_bouldin,-0.4942712047144593,0.0054432136773039765,-0.04039997648978637,0.14886100764690915,-0.9880036141561708,1.0,-0.7726347416204918
silhouette,0.8037731125031297,0.3144109084284323,0.3495594622567334,0.163720980985949,0.7568935674551769,-0.7726347416204918,1.0
