,abilities,v_measure,mutual_info,adjusted_rand_score,calinski_harabasz,davies_bouldin,silhouette
abilities,1.0,0.9442642120064002,0.9485313463060453,-0.19383311421401653,-0.3502265089907359,0.6572555899343794,-0.80780359525953
v_measure,0.9442642120064002,1.0,0.9987140519055413,-0.18494271685761046,-0.4251227495908347,0.6931844750993688,-0.8621697451484686
mutual_info,0.9485313463060453,0.9987140519055413,1.0,-0.21007715688566753,-0.42231704465747016,0.6934182838438158,-0.8604746317512275
adjusted_rand_score,-0.19383311421401653,-0.18494271685761046,-0.21007715688566753,1.0,0.4110357727379004,-0.4604278700023381,0.18956043956043955
calinski_harabasz,-0.3502265089907359,-0.4251227495908347,-0.42231704465747016,0.4110357727379004,1.0,-0.8420037409399111,0.5042085574000468
davies_bouldin,0.6572555899343794,0.6931844750993688,0.6934182838438158,-0.4604278700023381,-0.8420037409399111,1.0,-0.7642623334112696
silhouette,-0.80780359525953,-0.8621697451484686,-0.8604746317512275,0.18956043956043955,0.5042085574000468,-0.7642623334112696,1.0
