,abilities,v_measure,mutual_info,adjusted_rand_score,calinski_harabasz,davies_bouldin,silhouette
abilities,1.0,0.16,-0.08767123287671233,0.5747945205479452,0.2378082191780822,0.2619178082191781,0.513972602739726
v_measure,0.16,1.0,0.7271232876712329,0.6953424657534246,0.15232876712328766,0.3101369863013699,0.12767123287671234
mutual_info,-0.08767123287671233,0.7271232876712329,1.0,0.44164383561643833,0.08383561643835616,0.6772602739726027,-0.24876712328767123
adjusted_rand_score,0.5747945205479452,0.6953424657534246,0.44164383561643833,1.0,-0.043835616438356165,0.4608219178082192,0.13643835616438357
calinski_harabasz,0.2378082191780822,0.15232876712328766,0.08383561643835616,-0.043835616438356165,1.0,-0.1178082191780822,0.7983561643835616
davies_bouldin,0.2619178082191781,0.3101369863013699,0.6772602739726027,0.4608219178082192,-0.1178082191780822,1.0,-0.3402739726027397
silhouette,0.513972602739726,0.12767123287671234,-0.24876712328767123,0.13643835616438357,0.7983561643835616,-0.3402739726027397,1.0
