,abilities,v_measure,mutual_info,adjusted_rand_score,calinski_harabasz,davies_bouldin,silhouette
abilities,1.0,0.3704109589041096,0.06192629185396739,0.6816438356164384,0.176986301369863,0.39123287671232876,0.41698630136986303
v_measure,0.3704109589041096,1.0,0.7970955000141201,0.7063013698630137,0.05589041095890411,0.3747945205479452,0.16219178082191782
mutual_info,0.06192629185396739,0.7970955000141201,1.0,0.5036306390601418,0.0027401014094675835,0.6285792633318636,-0.18550486542095543
adjusted_rand_score,0.6816438356164384,0.7063013698630137,0.5036306390601418,1.0,-0.09534246575342466,0.5654794520547946,0.10904109589041096
calinski_harabasz,0.176986301369863,0.05589041095890411,0.0027401014094675835,-0.09534246575342466,1.0,-0.1780821917808219,0.8027397260273973
davies_bouldin,0.39123287671232876,0.3747945205479452,0.6285792633318636,0.5654794520547946,-0.1780821917808219,1.0,-0.38246575342465755
silhouette,0.41698630136986303,0.16219178082191782,-0.18550486542095543,0.10904109589041096,0.8027397260273973,-0.38246575342465755,1.0
