,abilities,v_measure,mutual_info,adjusted_rand_score,calinski_harabasz,davies_bouldin,silhouette
abilities,1.0,0.649832327297116,0.67018779342723,0.6765258215962441,0.5339704896042924,-0.4379946344735077,0.2449027498323273
v_measure,0.649832327297116,1.0,0.9970489604292421,0.9543259557344065,0.8341716968477532,-0.7464788732394366,0.41331321260898723
mutual_info,0.67018779342723,0.9970489604292421,1.0,0.9583836351441986,0.8278001341381623,-0.7385647216633132,0.39872568745808185
adjusted_rand_score,0.6765258215962441,0.9543259557344065,0.9583836351441986,1.0,0.8006706908115359,-0.6943997317236754,0.41130114017437963
calinski_harabasz,0.5339704896042924,0.8341716968477532,0.8278001341381623,0.8006706908115359,1.0,-0.9133467471495641,0.4021462105969148
davies_bouldin,-0.4379946344735077,-0.7464788732394366,-0.7385647216633132,-0.6943997317236754,-0.9133467471495641,1.0,-0.3824614352783367
silhouette,0.2449027498323273,0.41331321260898723,0.39872568745808185,0.41130114017437963,0.4021462105969148,-0.3824614352783367,1.0
