,abilities,v_measure,mutual_info,adjusted_rand_score,calinski_harabasz,davies_bouldin,silhouette
abilities,1.0,0.7137491616364856,0.7446009389671362,0.7704896042924212,0.604057679409792,-0.5028169014084507,0.2755868544600939
v_measure,0.7137491616364856,1.0,0.9930248155600269,0.9358819584171697,0.831924882629108,-0.7406438631790745,0.39855801475519786
mutual_info,0.7446009389671362,0.9930248155600269,1.0,0.9484574111334675,0.8225352112676056,-0.7155935613682093,0.3686452045606975
adjusted_rand_score,0.7704896042924212,0.9358819584171697,0.9484574111334675,1.0,0.7699530516431925,-0.6531187122736418,0.3563044936284373
calinski_harabasz,0.604057679409792,0.831924882629108,0.8225352112676056,0.7699530516431925,1.0,-0.9052313883299798,0.39852448021462106
davies_bouldin,-0.5028169014084507,-0.7406438631790745,-0.7155935613682093,-0.6531187122736418,-0.9052313883299798,1.0,-0.3861837692823608
silhouette,0.2755868544600939,0.39855801475519786,0.3686452045606975,0.3563044936284373,0.39852448021462106,-0.3861837692823608,1.0
