,abilities,v_measure,mutual_info,adjusted_rand_score,calinski_harabasz,davies_bouldin,silhouette
abilities,1.0,0.6842723004694836,0.7042924211938296,0.709758551307847,0.5824949698189135,-0.4817236753856472,0.2885647216633132
v_measure,0.6842723004694836,1.0,0.9958081824279007,0.9544265593561368,0.8344399731723675,-0.7466465459423206,0.4130784708249497
mutual_info,0.7042924211938296,0.9958081824279007,1.0,0.9574111334674715,0.827364185110664,-0.7389336016096579,0.3976861167002012
adjusted_rand_score,0.709758551307847,0.9544265593561368,0.9574111334674715,1.0,0.8007712944332662,-0.6948356807511737,0.40992622401073103
calinski_harabasz,0.5824949698189135,0.8344399731723675,0.827364185110664,0.8007712944332662,1.0,-0.9141515761234071,0.40191146881287726
davies_bouldin,-0.4817236753856472,-0.7466465459423206,-0.7389336016096579,-0.6948356807511737,-0.9141515761234071,1.0,-0.38333333333333336
silhouette,0.2885647216633132,0.4130784708249497,0.3976861167002012,0.40992622401073103,0.40191146881287726,-0.38333333333333336,1.0
