,abilities,v_measure,mutual_info,adjusted_rand_score,calinski_harabasz,davies_bouldin,silhouette
abilities,1.0,0.709758551307847,0.7407506770102459,0.7657947686116701,0.6017437961099933,-0.5088195841716968,0.28454057679409794
v_measure,0.709758551307847,1.0,0.9941900921718617,0.9357142857142857,0.8334004024144869,-0.739570757880617,0.4012407780013414
mutual_info,0.7407506770102459,0.9941900921718617,1.0,0.9489348502584511,0.8228774554066465,-0.7158343044710358,0.3723874278084239
adjusted_rand_score,0.7657947686116701,0.9357142857142857,0.9489348502584511,1.0,0.7714285714285715,-0.6527833668678739,0.3637826961770624
calinski_harabasz,0.6017437961099933,0.8334004024144869,0.8228774554066465,0.7714285714285715,1.0,-0.9063044936284372,0.4004694835680751
davies_bouldin,-0.5088195841716968,-0.739570757880617,-0.7158343044710358,-0.6527833668678739,-0.9063044936284372,1.0,-0.3892018779342723
silhouette,0.28454057679409794,0.4012407780013414,0.3723874278084239,0.3637826961770624,0.4004694835680751,-0.3892018779342723,1.0
