,abilities,v_measure,mutual_info,adjusted_rand_score,calinski_harabasz,davies_bouldin,silhouette
abilities,1.0,0.6769358655757254,0.7237034817096129,0.6915253662246772,0.7092965392445149,-0.6703234562316218,0.577335444469577
v_measure,0.6769358655757254,1.0,0.9640434633899375,0.9901605415095086,0.8477178458466531,-0.807636302978525,0.4368989959839788
mutual_info,0.7237034817096129,0.9640434633899375,1.0,0.9636702414953825,0.8315134105166341,-0.78710578550108,0.4020832508730363
adjusted_rand_score,0.6915253662246772,0.9901605415095086,0.9636702414953825,1.0,0.8536441236296382,-0.7952974307242565,0.44564138668292436
calinski_harabasz,0.7092965392445149,0.8477178458466531,0.8315134105166341,0.8536441236296382,1.0,-0.9024881248586293,0.41905677448541057
davies_bouldin,-0.6703234562316218,-0.807636302978525,-0.78710578550108,-0.7952974307242565,-0.9024881248586293,1.0,-0.42489255824474104
silhouette,0.577335444469577,0.4368989959839788,0.4020832508730363,0.44564138668292436,0.41905677448541057,-0.42489255824474104,1.0
