,abilities,v_measure,mutual_info,adjusted_rand_score,calinski_harabasz,davies_bouldin,silhouette
abilities,1.0,0.6738596297799774,0.7199918570257715,0.690168203373612,0.7060619769282968,-0.6695543994571364,0.580852748247003
v_measure,0.6738596297799774,1.0,0.9645440202670226,0.9902510192887316,0.8476839167753765,-0.8053404358221395,0.4368763766031277
mutual_info,0.7199918570257715,0.9645440202670226,1.0,0.9660934522362149,0.8315449885381251,-0.7867812338338218,0.4020651494733032
adjusted_rand_score,0.690168203373612,0.9902510192887316,0.9660934522362149,1.0,0.8536554333200637,-0.7939515775636168,0.4453247153510091
calinski_harabasz,0.7060619769282968,0.8476839167753765,0.8315449885381251,0.8536554333200637,1.0,-0.8985523637186157,0.4186270074643746
davies_bouldin,-0.6695543994571364,-0.8053404358221395,-0.7867812338338218,-0.7939515775636168,-0.8985523637186157,1.0,-0.4232074191359421
silhouette,0.580852748247003,0.4368763766031277,0.4020651494733032,0.4453247153510091,0.4186270074643746,-0.4232074191359421,1.0
