,abilities,v_measure,mutual_info,adjusted_rand_score,calinski_harabasz,davies_bouldin,silhouette
abilities,1.0,0.676398655280512,0.7223067309928368,0.6905583876932931,0.7091382040262384,-0.6700746437457589,0.5737389730830129
v_measure,0.676398655280512,1.0,0.9653440851436897,0.9905111429039974,0.8471410516349503,-0.8071726056710777,0.4368424475318511
mutual_info,0.7223067309928368,0.9653440851436897,1.0,0.9654345631787333,0.8313098355133792,-0.7870266174442587,0.40250736546315047
adjusted_rand_score,0.6905583876932931,0.9905111429039974,0.9654345631787333,1.0,0.8534179298211273,-0.7951390950582988,0.4453473347318602
calinski_harabasz,0.7091382040262384,0.8471410516349503,0.8313098355133792,0.8534179298211273,1.0,-0.9026351504184573,0.419181180728342
davies_bouldin,-0.6700746437457589,-0.8071726056710777,-0.7870266174442587,-0.7951390950582988,-0.9026351504184573,1.0,-0.4249377968785343
silhouette,0.5737389730830129,0.4368424475318511,0.40250736546315047,0.4453473347318602,0.419181180728342,-0.4249377968785343,1.0
