,abilities,v_measure,mutual_info,adjusted_rand_score,calinski_harabasz,davies_bouldin,silhouette
abilities,1.0,0.6751206602624256,0.7213962983393918,0.6906149361454209,0.7091155847093418,-0.6692716579959285,0.5757747116037095
v_measure,0.6751206602624256,1.0,0.9643544816353999,0.9901039928974943,0.8480118977977172,-0.8068220052678858,0.4370007831978087
mutual_info,0.7213962983393918,0.9643544816353999,1.0,0.9649482437403738,0.831253286901364,-0.7864724410465096,0.40197015364900585
adjusted_rand_score,0.6906149361454209,0.9901039928974943,0.9649482437403738,1.0,0.8547072345296393,-0.7956706505082994,0.4455622188499455
calinski_harabasz,0.7091155847093418,0.8480118977977172,0.831253286901364,0.8547072345296393,1.0,-0.9024315765663877,0.4192377290205836
davies_bouldin,-0.6692716579959285,-0.8068220052678858,-0.7864724410465096,-0.7956706505082994,-0.9024315765663877,1.0,-0.4249830355123275
silhouette,0.5757747116037095,0.4370007831978087,0.40197015364900585,0.4455622188499455,0.4192377290205836,-0.4249830355123275,1.0
