,abilities,v_measure,mutual_info,adjusted_rand_score,calinski_harabasz,davies_bouldin,silhouette
abilities,1.0,0.7708546420966146,0.7894330890860007,0.8271936149164137,0.7344019852780899,-0.5906369992789953,0.5544861583862909
v_measure,0.7708546420966146,1.0,0.9602609031003203,0.9787052096782307,0.8771609181911165,-0.8010362346786499,0.6211874779925888
mutual_info,0.7894330890860007,0.9602609031003203,1.0,0.9604621137175339,0.8288368349569912,-0.7309814047854591,0.5593487483022854
adjusted_rand_score,0.8271936149164137,0.9787052096782307,0.9604621137175339,1.0,0.8395345327721793,-0.7296064655678332,0.5755797380908466
calinski_harabasz,0.7344019852780899,0.8771609181911165,0.8288368349569912,0.8395345327721793,1.0,-0.8911785911903285,0.5695098844715706
davies_bouldin,-0.5906369992789953,-0.8010362346786499,-0.7309814047854591,-0.7296064655678332,-0.8911785911903285,1.0,-0.6224282767987391
silhouette,0.5544861583862909,0.6211874779925888,0.5593487483022854,0.5755797380908466,0.5695098844715706,-0.6224282767987391,1.0
