,abilities,v_measure,mutual_info,adjusted_rand_score,calinski_harabasz,davies_bouldin,silhouette
abilities,1.0,0.7809487080601619,0.8032160163651302,0.827059474504938,0.7641140864199601,-0.5830245309277486,0.49164137560991966
v_measure,0.7809487080601619,1.0,0.9619711933466356,0.9842720367544727,0.8950686631231242,-0.8060329650061202,0.5931521319941649
mutual_info,0.8032160163651302,0.9619711933466356,1.0,0.9588524287798252,0.8475158872549842,-0.7406730495145794,0.5246399168329449
adjusted_rand_score,0.827059474504938,0.9842720367544727,0.9588524287798252,1.0,0.8714934858062677,-0.7582454434178977,0.553480105300223
calinski_harabasz,0.7641140864199601,0.8950686631231242,0.8475158872549842,0.8714934858062677,1.0,-0.8814534113583393,0.5661228390818089
davies_bouldin,-0.5830245309277486,-0.8060329650061202,-0.7406730495145794,-0.7582454434178977,-0.8814534113583393,1.0,-0.6254799711598116
silhouette,0.49164137560991966,0.5931521319941649,0.5246399168329449,0.553480105300223,0.5661228390818089,-0.6254799711598116,1.0
