,abilities,v_measure,mutual_info,adjusted_rand_score,calinski_harabasz,davies_bouldin,silhouette
abilities,1.0,0.7548919331310049,0.7766897499958081,0.809822431630309,0.7279632455272557,-0.5666594007277117,0.5696104897801774
v_measure,0.7548919331310049,1.0,0.9630443166384413,0.9774308757692114,0.8823923942386693,-0.8014721910159459,0.6254129009540736
mutual_info,0.7766897499958081,0.9630443166384413,1.0,0.9570079981220342,0.833598819564379,-0.7323563440030852,0.5598517748453193
adjusted_rand_score,0.809822431630309,0.9774308757692114,0.9570079981220342,1.0,0.8490920370898237,-0.7304113080366874,0.5821526182531565
calinski_harabasz,0.7279632455272557,0.8823923942386693,0.833598819564379,0.8490920370898237,1.0,-0.8932913026710709,0.5742718690789584
davies_bouldin,-0.5666594007277117,-0.8014721910159459,-0.7323563440030852,-0.7304113080366874,-0.8932913026710709,1.0,-0.6215898992270159
silhouette,0.5696104897801774,0.6254129009540736,0.5598517748453193,0.5821526182531565,0.5742718690789584,-0.6215898992270159,1.0
