,abilities,v_measure,mutual_info,adjusted_rand_score,calinski_harabasz,davies_bouldin,silhouette
abilities,1.0,0.5227048911259438,0.3029871977240398,0.538242696137433,0.5141700404858299,-0.49841339315023525,0.7310427836743626
v_measure,0.5227048911259438,1.0,0.9236240288871868,0.9855564066090382,0.9654229127913339,-0.9126819126819127,0.7006237006237006
mutual_info,0.3029871977240398,0.9236240288871868,1.0,0.9019586388007441,0.8835758835758836,-0.8557829084144873,0.6165882481671955
adjusted_rand_score,0.538242696137433,0.9855564066090382,0.9019586388007441,1.0,0.9778969252653463,-0.9216544479702374,0.7050005471058103
calinski_harabasz,0.5141700404858299,0.9654229127913339,0.8835758835758836,0.9778969252653463,1.0,-0.9420067841120473,0.7102527628843418
davies_bouldin,-0.49841339315023525,-0.9126819126819127,-0.8557829084144873,-0.9216544479702374,-0.9420067841120473,1.0,-0.6997483313272786
silhouette,0.7310427836743626,0.7006237006237006,0.6165882481671955,0.7050005471058103,0.7102527628843418,-0.6997483313272786,1.0
