,abilities,v_measure,mutual_info,adjusted_rand_score,calinski_harabasz,davies_bouldin,silhouette
abilities,1.0,0.5839807418754788,0.3907429696903381,0.5944851734325418,0.5793850530692636,-0.5719444140496772,0.781157675894518
v_measure,0.5839807418754788,1.0,0.9227486595907649,0.9848998796367218,0.9660794397636503,-0.9144326512747566,0.6988729620308568
mutual_info,0.3907429696903381,0.9227486595907649,1.0,0.9017397964766386,0.8824816719553562,-0.8581901739796477,0.6141809826020352
adjusted_rand_score,0.5944851734325418,0.9848998796367218,0.9017397964766386,1.0,0.9781157675894518,-0.9223109749425539,0.7045628624575992
calinski_harabasz,0.5793850530692636,0.9660794397636503,0.8824816719553562,0.9781157675894518,1.0,-0.9422256264361527,0.7091585512638144
davies_bouldin,-0.5719444140496772,-0.9144326512747566,-0.8581901739796477,-0.9223109749425539,-0.9422256264361527,1.0,-0.7001860159754897
silhouette,0.781157675894518,0.6988729620308568,0.6141809826020352,0.7045628624575992,0.7091585512638144,-0.7001860159754897,1.0
