,abilities,v_measure,mutual_info,adjusted_rand_score,calinski_harabasz,davies_bouldin,silhouette
abilities,1.0,0.6601739901548525,0.4942824322110838,0.6411336662219924,0.6452565926250137,-0.6673596673596673,0.8159536054272897
v_measure,0.6601739901548525,1.0,0.9266797986430291,0.9884000875465091,0.9537670310276304,-0.8990534565079178,0.6864365059243145
mutual_info,0.4942824322110838,0.9266797986430291,1.0,0.9104836944626833,0.8734475036326923,-0.8522186367190437,0.6085243758082437
adjusted_rand_score,0.6411336662219924,0.9884000875465091,0.9104836944626833,1.0,0.9522350509410784,-0.8944575162482619,0.6873119231166299
calinski_harabasz,0.6452565926250137,0.9537670310276304,0.8734475036326923,0.9522350509410784,1.0,-0.9376299376299376,0.7130977130977131
davies_bouldin,-0.6673596673596673,-0.8990534565079178,-0.8522186367190437,-0.8944575162482619,-0.9376299376299376,1.0,-0.7137542400700295
silhouette,0.8159536054272897,0.6864365059243145,0.6085243758082437,0.6873119231166299,0.7130977130977131,-0.7137542400700295,1.0
