,abilities,v_measure,mutual_info,adjusted_rand_score,calinski_harabasz,davies_bouldin,silhouette
abilities,1.0,0.5791662107451581,0.38220811905022434,0.5907648539227487,0.5782908414487362,-0.5634095634095634,0.7699967173651384
v_measure,0.5791662107451581,1.0,0.9244993981836087,0.987307145201882,0.9658605974395448,-0.9098369624685414,0.6964656964656964
mutual_info,0.38220811905022434,0.9244993981836087,1.0,0.9072108545792756,0.8835758835758836,-0.8649742860269176,0.6119925593609804
adjusted_rand_score,0.5907648539227487,0.987307145201882,0.9072108545792756,1.0,0.9785534522376628,-0.9166210745158113,0.7041251778093883
calinski_harabasz,0.5782908414487362,0.9658605974395448,0.8835758835758836,0.9785534522376628,1.0,-0.9363168836853047,0.7082831819673925
davies_bouldin,-0.5634095634095634,-0.9098369624685414,-0.8649742860269176,-0.9166210745158113,-0.9363168836853047,1.0,-0.6984352773826458
silhouette,0.7699967173651384,0.6964656964656964,0.6119925593609804,0.7041251778093883,0.7082831819673925,-0.6984352773826458,1.0
