,abilities,v_measure,mutual_info,adjusted_rand_score,calinski_harabasz,davies_bouldin,silhouette
abilities,1.0,-0.010198486676170633,-0.13060642614321746,-0.08103958767408707,0.23412654896370216,-0.5091567057791424,0.7098366048908872
v_measure,-0.010198486676170633,1.0,0.9813576050005484,0.9502138392367584,0.8977958109441825,-0.6872464085974339,0.3049676499616186
mutual_info,-0.13060642614321746,0.9813576050005484,1.0,0.9480206162956465,0.8664327228862814,-0.6528128084219761,0.24048689549292684
adjusted_rand_score,-0.08103958767408707,0.9502138392367584,0.9480206162956465,1.0,0.8563438973571663,-0.5984208794823994,0.22908213619914464
calinski_harabasz,0.23412654896370216,0.8977958109441825,0.8664327228862814,0.8563438973571663,1.0,-0.8699418795920605,0.6144314069525167
davies_bouldin,-0.5091567057791424,-0.6872464085974339,-0.6528128084219761,-0.5984208794823994,-0.8699418795920605,1.0,-0.7175128851847791
silhouette,0.7098366048908872,0.3049676499616186,0.24048689549292684,0.22908213619914464,0.6144314069525167,-0.7175128851847791,1.0
