,abilities,v_measure,mutual_info,adjusted_rand_score,calinski_harabasz,davies_bouldin,silhouette
abilities,1.0,0.9303022214313255,0.918951117233536,0.9290565590058427,0.8930806418127354,-0.7657561467508972,0.6793605599549188
v_measure,0.9303022214313255,1.0,0.9511843266919434,0.9968265266779369,0.9189726250852686,-0.8375300293620429,0.6570572708129431
mutual_info,0.918951117233536,0.9511843266919434,1.0,0.9491929711975097,0.9093212787231404,-0.7871352721915471,0.5932456069984435
adjusted_rand_score,0.9290565590058427,0.9968265266779369,0.9491929711975097,1.0,0.9172820832221135,-0.8400510128421864,0.65388379749088
calinski_harabasz,0.8930806418127354,0.9189726250852686,0.9093212787231404,0.9172820832221135,1.0,-0.8657057270812943,0.6006168994869057
davies_bouldin,-0.7657561467508972,-0.8375300293620429,-0.7871352721915471,-0.8400510128421864,-0.8657057270812943,1.0,-0.6910757184802918
silhouette,0.6793605599549188,0.6570572708129431,0.5932456069984435,0.65388379749088,0.6006168994869057,-0.6910757184802918,1.0
