,abilities,v_measure,mutual_info,adjusted_rand_score,calinski_harabasz,davies_bouldin,silhouette
abilities,1.0,0.8878554581460549,0.8805601492642537,0.8872027650453177,0.8586919436903862,-0.7807841217569311,0.7096405737765713
v_measure,0.8878554581460549,1.0,0.9507959067142772,0.9970925489148977,0.9197187486093187,-0.8715677984958391,0.6816341061813004
mutual_info,0.8805601492642537,0.9507959067142772,1.0,0.9478030325893132,0.90956571541067,-0.8247080555192807,0.62095437628542
adjusted_rand_score,0.8872027650453177,0.9970925489148977,0.9478030325893132,1.0,0.9167222939195704,-0.8713007876819011,0.6805957307937638
calinski_harabasz,0.8586919436903862,0.9197187486093187,0.90956571541067,0.9167222939195704,1.0,-0.8736148814026968,0.6224467090917182
davies_bouldin,-0.7807841217569311,-0.8715677984958391,-0.8247080555192807,-0.8713007876819011,-0.8736148814026968,1.0,-0.6778959547861688
silhouette,0.7096405737765713,0.6816341061813004,0.62095437628542,0.6805957307937638,0.6224467090917182,-0.6778959547861688,1.0
