,abilities,v_measure,mutual_info,adjusted_rand_score,calinski_harabasz,davies_bouldin,silhouette
abilities,1.0,0.8969931615563763,0.8816399130682016,0.8972601723703143,0.8597896548143533,-0.7812884755165918,0.7159894975746518
v_measure,0.8969931615563763,1.0,0.9568893356810033,0.9971815525195437,0.9217064957797457,-0.8682746651239375,0.6792903445922893
mutual_info,0.8816399130682016,0.9568893356810033,1.0,0.9537496029993143,0.9092725367169998,-0.8182798099467243,0.6174410800663632
adjusted_rand_score,0.8972601723703143,0.9971815525195437,0.9537496029993143,1.0,0.9189177161675048,-0.8676219720232002,0.6779849583908149
calinski_harabasz,0.8597896548143533,0.9217064957797457,0.9092725367169998,0.9189177161675048,1.0,-0.8694613798525507,0.6204292940530758
davies_bouldin,-0.7812884755165918,-0.8682746651239375,-0.8182798099467243,-0.8676219720232002,-0.8694613798525507,1.0,-0.6773916010265082
silhouette,0.7159894975746518,0.6792903445922893,0.6174410800663632,0.6779849583908149,0.6204292940530758,-0.6773916010265082,1.0
