,abilities,v_measure,mutual_info,adjusted_rand_score,calinski_harabasz,davies_bouldin,silhouette
abilities,1.0,0.8470383275261324,0.8458188153310104,0.8693379790940766,0.7822299651567944,-0.6479094076655052,0.5696864111498258
v_measure,0.8470383275261324,1.0,0.9860627177700348,0.9595818815331011,0.9101045296167247,-0.8700348432055749,0.6292682926829268
mutual_info,0.8458188153310104,0.9860627177700348,1.0,0.9496515679442509,0.8858885017421603,-0.8454703832752614,0.6010452961672473
adjusted_rand_score,0.8693379790940766,0.9595818815331011,0.9496515679442509,1.0,0.8613240418118467,-0.7696864111498258,0.6120209059233449
calinski_harabasz,0.7822299651567944,0.9101045296167247,0.8858885017421603,0.8613240418118467,1.0,-0.9360627177700348,0.6662020905923345
davies_bouldin,-0.6479094076655052,-0.8700348432055749,-0.8454703832752614,-0.7696864111498258,-0.9360627177700348,1.0,-0.6184668989547039
silhouette,0.5696864111498258,0.6292682926829268,0.6010452961672473,0.6120209059233449,0.6662020905923345,-0.6184668989547039,1.0
