,abilities,v_measure,mutual_info,adjusted_rand_score,calinski_harabasz,davies_bouldin,silhouette
abilities,1.0,0.8167247386759582,0.8104011506445785,0.8956445993031359,0.7247386759581882,-0.6128919860627178,0.5383275261324042
v_measure,0.8167247386759582,1.0,0.987935015528342,0.935191637630662,0.9059233449477352,-0.8426829268292683,0.5897212543554007
mutual_info,0.8104011506445785,0.987935015528342,1.0,0.940110632887917,0.8953351635305792,-0.7924561181784081,0.5526373105115776
adjusted_rand_score,0.8956445993031359,0.935191637630662,0.940110632887917,1.0,0.8137630662020906,-0.694425087108014,0.5240418118466899
calinski_harabasz,0.7247386759581882,0.9059233449477352,0.8953351635305792,0.8137630662020906,1.0,-0.8939024390243903,0.6529616724738676
davies_bouldin,-0.6128919860627178,-0.8426829268292683,-0.7924561181784081,-0.694425087108014,-0.8939024390243903,1.0,-0.6132404181184669
silhouette,0.5383275261324042,0.5897212543554007,0.5526373105115776,0.5240418118466899,0.6529616724738676,-0.6132404181184669,1.0
