,abilities,v_measure,mutual_info,adjusted_rand_score,calinski_harabasz,davies_bouldin,silhouette
abilities,1.0,0.9157765500306937,0.9087330077709975,0.9159168639831623,0.8850127159519424,-0.793387704989915,0.7110584933789353
v_measure,0.9157765500306937,1.0,0.9591214431435403,0.9975094273436815,0.9290712970270981,-0.8608436376392178,0.7085679207226169
mutual_info,0.9087330077709975,0.9591214431435403,1.0,0.9569054072423394,0.9197428369309318,-0.8084485894484013,0.6486301907641795
adjusted_rand_score,0.9159168639831623,0.9975094273436815,0.9569054072423394,1.0,0.9250723493817417,-0.8588090853284224,0.7056213277207752
calinski_harabasz,0.8850127159519424,0.9290712970270981,0.9197428369309318,0.9250723493817417,1.0,-0.851828466193107,0.6586863106200123
davies_bouldin,-0.793387704989915,-0.8608436376392178,-0.8084485894484013,-0.8588090853284224,-0.851828466193107,1.0,-0.7117600631412786
silhouette,0.7110584933789353,0.7085679207226169,0.6486301907641795,0.7056213277207752,0.6586863106200123,-0.7117600631412786,1.0
