,abilities,v_measure,mutual_info,adjusted_rand_score,calinski_harabasz,davies_bouldin,silhouette
abilities,1.0,0.9203407955402065,0.8940555706643297,0.920621285696755,0.8894518170502954,-0.8067422821380362,0.7364794979226198
v_measure,0.9203407955402065,1.0,0.9318826227134542,0.9966691793909858,0.9239871675753379,-0.8639973353435128,0.7067475413284715
mutual_info,0.8940555706643297,0.9318826227134542,1.0,0.9285045789955789,0.9060898514092606,-0.8055578628470758,0.6265391397773821
adjusted_rand_score,0.920621285696755,0.9966691793909858,0.9285045789955789,1.0,0.9203407955402065,-0.863892151534807,0.705239906737023
calinski_harabasz,0.8894518170502954,0.9239871675753379,0.9060898514092606,0.9203407955402065,1.0,-0.8533737706642357,0.6545413109408692
davies_bouldin,-0.8067422821380362,-0.8639973353435128,-0.8055578628470758,-0.863892151534807,-0.8533737706642357,1.0,-0.7149518784075172
silhouette,0.7364794979226198,0.7067475413284715,0.6265391397773821,0.705239906737023,0.6545413109408692,-0.7149518784075172,1.0
