,abilities,v_measure,mutual_info,adjusted_rand_score,calinski_harabasz,davies_bouldin,silhouette
abilities,1.0,0.6746076233183856,0.6397589532909153,0.7777466367713004,0.5507286995515696,-0.018778026905829595,0.5487668161434978
v_measure,0.6746076233183856,1.0,0.8805269449127755,0.8570627802690582,0.499719730941704,-0.28335201793721976,0.5179372197309418
mutual_info,0.6397589532909153,0.8805269449127755,1.0,0.7422044724268756,0.45322682474103393,-0.03447550985970759,0.30397309303132425
adjusted_rand_score,0.7777466367713004,0.8570627802690582,0.7422044724268756,1.0,0.4288116591928251,-0.1687219730941704,0.4792600896860987
calinski_harabasz,0.5507286995515696,0.499719730941704,0.45322682474103393,0.4288116591928251,1.0,-0.5807174887892377,0.8730381165919282
davies_bouldin,-0.018778026905829595,-0.28335201793721976,-0.03447550985970759,-0.1687219730941704,-0.5807174887892377,1.0,-0.6589125560538116
silhouette,0.5487668161434978,0.5179372197309418,0.30397309303132425,0.4792600896860987,0.8730381165919282,-0.6589125560538116,1.0
