,abilities,v_measure,mutual_info,adjusted_rand_score,calinski_harabasz,davies_bouldin,silhouette
abilities,1.0,0.8182511244949302,0.7720515361744301,0.8574369139284898,0.8052908439429748,-0.5566821681786994,0.6884196081421057
v_measure,0.8182511244949302,1.0,0.9223145536326904,0.9772813905618662,0.9046275825264923,-0.7686208736753831,0.7551269345124647
mutual_info,0.7720515361744301,0.9223145536326904,1.0,0.9133185941907448,0.8114660364412595,-0.6578485934283754,0.6461081039871922
adjusted_rand_score,0.8574369139284898,0.9772813905618662,0.9133185941907448,1.0,0.8711595639246779,-0.6948997484180834,0.7154074864679424
calinski_harabasz,0.8052908439429748,0.9046275825264923,0.8114660364412595,0.8711595639246779,1.0,-0.8866356636426012,0.7727376686742395
davies_bouldin,-0.5566821681786994,-0.7686208736753831,-0.6578485934283754,-0.6948997484180834,-0.8866356636426012,1.0,-0.7754821986734771
silhouette,0.6884196081421057,0.7551269345124647,0.6461081039871922,0.7154074864679424,0.7727376686742395,-0.7754821986734771,1.0
