,abilities,v_measure,mutual_info,adjusted_rand_score,calinski_harabasz,davies_bouldin,silhouette
abilities,1.0,0.8251124494930243,0.7747198292292445,0.8659754517038957,0.7869939772813905,-0.5732255851185485,0.6818632309217046
v_measure,0.8251124494930243,1.0,0.9225432644659602,0.9802546313943737,0.8865594266981779,-0.7719752992300069,0.7446824731264771
mutual_info,0.7747198292292445,0.9225432644659602,1.0,0.9246778989098117,0.8004116794998857,-0.6567812762064497,0.6415338873217962
adjusted_rand_score,0.8659754517038957,0.9802546313943737,0.9246778989098117,1.0,0.8476785850423115,-0.6914690859190363,0.698482884805977
calinski_harabasz,0.7869939772813905,0.8865594266981779,0.8004116794998857,0.8476785850423115,1.0,-0.8800792864222002,0.7607684683997865
davies_bouldin,-0.5732255851185485,-0.7719752992300069,-0.6567812762064497,-0.6914690859190363,-0.8800792864222002,1.0,-0.7773118853396356
silhouette,0.6818632309217046,0.7446824731264771,0.6415338873217962,0.698482884805977,0.7607684683997865,-0.7773118853396356,1.0
