,abilities,v_measure,mutual_info,adjusted_rand_score,calinski_harabasz,davies_bouldin,silhouette
abilities,1.0,0.8184798353282,0.7758633833955935,0.8565983075398338,0.8015552336662347,-0.5489059998475261,0.6869711061980636
v_measure,0.8184798353282,1.0,0.923915529465579,0.9770526797285964,0.903102843638027,-0.7712891667301974,0.7554318822901578
mutual_info,0.7758633833955935,0.923915529465579,1.0,0.9147670961347869,0.8129907753297247,-0.6591446214835709,0.6465655256537318
adjusted_rand_score,0.8565983075398338,0.9770526797285964,0.9147670961347869,1.0,0.8699397728139057,-0.6956621178623161,0.7157124342456355
calinski_harabasz,0.8015552336662347,0.903102843638027,0.8129907753297247,0.8699397728139057,1.0,-0.8859495311427918,0.7735000381184722
davies_bouldin,-0.5489059998475261,-0.7712891667301974,-0.6591446214835709,-0.6956621178623161,-0.8859495311427918,1.0,-0.7733475642296257
silhouette,0.6869711061980636,0.7554318822901578,0.6465655256537318,0.7157124342456355,0.7735000381184722,-0.7733475642296257,1.0
