,abilities,v_measure,mutual_info,adjusted_rand_score,calinski_harabasz,davies_bouldin,silhouette
abilities,1.0,0.5616128057988523,0.41815161582603444,0.5798852310480217,0.5404711567502265,-0.5353367562669888,0.7826940501359106
v_measure,0.5616128057988523,1.0,0.946843853820598,0.9778012684989429,0.9420114768951978,-0.9054666263968589,0.6565992147387496
mutual_info,0.41815161582603444,0.946843853820598,1.0,0.920869827846572,0.8852310480217457,-0.8711869525823014,0.5975536091815161
adjusted_rand_score,0.5798852310480217,0.9778012684989429,0.920869827846572,1.0,0.9388402295379039,-0.8979160374509212,0.6618846270009061
calinski_harabasz,0.5404711567502265,0.9420114768951978,0.8852310480217457,0.9388402295379039,1.0,-0.9590758079130172,0.6575052854122622
davies_bouldin,-0.5353367562669888,-0.9054666263968589,-0.8711869525823014,-0.8979160374509212,-0.9590758079130172,1.0,-0.6522198731501057
silhouette,0.7826940501359106,0.6565992147387496,0.5975536091815161,0.6618846270009061,0.6575052854122622,-0.6522198731501057,1.0
