,abilities,v_measure,mutual_info,adjusted_rand_score,calinski_harabasz,davies_bouldin,silhouette
abilities,1.0,0.5996677740863787,0.46979764421624887,0.6152219873150105,0.5850196315312595,-0.5943823618242223,0.8070069465418303
v_measure,0.5996677740863787,1.0,0.9457867713681667,0.9779522802778616,0.9417094533373603,-0.9054666263968589,0.6567502265176683
mutual_info,0.46979764421624887,0.9457867713681667,1.0,0.920265780730897,0.8841739655693144,-0.8704318936877077,0.5986106916339474
adjusted_rand_score,0.6152219873150105,0.9779522802778616,0.920265780730897,1.0,0.938236182422229,-0.9001812141347025,0.6624886741165811
calinski_harabasz,0.5850196315312595,0.9417094533373603,0.8841739655693144,0.938236182422229,1.0,-0.9596798550286922,0.6573542736333434
davies_bouldin,-0.5943823618242223,-0.9054666263968589,-0.8704318936877077,-0.9001812141347025,-0.9596798550286922,1.0,-0.6529749320446995
silhouette,0.8070069465418303,0.6567502265176683,0.5986106916339474,0.6624886741165811,0.6573542736333434,-0.6529749320446995,1.0
