,abilities,v_measure,mutual_info,adjusted_rand_score,calinski_harabasz,davies_bouldin,silhouette
abilities,1.0,0.5942313500453036,0.4700996677740864,0.6122017517366355,0.579734219269103,-0.585925702204772,0.8030806402899426
v_measure,0.5942313500453036,1.0,0.9512231954092419,0.9773482331621867,0.9389912413168228,-0.9077318030806403,0.6562971911809121
mutual_info,0.4700996677740864,0.9512231954092419,1.0,0.9246451223195409,0.8846270009060707,-0.8701298701298701,0.5975536091815161
adjusted_rand_score,0.6122017517366355,0.9773482331621867,0.9246451223195409,1.0,0.9359710057384476,-0.9015403201449713,0.6608275445484748
calinski_harabasz,0.579734219269103,0.9389912413168228,0.8846270009060707,0.9359710057384476,1.0,-0.9599818785865297,0.6581093325279371
davies_bouldin,-0.585925702204772,-0.9077318030806403,-0.8701298701298701,-0.9015403201449713,-0.9599818785865297,1.0,-0.6505587435819994
silhouette,0.8030806402899426,0.6562971911809121,0.5975536091815161,0.6608275445484748,0.6581093325279371,-0.6505587435819994,1.0
