,abilities,v_measure,mutual_info,adjusted_rand_score,calinski_harabasz,davies_bouldin,silhouette
abilities,1.0,0.8080868211374668,0.8608258635267759,0.798195805476692,0.7406813810788534,-0.5308178404615808,0.5196904478432091
v_measure,0.8080868211374668,1.0,0.9662854461372057,0.9705101199743567,0.7799249015477607,-0.7324388680282077,0.6278963275025186
mutual_info,0.8608258635267759,0.9662854461372057,1.0,0.9509221417664723,0.744811164202623,-0.6288651532735704,0.5468512095239917
adjusted_rand_score,0.798195805476692,0.9705101199743567,0.9509221417664723,1.0,0.7596391610953384,-0.6859602527704002,0.5955673596483194
calinski_harabasz,0.7406813810788534,0.7799249015477607,0.744811164202623,0.7596391610953384,1.0,-0.885932777726898,0.6359556735964832
davies_bouldin,-0.5308178404615808,-0.7324388680282077,-0.6288651532735704,-0.6859602527704002,-0.885932777726898,1.0,-0.6412217236010623
silhouette,0.5196904478432091,0.6278963275025186,0.5468512095239917,0.5955673596483194,0.6359556735964832,-0.6412217236010623,1.0
