,abilities,v_measure,mutual_info,adjusted_rand_score,calinski_harabasz,davies_bouldin,silhouette
abilities,1.0,0.07326601628379989,0.0009394282403101436,0.0016224409200375266,0.24812688163242938,-0.4030398770386816,0.631969942788831
v_measure,0.07326601628379989,1.0,0.9930395503810043,0.9480807822040049,0.8539042852286901,-0.7701043914399176,0.3955767137933601
mutual_info,0.0009394282403101436,0.9930395503810043,1.0,0.9476898190327082,0.8419726921173206,-0.7582039924975867,0.36266200204336585
adjusted_rand_score,0.0016224409200375266,0.9480807822040049,0.9476898190327082,1.0,0.7816675945328777,-0.667805221850183,0.3380227569457131
calinski_harabasz,0.24812688163242938,0.8539042852286901,0.8419726921173206,0.7816675945328777,1.0,-0.9464853692000962,0.5558520300850361
davies_bouldin,-0.4030398770386816,-0.7701043914399176,-0.7582039924975867,-0.667805221850183,-0.9464853692000962,1.0,-0.5955938860900009
silhouette,0.631969942788831,0.3955767137933601,0.36266200204336585,0.3380227569457131,0.5558520300850361,-0.5955938860900009,1.0
