,abilities,v_measure,mutual_info,adjusted_rand_score,calinski_harabasz,davies_bouldin,silhouette
abilities,1.0,0.5400951955297425,0.45488890322201514,0.5576828670882513,0.5456330572867754,-0.5502433193887134,0.7874156919661914
v_measure,0.5400951955297425,1.0,0.9699466382070437,0.9709711846318037,0.8799385287270457,-0.8595334146373194,0.5998164394869121
mutual_info,0.45488890322201514,0.9699466382070437,1.0,0.9386979722518677,0.847836759280447,-0.8383599071299883,0.5645557193234938
adjusted_rand_score,0.5576828670882513,0.9709711846318037,0.9386979722518677,1.0,0.8530447591108792,-0.8292245631651318,0.602548504971729
calinski_harabasz,0.5456330572867754,0.8799385287270457,0.847836759280447,0.8530447591108792,1.0,-0.9774609408349697,0.5966020660804234
davies_bouldin,-0.5502433193887134,-0.8595334146373194,-0.8383599071299883,-0.8292245631651318,-0.9774609408349697,1.0,-0.590711175616836
silhouette,0.7874156919661914,0.5998164394869121,0.5645557193234938,0.602548504971729,0.5966020660804234,-0.590711175616836,1.0
