,abilities,v_measure,mutual_info,adjusted_rand_score,calinski_harabasz,davies_bouldin,silhouette
abilities,1.0,0.7454355557969776,0.6742907006772973,0.8253414244695964,0.8252247488101534,-0.7767318878900052,0.829613960867266
v_measure,0.7454355557969776,1.0,0.9596890411616543,0.9684814511224517,0.8215867476491093,-0.8155581116274823,0.6006689671197482
mutual_info,0.6742907006772973,0.9596890411616543,1.0,0.9153721063243002,0.796663053241296,-0.8036172297158708,0.5407863774068501
adjusted_rand_score,0.8253414244695964,0.9684814511224517,0.9153721063243002,1.0,0.8075199302653128,-0.7985298590049916,0.6602149685263455
calinski_harabasz,0.8252247488101534,0.8215867476491093,0.796663053241296,0.8075199302653128,1.0,-0.9590163934426229,0.7836594394500265
davies_bouldin,-0.7767318878900052,-0.8155581116274823,-0.8036172297158708,-0.7985298590049916,-0.9590163934426229,1.0,-0.7150185087255421
silhouette,0.829613960867266,0.6006689671197482,0.5407863774068501,0.6602149685263455,0.7836594394500265,-0.7150185087255421,1.0
