,abilities,v_measure,mutual_info,adjusted_rand_score,calinski_harabasz,davies_bouldin,silhouette
abilities,1.0,0.703360567579297,0.7399098062154461,0.7574579693190181,0.6876426967564202,-0.5662962054455912,0.4544030794195898
v_measure,0.703360567579297,1.0,0.9756401305734287,0.9811498764080986,0.8600486820008679,-0.8068947298903711,0.4881974451384041
mutual_info,0.7399098062154461,0.9756401305734287,1.0,0.9744325150480216,0.8266316961337434,-0.7577221352152008,0.4427797799875465
adjusted_rand_score,0.7574579693190181,0.9811498764080986,0.9744325150480216,1.0,0.8278393116591505,-0.7461365737683265,0.4435345396909259
calinski_harabasz,0.6876426967564202,0.8600486820008679,0.8266316961337434,0.8278393116591505,1.0,-0.8911825197652697,0.41319319961507256
davies_bouldin,-0.5662962054455912,-0.8068947298903711,-0.7577221352152008,-0.7461365737683265,-0.8911825197652697,1.0,-0.4825178783704738
silhouette,0.4544030794195898,0.4881974451384041,0.4427797799875465,0.4435345396909259,0.41319319961507256,-0.4825178783704738,1.0
