,abilities,v_measure,mutual_info,adjusted_rand_score,calinski_harabasz,davies_bouldin,silhouette
abilities,1.0,0.6870577579863011,0.7195690322093703,0.7385135007641942,0.673773987206823,-0.5441817461365738,0.4676679812064834
v_measure,0.6870577579863011,1.0,0.9765269732248996,0.980659282600902,0.8642375983546239,-0.8062720531350831,0.49099005604090795
mutual_info,0.7195690322093703,0.9765269732248996,1.0,0.9724890088118195,0.829839424873106,-0.7577976111855388,0.44289299394305337
adjusted_rand_score,0.7385135007641942,0.980659282600902,0.9724890088118195,1.0,0.8335377474196652,-0.7452119931316867,0.4465158405192747
calinski_harabasz,0.673773987206823,0.8642375983546239,0.829839424873106,0.8335377474196652,1.0,-0.8924467422684302,0.4159103345472385
davies_bouldin,-0.5441817461365738,-0.8062720531350831,-0.7577976111855388,-0.7452119931316867,-0.8924467422684302,1.0,-0.4818952016151858
silhouette,0.4676679812064834,0.49099005604090795,0.44289299394305337,0.4465158405192747,0.4159103345472385,-0.4818952016151858,1.0
