,abilities,v_measure,mutual_info,adjusted_rand_score,calinski_harabasz,davies_bouldin,silhouette
abilities,1.0,0.6696039398456516,0.7062286544521388,0.7188897484763288,0.6713964941411779,-0.4978017623639074,0.4198350850048116
v_measure,0.6696039398456516,1.0,0.9729418646338472,0.9800366058456139,0.8899560352472782,-0.8158008943902485,0.462837519104855
mutual_info,0.7062286544521388,0.9729418646338472,1.0,0.9721116289601298,0.8531992376926996,-0.7590429646961149,0.40466441496688493
adjusted_rand_score,0.7188897484763288,0.9800366058456139,0.9721116289601298,1.0,0.8613129045040285,-0.7609676019397325,0.4152876577919505
calinski_harabasz,0.6713964941411779,0.8899560352472782,0.8531992376926996,0.8613129045040285,1.0,-0.8879747910259072,0.40755137083231124
davies_bouldin,-0.4978017623639074,-0.8158008943902485,-0.7590429646961149,-0.7609676019397325,-0.8879747910259072,1.0,-0.4784044379870559
silhouette,0.4198350850048116,0.462837519104855,0.40466441496688493,0.4152876577919505,0.40755137083231124,-0.4784044379870559,1.0
