,abilities,v_measure,mutual_info,adjusted_rand_score,calinski_harabasz,davies_bouldin,silhouette
abilities,1.0,0.7702176885056262,0.8218266905037334,0.771952886738879,0.6830108318435166,-0.5132506046902934,0.45212430329161846
v_measure,0.7702176885056262,1.0,0.9721053738563467,0.9826217267851509,0.7557839941108424,-0.7096434956357135,0.5729046166789358
mutual_info,0.8218266905037334,0.9721053738563467,1.0,0.9670049426858766,0.7167946156273004,-0.6208854769166053,0.5027605426438111
adjusted_rand_score,0.771952886738879,0.9826217267851509,0.9670049426858766,1.0,0.7418761173624987,-0.6796455989062993,0.5490850772951941
calinski_harabasz,0.6830108318435166,0.7557839941108424,0.7167946156273004,0.7418761173624987,1.0,-0.8980702492375644,0.5003154905878642
davies_bouldin,-0.5132506046902934,-0.7096434956357135,-0.6208854769166053,-0.6796455989062993,-0.8980702492375644,1.0,-0.5405931223051845
silhouette,0.45212430329161846,0.5729046166789358,0.5027605426438111,0.5490850772951941,0.5003154905878642,-0.5405931223051845,1.0
