,abilities,v_measure,mutual_info,adjusted_rand_score,calinski_harabasz,davies_bouldin,silhouette
abilities,1.0,0.7495530550005258,0.8037122725838679,0.7510516352928804,0.6781996003785887,-0.5007887264696603,0.441187296245662
v_measure,0.7495530550005258,1.0,0.9683983594489431,0.9823588179619308,0.7634609317488695,-0.7122462929855926,0.571169418445683
mutual_info,0.8037122725838679,0.9683983594489431,1.0,0.9637974550425912,0.7216584288568725,-0.617835734567252,0.49395309706593754
adjusted_rand_score,0.7510516352928804,0.9823588179619308,0.9637974550425912,1.0,0.7485014197076454,-0.6844305394889052,0.5509254390577347
calinski_harabasz,0.6781996003785887,0.7634609317488695,0.7216584288568725,0.7485014197076454,1.0,-0.8952571248291092,0.5008150173519823
davies_bouldin,-0.5007887264696603,-0.7122462929855926,-0.617835734567252,-0.6844305394889052,-0.8952571248291092,1.0,-0.53935745083605
silhouette,0.441187296245662,0.571169418445683,0.49395309706593754,0.5509254390577347,0.5008150173519823,-0.53935745083605,1.0
