,abilities,v_measure,mutual_info,adjusted_rand_score,calinski_harabasz,davies_bouldin,silhouette
abilities,1.0,0.7701388158586602,0.8208987597372063,0.7710589967399306,0.6796718897886213,-0.5091492270480598,0.451072667998738
v_measure,0.7701388158586602,1.0,0.9716516698316269,0.9819644547271006,0.7555210852876223,-0.7100115679882217,0.5732726890314439
mutual_info,0.8208987597372063,0.9716516698316269,1.0,0.9660122385070274,0.7169307822401038,-0.6203505912335021,0.5022906081886824
adjusted_rand_score,0.7710589967399306,0.9819644547271006,0.9660122385070274,1.0,0.7410348091281943,-0.6802239983173836,0.5498738037648544
calinski_harabasz,0.6796718897886213,0.7555210852876223,0.7169307822401038,0.7410348091281943,1.0,-0.8964665054159218,0.4983173835313913
davies_bouldin,-0.5091492270480598,-0.7100115679882217,-0.6203505912335021,-0.6802239983173836,-0.8964665054159218,1.0,-0.5400410137764223
silhouette,0.451072667998738,0.5732726890314439,0.5022906081886824,0.5498738037648544,0.4983173835313913,-0.5400410137764223,1.0
