,abilities,v_measure,mutual_info,adjusted_rand_score,calinski_harabasz,davies_bouldin,silhouette
abilities,1.0,0.7656956567462404,0.7948205602852252,0.7489220738247976,0.6872173730150384,-0.5485329687664318,0.47901987590703543
v_measure,0.7656956567462404,1.0,0.9859340084911496,0.9866968135450626,0.7912241034809128,-0.6919497318330003,0.46143127563361025
mutual_info,0.7948205602852252,0.9859340084911496,1.0,0.9732877616089032,0.7671355333267937,-0.6417247274467195,0.42460891299018844
adjusted_rand_score,0.7489220738247976,0.9866968135450626,0.9732877616089032,1.0,0.7843621831948681,-0.6812230518456199,0.4470501630034704
calinski_harabasz,0.6872173730150384,0.7912241034809128,0.7671355333267937,0.7843621831948681,1.0,-0.8526658954674519,0.4630087285729309
davies_bouldin,-0.5485329687664318,-0.6919497318330003,-0.6417247274467195,-0.6812230518456199,-0.8526658954674519,1.0,-0.5556840887580187
silhouette,0.47901987590703543,0.46143127563361025,0.42460891299018844,0.4470501630034704,0.4630087285729309,-0.5556840887580187,1.0
