,abilities,v_measure,mutual_info,adjusted_rand_score,calinski_harabasz,davies_bouldin,silhouette
abilities,1.0,0.7513852099831694,0.8049269437479561,0.7516612660619959,0.6781514759287556,-0.5005948351330337,0.43881085558613997
v_measure,0.7513852099831694,1.0,0.9687138500368072,0.98051845619939,0.7614628246923967,-0.713324219160795,0.5687506572720581
mutual_info,0.8049269437479561,0.9687138500368072,1.0,0.9629035650436428,0.7217110106215164,-0.6187296245662004,0.495057314123462
adjusted_rand_score,0.7516612660619959,0.98051845619939,0.9629035650436428,1.0,0.7440582605952256,-0.6839310127247871,0.5469818067094332
calinski_harabasz,0.6781514759287556,0.7614628246923967,0.7217110106215164,0.7440582605952256,1.0,-0.8950205068882112,0.5008413082343044
davies_bouldin,-0.5005948351330337,-0.713324219160795,-0.6187296245662004,-0.6839310127247871,-0.8950205068882112,1.0,-0.5388579240719319
silhouette,0.43881085558613997,0.5687506572720581,0.495057314123462,0.5469818067094332,0.5008413082343044,-0.5388579240719319,1.0
