,abilities,v_measure,mutual_info,adjusted_rand_score,calinski_harabasz,davies_bouldin,silhouette
abilities,1.0,0.14365058384833065,0.19476962045834645,-0.06800664953906604,0.7781471966147802,-0.7758803082968112,0.8345171527882727
v_measure,0.14365058384833065,1.0,0.9944753907727109,0.9346733675013161,-0.29289303682068896,0.18286923351549722,-0.1413836098791303
mutual_info,0.19476962045834645,0.9944753907727109,1.0,0.9096566377955497,-0.23678172281139048,0.12247852541842386,-0.10802030641043933
adjusted_rand_score,-0.06800664953906604,0.9346733675013161,0.9096566377955497,1.0,-0.4826960858395043,0.3351972192836633,-0.28396554329756685
calinski_harabasz,0.7781471966147802,-0.29289303682068896,-0.23678172281139048,-0.4826960858395043,1.0,-0.8925494937282756,0.8240894665256159
davies_bouldin,-0.7758803082968112,0.18286923351549722,0.12247852541842386,0.3351972192836633,-0.8925494937282756,1.0,-0.7823787214749887
silhouette,0.8345171527882727,-0.1413836098791303,-0.10802030641043933,-0.28396554329756685,0.8240894665256159,-0.7823787214749887,1.0
