,abilities,v_measure,mutual_info,adjusted_rand_score,calinski_harabasz,davies_bouldin,silhouette
abilities,1.0,0.7399705075808102,0.757691854790416,0.6575922565033273,0.27268602540834846,-0.23729582577132485,0.5329703569267997
v_measure,0.7399705075808102,1.0,0.9910871846364357,0.9671418315228392,-0.22959125815179762,0.24592581406773578,0.037433357307358306
mutual_info,0.757691854790416,0.9910871846364357,1.0,0.9492973293411635,-0.17649870377594604,0.19669167375633384,0.06596876283066543
adjusted_rand_score,0.6575922565033273,0.9671418315228392,0.9492973293411635,1.0,-0.3619177253478524,0.367816091954023,-0.08212341197822141
calinski_harabasz,0.27268602540834846,-0.22959125815179762,-0.17649870377594604,-0.3619177253478524,1.0,-0.9798850574712644,0.8160919540229885
davies_bouldin,-0.23729582577132485,0.24592581406773578,0.19669167375633384,0.367816091954023,-0.9798850574712644,1.0,-0.8413490623109497
silhouette,0.5329703569267997,0.037433357307358306,0.06596876283066543,-0.08212341197822141,0.8160919540229885,-0.8413490623109497,1.0
