,abilities,v_measure,mutual_info,adjusted_rand_score,calinski_harabasz,davies_bouldin,silhouette
abilities,1.0,0.7366908650937689,0.7502108230883922,0.6707501512401693,0.28145795523290984,-0.23744706594071385,0.5329703569267997
v_measure,0.7366908650937689,1.0,0.9928012266739676,0.9688445251058682,-0.22595281306715065,0.2516636418632789,0.009376890502117362
mutual_info,0.7502108230883922,0.9928012266739676,1.0,0.9574739991518182,-0.18436870672503736,0.20915841359143836,0.03669179854231829
adjusted_rand_score,0.6707501512401693,0.9688445251058682,0.9574739991518182,1.0,-0.338626739261948,0.3487598306110103,-0.07425892316999395
calinski_harabasz,0.28145795523290984,-0.22595281306715065,-0.18436870672503736,-0.338626739261948,1.0,-0.9773139745916516,0.8173018753781004
davies_bouldin,-0.23744706594071385,0.2516636418632789,0.20915841359143836,0.3487598306110103,-0.9773139745916516,1.0,-0.8425589836660617
silhouette,0.5329703569267997,0.009376890502117362,0.03669179854231829,-0.07425892316999395,0.8173018753781004,-0.8425589836660617,1.0
