,abilities,v_measure,mutual_info,adjusted_rand_score,calinski_harabasz,davies_bouldin,silhouette
abilities,1.0,0.7302907707417357,0.7444493010032347,0.645946763460375,0.2754083484573503,-0.23759830611010285,0.5340290381125227
v_measure,0.7302907707417357,1.0,0.9913983316742598,0.9671418315228392,-0.22898627459935547,0.2474382729488412,0.026997391027731143
mutual_info,0.7444493010032347,0.9913983316742598,1.0,0.9486042875207206,-0.182928326203748,0.20741479506566704,0.051777889265296265
adjusted_rand_score,0.645946763460375,0.9671418315228392,0.9486042875207206,1.0,-0.35768300060496067,0.367816091954023,-0.08484573502722323
calinski_harabasz,0.2754083484573503,-0.22898627459935547,-0.182928326203748,-0.35768300060496067,1.0,-0.9801875378100423,0.809739866908651
davies_bouldin,-0.23759830611010285,0.2474382729488412,0.20741479506566704,0.367816091954023,-0.9801875378100423,1.0,-0.8352994555353902
silhouette,0.5340290381125227,0.026997391027731143,0.051777889265296265,-0.08484573502722323,0.809739866908651,-0.8352994555353902,1.0
