,abilities,v_measure,mutual_info,adjusted_rand_score,calinski_harabasz,davies_bouldin,silhouette
abilities,1.0,0.6788181852883918,0.6985914417681414,0.7005000572584648,0.5716303393518342,-0.4874603962285758,0.3018666259495362
v_measure,0.6788181852883918,1.0,0.9969462152154827,0.9548421574989503,0.8423101881894873,-0.7667290147726838,0.4088636103370615
mutual_info,0.6985914417681414,0.9969462152154827,1.0,0.9584685269305646,0.8369278925067756,-0.7598579990075199,0.3944344772302172
adjusted_rand_score,0.7005000572584648,0.9548421574989503,0.9584685269305646,1.0,0.8105126541207008,-0.7182120090086651,0.40596251479177003
calinski_harabasz,0.5716303393518342,0.8423101881894873,0.8369278925067756,0.8105126541207008,1.0,-0.9239225865557125,0.4232927434439058
davies_bouldin,-0.4874603962285758,-0.7667290147726838,-0.7598579990075199,-0.7182120090086651,-0.9239225865557125,1.0,-0.4017253884032523
silhouette,0.3018666259495362,0.4088636103370615,0.3944344772302172,0.40596251479177003,0.4232927434439058,-0.4017253884032523,1.0
