,abilities,v_measure,mutual_info,adjusted_rand_score,calinski_harabasz,davies_bouldin,silhouette
abilities,1.0,0.7043554605489178,0.7193953506126656,0.7254144121261357,0.6392335000190862,-0.575142191854029,0.3101881894873459
v_measure,0.7043554605489178,1.0,0.9959919074703211,0.9626957542881616,0.8750620300034355,-0.8078024201244417,0.47661946024353935
mutual_info,0.7193953506126656,0.9959919074703211,1.0,0.9637645891627653,0.8699851127991755,-0.8015039890063748,0.4608542962934687
adjusted_rand_score,0.7254144121261357,0.9626957542881616,0.9637645891627653,1.0,0.8314390144194155,-0.7348430626271042,0.46204204722155107
calinski_harabasz,0.6392335000190862,0.8750620300034355,0.8699851127991755,0.8314390144194155,1.0,-0.914150475245257,0.45169294193991677
davies_bouldin,-0.575142191854029,-0.8078024201244417,-0.8015039890063748,-0.7348430626271042,-0.914150475245257,1.0,-0.4739473985570867
silhouette,0.3101881894873459,0.47661946024353935,0.4608542962934687,0.46204204722155107,0.45169294193991677,-0.4739473985570867,1.0
