,abilities,v_measure,mutual_info,adjusted_rand_score,calinski_harabasz,davies_bouldin,silhouette
abilities,1.0,0.7083253807687904,0.7370570777244976,0.7607741344428751,0.5928541436042295,-0.49818681528419284,0.29491926556475934
v_measure,0.7083253807687904,1.0,0.9941118650666924,0.9370538611291369,0.8409359850364545,-0.7590945528113906,0.394663511089056
mutual_info,0.7370570777244976,0.9941118650666924,1.0,0.9472739939545937,0.8323169859235542,-0.7372097684208696,0.3657705631590303
adjusted_rand_score,0.7607741344428751,0.9370538611291369,0.9472739939545937,1.0,0.7802801847539794,-0.6766041913196168,0.35259762568233005
calinski_harabasz,0.5928541436042295,0.8409359850364545,0.8323169859235542,0.7802801847539794,1.0,-0.9133870290491277,0.4200480971103561
davies_bouldin,-0.49818681528419284,-0.7590945528113906,-0.7372097684208696,-0.6766041913196168,-0.9133870290491277,1.0,-0.4036721762033821
silhouette,0.29491926556475934,0.394663511089056,0.3657705631590303,0.35259762568233005,0.4200480971103561,-0.4036721762033821,1.0
