,abilities,v_measure,mutual_info,adjusted_rand_score,calinski_harabasz,davies_bouldin,silhouette
abilities,1.0,0.6800015268923922,0.6994312325838836,0.7039737374508531,0.5712486162537695,-0.49249914112302934,0.30896667557353896
v_measure,0.6800015268923922,1.0,0.9958773905409016,0.9549566744283696,0.842119326640455,-0.7666526701530709,0.4089781272664809
mutual_info,0.6994312325838836,0.9958773905409016,1.0,0.9573233576363706,0.8347902431576135,-0.761575752948811,0.39336565255563616
adjusted_rand_score,0.7039737374508531,0.9549566744283696,0.9573233576363706,1.0,0.8099018971637973,-0.7177157689811811,0.4055426193838989
calinski_harabasz,0.5712486162537695,0.842119326640455,0.8347902431576135,0.8099018971637973,1.0,-0.9227010726419056,0.42310188189487347
davies_bouldin,-0.49249914112302934,-0.7666526701530709,-0.761575752948811,-0.7177157689811811,-0.9227010726419056,1.0,-0.40298507462686567
silhouette,0.30896667557353896,0.4089781272664809,0.39336565255563616,0.4055426193838989,0.42310188189487347,-0.40298507462686567,1.0
