,abilities,v_measure,mutual_info,adjusted_rand_score,calinski_harabasz,davies_bouldin,silhouette
abilities,1.0,0.6735118136426722,0.6902900166892233,0.5826551444823765,0.453326950694112,-0.41432566576805824,0.7575268952659293
v_measure,0.6735118136426722,1.0,0.9958250479670463,0.9718411013480904,-0.044674015921753005,0.07176063020031166,0.27522519792064754
mutual_info,0.6902900166892233,0.9958250479670463,1.0,0.9587494059333773,-0.006458617896730426,0.035244879694267206,0.2972225681303951
adjusted_rand_score,0.5826551444823765,0.9718411013480904,0.9587494059333773,1.0,-0.16148051117784004,0.18511426363295222,0.1548791858652181
calinski_harabasz,0.453326950694112,-0.044674015921753005,-0.006458617896730426,-0.16148051117784004,1.0,-0.9845304980978056,0.7657403441586254
davies_bouldin,-0.41432566576805824,0.07176063020031166,0.035244879694267206,0.18511426363295222,-0.9845304980978056,1.0,-0.784333979995465
silhouette,0.7575268952659293,0.27522519792064754,0.2972225681303951,0.1548791858652181,0.7657403441586254,-0.784333979995465,1.0
