,abilities,v_measure,mutual_info,adjusted_rand_score,calinski_harabasz,davies_bouldin,silhouette
abilities,1.0,0.6415883502313182,0.6636735263486206,0.5402504479131294,0.4987276712604873,-0.4653195938625885,0.7680078607240937
v_measure,0.6415883502313182,1.0,0.9951694023207034,0.9649759367047144,-0.02698480690770271,0.04772103107674037,0.2533447557954722
mutual_info,0.6636735263486206,0.9951694023207034,1.0,0.9472337485139006,0.024471179555181587,-0.00037842030239971527,0.285732556331945
adjusted_rand_score,0.5402504479131294,0.9649759367047144,0.9472337485139006,1.0,-0.16546146308392504,0.17939479475522252,0.1187482679327758
calinski_harabasz,0.4987276712604873,-0.02698480690770271,0.024471179555181587,-0.16546146308392504,1.0,-0.9875034642614194,0.7890201808974326
davies_bouldin,-0.4653195938625885,0.04772103107674037,-0.00037842030239971527,0.17939479475522252,-0.9875034642614194,1.0,-0.8044896827996271
silhouette,0.7680078607240937,0.2533447557954722,0.285732556331945,0.1187482679327758,0.7890201808974326,-0.8044896827996271,1.0
