,abilities,v_measure,mutual_info,adjusted_rand_score,calinski_harabasz,davies_bouldin,silhouette
abilities,1.0,0.25039991028517966,0.30034777161491183,0.0390195980141524,0.7230226700251889,-0.7051889168765743,0.8894206549118387
v_measure,0.25039991028517966,1.0,0.9941155468622027,0.9413646733597765,-0.17497764354535794,0.11920446433294468,0.07650548566761475
mutual_info,0.30034777161491183,0.9941155468622027,1.0,0.9139912871635414,-0.122215512403081,0.07325371021768175,0.11699930393556805
adjusted_rand_score,0.0390195980141524,0.9413646733597765,0.9139912871635414,1.0,-0.35971585515951987,0.2852788557199974,-0.10612625334643258
calinski_harabasz,0.7230226700251889,-0.17497764354535794,-0.122215512403081,-0.35971585515951987,1.0,-0.9550629722921914,0.7963224181360201
davies_bouldin,-0.7051889168765743,0.11920446433294468,0.07325371021768175,0.2852788557199974,-0.9550629722921914,1.0,-0.793904282115869
silhouette,0.8894206549118387,0.07650548566761475,0.11699930393556805,-0.10612625334643258,0.7963224181360201,-0.793904282115869,1.0
