,abilities,v_measure,mutual_info,adjusted_rand_score,calinski_harabasz,davies_bouldin,silhouette
abilities,1.0,0.5803067185978579,0.6000730282375852,0.6033106134371957,0.46757546251217136,-0.40817916260954235,0.24016553067185978
v_measure,0.5803067185978579,1.0,0.9970058422590068,0.9544790652385589,0.8179162609542356,-0.7275316455696202,0.3592259006815969
mutual_info,0.6000730282375852,0.9970058422590068,1.0,0.9582278481012658,0.8129746835443038,-0.7222979552093476,0.3445715676728335
adjusted_rand_score,0.6033106134371957,0.9544790652385589,0.9582278481012658,1.0,0.7831791626095423,-0.6758763388510224,0.35447906523855893
calinski_harabasz,0.46757546251217136,0.8179162609542356,0.8129746835443038,0.7831791626095423,1.0,-0.9029698149951314,0.312317429406037
davies_bouldin,-0.40817916260954235,-0.7275316455696202,-0.7222979552093476,-0.6758763388510224,-0.9029698149951314,1.0,-0.3158958130477118
silhouette,0.24016553067185978,0.3592259006815969,0.3445715676728335,0.35447906523855893,0.312317429406037,-0.3158958130477118,1.0
