,abilities,v_measure,mutual_info,adjusted_rand_score,calinski_harabasz,davies_bouldin,silhouette
abilities,1.0,0.6725170399221032,0.7055501460564751,0.7292599805258033,0.5646786757546252,-0.5028481012658228,0.2972249269717624
v_measure,0.6725170399221032,1.0,0.9955696202531645,0.9347127555988316,0.8165774099318404,-0.7222736124634859,0.34793086660175265
mutual_info,0.7055501460564751,0.9955696202531645,1.0,0.9491236611489776,0.8081304771178189,-0.7036027263875365,0.3211781888997079
adjusted_rand_score,0.7292599805258033,0.9347127555988316,0.9491236611489776,1.0,0.7518500486854918,-0.6349805258033107,0.3062317429406037
calinski_harabasz,0.5646786757546252,0.8165774099318404,0.8081304771178189,0.7518500486854918,1.0,-0.8968841285296981,0.31073515092502435
davies_bouldin,-0.5028481012658228,-0.7222736124634859,-0.7036027263875365,-0.6349805258033107,-0.8968841285296981,1.0,-0.320983446932814
silhouette,0.2972249269717624,0.34793086660175265,0.3211781888997079,0.3062317429406037,0.31073515092502435,-0.320983446932814,1.0
