,abilities,v_measure,mutual_info,adjusted_rand_score,calinski_harabasz,davies_bouldin,silhouette
abilities,1.0,0.5534323271665044,0.5692064264849075,0.5666991236611489,0.5162122687439143,-0.44284323271665044,0.16061343719571566
v_measure,0.5534323271665044,1.0,0.9979552093476144,0.9598101265822785,0.8022638753651412,-0.8049659201557936,0.3233203505355404
mutual_info,0.5692064264849075,0.9979552093476144,1.0,0.9656767283349562,0.7965433300876339,-0.7978334956183057,0.3093719571567673
adjusted_rand_score,0.5666991236611489,0.9598101265822785,0.9656767283349562,1.0,0.7738802336903603,-0.7492210321324245,0.3073271665043817
calinski_harabasz,0.5162122687439143,0.8022638753651412,0.7965433300876339,0.7738802336903603,1.0,-0.9266796494644596,0.302921129503408
davies_bouldin,-0.44284323271665044,-0.8049659201557936,-0.7978334956183057,-0.7492210321324245,-0.9266796494644596,1.0,-0.31433787731256085
silhouette,0.16061343719571566,0.3233203505355404,0.3093719571567673,0.3073271665043817,0.302921129503408,-0.31433787731256085,1.0
