,abilities,v_measure,mutual_info,adjusted_rand_score,calinski_harabasz,davies_bouldin,silhouette
abilities,1.0,0.36039190316497116,0.40544449143390154,0.20645103032554732,0.7004217979885684,-0.6791568557807636,0.8928678310014219
v_measure,0.36039190316497116,1.0,0.9958937556570867,0.9635465199745112,-0.059564279688756175,0.04229583379491693,0.18820234295286936
mutual_info,0.40544449143390154,0.9958937556570867,1.0,0.9411804692676285,-0.014300156790151598,-0.00040663952957777056,0.22863307550510148
adjusted_rand_score,0.20645103032554732,0.9635465199745112,0.9411804692676285,1.0,-0.1903110868829636,0.16539706055432923,0.05013298407652219
calinski_harabasz,0.7004217979885684,-0.059564279688756175,-0.014300156790151598,-0.1903110868829636,1.0,-0.9741389045736872,0.7847995482778092
davies_bouldin,-0.6791568557807636,0.04229583379491693,-0.00040663952957777056,0.16539706055432923,-0.9741389045736872,1.0,-0.7910333145115754
silhouette,0.8928678310014219,0.18820234295286936,0.22863307550510148,0.05013298407652219,0.7847995482778092,-0.7910333145115754,1.0
