,abilities,v_measure,mutual_info,adjusted_rand_score,calinski_harabasz,davies_bouldin,silhouette
abilities,1.0,0.4864144368677063,0.4270139104992357,0.5170374930392538,0.5080656185919343,-0.5098427887901572,0.7663021189336979
v_measure,0.4864144368677063,1.0,0.9816802242121813,0.9690341103287989,0.8555316317926099,-0.8428859501146271,0.581633002151112
mutual_info,0.4270139104992357,0.9816802242121813,1.0,0.9472964659238499,0.8335213101693101,-0.8314023040502968,0.556888479083924
adjusted_rand_score,0.5170374930392538,0.9690341103287989,0.9472964659238499,1.0,0.8279845522454365,-0.8078198165967613,0.585665949280847
calinski_harabasz,0.5080656185919343,0.8555316317926099,0.8335213101693101,0.8279845522454365,1.0,-0.9783321941216678,0.5781271360218728
davies_bouldin,-0.5098427887901572,-0.8428859501146271,-0.8314023040502968,-0.8078198165967613,-0.9783321941216678,1.0,-0.5728639781271361
silhouette,0.7663021189336979,0.581633002151112,0.556888479083924,0.585665949280847,0.5781271360218728,-0.5728639781271361,1.0
