,abilities,v_measure,mutual_info,adjusted_rand_score,calinski_harabasz,davies_bouldin,silhouette
abilities,1.0,0.05988719880442789,-0.003452460309790511,-0.0017091095549208873,0.23789991796554552,-0.3720262510254307,0.6038419469510528
v_measure,0.05988719880442789,1.0,0.9947869487155628,0.953442264305736,0.8381473257332032,-0.7714236887090917,0.40929755621245406
mutual_info,-0.003452460309790511,0.9947869487155628,1.0,0.9530825372715236,0.8288639365524784,-0.7613529552471688,0.38110376231539017
adjusted_rand_score,-0.0017091095549208873,0.953442264305736,0.9530825372715236,1.0,0.7714920530912885,-0.6867885835494093,0.36663818172162876
calinski_harabasz,0.23789991796554552,0.8381473257332032,0.8288639365524784,0.7714920530912885,1.0,-0.9566584632212196,0.5466229149576155
davies_bouldin,-0.3720262510254307,-0.7714236887090917,-0.7613529552471688,-0.6867885835494093,-0.9566584632212196,1.0,-0.5790948865190046
silhouette,0.6038419469510528,0.40929755621245406,0.38110376231539017,0.36663818172162876,0.5466229149576155,-0.5790948865190046,1.0
