,abilities,v_measure,mutual_info,adjusted_rand_score,calinski_harabasz,davies_bouldin,silhouette
abilities,1.0,0.48706380971062974,0.41549608691685674,0.5130387234275674,0.5099794941900205,-0.5107313738892686,0.7660970608339029
v_measure,0.48706380971062974,1.0,0.9764167065418006,0.9708797593820494,0.8592911587779561,-0.8410403641400026,0.5837520082701253
mutual_info,0.41549608691685674,0.9764167065418006,1.0,0.9458609611046551,0.8335896652054073,-0.8270275817400756,0.554906183037105
adjusted_rand_score,0.5130387234275674,0.9708797593820494,0.9458609611046551,1.0,0.8292149428951862,-0.807751461560664,0.5875115352554715
calinski_harabasz,0.5099794941900205,0.8592911587779561,0.8335896652054073,0.8292149428951862,1.0,-0.9800410116199589,0.5792891319207109
davies_bouldin,-0.5107313738892686,-0.8410403641400026,-0.8270275817400756,-0.807751461560664,-0.9800410116199589,1.0,-0.5735475051264525
silhouette,0.7660970608339029,0.5837520082701253,0.554906183037105,0.5875115352554715,0.5792891319207109,-0.5735475051264525,1.0
