,abilities,v_measure,mutual_info,adjusted_rand_score,calinski_harabasz,davies_bouldin,silhouette
abilities,1.0,0.4903616104996924,0.41838129742292707,0.516884270968624,0.5110906048987971,-0.5138248063426852,0.7686865584311118
v_measure,0.4903616104996924,1.0,0.9752546312119762,0.9706746872650215,0.8590860936696645,-0.8424074648619466,0.5842304935228058
mutual_info,0.41838129742292707,0.9752546312119762,1.0,0.9445621710301456,0.8333162450610184,-0.8250452856932567,0.5557947985063687
adjusted_rand_score,0.516884270968624,0.9706746872650215,0.9445621710301456,1.0,0.8289415227507974,-0.8090502072465109,0.5874431802193744
calinski_harabasz,0.5110906048987971,0.8590860936696645,0.8333162450610184,0.8289415227507974,1.0,-0.9816814764183185,0.5796992481203007
davies_bouldin,-0.5138248063426852,-0.8424074648619466,-0.8250452856932567,-0.8090502072465109,-0.9816814764183185,1.0,-0.5743677375256323
silhouette,0.7686865584311118,0.5842304935228058,0.5557947985063687,0.5874431802193744,0.5796992481203007,-0.5743677375256323,1.0
