,abilities,v_measure,mutual_info,adjusted_rand_score,calinski_harabasz,davies_bouldin,silhouette
abilities,1.0,0.7893005824398455,0.7315500777550539,0.8589254690795638,0.8517919580419581,-0.8092657342657342,0.8480332167832167
v_measure,0.7893005824398455,1.0,0.968738048726386,0.977490766843681,0.8438684863756197,-0.8383177264238029,0.6599285394683663
mutual_info,0.7315500777550539,0.968738048726386,1.0,0.935869838446552,0.8241001772111451,-0.8305907036665073,0.6110928999033479
adjusted_rand_score,0.8589254690795638,0.977490766843681,0.935869838446552,1.0,0.83333515449855,-0.826560604951057,0.7010129044660658
calinski_harabasz,0.8517919580419581,0.8438684863756197,0.8241001772111451,0.83333515449855,1.0,-0.9660402097902098,0.7963723776223777
davies_bouldin,-0.8092657342657342,-0.8383177264238029,-0.8305907036665073,-0.826560604951057,-0.9660402097902098,1.0,-0.7364947552447553
silhouette,0.8480332167832167,0.6599285394683663,0.6110928999033479,0.7010129044660658,0.7963723776223777,-0.7364947552447553,1.0
