,abilities,v_measure,mutual_info,adjusted_rand_score,calinski_harabasz,davies_bouldin,silhouette
abilities,1.0,0.1367910338757057,0.09665003126551215,0.05950186282379575,0.24714802502914188,-0.32653533468059176,0.5207873748515187
v_measure,0.1367910338757057,1.0,0.9977167540882443,0.9322739895094106,0.7818950360082129,-0.7517567475767609,0.4290551747097245
mutual_info,0.09665003126551215,0.9977167540882443,1.0,0.9323665535328602,0.7756317303374028,-0.7446603366618151,0.4123940360398517
adjusted_rand_score,0.05950186282379575,0.9322739895094106,0.9323665535328602,1.0,0.7092345194823134,-0.6561094700274911,0.3831136275255752
calinski_harabasz,0.24714802502914188,0.7818950360082129,0.7756317303374028,0.7092345194823134,1.0,-0.9811719515591105,0.4729303416340055
davies_bouldin,-0.32653533468059176,-0.7517567475767609,-0.7446603366618151,-0.6561094700274911,-0.9811719515591105,1.0,-0.48178887123397557
silhouette,0.5207873748515187,0.4290551747097245,0.4123940360398517,0.3831136275255752,0.4729303416340055,-0.48178887123397557,1.0
