,abilities,v_measure,mutual_info,adjusted_rand_score,calinski_harabasz,davies_bouldin,silhouette
abilities,1.0,0.4866982916185999,0.4451695014497428,0.5087585330530224,0.47627421942490433,-0.47781685795384427,0.7061273602369493
v_measure,0.4866982916185999,1.0,0.9896946977059904,0.962758982428534,0.7914690117433918,-0.7829843034993831,0.5263141657469895
mutual_info,0.4451695014497428,0.9896946977059904,1.0,0.9513429289890621,0.780485171252966,-0.7767827531101258,0.5111342513613449
adjusted_rand_score,0.5087585330530224,0.962758982428534,0.9513429289890621,1.0,0.7757645881208448,-0.765706352166129,0.5341509508160012
calinski_harabasz,0.47627421942490433,0.7914690117433918,0.780485171252966,0.7757645881208448,1.0,-0.9912378131556214,0.4849438479575466
davies_bouldin,-0.47781685795384427,-0.7829843034993831,-0.7767827531101258,-0.765706352166129,-0.9912378131556214,1.0,-0.48108725163519683
silhouette,0.7061273602369493,0.5263141657469895,0.5111342513613449,0.5341509508160012,0.4849438479575466,-0.48108725163519683,1.0
