,abilities,v_measure,mutual_info,adjusted_rand_score,calinski_harabasz,davies_bouldin,silhouette
abilities,1.0,0.48322727460968723,0.44194531231701956,0.5062748275488672,0.47349747007281257,-0.4758114278662224,0.6996791311859805
v_measure,0.48322727460968723,1.0,0.988954196942349,0.9627281282300489,0.7916849861350574,-0.7835396662208092,0.5263141657469895
mutual_info,0.44194531231701956,0.988954196942349,1.0,0.9510343870042116,0.7802383433767767,-0.7771838484089335,0.5108874234851556
adjusted_rand_score,0.5062748275488672,0.9627281282300489,0.9510343870042116,1.0,0.7757028811517974,-0.7660148870113658,0.5341509508160012
calinski_harabasz,0.47349747007281257,0.7916849861350574,0.7802383433767767,0.7757028811517974,1.0,-0.991453782549673,0.4848512896458102
davies_bouldin,-0.4758114278662224,-0.7835396662208092,-0.7771838484089335,-0.7660148870113658,-0.991453782549673,1.0,-0.48185857089966677
silhouette,0.6996791311859805,0.5263141657469895,0.5108874234851556,0.5341509508160012,0.4848512896458102,-0.48185857089966677,1.0
