,abilities,v_measure,mutual_info,adjusted_rand_score,calinski_harabasz,davies_bouldin,silhouette
abilities,1.0,0.4267036909623276,0.3862547727517989,0.4064946585993251,0.39389732197951377,-0.3993891151425398,0.7405590522028879
v_measure,0.4267036909623276,1.0,0.9884913839650731,0.9455114854753861,0.8159512517129223,-0.8078213585409358,0.4873462147935969
mutual_info,0.3862547727517989,0.9884913839650731,1.0,0.9333240770737878,0.8044737554701178,-0.8004782292243028,0.47201203298533395
adjusted_rand_score,0.4064946585993251,0.9455114854753861,0.9333240770737878,1.0,0.8332909100152237,-0.8242662657920508,0.47040765179010324
calinski_harabasz,0.39389732197951377,0.8159512517129223,0.8044737554701178,0.8332909100152237,1.0,-0.9912378131556214,0.5245279526101444
davies_bouldin,-0.3993891151425398,-0.8078213585409358,-0.8004782292243028,-0.8242662657920508,-0.9912378131556214,1.0,-0.5265950882389239
silhouette,0.7405590522028879,0.4873462147935969,0.47201203298533395,0.47040765179010324,0.5245279526101444,-0.5265950882389239,1.0
