,abilities,v_measure,mutual_info,adjusted_rand_score,calinski_harabasz,davies_bouldin,silhouette
abilities,1.0,0.9414316702819957,0.5531789911431378,0.93151533932445,0.8187170746823675,-0.3139138518748063,0.6656337155252556
v_measure,0.9414316702819957,1.0,0.46759997078041615,0.948868918500155,0.7926867059188101,-0.3532692903625658,0.7077781220948249
mutual_info,0.5531789911431378,0.46759997078041615,1.0,0.4277369150846567,0.6863722169202388,0.2535733265091364,-0.01028213738184271
adjusted_rand_score,0.93151533932445,0.948868918500155,0.4277369150846567,1.0,0.7105670901766347,-0.2847846296870158,0.6284474744344593
calinski_harabasz,0.8187170746823675,0.7926867059188101,0.6863722169202388,0.7105670901766347,1.0,-0.28695382708397893,0.6042764177254416
davies_bouldin,-0.3139138518748063,-0.3532692903625658,0.2535733265091364,-0.2847846296870158,-0.28695382708397893,1.0,-0.8546637744034707
silhouette,0.6656337155252556,0.7077781220948249,-0.01028213738184271,0.6284474744344593,0.6042764177254416,-0.8546637744034707,1.0
