,abilities,v_measure,mutual_info,adjusted_rand_score,calinski_harabasz,davies_bouldin,silhouette
abilities,1.0,0.9533146591970122,0.33992377429332815,0.9125427948957361,0.7332710862122627,-0.4774354186118892,0.813881107998755
v_measure,0.9533146591970122,1.0,0.47864207992878127,0.9470899470899471,0.8117024587612823,-0.3572984749455338,0.7329598506069094
mutual_info,0.33992377429332815,0.47864207992878127,1.0,0.4294194553484592,0.7049383020253269,0.2737608957989991,0.030204792356106732
adjusted_rand_score,0.9125427948957361,0.9470899470899471,0.4294194553484592,1.0,0.7136632430750078,-0.30314347961406785,0.643635231870526
calinski_harabasz,0.7332710862122627,0.8117024587612823,0.7049383020253269,0.7136632430750078,1.0,-0.27108621226268287,0.6181139122315593
davies_bouldin,-0.4774354186118892,-0.3572984749455338,0.2737608957989991,-0.30314347961406785,-0.27108621226268287,1.0,-0.8278867102396514
silhouette,0.813881107998755,0.7329598506069094,0.030204792356106732,0.643635231870526,0.6181139122315593,-0.8278867102396514,1.0
