,abilities,v_measure,mutual_info,adjusted_rand_score,calinski_harabasz,davies_bouldin,silhouette
abilities,1.0,0.9672131147540983,0.5819785434240405,0.9865729898516784,0.7729898516783763,-0.2730679156908665,0.6802498048399688
v_measure,0.9672131147540983,1.0,0.6429339020869077,0.98064012490242,0.8363778298204527,-0.22591725214676034,0.6733801717408274
mutual_info,0.5819785434240405,0.6429339020869077,1.0,0.6297107819536931,0.7672634828516445,0.23366220820765718,0.16577277435298246
adjusted_rand_score,0.9865729898516784,0.98064012490242,0.6297107819536931,1.0,0.7964090554254488,-0.2046838407494145,0.6377829820452772
calinski_harabasz,0.7729898516783763,0.8363778298204527,0.7672634828516445,0.7964090554254488,1.0,-0.23278688524590163,0.6256049960967994
davies_bouldin,-0.2730679156908665,-0.22591725214676034,0.23366220820765718,-0.2046838407494145,-0.23278688524590163,1.0,-0.8223263075722093
silhouette,0.6802498048399688,0.6733801717408274,0.16577277435298246,0.6377829820452772,0.6256049960967994,-0.8223263075722093,1.0
