,abilities,v_measure,mutual_info,adjusted_rand_score,calinski_harabasz,davies_bouldin,silhouette
abilities,1.0,0.8059400989577851,0.8334214278731702,0.8070191599115696,0.7537503947783978,-0.7217733445625856,0.5061980208442994
v_measure,0.8059400989577851,1.0,0.9808969347833714,0.9984472049689441,0.8943704600484261,-0.8746183808821981,0.49622328666175386
mutual_info,0.8334214278731702,0.9808969347833714,1.0,0.9791904541378037,0.8888919319466627,-0.8523574331834467,0.4685969497815493
adjusted_rand_score,0.8070191599115696,0.9984472049689441,0.9791904541378037,1.0,0.8941467522897147,-0.8737893462469734,0.4959337825034214
calinski_harabasz,0.7537503947783978,0.8943704600484261,0.8888919319466627,0.8941467522897147,1.0,-0.8754737340772712,0.41021423307716604
davies_bouldin,-0.7217733445625856,-0.8746183808821981,-0.8523574331834467,-0.8737893462469734,-0.8754737340772712,1.0,-0.4794320454784714
silhouette,0.5061980208442994,0.49622328666175386,0.4685969497815493,0.4959337825034214,0.41021423307716604,-0.4794320454784714,1.0
