,abilities,v_measure,mutual_info,adjusted_rand_score,calinski_harabasz,davies_bouldin,silhouette
abilities,1.0,0.801427584618927,0.8333623765748148,0.8035722509127989,0.7515344889970724,-0.7158251373310088,0.47430676622479523
v_measure,0.801427584618927,1.0,0.976047429749353,0.9975921844676162,0.8933061412453538,-0.8759909213512713,0.4695174500838788
mutual_info,0.8333623765748148,0.976047429749353,1.0,0.9747565795106172,0.8882169257504773,-0.8498141311480895,0.4309793304725873
adjusted_rand_score,0.8035722509127989,0.9975921844676162,0.9747565795106172,1.0,0.8919246077431664,-0.8741620341436137,0.4671491069372718
calinski_harabasz,0.7515344889970724,0.8933061412453538,0.8882169257504773,0.8919246077431664,1.0,-0.8743725535344232,0.38202032827867505
davies_bouldin,-0.7158251373310088,-0.8759909213512713,-0.8498141311480895,-0.8741620341436137,-0.8743725535344232,1.0,-0.4454787671458176
silhouette,0.47430676622479523,0.4695174500838788,0.4309793304725873,0.4671491069372718,0.38202032827867505,-0.4454787671458176,1.0
