,abilities,v_measure,mutual_info,adjusted_rand_score,calinski_harabasz,davies_bouldin,silhouette
abilities,1.0,0.8380018029043869,0.862613626153577,0.8386861169782269,0.7856254564835469,-0.7506727991735591,0.5316659757726498
v_measure,0.8380018029043869,1.0,0.9748340254995383,0.9984076537897182,0.8934970423156136,-0.872664942721596,0.49376550399073543
mutual_info,0.862613626153577,0.9748340254995383,1.0,0.973450702896659,0.8872235939838488,-0.8472653325121065,0.46134467531073914
adjusted_rand_score,0.8386861169782269,0.9984076537897182,0.973450702896659,1.0,0.892865367785915,-0.8717569105851544,0.4930680300308599
calinski_harabasz,0.7856254564835469,0.8934970423156136,0.8872235939838488,0.892865367785915,1.0,-0.8696644887055278,0.40401508122939656
davies_bouldin,-0.7506727991735591,-0.872664942721596,-0.8472653325121065,-0.8717569105851544,-0.8696644887055278,1.0,-0.4796186265026945
silhouette,0.5316659757726498,0.49376550399073543,0.46134467531073914,0.4930680300308599,0.40401508122939656,-0.4796186265026945,1.0
