,abilities,v_measure,mutual_info,adjusted_rand_score,calinski_harabasz,davies_bouldin,silhouette
abilities,1.0,0.7901253248248413,0.823509985738374,0.7914147560935496,0.7869675339626986,-0.7627051741719022,0.5092924574849511
v_measure,0.7901253248248413,1.0,0.975844781126867,0.9973290352291043,0.9030295056083681,-0.8809118121114436,0.4756225124173547
mutual_info,0.823509985738374,0.975844781126867,1.0,0.9741657073069376,0.8975143412763585,-0.8573482616623621,0.4480756642053844
adjusted_rand_score,0.7914147560935496,0.9973290352291043,0.9741657073069376,1.0,0.9012532482484129,-0.8805697181013783,0.4729647051083846
calinski_harabasz,0.7869675339626986,0.9030295056083681,0.8975143412763585,0.9012532482484129,1.0,-0.9085030097694154,0.39858557284299856
davies_bouldin,-0.7627051741719022,-0.8809118121114436,-0.8573482616623621,-0.8805697181013783,-0.9085030097694154,1.0,-0.4695700799315812
silhouette,0.5092924574849511,0.4756225124173547,0.4480756642053844,0.4729647051083846,0.39858557284299856,-0.4695700799315812,1.0
