,abilities,v_measure,mutual_info,adjusted_rand_score,calinski_harabasz,davies_bouldin,silhouette
abilities,1.0,0.7302771743123118,0.7609856952446922,0.7741674800331644,0.7151433099293683,-0.6026363569576945,0.42566879716213807
v_measure,0.7302771743123118,1.0,0.9765330646600128,0.9881615818141746,0.8813009665942508,-0.7987678809441349,0.5015900003148516
mutual_info,0.7609856952446922,0.9765330646600128,1.0,0.9740562324863826,0.8504455149397059,-0.7547516346042841,0.45352266406389385
adjusted_rand_score,0.7741674800331644,0.9881615818141746,0.9740562324863826,1.0,0.8615282894115425,-0.7582359917298993,0.46687236967769696
calinski_harabasz,0.7151433099293683,0.8813009665942508,0.8504455149397059,0.8615282894115425,1.0,-0.8979880986115046,0.42615156953496425
davies_bouldin,-0.6026363569576945,-0.7987678809441349,-0.7547516346042841,-0.7582359917298993,-0.8979880986115046,1.0,-0.4949361376111164
silhouette,0.42566879716213807,0.5015900003148516,0.45352266406389385,0.46687236967769696,0.42615156953496425,-0.4949361376111164,1.0
