,abilities,v_measure,mutual_info,adjusted_rand_score,calinski_harabasz,davies_bouldin,silhouette
abilities,1.0,0.7126874678589046,0.7485175739638761,0.7672197558851002,0.692788850057198,-0.5693670434390184,0.47791316394320077
v_measure,0.7126874678589046,1.0,0.9753576188826968,0.980773065499617,0.8549373970173063,-0.8003841188879444,0.518256142228939
mutual_info,0.7485175739638761,0.9753576188826968,1.0,0.9736154403198892,0.8199468950389891,-0.7480557916942162,0.4720149449534545
adjusted_rand_score,0.7672197558851002,0.980773065499617,0.9736154403198892,1.0,0.8220039251492921,-0.7374138093888731,0.47461771774608275
calinski_harabasz,0.692788850057198,0.8549373970173063,0.8199468950389891,0.8220039251492921,1.0,-0.8868213637270027,0.44332147392504434
davies_bouldin,-0.5693670434390184,-0.8003841188879444,-0.7480557916942162,-0.7374138093888731,-0.8868213637270027,1.0,-0.5134494086038432
silhouette,0.47791316394320077,0.518256142228939,0.4720149449534545,0.47461771774608275,0.44332147392504434,-0.5134494086038432,1.0
