,abilities,v_measure,mutual_info,adjusted_rand_score,calinski_harabasz,davies_bouldin,silhouette
abilities,1.0,0.7003452871970866,0.731410639883295,0.7522118321211548,0.6759757774209461,-0.5433393155127357,0.4972030687530829
v_measure,0.7003452871970866,1.0,0.9755255397080277,0.9801223723014598,0.859387298888574,-0.8001112475467816,0.5215096082197244
mutual_info,0.731410639883295,0.9755255397080277,1.0,0.9704669248449356,0.8223397667999538,-0.7478458906625526,0.4718260340249572
adjusted_rand_score,0.7522118321211548,0.9801223723014598,0.9704669248449356,1.0,0.8279231342422048,-0.7367211359843834,0.47791316394320077
calinski_harabasz,0.6759757774209461,0.859387298888574,0.8223397667999538,0.8279231342422048,1.0,-0.8886265125993095,0.44667989043166145
davies_bouldin,-0.5433393155127357,-0.8001112475467816,-0.7478458906625526,-0.7367211359843834,-0.8886265125993095,1.0,-0.512672774786688
silhouette,0.4972030687530829,0.5215096082197244,0.4718260340249572,0.47791316394320077,0.44667989043166145,-0.512672774786688,1.0
