,abilities,v_measure,mutual_info,adjusted_rand_score,calinski_harabasz,davies_bouldin,silhouette
abilities,1.0,0.8896386962418575,0.8703641791228309,0.9113045572340638,0.8244645086927288,-0.8292671213139948,0.8374795888963597
v_measure,0.8896386962418575,1.0,0.9883133155807503,0.9674343775419127,0.7958117726025826,-0.8084437055010364,0.7765276621131182
mutual_info,0.8703641791228309,0.9883133155807503,1.0,0.9450763563114128,0.8002738610690039,-0.8133647532346433,0.7788240139058554
adjusted_rand_score,0.9113045572340638,0.9674343775419127,0.9450763563114128,1.0,0.7731524289100613,-0.773920874609065,0.7666926822528117
calinski_harabasz,0.8244645086927288,0.7958117726025826,0.8002738610690039,0.7731524289100613,1.0,-0.9943329171069062,0.9852559792527135
davies_bouldin,-0.8292671213139948,-0.8084437055010364,-0.8133647532346433,-0.773920874609065,-0.9943329171069062,1.0,-0.9778599558159639
silhouette,0.8374795888963597,0.7765276621131182,0.7788240139058554,0.7666926822528117,0.9852559792527135,-0.9778599558159639,1.0
