,abilities,v_measure,mutual_info,adjusted_rand_score,calinski_harabasz,davies_bouldin,silhouette
abilities,1.0,0.9038951069452156,0.8849604566451392,0.9253638164459866,0.7961771203534723,-0.8008356545961003,0.8080395735279993
v_measure,0.9038951069452156,1.0,0.9890828064868952,0.9676753121998078,0.7551030218593348,-0.7671341442976863,0.750780462899448
mutual_info,0.8849604566451392,0.9890828064868952,1.0,0.9456541517979109,0.7592684017753093,-0.7714941338465388,0.7531915644196688
adjusted_rand_score,0.9253638164459866,0.9676753121998078,0.9456541517979109,1.0,0.7334421986270132,-0.7338984687394456,0.7434801411005281
calinski_harabasz,0.7961771203534723,0.7551030218593348,0.7592684017753093,0.7334421986270132,1.0,-0.9935644990875035,0.981365863029488
davies_bouldin,-0.8008356545961003,-0.7671341442976863,-0.7714941338465388,-0.7338984687394456,-0.9935644990875035,1.0,-0.9737297089616751
silhouette,0.8080395735279993,0.750780462899448,0.7531915644196688,0.7434801411005281,0.981365863029488,-0.9737297089616751,1.0
