,abilities,v_measure,mutual_info,adjusted_rand_score,calinski_harabasz,davies_bouldin,silhouette
abilities,1.0,0.8935051243723728,0.8745331505199816,0.9125772954230386,0.8269138411295744,-0.8332532897896455,0.841657861876861
v_measure,0.8935051243723728,1.0,0.9891422027996968,0.9682509197268648,0.7959558630919187,-0.8097885500681721,0.7785929591269338
mutual_info,0.8745331505199816,0.9891422027996968,1.0,0.9461459281868763,0.7993514986996201,-0.813186844210332,0.7783823031599474
adjusted_rand_score,0.9125772954230386,0.9682509197268648,0.9461459281868763,1.0,0.7734405960471877,-0.774977487445195,0.7684697129317577
calinski_harabasz,0.8269138411295744,0.7959558630919187,0.7993514986996201,0.7734405960471877,1.0,-0.9936605513399289,0.984343482854673
davies_bouldin,-0.8332532897896455,-0.8097885500681721,-0.813186844210332,-0.774977487445195,-0.9936605513399289,1.0,-0.9776678513111132
silhouette,0.841657861876861,0.7785929591269338,0.7783823031599474,0.7684697129317577,0.984343482854673,-0.9776678513111132,1.0
