,abilities,v_measure,mutual_info,adjusted_rand_score,calinski_harabasz,davies_bouldin,silhouette
abilities,1.0,0.8577568126706568,0.8313023188845239,0.9050117045661996,0.8449128535074663,-0.8376146348489941,0.8732894800019206
v_measure,0.8577568126706568,1.0,0.9831660413794854,0.9526519255143386,0.8326910870806618,-0.8326430684492633,0.8111547308984532
mutual_info,0.8313023188845239,0.9831660413794854,1.0,0.9203006565515159,0.8311102212949493,-0.8320707092428228,0.7969888869467427
adjusted_rand_score,0.9050117045661996,0.9526519255143386,0.9203006565515159,1.0,0.7887641803326061,-0.7812736335418418,0.7955104740768523
calinski_harabasz,0.8449128535074663,0.8326910870806618,0.8311102212949493,0.7887641803326061,1.0,-0.9951985403562683,0.9793057089355164
davies_bouldin,-0.8376146348489941,-0.8326430684492633,-0.8320707092428228,-0.7812736335418418,-0.9951985403562683,1.0,-0.9708551399625486
silhouette,0.8732894800019206,0.8111547308984532,0.7969888869467427,0.7955104740768523,0.9793057089355164,-0.9708551399625486,1.0
