,abilities,v_measure,mutual_info,adjusted_rand_score,calinski_harabasz,davies_bouldin,silhouette
abilities,1.0,0.7131397680704508,0.6318772342837213,0.8390443805039672,0.7295317813235679,-0.6489667800156945,0.7434824309006888
v_measure,0.7131397680704508,1.0,0.4860929462028076,0.9400122068183799,0.8411369779405353,-0.7255209695701456,0.9030429854390095
mutual_info,0.6318772342837213,0.4860929462028076,1.0,0.5117272648007672,0.5589850902432645,-0.5384078821170111,0.37274391838869997
adjusted_rand_score,0.8390443805039672,0.9400122068183799,0.5117272648007672,1.0,0.8163745749411457,-0.7058156770424623,0.864678699101927
calinski_harabasz,0.7295317813235679,0.8411369779405353,0.5589850902432645,0.8163745749411457,1.0,-0.8788037317987619,0.8332897375534049
davies_bouldin,-0.6489667800156945,-0.7255209695701456,-0.5384078821170111,-0.7058156770424623,-0.8788037317987619,1.0,-0.6913418781061993
silhouette,0.7434824309006888,0.9030429854390095,0.37274391838869997,0.864678699101927,0.8332897375534049,-0.6913418781061993,1.0
