,abilities,v_measure,mutual_info,adjusted_rand_score,calinski_harabasz,davies_bouldin,silhouette
abilities,1.0,0.6024064870520534,0.760027906621634,0.7002354172116139,0.7433080477809748,-0.656465254163397,0.6552445723253989
v_measure,0.6024064870520534,1.0,0.4868329282547708,0.9459412328886564,0.8254424971662743,-0.7555148661609556,0.8936262969744528
mutual_info,0.760027906621634,0.4868329282547708,1.0,0.49590164122960445,0.5517963048533386,-0.5382804345543077,0.36885246041871406
adjusted_rand_score,0.7002354172116139,0.9459412328886564,0.49590164122960445,1.0,0.8165489580608597,-0.7375534048304124,0.8603191211090766
calinski_harabasz,0.7433080477809748,0.8254424971662743,0.5517963048533386,0.8165489580608597,1.0,-0.9349550963466736,0.8409625948208214
davies_bouldin,-0.656465254163397,-0.7555148661609556,-0.5382804345543077,-0.7375534048304124,-0.9349550963466736,1.0,-0.7249978202110036
silhouette,0.6552445723253989,0.8936262969744528,0.36885246041871406,0.8603191211090766,0.8409625948208214,-0.7249978202110036,1.0
