,abilities,v_measure,mutual_info,adjusted_rand_score,calinski_harabasz,davies_bouldin,silhouette
abilities,1.0,0.6072892144040457,0.7749923711424308,0.6880285988316331,0.7413898334641207,-0.6620455139942454,0.6383294097131398
v_measure,0.6072892144040457,1.0,0.4727732489124955,0.940709739297236,0.8374749324265411,-0.7576074635975237,0.9096695439881419
mutual_info,0.7749923711424308,0.4727732489124955,1.0,0.4669311597060888,0.5537777395505826,-0.5392161142152107,0.37223699734552623
adjusted_rand_score,0.6880285988316331,0.940709739297236,0.4669311597060888,1.0,0.820385386694568,-0.7284854826052838,0.8733978550876276
calinski_harabasz,0.7413898334641207,0.8374749324265411,0.5537777395505826,0.820385386694568,1.0,-0.9421048042549481,0.8428808091376755
davies_bouldin,-0.6620455139942454,-0.7576074635975237,-0.5392161142152107,-0.7284854826052838,-0.9421048042549481,1.0,-0.7181968785421571
silhouette,0.6383294097131398,0.9096695439881419,0.37223699734552623,0.8733978550876276,0.8428808091376755,-0.7181968785421571,1.0
