,abilities,v_measure,mutual_info,adjusted_rand_score,calinski_harabasz,davies_bouldin,silhouette
abilities,1.0,0.6754561475070592,0.6966142052905199,0.5451703184187948,0.4844774814167031,-0.44836029733275035,0.7854831657192829
v_measure,0.6754561475070592,1.0,0.9955144005612189,0.9453038739518975,-0.017097941519131205,0.041607906279931814,0.292261105225354
mutual_info,0.6966142052905199,0.9955144005612189,1.0,0.9227472942959699,0.025359671574950924,0.002735081058558124,0.32059526135994904
adjusted_rand_score,0.5451703184187948,0.9453038739518975,0.9227472942959699,1.0,-0.18498841243799571,0.19600769619508704,0.13089772193195606
calinski_harabasz,0.4844774814167031,-0.017097941519131205,0.025359671574950924,-0.18498841243799571,1.0,-0.984827284652383,0.765019676432007
davies_bouldin,-0.44836029733275035,0.041607906279931814,0.002735081058558124,0.19600769619508704,-0.984827284652383,1.0,-0.7844774814167031
silhouette,0.7854831657192829,0.292261105225354,0.32059526135994904,0.13089772193195606,0.765019676432007,-0.7844774814167031,1.0
