,abilities,v_measure,mutual_info,adjusted_rand_score,calinski_harabasz,davies_bouldin,silhouette
abilities,1.0,0.6630371823115777,0.6924664470304521,0.5425904067455075,0.48439003060778313,-0.44818539571491034,0.7870572802798426
v_measure,0.6630371823115777,1.0,0.9937947297010821,0.9564989236468845,-0.033933510534132516,0.05319602521233532,0.2826407800739246
mutual_info,0.6924664470304521,0.9937947297010821,1.0,0.9308078878141586,0.021735338914566915,0.0014884220001918935,0.31966051310003546
adjusted_rand_score,0.5425904067455075,0.9564989236468845,0.9308078878141586,1.0,-0.18520704902047766,0.19535178644764112,0.13199090484436593
calinski_harabasz,0.48439003060778313,-0.033933510534132516,0.021735338914566915,-0.18520704902047766,1.0,-0.984827284652383,0.765019676432007
davies_bouldin,-0.44818539571491034,0.05319602521233532,0.0014884220001918935,0.19535178644764112,-0.984827284652383,1.0,-0.7844774814167031
silhouette,0.7870572802798426,0.2826407800739246,0.31966051310003546,0.13199090484436593,0.765019676432007,-0.7844774814167031,1.0
