,abilities,v_measure,mutual_info,adjusted_rand_score,calinski_harabasz,davies_bouldin,silhouette
abilities,1.0,0.30769567160760675,0.3653701664525148,0.076462359083299,0.7313224043715847,-0.7112568306010929,0.894775956284153
v_measure,0.30769567160760675,1.0,0.9943789534710358,0.9310627512137577,-0.11288295312458661,0.0671963977352787,0.13039248942450796
mutual_info,0.3653701664525148,0.9943789534710358,1.0,0.897674089706403,-0.05222698177233361,0.010454144592619542,0.17839844653137574
adjusted_rand_score,0.076462359083299,0.9310627512137577,0.897674089706403,1.0,-0.31876803387985975,0.2502841656671737,-0.07176270007732151
calinski_harabasz,0.7313224043715847,-0.11288295312458661,-0.05222698177233361,-0.31876803387985975,1.0,-0.9598251366120218,0.7989945355191257
davies_bouldin,-0.7112568306010929,0.0671963977352787,0.010454144592619542,0.2502841656671737,-0.9598251366120218,1.0,-0.7984262295081967
silhouette,0.894775956284153,0.13039248942450796,0.17839844653137574,-0.07176270007732151,0.7989945355191257,-0.7984262295081967,1.0
