,abilities,v_measure,mutual_info,adjusted_rand_score,calinski_harabasz,davies_bouldin,silhouette
abilities,1.0,-0.3576245462035244,-0.5527471349733167,-0.4359364906276538,0.19055906476538162,-0.8623015213812474,0.8148792883688579
v_measure,-0.3576245462035244,1.0,0.9291802572333409,0.9399739016963897,0.724227925184863,0.13179643323183993,-0.15789473684210525
mutual_info,-0.5527471349733167,0.9291802572333409,1.0,0.9126188830425027,0.6031826810557898,0.2553938230481884,-0.3046421199841019
adjusted_rand_score,-0.4359364906276538,0.9399739016963897,0.9126188830425027,1.0,0.7103088299260548,0.2231404958677686,-0.21009134406263594
calinski_harabasz,0.19055906476538162,0.724227925184863,0.6031826810557898,0.7103088299260548,1.0,-0.43018703784254025,0.49978251413658115
davies_bouldin,-0.8623015213812474,0.13179643323183993,0.2553938230481884,0.2231404958677686,-0.43018703784254025,1.0,-0.8982166159199652
silhouette,0.8148792883688579,-0.15789473684210525,-0.3046421199841019,-0.21009134406263594,0.49978251413658115,-0.8982166159199652,1.0
