,abilities,v_measure,mutual_info,adjusted_rand_score,calinski_harabasz,davies_bouldin,silhouette
abilities,1.0,0.7904347826086957,0.3095652173913043,0.7695652173913043,0.7730434782608696,-0.7747826086956522,0.8095652173913044
v_measure,0.7904347826086957,1.0,0.7026086956521739,0.9834782608695652,0.9739130434782609,-0.7617391304347826,0.8695652173913043
mutual_info,0.3095652173913043,0.7026086956521739,1.0,0.662608695652174,0.6513043478260869,-0.5547826086956522,0.5573913043478261
adjusted_rand_score,0.7695652173913043,0.9834782608695652,0.662608695652174,1.0,0.9843478260869565,-0.7539130434782608,0.8582608695652174
calinski_harabasz,0.7730434782608696,0.9739130434782609,0.6513043478260869,0.9843478260869565,1.0,-0.7643478260869565,0.8852173913043478
davies_bouldin,-0.7747826086956522,-0.7617391304347826,-0.5547826086956522,-0.7539130434782608,-0.7643478260869565,1.0,-0.8582608695652174
silhouette,0.8095652173913044,0.8695652173913043,0.5573913043478261,0.8582608695652174,0.8852173913043478,-0.8582608695652174,1.0
