,abilities,v_measure,mutual_info,adjusted_rand_score,calinski_harabasz,davies_bouldin,silhouette
abilities,1.0,0.7678260869565218,0.27217391304347827,0.7539130434782608,0.7521739130434782,-0.7443478260869565,0.7947826086956522
v_measure,0.7678260869565218,1.0,0.7104347826086956,0.9826086956521739,0.9739130434782609,-0.7547826086956522,0.8721739130434782
mutual_info,0.27217391304347827,0.7104347826086956,1.0,0.6617391304347826,0.6547826086956522,-0.5669565217391305,0.5695652173913044
adjusted_rand_score,0.7539130434782608,0.9826086956521739,0.6617391304347826,1.0,0.9895652173913043,-0.7495652173913043,0.8660869565217392
calinski_harabasz,0.7521739130434782,0.9739130434782609,0.6547826086956522,0.9895652173913043,1.0,-0.7539130434782608,0.8834782608695653
davies_bouldin,-0.7443478260869565,-0.7547826086956522,-0.5669565217391305,-0.7495652173913043,-0.7539130434782608,1.0,-0.8460869565217392
silhouette,0.7947826086956522,0.8721739130434782,0.5695652173913044,0.8660869565217392,0.8834782608695653,-0.8460869565217392,1.0
