,abilities,v_measure,mutual_info,adjusted_rand_score,calinski_harabasz,davies_bouldin,silhouette
abilities,1.0,0.7643478260869565,0.24608695652173912,0.7495652173913043,0.7504347826086957,-0.7617391304347826,0.7895652173913044
v_measure,0.7643478260869565,1.0,0.6939130434782609,0.9834782608695652,0.9782608695652174,-0.78,0.8765217391304347
mutual_info,0.24608695652173912,0.6939130434782609,1.0,0.6547826086956522,0.6513043478260869,-0.5643478260869565,0.5660869565217391
adjusted_rand_score,0.7495652173913043,0.9834782608695652,0.6547826086956522,1.0,0.9843478260869565,-0.7652173913043478,0.8582608695652174
calinski_harabasz,0.7504347826086957,0.9782608695652174,0.6513043478260869,0.9843478260869565,1.0,-0.7713043478260869,0.8852173913043478
davies_bouldin,-0.7617391304347826,-0.78,-0.5643478260869565,-0.7652173913043478,-0.7713043478260869,1.0,-0.8660869565217392
silhouette,0.7895652173913044,0.8765217391304347,0.5660869565217391,0.8582608695652174,0.8852173913043478,-0.8660869565217392,1.0
