,abilities,v_measure,mutual_info,adjusted_rand_score,calinski_harabasz,davies_bouldin,silhouette
abilities,1.0,0.5592969472710453,0.44643848288621646,0.5686709836571077,0.585445575084798,-0.5892691951896393,0.807708911501696
v_measure,0.5592969472710453,1.0,0.9559666975023127,0.9775516497070613,0.9095898859081097,-0.8817144619179772,0.6148011100832562
mutual_info,0.44643848288621646,0.9559666975023127,1.0,0.9306814677767499,0.8623496762257169,-0.8529756398396546,0.5633672525439408
adjusted_rand_score,0.5686709836571077,0.9775516497070613,0.9306814677767499,1.0,0.9010792476102374,-0.8687634905951279,0.614554424915202
calinski_harabasz,0.585445575084798,0.9095898859081097,0.8623496762257169,0.9010792476102374,1.0,-0.9660807893925377,0.6485969781066914
davies_bouldin,-0.5892691951896393,-0.8817144619179772,-0.8529756398396546,-0.8687634905951279,-0.9660807893925377,1.0,-0.6409497378970089
silhouette,0.807708911501696,0.6148011100832562,0.5633672525439408,0.614554424915202,0.6485969781066914,-0.6409497378970089,1.0
