,abilities,v_measure,mutual_info,adjusted_rand_score,calinski_harabasz,davies_bouldin,silhouette
abilities,1.0,0.7972005268347172,0.7020816051323737,0.8798138495992888,0.8222222222222222,-0.7632034632034632,0.7963924963924964
v_measure,0.7972005268347172,1.0,0.949690639979896,0.9729427468523395,0.8292718123970334,-0.8203250420714379,0.6163170332357819
mutual_info,0.7020816051323737,0.949690639979896,1.0,0.9032956330275276,0.7966376858605969,-0.8056206939114658,0.5372127425120075
adjusted_rand_score,0.8798138495992888,0.9729427468523395,0.9032956330275276,1.0,0.8315806563520258,-0.8211187071809666,0.6563610455801813
calinski_harabasz,0.8222222222222222,0.8292718123970334,0.7966376858605969,0.8315806563520258,1.0,-0.9441558441558442,0.7851370851370851
davies_bouldin,-0.7632034632034632,-0.8203250420714379,-0.8056206939114658,-0.8211187071809666,-0.9441558441558442,1.0,-0.6987012987012987
silhouette,0.7963924963924964,0.6163170332357819,0.5372127425120075,0.6563610455801813,0.7851370851370851,-0.6987012987012987,1.0
