,abilities,v_measure,mutual_info,adjusted_rand_score,calinski_harabasz,davies_bouldin,silhouette
abilities,1.0,0.5496762257169288,0.44779525131051495,0.5673142152328091,0.5766882516188714,-0.5770582793709528,0.7991982732038236
v_measure,0.5496762257169288,1.0,0.9647240209682393,0.9766882516188714,0.9051495528831329,-0.8788775824853531,0.6101140918902251
mutual_info,0.44779525131051495,0.9647240209682393,1.0,0.9351218008017268,0.8639531298180697,-0.8581560283687943,0.5673142152328091
adjusted_rand_score,0.5673142152328091,0.9766882516188714,0.9351218008017268,1.0,0.9003391921060746,-0.8653098982423681,0.6125809435707678
calinski_harabasz,0.5766882516188714,0.9051495528831329,0.8639531298180697,0.9003391921060746,1.0,-0.9618871415356152,0.64650015417823
davies_bouldin,-0.5770582793709528,-0.8788775824853531,-0.8581560283687943,-0.8653098982423681,-0.9618871415356152,1.0,-0.6378661732963306
silhouette,0.7991982732038236,0.6101140918902251,0.5673142152328091,0.6125809435707678,0.64650015417823,-0.6378661732963306,1.0
