,abilities,v_measure,mutual_info,adjusted_rand_score,calinski_harabasz,davies_bouldin,silhouette
abilities,1.0,0.0462488422352578,-0.04550787280024699,-0.02340228465575795,0.23593701759802407,-0.4238962642790985,0.6908922506946589
v_measure,0.0462488422352578,1.0,0.9893794380981784,0.9461562210558815,0.8715652979314603,-0.7531336832355665,0.3512812596480395
mutual_info,-0.04550787280024699,0.9893794380981784,1.0,0.9462797159617166,0.8539055263970361,-0.7338684779252855,0.3059586292065452
adjusted_rand_score,-0.02340228465575795,0.9461562210558815,0.9462797159617166,1.0,0.8052485334979932,-0.6489039827107131,0.2761963569002779
calinski_harabasz,0.23593701759802407,0.8715652979314603,0.8539055263970361,0.8052485334979932,1.0,-0.9261500463105897,0.5943192343315838
davies_bouldin,-0.4238962642790985,-0.7531336832355665,-0.7338684779252855,-0.6489039827107131,-0.9261500463105897,1.0,-0.651497375733251
silhouette,0.6908922506946589,0.3512812596480395,0.3059586292065452,0.2761963569002779,0.5943192343315838,-0.651497375733251,1.0
