,abilities,v_measure,mutual_info,adjusted_rand_score,calinski_harabasz,davies_bouldin,silhouette
abilities,1.0,0.8421648038372777,0.7703063487035613,0.877370016742839,0.8008054663106928,-0.5585320602742205,0.6891262048056473
v_measure,0.8421648038372777,1.0,0.9066926105253631,0.9786415674917417,0.8871442146703471,-0.7579980994615141,0.7528394949997738
mutual_info,0.7703063487035613,0.9066926105253631,1.0,0.9087741526765917,0.786415674917417,-0.6277659622607358,0.6351871125390289
adjusted_rand_score,0.877370016742839,0.9786415674917417,0.9087741526765917,1.0,0.842436309335264,-0.6745554097470474,0.7055975383501516
calinski_harabasz,0.8008054663106928,0.8871442146703471,0.786415674917417,0.842436309335264,1.0,-0.8709443866238291,0.7910312683831847
davies_bouldin,-0.5585320602742205,-0.7579980994615141,-0.6277659622607358,-0.6745554097470474,-0.8709443866238291,1.0,-0.7946513416896692
silhouette,0.6891262048056473,0.7528394949997738,0.6351871125390289,0.7055975383501516,0.7910312683831847,-0.7946513416896692,1.0
