,abilities,v_measure,mutual_info,adjusted_rand_score,calinski_harabasz,davies_bouldin,silhouette
abilities,1.0,0.8679578261459795,0.7995384406534233,0.8824381193719173,0.819720349337074,-0.5549119869677361,0.6787184940495045
v_measure,0.8679578261459795,1.0,0.9109461966604824,0.9872392415946423,0.9064211050273768,-0.7606226526087153,0.7513009638445178
mutual_info,0.7995384406534233,0.9109461966604824,1.0,0.9056065885334178,0.8073215982623648,-0.6487623874383456,0.6292139915833296
adjusted_rand_score,0.8824381193719173,0.9872392415946423,0.9056065885334178,1.0,0.8871442146703471,-0.7297615276709354,0.7313905606588533
calinski_harabasz,0.819720349337074,0.9064211050273768,0.8073215982623648,0.8871442146703471,1.0,-0.8824381193719173,0.7991764333227748
davies_bouldin,-0.5549119869677361,-0.7606226526087153,-0.6487623874383456,-0.7297615276709354,-0.8824381193719173,1.0,-0.7797185393004208
silhouette,0.6787184940495045,0.7513009638445178,0.6292139915833296,0.7313905606588533,0.7991764333227748,-0.7797185393004208,1.0
