,abilities,v_measure,mutual_info,adjusted_rand_score,calinski_harabasz,davies_bouldin,silhouette
abilities,1.0,0.8409168045232319,0.773581917522717,0.8751272713057516,0.8157114738382273,-0.5429780303220287,0.6943457702526218
v_measure,0.8409168045232319,1.0,0.9111272003258066,0.9760170143445405,0.9055160867007557,-0.7561880628082719,0.7665957735644147
mutual_info,0.773581917522717,0.9111272003258066,1.0,0.8982759400877868,0.7992669351554369,-0.6315670392325444,0.640979229829404
adjusted_rand_score,0.8751272713057516,0.9760170143445405,0.8982759400877868,1.0,0.8687723426399384,-0.6777229738902213,0.7276799855197068
calinski_harabasz,0.8157114738382273,0.9055160867007557,0.7992669351554369,0.8687723426399384,1.0,-0.8783655369021223,0.804154034119191
davies_bouldin,-0.5429780303220287,-0.7561880628082719,-0.6315670392325444,-0.6777229738902213,-0.8783655369021223,1.0,-0.7918457848771437
silhouette,0.6943457702526218,0.7665957735644147,0.640979229829404,0.7276799855197068,0.804154034119191,-0.7918457848771437,1.0
