,abilities,v_measure,mutual_info,adjusted_rand_score,calinski_harabasz,davies_bouldin,silhouette
abilities,1.0,0.8403547671840355,0.7713923706955066,0.8737499434363546,0.8172767998551971,-0.5411557084030951,0.6938323001040771
v_measure,0.8403547671840355,1.0,0.908231141680619,0.9762885198425268,0.9066021086927011,-0.7541970224897054,0.7674102900583737
mutual_info,0.7713923706955066,0.908231141680619,1.0,0.8961943979365582,0.7981809131634916,-0.6323815557265035,0.6415222408253767
adjusted_rand_score,0.8737499434363546,0.9762885198425268,0.8961943979365582,1.0,0.8686818408072764,-0.6765464500656139,0.7275894836870447
calinski_harabasz,0.8172767998551971,0.9066021086927011,0.7981809131634916,0.8686818408072764,1.0,-0.8779130277388117,0.804154034119191
davies_bouldin,-0.5411557084030951,-0.7541970224897054,-0.6323815557265035,-0.6765464500656139,-0.8779130277388117,1.0,-0.7919362867098059
silhouette,0.6938323001040771,0.7674102900583737,0.6415222408253767,0.7275894836870447,0.804154034119191,-0.7919362867098059,1.0
