,abilities,v_measure,mutual_info,adjusted_rand_score,calinski_harabasz,davies_bouldin,silhouette
abilities,1.0,0.7038764960320717,0.7867491912201814,0.7169817955901487,0.7569306872662908,-0.72218640471697,0.6684288879250724
v_measure,0.7038764960320717,1.0,0.9262671731306438,0.9877386911111372,0.878184013410074,-0.8372973543236939,0.6146479269479187
mutual_info,0.7867491912201814,0.9262671731306438,1.0,0.9263843954310222,0.839780559911404,-0.8014605899176801,0.5385661368588713
adjusted_rand_score,0.7169817955901487,0.9877386911111372,0.9263843954310222,1.0,0.8782074575953299,-0.8205816502362002,0.622314175526615
calinski_harabasz,0.7569306872662908,0.878184013410074,0.839780559911404,0.8782074575953299,1.0,-0.922985851434198,0.5870541209016633
davies_bouldin,-0.72218640471697,-0.8372973543236939,-0.8014605899176801,-0.8205816502362002,-0.922985851434198,1.0,-0.563352049607896
silhouette,0.6684288879250724,0.6146479269479187,0.5385661368588713,0.622314175526615,0.5870541209016633,-0.563352049607896,1.0
