,abilities,v_measure,mutual_info,adjusted_rand_score,calinski_harabasz,davies_bouldin,silhouette
abilities,1.0,0.7042750471814229,0.7847283682300105,0.7160674723651667,0.7588531104572789,-0.7225380674958094,0.670093425078245
v_measure,0.7042750471814229,1.0,0.9282193450987897,0.9876214701848574,0.876707029738949,-0.8341089451288844,0.6124207293486034
mutual_info,0.7847283682300105,0.9282193450987897,1.0,0.9275277375801835,0.8398576929758538,-0.8004946752219644,0.5376838181516245
adjusted_rand_score,0.7160674723651667,0.9876214701848574,0.9275277375801835,1.0,0.8764960320716454,-0.8177683480054859,0.6207668592997222
calinski_harabasz,0.7588531104572789,0.876707029738949,0.8398576929758538,0.8764960320716454,1.0,-0.9234312909540611,0.5871010092721752
davies_bouldin,-0.7225380674958094,-0.8341089451288844,-0.8004946752219644,-0.8177683480054859,-0.9234312909540611,1.0,-0.5631644961258484
silhouette,0.670093425078245,0.6124207293486034,0.5376838181516245,0.6207668592997222,0.5871010092721752,-0.5631644961258484,1.0
