,abilities,v_measure,mutual_info,adjusted_rand_score,calinski_harabasz,davies_bouldin,silhouette
abilities,1.0,0.7037592751057918,0.784142260163395,0.7168176862933571,0.7574933477124336,-0.7229835070156725,0.6699762041519652
v_measure,0.7037592751057918,1.0,0.9278325137748235,0.9877621352963931,0.8755113762908955,-0.8335462846827416,0.6123972851633473
mutual_info,0.784142260163395,0.9278325137748235,1.0,0.9271174619335527,0.8387792541332815,-0.7996155131220413,0.5376134851836306
adjusted_rand_score,0.7168176862933571,0.9877621352963931,0.9271174619335527,1.0,0.8768476948504847,-0.8189874456387954,0.6214467406721448
calinski_harabasz,0.7574933477124336,0.8755113762908955,0.8387792541332815,0.8768476948504847,1.0,-0.9237126211771325,0.5874526720510146
davies_bouldin,-0.7229835070156725,-0.8335462846827416,-0.7996155131220413,-0.8189874456387954,-0.9237126211771325,1.0,-0.5631176077553365
silhouette,0.6699762041519652,0.6123972851633473,0.5376134851836306,0.6214467406721448,0.5874526720510146,-0.5631176077553365,1.0
