,abilities,v_measure,mutual_info,adjusted_rand_score,calinski_harabasz,davies_bouldin,silhouette
abilities,1.0,0.7042516029961668,0.7836805026433319,0.7204984233785415,0.7594157709034217,-0.7240853837227021,0.6747119295736675
v_measure,0.7042516029961668,1.0,0.925963262961704,0.9872932515912741,0.8769180274062526,-0.8312018661571464,0.6128192804979545
mutual_info,0.7836805026433319,0.925963262961704,1.0,0.9284249024135789,0.8403450984069676,-0.8003258741750577,0.5373524481590454
adjusted_rand_score,0.7204984233785415,0.9872932515912741,0.9284249024135789,1.0,0.8779261273722585,-0.8175573503381823,0.62182184763624
calinski_harabasz,0.7594157709034217,0.8769180274062526,0.8403450984069676,0.8779261273722585,1.0,-0.9153430470407578,0.5867727906785919
davies_bouldin,-0.7240853837227021,-0.8312018661571464,-0.8003258741750577,-0.8175573503381823,-0.9153430470407578,1.0,-0.5590383195208009
silhouette,0.6747119295736675,0.6128192804979545,0.5373524481590454,0.62182184763624,0.5867727906785919,-0.5590383195208009,1.0
