,abilities,v_measure,mutual_info,adjusted_rand_score,calinski_harabasz,davies_bouldin,silhouette
abilities,1.0,0.798573766658873,0.8594642779775218,0.7843698854337152,0.7461421557166238,-0.5193476736029927,0.5654664484451718
v_measure,0.798573766658873,1.0,0.9571393083104656,0.9632335749357026,0.7903904606032266,-0.7439794248304886,0.664542903904606
mutual_info,0.8594642779775218,0.9571393083104656,1.0,0.9374698602511983,0.7500694130654306,-0.6195145475665498,0.5701217285172754
adjusted_rand_score,0.7843698854337152,0.9632335749357026,0.9374698602511983,1.0,0.765139116202946,-0.6879237783493103,0.6288286181903203
calinski_harabasz,0.7461421557166238,0.7903904606032266,0.7500694130654306,0.765139116202946,1.0,-0.8745616086041618,0.6958148234743979
davies_bouldin,-0.5193476736029927,-0.7439794248304886,-0.6195145475665498,-0.6879237783493103,-0.8745616086041618,1.0,-0.678454524199205
silhouette,0.5654664484451718,0.664542903904606,0.5701217285172754,0.6288286181903203,0.6958148234743979,-0.678454524199205,1.0
