,abilities,v_measure,mutual_info,adjusted_rand_score,calinski_harabasz,davies_bouldin,silhouette
abilities,1.0,0.8606499883095627,0.9071725040342935,0.8238251110591536,0.781973345803133,-0.5422609305588029,0.5308043020808978
v_measure,0.8606499883095627,1.0,0.9689016208755986,0.9708323591302315,0.7709258826280103,-0.6756488192658405,0.6252045826513911
mutual_info,0.9071725040342935,0.9689016208755986,1.0,0.940550653386931,0.7399894792557588,-0.5859005095647737,0.5469690779205415
adjusted_rand_score,0.8238251110591536,0.9708323591302315,0.940550653386931,1.0,0.756838905775076,-0.6532031797989245,0.59960252513444
calinski_harabasz,0.781973345803133,0.7709258826280103,0.7399894792557588,0.756838905775076,1.0,-0.8745616086041618,0.6716740706102409
davies_bouldin,-0.5422609305588029,-0.6756488192658405,-0.5859005095647737,-0.6532031797989245,-0.8745616086041618,1.0,-0.6821954641103577
silhouette,0.5308043020808978,0.6252045826513911,0.5469690779205415,0.59960252513444,0.6716740706102409,-0.6821954641103577,1.0
