,abilities,v_measure,mutual_info,adjusted_rand_score,calinski_harabasz,davies_bouldin,silhouette
abilities,1.0,0.740782122905028,0.7467563121547218,0.6978770949720671,-0.24603351955307262,0.2665921787709497,-0.18614525139664803
v_measure,0.740782122905028,1.0,0.9813418042455329,0.9566480446927375,-0.6612290502793297,0.6505027932960894,-0.6227932960893855
mutual_info,0.7467563121547218,0.9813418042455329,1.0,0.9367660581476629,-0.6359923370024387,0.6150552441382876,-0.5959191915205152
adjusted_rand_score,0.6978770949720671,0.9566480446927375,0.9367660581476629,1.0,-0.7805586592178771,0.7372067039106145,-0.6236871508379889
calinski_harabasz,-0.24603351955307262,-0.6612290502793297,-0.6359923370024387,-0.7805586592178771,1.0,-0.9530726256983241,0.8243575418994413
davies_bouldin,0.2665921787709497,0.6505027932960894,0.6150552441382876,0.7372067039106145,-0.9530726256983241,1.0,-0.8940782122905028
silhouette,-0.18614525139664803,-0.6227932960893855,-0.5959191915205152,-0.6236871508379889,0.8243575418994413,-0.8940782122905028,1.0
