,abilities,v_measure,mutual_info,adjusted_rand_score,calinski_harabasz,davies_bouldin,silhouette
abilities,1.0,0.7278212290502794,0.7349911418905813,0.6902793296089386,-0.23620111731843577,0.2572067039106145,-0.16379888268156426
v_measure,0.7278212290502794,1.0,0.9772860158716676,0.9745251396648045,-0.6965363128491621,0.6643575418994413,-0.6205586592178771
mutual_info,0.7349911418905813,0.9772860158716676,1.0,0.9435088494244902,-0.6444683358121458,0.6138437049000383,-0.5904248694966618
adjusted_rand_score,0.6902793296089386,0.9745251396648045,0.9435088494244902,1.0,-0.7810055865921788,0.7363128491620111,-0.6241340782122905
calinski_harabasz,-0.23620111731843577,-0.6965363128491621,-0.6444683358121458,-0.7810055865921788,1.0,-0.9472625698324022,0.8136312849162011
davies_bouldin,0.2572067039106145,0.6643575418994413,0.6138437049000383,0.7363128491620111,-0.9472625698324022,1.0,-0.8900558659217878
silhouette,-0.16379888268156426,-0.6205586592178771,-0.5904248694966618,-0.6241340782122905,0.8136312849162011,-0.8900558659217878,1.0
