,abilities,v_measure,mutual_info,adjusted_rand_score,calinski_harabasz,davies_bouldin,silhouette
abilities,1.0,0.4401208151296314,0.4123650517537766,0.45683415234009217,0.4092141875946603,-0.41305343242576875,0.671286675354866
v_measure,0.4401208151296314,1.0,0.993994364212751,0.9568510038746038,0.7495112802979873,-0.7442278228025835,0.5203060883848769
mutual_info,0.4123650517537766,0.993994364212751,1.0,0.9504931313842903,0.7431711313035028,-0.740793575430571,0.5108310879431193
adjusted_rand_score,0.45683415234009217,0.9568510038746038,0.9504931313842903,1.0,0.7190081190245226,-0.7127560276549614,0.5444514891388723
calinski_harabasz,0.4092141875946603,0.7495112802979873,0.7431711313035028,0.7190081190245226,1.0,-0.9950336374203093,0.45105843401077805
davies_bouldin,-0.41305343242576875,-0.7442278228025835,-0.740793575430571,-0.7127560276549614,-0.9950336374203093,1.0,-0.4510760452255997
silhouette,0.671286675354866,0.5203060883848769,0.5108310879431193,0.5444514891388723,0.45105843401077805,-0.4510760452255997,1.0
