,abilities,v_measure,mutual_info,adjusted_rand_score,calinski_harabasz,davies_bouldin,silhouette
abilities,1.0,0.43533048033379856,0.40725770950821955,0.4543333157922677,0.4090909090909091,-0.4118910922475432,0.6673065408051847
v_measure,0.43533048033379856,1.0,0.9934836209933074,0.9568157802042973,0.7496169494478955,-0.7441397651776601,0.5203941460098003
mutual_info,0.40725770950821955,0.9934836209933074,1.0,0.9499823881648468,0.7430302391036253,-0.7402300066310613,0.5106197496433031
adjusted_rand_score,0.4543333157922677,0.9568157802042973,0.9499823881648468,1.0,0.7190785651244613,-0.7125975239300992,0.5444514891388723
calinski_harabasz,0.4090909090909091,0.7496169494478955,0.7430302391036253,0.7190785651244613,1.0,-0.9949631925610228,0.4510760452255997
davies_bouldin,-0.4118910922475432,-0.7441397651776601,-0.7402300066310613,-0.7125975239300992,-0.9949631925610228,1.0,-0.45105843401077805
silhouette,0.6673065408051847,0.5203941460098003,0.5106197496433031,0.5444514891388723,0.4510760452255997,-0.45105843401077805,1.0
