,abilities,v_measure,mutual_info,adjusted_rand_score,calinski_harabasz,davies_bouldin,silhouette
abilities,1.0,0.4866790242590358,0.45761988008781884,0.44715858818618076,0.4814730020076785,-0.4882885421436371,0.6174139692155964
v_measure,0.4866790242590358,1.0,0.9939238633661797,0.9515670268318671,0.7948468452941595,-0.7913773595961414,0.5052416533235586
mutual_info,0.45761988008781884,0.9939238633661797,1.0,0.9448744705395433,0.7883305523587957,-0.7873090794121711,0.4945337989865284
adjusted_rand_score,0.44715858818618076,0.9515670268318671,0.9448744705395433,1.0,0.7634629695892452,-0.7581266540232581,0.524755308924594
calinski_harabasz,0.4814730020076785,0.7948468452941595,0.7883305523587957,0.7634629695892452,1.0,-0.9947870804128068,0.6064421823817407
davies_bouldin,-0.4882885421436371,-0.7913773595961414,-0.7873090794121711,-0.7581266540232581,-0.9947870804128068,1.0,-0.6060899580853087
silhouette,0.6174139692155964,0.5052416533235586,0.4945337989865284,0.524755308924594,0.6064421823817407,-0.6060899580853087,1.0
