,abilities,v_measure,mutual_info,adjusted_rand_score,calinski_harabasz,davies_bouldin,silhouette
abilities,1.0,0.8825598031641481,0.8740241666939611,0.8909924242428207,0.8819303077475752,-0.8841510543103167,0.8984335027922622
v_measure,0.8825598031641481,1.0,0.9950562471740652,0.9852252698439408,0.8320432053317977,-0.8377045481923198,0.7988154776196569
mutual_info,0.8740241666939611,0.9950562471740652,1.0,0.9754459036292847,0.8343042090481827,-0.8400858147252409,0.8002025348851953
adjusted_rand_score,0.8909924242428207,0.9852252698439408,0.9754459036292847,1.0,0.821318151364822,-0.8216665227292119,0.7937097207369149
calinski_harabasz,0.8819303077475752,0.8320432053317977,0.8343042090481827,0.821318151364822,1.0,-0.9974309010352598,0.9767692491917136
davies_bouldin,-0.8841510543103167,-0.8377045481923198,-0.8400858147252409,-0.8216665227292119,-0.9974309010352598,1.0,-0.9734163573224763
silhouette,0.8984335027922622,0.7988154776196569,0.8002025348851953,0.7937097207369149,0.9767692491917136,-0.9734163573224763,1.0
