,abilities,v_measure,mutual_info,adjusted_rand_score,calinski_harabasz,davies_bouldin,silhouette
abilities,1.0,0.8817650377241132,0.8734688712334527,0.8902739083037663,0.881973851797825,-0.8848042150640641,0.8987165391188862
v_measure,0.8817650377241132,1.0,0.9951651404916955,0.985181718682149,0.8320214309361803,-0.838052938522198,0.7978356298168743
mutual_info,0.8734688712334527,0.9951651404916955,1.0,0.9755874572359643,0.8334658217842779,-0.83979183477556,0.7981337870911444
adjusted_rand_score,0.8902739083037663,0.985181718682149,0.9755874572359643,1.0,0.8212746049442732,-0.8219931208833275,0.7946024223581643
calinski_harabasz,0.881973851797825,0.8320214309361803,0.8334658217842779,0.8212746049442732,1.0,-0.9971260926835109,0.9762684926138405
davies_bouldin,-0.8848042150640641,-0.838052938522198,-0.83979183477556,-0.8219931208833275,-0.9971260926835109,1.0,-0.9725672483426046
silhouette,0.8987165391188862,0.7978356298168743,0.7981337870911444,0.7946024223581643,0.9762684926138405,-0.9725672483426046,1.0
