,abilities,v_measure,mutual_info,adjusted_rand_score,calinski_harabasz,davies_bouldin,silhouette
abilities,1.0,0.8544975611533029,0.8428518663155047,0.8754163686142419,0.8894536905008109,-0.885774618758912,0.9159691306288165
v_measure,0.8544975611533029,1.0,0.992476538282271,0.9787384616485504,0.848608228322117,-0.8482598759180542,0.8135117236127948
mutual_info,0.8428518663155047,0.992476538282271,1.0,0.9643117715096478,0.8486544269223963,-0.8487850661855909,0.8089836373323149
adjusted_rand_score,0.8754163686142419,0.9787384616485504,0.9643117715096478,1.0,0.828652603931301,-0.8248644777419007,0.8061197843564203
calinski_harabasz,0.8894536905008109,0.848608228322117,0.8486544269223963,0.828652603931301,1.0,-0.9978883434380816,0.9744641943594823
davies_bouldin,-0.885774618758912,-0.8482598759180542,-0.8487850661855909,-0.8248644777419007,-0.9978883434380816,1.0,-0.9702408812356457
silhouette,0.9159691306288165,0.8135117236127948,0.8089836373323149,0.8061197843564203,0.9744641943594823,-0.9702408812356457,1.0
