,abilities,v_measure,mutual_info,adjusted_rand_score,calinski_harabasz,davies_bouldin,silhouette
abilities,1.0,0.8817214889328784,0.8731034284433118,0.8900126297804738,0.883519665581694,-0.8859145883454349,0.8993696998726336
v_measure,0.8817214889328784,1.0,0.994702315534209,0.9853123721675243,0.831999656540563,-0.8377263225879371,0.7987066056415699
mutual_info,0.8731034284433118,0.994702315534209,1.0,0.9750918847695861,0.8340256586438026,-0.8399597306807858,0.7997495875017422
adjusted_rand_score,0.8900126297804738,0.9853123721675243,0.9750918847695861,1.0,0.8214487906264683,-0.8218624816216813,0.793775040367738
calinski_harabasz,0.883519665581694,0.831999656540563,0.8340256586438026,0.8214487906264683,1.0,-0.9974309010352598,0.9767692491917136
davies_bouldin,-0.8859145883454349,-0.8377263225879371,-0.8399597306807858,-0.8218624816216813,-0.9974309010352598,1.0,-0.9734163573224763
silhouette,0.8993696998726336,0.7987066056415699,0.7997495875017422,0.793775040367738,0.9767692491917136,-0.9734163573224763,1.0
