,abilities,v_measure,mutual_info,adjusted_rand_score,calinski_harabasz,davies_bouldin,silhouette
abilities,1.0,0.8667465044891245,0.8587838335984116,0.8685319271699788,0.8632281381652714,-0.8675172271148801,0.8657754651048867
v_measure,0.8667465044891245,1.0,0.9952743446886206,0.9853455127437425,0.8081650444545082,-0.8141962893642234,0.7923139748000942
mutual_info,0.8587838335984116,0.9952743446886206,1.0,0.9758708231937886,0.809374501910683,-0.8157112650314979,0.7924764669218433
adjusted_rand_score,0.8685319271699788,0.9853455127437425,0.9758708231937886,1.0,0.7983452197098094,-0.7991290638135992,0.7899624424887252
calinski_harabasz,0.8632281381652714,0.8081650444545082,0.809374501910683,0.7983452197098094,1.0,-0.9971260926835109,0.9621166762826444
davies_bouldin,-0.8675172271148801,-0.8141962893642234,-0.8157112650314979,-0.7991290638135992,-0.9971260926835109,1.0,-0.9586766963129075
silhouette,0.8657754651048867,0.7923139748000942,0.7924764669218433,0.7899624424887252,0.9621166762826444,-0.9586766963129075,1.0
