,abilities,v_measure,mutual_info,adjusted_rand_score,calinski_harabasz,davies_bouldin,silhouette
abilities,1.0,0.5642951251646904,0.4573122529644269,0.5855072463768116,0.5823451910408433,-0.5826086956521739,0.8043478260869565
v_measure,0.5642951251646904,1.0,0.9623188405797102,0.9782608695652174,0.9142292490118578,-0.8861660079051383,0.6193675889328063
mutual_info,0.4573122529644269,0.9623188405797102,1.0,0.9338603425559947,0.8702239789196311,-0.8640316205533597,0.5739130434782609
adjusted_rand_score,0.5855072463768116,0.9782608695652174,0.9338603425559947,1.0,0.9151515151515152,-0.877733860342556,0.6249011857707509
calinski_harabasz,0.5823451910408433,0.9142292490118578,0.8702239789196311,0.9151515151515152,1.0,-0.9592885375494071,0.650197628458498
davies_bouldin,-0.5826086956521739,-0.8861660079051383,-0.8640316205533597,-0.877733860342556,-0.9592885375494071,1.0,-0.6411067193675889
silhouette,0.8043478260869565,0.6193675889328063,0.5739130434782609,0.6249011857707509,0.650197628458498,-0.6411067193675889,1.0
