,abilities,v_measure,mutual_info,adjusted_rand_score,calinski_harabasz,davies_bouldin,silhouette
abilities,1.0,0.5699604743083004,0.45164690382081685,0.5893280632411068,0.5841897233201581,-0.59433465085639,0.8121212121212121
v_measure,0.5699604743083004,1.0,0.9523056653491436,0.9797101449275363,0.9191040843214756,-0.8872200263504612,0.6242424242424243
mutual_info,0.45164690382081685,0.9523056653491436,1.0,0.9288537549407114,0.8687747035573122,-0.8530961791831357,0.5714097496706192
adjusted_rand_score,0.5893280632411068,0.9797101449275363,0.9288537549407114,1.0,0.916600790513834,-0.8832674571805007,0.6281949934123847
calinski_harabasz,0.5841897233201581,0.9191040843214756,0.8687747035573122,0.916600790513834,1.0,-0.9657444005270093,0.6523056653491436
davies_bouldin,-0.59433465085639,-0.8872200263504612,-0.8530961791831357,-0.8832674571805007,-0.9657444005270093,1.0,-0.6459815546772069
silhouette,0.8121212121212121,0.6242424242424243,0.5714097496706192,0.6281949934123847,0.6523056653491436,-0.6459815546772069,1.0
