,abilities,v_measure,mutual_info,adjusted_rand_score,calinski_harabasz,davies_bouldin,silhouette
abilities,1.0,0.5696969696969697,0.4523056653491436,0.589064558629776,0.5849802371541502,-0.5907773386034255,0.8084321475625823
v_measure,0.5696969696969697,1.0,0.9555994729907773,0.9797101449275363,0.9191040843214756,-0.8876152832674572,0.6243741765480896
mutual_info,0.4523056653491436,0.9555994729907773,1.0,0.9316205533596837,0.8708827404479579,-0.8595520421607378,0.5735177865612648
adjusted_rand_score,0.589064558629776,0.9797101449275363,0.9316205533596837,1.0,0.9159420289855073,-0.8824769433465086,0.6277997364953887
calinski_harabasz,0.5849802371541502,0.9191040843214756,0.8708827404479579,0.9159420289855073,1.0,-0.9629776021080368,0.6523056653491436
davies_bouldin,-0.5907773386034255,-0.8876152832674572,-0.8595520421607378,-0.8824769433465086,-0.9629776021080368,1.0,-0.6442687747035574
silhouette,0.8084321475625823,0.6243741765480896,0.5735177865612648,0.6277997364953887,0.6523056653491436,-0.6442687747035574,1.0
