,abilities,v_measure,mutual_info,adjusted_rand_score,calinski_harabasz,davies_bouldin,silhouette
abilities,1.0,0.8272536687631027,0.7258381140657689,0.894187154564513,0.8501238803125596,-0.7851724795121021,0.8051457975986278
v_measure,0.8272536687631027,1.0,0.9418894968262341,0.9644749380598437,0.8727653897465218,-0.8634648370497428,0.6502382313703069
mutual_info,0.7258381140657689,0.9418894968262341,1.0,0.8884484173219694,0.8380567574755801,-0.8462520728061199,0.5649812271128467
adjusted_rand_score,0.894187154564513,0.9644749380598437,0.8884484173219694,1.0,0.8578235182008767,-0.8461597103106537,0.6824089956165428
calinski_harabasz,0.8501238803125596,0.8727653897465218,0.8380567574755801,0.8578235182008767,1.0,-0.9409186201639032,0.7936344577854012
davies_bouldin,-0.7851724795121021,-0.8634648370497428,-0.8462520728061199,-0.8461597103106537,-0.9409186201639032,1.0,-0.7030684200495522
silhouette,0.8051457975986278,0.6502382313703069,0.5649812271128467,0.6824089956165428,0.7936344577854012,-0.7030684200495522,1.0
