,abilities,v_measure,mutual_info,adjusted_rand_score,calinski_harabasz,davies_bouldin,silhouette
abilities,1.0,0.5658761528326746,0.4588932806324111,0.5861660079051383,0.5832674571805007,-0.5835309617918314,0.8046113306982873
v_measure,0.5658761528326746,1.0,0.9623188405797102,0.9782608695652174,0.9142292490118578,-0.8861660079051383,0.6193675889328063
mutual_info,0.4588932806324111,0.9623188405797102,1.0,0.9338603425559947,0.8702239789196311,-0.8640316205533597,0.5739130434782609
adjusted_rand_score,0.5861660079051383,0.9782608695652174,0.9338603425559947,1.0,0.9151515151515152,-0.877733860342556,0.6249011857707509
calinski_harabasz,0.5832674571805007,0.9142292490118578,0.8702239789196311,0.9151515151515152,1.0,-0.9592885375494071,0.650197628458498
davies_bouldin,-0.5835309617918314,-0.8861660079051383,-0.8640316205533597,-0.877733860342556,-0.9592885375494071,1.0,-0.6411067193675889
silhouette,0.8046113306982873,0.6193675889328063,0.5739130434782609,0.6249011857707509,0.650197628458498,-0.6411067193675889,1.0
