,abilities,v_measure,mutual_info,adjusted_rand_score,calinski_harabasz,davies_bouldin,silhouette
abilities,1.0,0.7256518253367811,0.7675448006413803,0.7882315744306055,0.6467213947763638,-0.5504240111112366,0.53265054935128
v_measure,0.7256518253367811,1.0,0.9688795040594406,0.975496561614291,0.8985083390733861,-0.8382095552117798,0.5055273885206473
mutual_info,0.7675448006413803,0.9688795040594406,1.0,0.9660113596585327,0.8584672365315779,-0.7759685633306609,0.4382953737056651
adjusted_rand_score,0.7882315744306055,0.975496561614291,0.9660113596585327,1.0,0.8641809415192132,-0.7745683668514776,0.4562720897932452
calinski_harabasz,0.6467213947763638,0.8985083390733861,0.8584672365315779,0.8641809415192132,1.0,-0.9144525118847322,0.44976795130929664
davies_bouldin,-0.5504240111112366,-0.8382095552117798,-0.7759685633306609,-0.7745683668514776,-0.9144525118847322,1.0,-0.5091859664178683
silhouette,0.53265054935128,0.5055273885206473,0.4382953737056651,0.4562720897932452,0.44976795130929664,-0.5091859664178683,1.0
