,abilities,v_measure,mutual_info,adjusted_rand_score,calinski_harabasz,davies_bouldin,silhouette
abilities,1.0,0.7012161383936133,0.7334432412290112,0.7522555584412651,0.676577197122822,-0.538883682065064,0.5108797524813966
v_measure,0.7012161383936133,1.0,0.9738253593649432,0.9799681568220057,0.8697817274359466,-0.7999525739902212,0.5334183990334127
mutual_info,0.7334432412290112,0.9738253593649432,1.0,0.9686762497318172,0.8325410178525051,-0.7467676915954335,0.48274032001264694
adjusted_rand_score,0.7522555584412651,0.9799681568220057,0.9686762497318172,1.0,0.8393613297349789,-0.7358822931604919,0.49028331394889285
calinski_harabasz,0.676577197122822,0.8697817274359466,0.8325410178525051,0.8393613297349789,1.0,-0.8891134723743493,0.4654411183504782
davies_bouldin,-0.538883682065064,-0.7999525739902212,-0.7467676915954335,-0.7358822931604919,-0.8891134723743493,1.0,-0.5305954222608656
silhouette,0.5108797524813966,0.5334183990334127,0.48274032001264694,0.49028331394889285,0.4654411183504782,-0.5305954222608656,1.0
