,abilities,v_measure,mutual_info,adjusted_rand_score,calinski_harabasz,davies_bouldin,silhouette
abilities,1.0,0.7006063754107431,0.7311171083684324,0.7519619688569202,0.676035185582493,-0.539967705145722,0.5124154518456622
v_measure,0.7006063754107431,1.0,0.972741336284285,0.9799907406361861,0.8700301493919308,-0.799162140493908,0.5335764857326754
mutual_info,0.7311171083684324,0.972741336284285,1.0,0.968179405819849,0.831999006312176,-0.7460901771700222,0.4824015627999413
adjusted_rand_score,0.7519619688569202,0.9799907406361861,0.968179405819849,1.0,0.8393161621066182,-0.7352499463634413,0.49026073013471244
calinski_harabasz,0.676035185582493,0.8700301493919308,0.831999006312176,0.8393161621066182,1.0,-0.8894973972154158,0.4654411183504782
davies_bouldin,-0.539967705145722,-0.799162140493908,-0.7460901771700222,-0.7352499463634413,-0.8894973972154158,1.0,-0.5307535089601283
silhouette,0.5124154518456622,0.5335764857326754,0.4824015627999413,0.49026073013471244,0.4654411183504782,-0.5307535089601283,1.0
