,abilities,v_measure,mutual_info,adjusted_rand_score,calinski_harabasz,davies_bouldin,silhouette
abilities,1.0,0.9319502074688797,0.67705986959099,0.9345583876704209,0.8024896265560166,-0.3967990515708358,0.7069353882631891
v_measure,0.9319502074688797,1.0,0.753171310017783,0.9722584469472436,0.8062833432128038,-0.5053941908713693,0.6998221695317131
mutual_info,0.67705986959099,0.753171310017783,1.0,0.7730883224659159,0.5615886188500296,-0.21280379371665678,0.4103141671606402
adjusted_rand_score,0.9345583876704209,0.9722584469472436,0.7730883224659159,1.0,0.730646117368109,-0.39869590989922943,0.6391227030231179
calinski_harabasz,0.8024896265560166,0.8062833432128038,0.5615886188500296,0.730646117368109,1.0,-0.7123888559573207,0.8710136336692353
davies_bouldin,-0.3967990515708358,-0.5053941908713693,-0.21280379371665678,-0.39869590989922943,-0.7123888559573207,1.0,-0.8425607587433314
silhouette,0.7069353882631891,0.6998221695317131,0.4103141671606402,0.6391227030231179,0.8710136336692353,-0.8425607587433314,1.0
