,abilities,v_measure,mutual_info,adjusted_rand_score,calinski_harabasz,davies_bouldin,silhouette
abilities,1.0,0.9208061647895672,0.6597510373443983,0.9404860699466508,0.8612922347362182,-0.41315945465323056,0.7560165975103734
v_measure,0.9208061647895672,1.0,0.7572021339656194,0.96443390634262,0.8541790160047421,-0.5018375815056313,0.7372851215174867
mutual_info,0.6597510373443983,0.7572021339656194,1.0,0.7446354475400119,0.5912270302311796,-0.21825726141078838,0.42904564315352695
adjusted_rand_score,0.9404860699466508,0.96443390634262,0.7446354475400119,1.0,0.799407231772377,-0.41197391819798457,0.7033787788974512
calinski_harabasz,0.8612922347362182,0.8541790160047421,0.5912270302311796,0.799407231772377,1.0,-0.7266152934202726,0.9087136929460581
davies_bouldin,-0.41315945465323056,-0.5018375815056313,-0.21825726141078838,-0.41197391819798457,-0.7266152934202726,1.0,-0.8340248962655602
silhouette,0.7560165975103734,0.7372851215174867,0.42904564315352695,0.7033787788974512,0.9087136929460581,-0.8340248962655602,1.0
