,abilities,v_measure,mutual_info,adjusted_rand_score,calinski_harabasz,davies_bouldin,silhouette
abilities,1.0,0.9231772377000593,0.6554831061055127,0.9189093064611736,0.8627148784825134,-0.41221102548903377,0.7583876704208654
v_measure,0.9231772377000593,1.0,0.759098992294013,0.9765263781861292,0.8574985180794309,-0.5030231179608773,0.7356253704801423
mutual_info,0.6554831061055127,0.759098992294013,1.0,0.7510373443983402,0.5992886781268524,-0.25074096028452875,0.44018968583283935
adjusted_rand_score,0.9189093064611736,0.9765263781861292,0.7510373443983402,1.0,0.8174273858921162,-0.4887966804979253,0.7261410788381742
calinski_harabasz,0.8627148784825134,0.8574985180794309,0.5992886781268524,0.8174273858921162,1.0,-0.7280379371665678,0.9106105512744517
davies_bouldin,-0.41221102548903377,-0.5030231179608773,-0.25074096028452875,-0.4887966804979253,-0.7280379371665678,1.0,-0.8316538233550682
silhouette,0.7583876704208654,0.7356253704801423,0.44018968583283935,0.7261410788381742,0.9106105512744517,-0.8316538233550682,1.0
