,abilities,v_measure,mutual_info,adjusted_rand_score,calinski_harabasz,davies_bouldin,silhouette
abilities,1.0,0.9203319502074688,0.6531120331950208,0.9257854179016005,0.859869590989923,-0.41197391819798457,0.7569650266745702
v_measure,0.9203319502074688,1.0,0.762655601659751,0.9743924125666864,0.8608180201541198,-0.4997036158861885,0.7311203319502074
mutual_info,0.6531120331950208,0.762655601659751,1.0,0.7481920569057499,0.5971547125074096,-0.22157676348547717,0.42596324836988736
adjusted_rand_score,0.9257854179016005,0.9743924125666864,0.7481920569057499,1.0,0.816004742145821,-0.46152934202726736,0.7149970361588619
calinski_harabasz,0.859869590989923,0.8608180201541198,0.5971547125074096,0.816004742145821,1.0,-0.724718435091879,0.9070539419087137
davies_bouldin,-0.41197391819798457,-0.4997036158861885,-0.22157676348547717,-0.46152934202726736,-0.724718435091879,1.0,-0.836158861885003
silhouette,0.7569650266745702,0.7311203319502074,0.42596324836988736,0.7149970361588619,0.9070539419087137,-0.836158861885003,1.0
