,abilities,v_measure,mutual_info,adjusted_rand_score,calinski_harabasz,davies_bouldin,silhouette
abilities,1.0,0.6659962239432821,0.6995183601125111,0.7170577582553077,0.6344160598004084,-0.533695526528725,0.46036296381921166
v_measure,0.6659962239432821,1.0,0.979393519053674,0.9814587908912265,0.8476322583131044,-0.7984664585982353,0.4632913343351443
mutual_info,0.6995183601125111,0.979393519053674,1.0,0.9759102993873541,0.8163757561746233,-0.7545254883828459,0.41965861364774787
adjusted_rand_score,0.7170577582553077,0.9814587908912265,0.9759102993873541,1.0,0.8179170038145879,-0.7415327707779448,0.4208145493777213
calinski_harabasz,0.6344160598004084,0.8476322583131044,0.8163757561746233,0.8179170038145879,1.0,-0.8867491234154048,0.36368049936423535
davies_bouldin,-0.533695526528725,-0.7984664585982353,-0.7545254883828459,-0.7415327707779448,-0.8867491234154048,1.0,-0.43841559742611647
silhouette,0.46036296381921166,0.4632913343351443,0.41965861364774787,0.4208145493777213,0.36368049936423535,-0.43841559742611647,1.0
