,abilities,v_measure,mutual_info,adjusted_rand_score,calinski_harabasz,davies_bouldin,silhouette
abilities,1.0,0.7023388432936462,0.7445536161522752,0.7620930142950718,0.6677686587292413,-0.5772203598813239,0.4056332601240704
v_measure,0.7023388432936462,1.0,0.9752938003313683,0.9766809232073363,0.8701807112857859,-0.7683350672369283,0.45775825530767156
mutual_info,0.7445536161522752,0.9752938003313683,1.0,0.9746310638461835,0.8354255770045852,-0.7156706353793396,0.4043540245828999
adjusted_rand_score,0.7620930142950718,0.9766809232073363,0.9746310638461835,1.0,0.8295071860671214,-0.7010133703232767,0.41230686240511694
calinski_harabasz,0.6677686587292413,0.8701807112857859,0.8354255770045852,0.8295071860671214,1.0,-0.8821716179247101,0.3463260509382345
davies_bouldin,-0.5772203598813239,-0.7683350672369283,-0.7156706353793396,-0.7010133703232767,-0.8821716179247101,1.0,-0.42696412746117984
silhouette,0.4056332601240704,0.45775825530767156,0.4043540245828999,0.41230686240511694,0.3463260509382345,-0.42696412746117984,1.0
