,abilities,v_measure,mutual_info,adjusted_rand_score,calinski_harabasz,davies_bouldin,silhouette
abilities,1.0,0.667963888433612,0.7014090910894402,0.7190333257608408,0.6364067214115805,-0.5357397439246948,0.458168451313274
v_measure,0.667963888433612,1.0,0.9802720302084538,0.9814125534620275,0.8475860208839056,-0.7985743459330328,0.46338380919354216
mutual_info,0.7014090910894402,0.9802720302084538,1.0,0.9767579855893346,0.8168227179902131,-0.7548953878164374,0.41988980079374255
adjusted_rand_score,0.7190333257608408,0.9814125534620275,0.9767579855893346,1.0,0.8179940661965861,-0.7414094709667476,0.42090702423611914
calinski_harabasz,0.6364067214115805,0.8475860208839056,0.8168227179902131,0.8179940661965861,1.0,-0.8867645358918044,0.36374214926983395
davies_bouldin,-0.5357397439246948,-0.7985743459330328,-0.7548953878164374,-0.7414094709667476,-0.8867645358918044,1.0,-0.4383539475205179
silhouette,0.458168451313274,0.46338380919354216,0.41988980079374255,0.42090702423611914,0.36374214926983395,-0.4383539475205179,1.0
