,abilities,v_measure,mutual_info,adjusted_rand_score,calinski_harabasz,davies_bouldin,silhouette
abilities,1.0,0.6812854005317305,0.7182291064616807,0.7353523677416869,0.654174854544754,-0.5552113435826301,0.43658151273455864
v_measure,0.6812854005317305,1.0,0.9791160944784804,0.9818749277540169,0.8446576503679729,-0.7982815088814396,0.46110276268639466
mutual_info,0.7182291064616807,0.9791160944784804,1.0,0.9782529958001002,0.8144337841482681,-0.7548799753400378,0.4201826378453358
adjusted_rand_score,0.7353523677416869,0.9818749277540169,0.9782529958001002,1.0,0.8136785728046854,-0.7423958694563249,0.4189650522097638
calinski_harabasz,0.654174854544754,0.8446576503679729,0.8144337841482681,0.8136785728046854,1.0,-0.8854236504450352,0.3610912033290949
davies_bouldin,-0.5552113435826301,-0.7982815088814396,-0.7548799753400378,-0.7423958694563249,-0.8854236504450352,1.0,-0.4389087966709051
silhouette,0.43658151273455864,0.46110276268639466,0.4201826378453358,0.4189650522097638,0.3610912033290949,-0.4389087966709051,1.0
