,abilities,v_measure,mutual_info,adjusted_rand_score,calinski_harabasz,davies_bouldin,silhouette
abilities,1.0,0.7077830120516748,0.7610356674555725,0.7189676598942227,0.7378543972717552,-0.7055865437415103,0.6026704430507789
v_measure,0.7077830120516748,1.0,0.9566087562876947,0.9906216583335742,0.8697725499263027,-0.8171295627294008,0.4787144880205774
mutual_info,0.7610356674555725,0.9566087562876947,1.0,0.9575624893941614,0.8488080142537334,-0.7940767393939978,0.433551174647979
adjusted_rand_score,0.7189676598942227,0.9906216583335742,0.9575624893941614,1.0,0.8731828559868212,-0.8025779601745614,0.48802057743995836
calinski_harabasz,0.7378543972717552,0.8697725499263027,0.8488080142537334,0.8731828559868212,1.0,-0.9092222768128089,0.4733533712898471
davies_bouldin,-0.7055865437415103,-0.8171295627294008,-0.7940767393939978,-0.8025779601745614,-0.9092222768128089,1.0,-0.4760122539810988
silhouette,0.6026704430507789,0.4787144880205774,0.433551174647979,0.48802057743995836,0.4733533712898471,-0.4760122539810988,1.0
