,abilities,v_measure,mutual_info,adjusted_rand_score,calinski_harabasz,davies_bouldin,silhouette
abilities,1.0,0.7090257507008468,0.7633766487168998,0.7204127048351203,0.740412126817144,-0.7061934626166874,0.6021357764226467
v_measure,0.7090257507008468,1.0,0.9554888424126771,0.9904049015924395,0.8698014508251206,-0.8180254905927574,0.47897459610993903
mutual_info,0.7633766487168998,0.9554888424126771,1.0,0.9556694736828412,0.8486924102408284,-0.7947848139730412,0.4333199666221689
adjusted_rand_score,0.7204127048351203,0.9904049015924395,0.9556694736828412,1.0,0.8735296667726367,-0.8037484465766885,0.4883818386751828
calinski_harabasz,0.740412126817144,0.8698014508251206,0.8486924102408284,0.8735296667726367,1.0,-0.9090777723187191,0.47303546140284963
davies_bouldin,-0.7061934626166874,-0.8180254905927574,-0.7947848139730412,-0.8037484465766885,-0.9090777723187191,1.0,-0.4757232449929193
silhouette,0.6021357764226467,0.47897459610993903,0.4333199666221689,0.4883818386751828,0.47303546140284963,-0.4757232449929193,1.0
