,abilities,v_measure,mutual_info,adjusted_rand_score,calinski_harabasz,davies_bouldin,silhouette
abilities,1.0,0.7087945435103031,0.7642987196901824,0.7223346146065143,0.742897604115488,-0.7077830120516748,0.6042888933845842
v_measure,0.7087945435103031,1.0,0.9532238952631427,0.9900580908066241,0.872648189358689,-0.8151354007109621,0.47987052397329555
mutual_info,0.7642987196901824,0.9532238952631427,1.0,0.9547700933499031,0.8505968035605908,-0.7932718707551805,0.4327620589000318
adjusted_rand_score,0.7223346146065143,0.9900580908066241,0.9547700933499031,1.0,0.8756827837345742,-0.8017976359064767,0.4893500187855842
calinski_harabasz,0.742897604115488,0.872648189358689,0.8505968035605908,0.8756827837345742,1.0,-0.9045547816537094,0.47271755151585215
davies_bouldin,-0.7077830120516748,-0.8151354007109621,-0.7932718707551805,-0.8017976359064767,-0.9045547816537094,1.0,-0.4733100199416202
silhouette,0.6042888933845842,0.47987052397329555,0.4327620589000318,0.4893500187855842,0.47271755151585215,-0.4733100199416202,1.0
