,abilities,v_measure,mutual_info,adjusted_rand_score,calinski_harabasz,davies_bouldin,silhouette
abilities,1.0,0.7098349758677495,0.7649300776403114,0.7207017138233,0.7415392618710442,-0.705817750932054,0.6015288575474698
v_measure,0.7098349758677495,1.0,0.9538992872352325,0.9903615502442126,0.8712609462154273,-0.8174908239646252,0.47950926273807115
mutual_info,0.7649300776403114,0.9538992872352325,1.0,0.9537547822191013,0.8491042495368026,-0.7940044868859321,0.4327925233132896
adjusted_rand_score,0.7207017138233,0.9903615502442126,0.9537547822191013,1.0,0.8744400450854022,-0.8034449871391001,0.4891477124938586
calinski_harabasz,0.7415392618710442,0.8712609462154273,0.8491042495368026,0.8744400450854022,1.0,-0.9093234299586718,0.4730210109534407
davies_bouldin,-0.705817750932054,-0.8174908239646252,-0.7940044868859321,-0.8034449871391001,-0.9093234299586718,1.0,-0.47562209184705645
silhouette,0.6015288575474698,0.47950926273807115,0.4327925233132896,0.4891477124938586,0.4730210109534407,-0.47562209184705645,1.0
