,abilities,v_measure,mutual_info,adjusted_rand_score,calinski_harabasz,davies_bouldin,silhouette
abilities,1.0,0.23147947127658122,0.28832480829584295,-0.06212832978096277,0.7779950038014554,-0.7706093189964157,0.8873683067231455
v_measure,0.23147947127658122,1.0,0.9939639037547612,0.8900958669520479,-0.21062350765147395,0.12404953364516928,0.011296980296933105
mutual_info,0.28832480829584295,0.9939639037547612,1.0,0.8537952489376819,-0.14258537294449267,0.05905709954909193,0.05514171173368252
adjusted_rand_score,-0.06212832978096277,0.8900958669520479,0.8537952489376819,1.0,-0.473294050735219,0.3427919734068505,-0.2229885682523017
calinski_harabasz,0.7779950038014554,-0.21062350765147395,-0.14258537294449267,-0.473294050735219,1.0,-0.9199522102747909,0.8176387531226241
davies_bouldin,-0.7706093189964157,0.12404953364516928,0.05905709954909193,0.3427919734068505,-0.9199522102747909,1.0,-0.7954816987075052
silhouette,0.8873683067231455,0.011296980296933105,0.05514171173368252,-0.2229885682523017,0.8176387531226241,-0.7954816987075052,1.0
