,abilities,v_measure,mutual_info,adjusted_rand_score,calinski_harabasz,davies_bouldin,silhouette
abilities,1.0,0.7163311329293588,0.7398274083000138,0.6075474776062475,0.3588350358617692,-0.3155835687893936,0.6245381438817649
v_measure,0.7163311329293588,1.0,0.9909859067412806,0.9526164212356681,-0.16002390855472667,0.179585405016425,0.11188089226288021
mutual_info,0.7398274083000138,0.9909859067412806,1.0,0.9297406128952808,-0.10570519753292287,0.13055136767468206,0.13752573122324604
adjusted_rand_score,0.6075474776062475,0.9526164212356681,0.9297406128952808,1.0,-0.32108022942270964,0.3251012036953921,-0.022224033480096165
calinski_harabasz,0.3588350358617692,-0.16002390855472667,-0.10570519753292287,-0.32108022942270964,1.0,-0.9793523147141926,0.8005868289502283
davies_bouldin,-0.3155835687893936,0.179585405016425,0.13055136767468206,0.3251012036953921,-0.9793523147141926,1.0,-0.8255813953488372
silhouette,0.6245381438817649,0.11188089226288021,0.13752573122324604,-0.022224033480096165,0.8005868289502283,-0.8255813953488372,1.0
