,abilities,v_measure,mutual_info,adjusted_rand_score,calinski_harabasz,davies_bouldin,silhouette
abilities,1.0,0.8012557026062604,0.8412981616152491,0.7940286372464881,0.7201318939428158,-0.6077510275983559,0.4117620488730295
v_measure,0.8012557026062604,1.0,0.9823614436063056,0.9876010659921406,0.845205293825376,-0.7942996521974796,0.41542075071141427
mutual_info,0.8412981616152491,0.9823614436063056,1.0,0.9736663805953295,0.8158905099597995,-0.7253263471701522,0.36343104927955194
adjusted_rand_score,0.7940286372464881,0.9876010659921406,0.9736663805953295,1.0,0.8352229097971905,-0.7784678621437283,0.3984823162744478
calinski_harabasz,0.7201318939428158,0.845205293825376,0.8158905099597995,0.8352229097971905,1.0,-0.8789692398030625,0.4428610144992999
davies_bouldin,-0.6077510275983559,-0.7942996521974796,-0.7253263471701522,-0.7784678621437283,-0.8789692398030625,1.0,-0.4881882650526221
silhouette,0.4117620488730295,0.41542075071141427,0.36343104927955194,0.3984823162744478,0.4428610144992999,-0.4881882650526221,1.0
