,abilities,v_measure,mutual_info,adjusted_rand_score,calinski_harabasz,davies_bouldin,silhouette
abilities,1.0,0.7493154010881051,0.7947377336118796,0.7498913111106426,0.6818210049173956,-0.5047794885773613,0.42729135966262
v_measure,0.7493154010881051,1.0,0.9759868105468057,0.9847328244274809,0.7406386919011699,-0.7203351551560594,0.544288359907855
mutual_info,0.7947377336118796,0.9759868105468057,1.0,0.9715037462537203,0.7049364522925742,-0.6418347815878853,0.4804105899766601
adjusted_rand_score,0.7498913111106426,0.9847328244274809,0.9715037462537203,1.0,0.7281042504178147,-0.6936401824834003,0.5225168255115408
calinski_harabasz,0.6818210049173956,0.7406386919011699,0.7049364522925742,0.7281042504178147,1.0,-0.8863769817968291,0.46332264329915535
davies_bouldin,-0.5047794885773613,-0.7203351551560594,-0.6418347815878853,-0.6936401824834003,-0.8863769817968291,1.0,-0.5071593116220244
silhouette,0.42729135966262,0.544288359907855,0.4804105899766601,0.5225168255115408,0.46332264329915535,-0.5071593116220244,1.0
