,abilities,v_measure,mutual_info,adjusted_rand_score,calinski_harabasz,davies_bouldin,silhouette
abilities,1.0,0.8655611350447481,0.7881436646292171,0.9586206896551724,0.354158215010142,-0.37383367139959434,0.3791075050709939
v_measure,0.8655611350447481,1.0,0.9534544943535471,0.863836909676133,0.4630052239839788,-0.5157462352592622,0.4411988443220828
mutual_info,0.7881436646292171,0.9534544943535471,1.0,0.7704804758546829,0.4858392038788554,-0.539336333098278,0.45609601818380635
adjusted_rand_score,0.9586206896551724,0.863836909676133,0.7704804758546829,1.0,0.3713995943204868,-0.3752535496957404,0.40162271805273836
calinski_harabasz,0.354158215010142,0.4630052239839788,0.4858392038788554,0.3713995943204868,1.0,-0.9760649087221095,0.9807302231237323
davies_bouldin,-0.37383367139959434,-0.5157462352592622,-0.539336333098278,-0.3752535496957404,-0.9760649087221095,1.0,-0.9494929006085193
silhouette,0.3791075050709939,0.4411988443220828,0.45609601818380635,0.40162271805273836,0.9807302231237323,-0.9494929006085193,1.0
