,abilities,v_measure,mutual_info,adjusted_rand_score,calinski_harabasz,davies_bouldin,silhouette
abilities,1.0,0.8600405679513184,0.7834959952143117,0.9572008113590263,0.3334685598377282,-0.3537525354969574,0.36572008113590265
v_measure,0.8600405679513184,1.0,0.9510762372273741,0.8636916835699797,0.454158215010142,-0.5075050709939148,0.4294117647058823
mutual_info,0.7834959952143117,0.9510762372273741,1.0,0.7695901847020225,0.47066600982106016,-0.5263907541367302,0.4365612482726719
adjusted_rand_score,0.9572008113590263,0.8636916835699797,0.7695901847020225,1.0,0.3632860040567951,-0.3671399594320487,0.39148073022312374
calinski_harabasz,0.3334685598377282,0.454158215010142,0.47066600982106016,0.3632860040567951,1.0,-0.9760649087221095,0.9762677484787018
davies_bouldin,-0.3537525354969574,-0.5075050709939148,-0.5263907541367302,-0.3671399594320487,-0.9760649087221095,1.0,-0.9450304259634889
silhouette,0.36572008113590265,0.4294117647058823,0.4365612482726719,0.39148073022312374,0.9762677484787018,-0.9450304259634889,1.0
