,abilities,v_measure,mutual_info,adjusted_rand_score,calinski_harabasz,davies_bouldin,silhouette
abilities,1.0,0.9337306985323773,0.9501356829138483,-0.12573908883030688,-0.4771389707350849,0.41378838938197093,-0.6601502423307121
v_measure,0.9337306985323773,1.0,0.9964456110131376,0.0716219172156391,-0.511353538667651,0.3874147288411325,-0.6424284679216394
mutual_info,0.9501356829138483,0.9964456110131376,1.0,0.01602231093275988,-0.512228465187494,0.3908324105592694,-0.6493731971728937
adjusted_rand_score,-0.12573908883030688,0.0716219172156391,0.01602231093275988,1.0,0.12800076558313206,-0.190791272506482,0.24414884893187605
calinski_harabasz,-0.4771389707350849,-0.511353538667651,-0.512228465187494,0.12800076558313206,1.0,-0.4765752095038893,0.809019945590507
davies_bouldin,0.41378838938197093,0.3874147288411325,0.3908324105592694,-0.190791272506482,-0.4765752095038893,1.0,-0.5933778999029379
silhouette,-0.6601502423307121,-0.6424284679216394,-0.6493731971728937,0.24414884893187605,0.809019945590507,-0.5933778999029379,1.0
