,abilities,v_measure,mutual_info,adjusted_rand_score,calinski_harabasz,davies_bouldin,silhouette
abilities,1.0,0.8702782785843991,0.8626945859112456,0.8712974060981925,0.8267327199811276,-0.8307336635999056,0.8623071479122435
v_measure,0.8702782785843991,1.0,0.9957107499300243,0.9871474271262892,0.8209449578241012,-0.8249648496840642,0.7908901325330627
mutual_info,0.8626945859112456,0.9957107499300243,1.0,0.9785726113824931,0.8225868137718506,-0.826682525091497,0.7918406675059332
adjusted_rand_score,0.8712974060981925,0.9871474271262892,0.9785726113824931,1.0,0.8126409558598582,-0.8120559011760138,0.7889273684324235
calinski_harabasz,0.8267327199811276,0.8209449578241012,0.8225868137718506,0.8126409558598582,1.0,-0.9974711016749234,0.9458551545175748
davies_bouldin,-0.8307336635999056,-0.8249648496840642,-0.826682525091497,-0.8120559011760138,-0.9974711016749234,1.0,-0.9428733191790517
silhouette,0.8623071479122435,0.7908901325330627,0.7918406675059332,0.7889273684324235,0.9458551545175748,-0.9428733191790517,1.0
