,abilities,v_measure,mutual_info,adjusted_rand_score,calinski_harabasz,davies_bouldin,silhouette
abilities,1.0,0.8263470876405361,0.8161751667103458,0.8434933182396617,0.8858140302873048,-0.8830211822427702,0.92344199650894
v_measure,0.8263470876405361,1.0,0.9932515348483624,0.9812625966042481,0.8460885240938524,-0.8464376795186959,0.7962631013053676
mutual_info,0.8161751667103458,0.9932515348483624,1.0,0.9686814392390719,0.8456377256270456,-0.8464398772951813,0.7915255178024599
adjusted_rand_score,0.8434933182396617,0.9812625966042481,0.9686814392390719,1.0,0.8285470314376568,-0.8260654194244451,0.7901811209976619
calinski_harabasz,0.8858140302873048,0.8460885240938524,0.8456377256270456,0.8285470314376568,1.0,-0.998094069915554,0.9635608812567816
davies_bouldin,-0.8830211822427702,-0.8464376795186959,-0.8464398772951813,-0.8260654194244451,-0.998094069915554,1.0,-0.9595603151389348
silhouette,0.92344199650894,0.7962631013053676,0.7915255178024599,0.7901811209976619,0.9635608812567816,-0.9595603151389348,1.0
