,abilities,v_measure,mutual_info,adjusted_rand_score,calinski_harabasz,davies_bouldin,silhouette
abilities,1.0,0.7751688420757952,0.7853168632116737,0.8317528082024005,0.7520033593449278,-0.6053119641669874,0.5518073975574763
v_measure,0.7751688420757952,1.0,0.9601427721594289,0.9799489099625573,0.8869720404521119,-0.8079224551212514,0.6199391118731847
mutual_info,0.7853168632116737,0.9601427721594289,1.0,0.9598278335724534,0.8387514434685236,-0.7366063617594569,0.55656646953844
adjusted_rand_score,0.8317528082024005,0.9799489099625573,0.9598278335724534,1.0,0.8529586730587535,-0.7383910137523183,0.5752178325226581
calinski_harabasz,0.7520033593449278,0.8869720404521119,0.8387514434685236,0.8529586730587535,1.0,-0.890961262553802,0.580046890856283
davies_bouldin,-0.6053119641669874,-0.8079224551212514,-0.7366063617594569,-0.7383910137523183,-0.890961262553802,1.0,-0.6337614165237778
silhouette,0.5518073975574763,0.6199391118731847,0.55656646953844,0.5752178325226581,0.580046890856283,-0.6337614165237778,1.0
