,abilities,v_measure,mutual_info,adjusted_rand_score,calinski_harabasz,davies_bouldin,silhouette
abilities,1.0,0.8021485810266998,0.8115267522833047,0.8394163138188053,0.7236938796934598,-0.5867305875354306,0.5456136053469574
v_measure,0.8021485810266998,1.0,0.9633971375581761,0.9870175315813416,0.8763341148476047,-0.7959897819925115,0.6018826328865872
mutual_info,0.8115267522833047,0.9633971375581761,1.0,0.9577982293452777,0.8271687021030899,-0.7349966756482486,0.5427791580641775
adjusted_rand_score,0.8394163138188053,0.9870175315813416,0.9577982293452777,1.0,0.8466599013192427,-0.7492738915911398,0.5775273821604787
calinski_harabasz,0.7236938796934598,0.8763341148476047,0.8271687021030899,0.8466599013192427,1.0,-0.9040837036777828,0.5692689925464535
davies_bouldin,-0.5867305875354306,-0.7959897819925115,-0.7349966756482486,-0.7492738915911398,-0.9040837036777828,1.0,-0.6119606676698044
silhouette,0.5456136053469574,0.6018826328865872,0.5427791580641775,0.5775273821604787,0.5692689925464535,-0.6119606676698044,1.0
