,abilities,v_measure,mutual_info,adjusted_rand_score,calinski_harabasz,davies_bouldin,silhouette
abilities,1.0,0.7607516534275817,0.7760679573726427,0.81296147251286,0.742240263148686,-0.576687545928544,0.5669244497323022
v_measure,0.7607516534275817,1.0,0.9609385252364538,0.9785491829093327,0.8943905938342024,-0.8059278440704063,0.625013122441124
mutual_info,0.7760679573726427,0.9609385252364538,1.0,0.9544122407566884,0.8440078035788872,-0.7380825321566353,0.5570437506227669
adjusted_rand_score,0.81296147251286,0.9785491829093327,0.9544122407566884,1.0,0.8627567624313259,-0.7380410819890122,0.5819015292018056
calinski_harabasz,0.742240263148686,0.8943905938342024,0.8440078035788872,0.8627567624313259,1.0,-0.8927459145466634,0.5855408195401897
davies_bouldin,-0.576687545928544,-0.8059278440704063,-0.7380825321566353,-0.7380410819890122,-0.8927459145466634,1.0,-0.6322567099415614
silhouette,0.5669244497323022,0.625013122441124,0.5570437506227669,0.5819015292018056,0.5855408195401897,-0.6322567099415614,1.0
