,abilities,v_measure,mutual_info,adjusted_rand_score,calinski_harabasz,davies_bouldin,silhouette
abilities,1.0,0.7583721174370998,0.7721594289113622,0.8106519228750394,0.7433600447912657,-0.5743080099380621,0.5675193337299227
v_measure,0.7583721174370998,1.0,0.9599328131014452,0.9783742170276796,0.8942156279525493,-0.8070476257129859,0.6250831087937853
mutual_info,0.7721594289113622,0.9599328131014452,1.0,0.9540889526542324,0.8442103789760996,-0.7368863071701018,0.5572663330650524
adjusted_rand_score,0.8106519228750394,0.9783742170276796,0.9540889526542324,1.0,0.8627567624313259,-0.7383210273996571,0.5819715155544669
calinski_harabasz,0.7433600447912657,0.8942156279525493,0.8442103789760996,0.8627567624313259,1.0,-0.8929558736046471,0.5856108058928509
davies_bouldin,-0.5743080099380621,-0.8070476257129859,-0.7368863071701018,-0.7383210273996571,-0.8929558736046471,1.0,-0.6321517304125696
silhouette,0.5675193337299227,0.6250831087937853,0.5572663330650524,0.5819715155544669,0.5856108058928509,-0.6321517304125696,1.0
