,abilities,v_measure,mutual_info,adjusted_rand_score,calinski_harabasz,davies_bouldin,silhouette
abilities,1.0,0.757532281205165,0.7735591559645869,0.8105469433460475,0.7415753927984043,-0.5705637400706862,0.5683591699618574
v_measure,0.757532281205165,1.0,0.9605976834517269,0.9783742170276796,0.8940056688945656,-0.8066627007733492,0.6250481156174545
mutual_info,0.7735591559645869,0.9605976834517269,1.0,0.954858802533506,0.8447352766210589,-0.7380410819890122,0.5575112852993667
adjusted_rand_score,0.8105469433460475,0.9783742170276796,0.954858802533506,1.0,0.8625468033733422,-0.7379710956363509,0.5819015292018056
calinski_harabasz,0.7415753927984043,0.8940056688945656,0.8447352766210589,0.8625468033733422,1.0,-0.8927109213703328,0.5856457990691815
davies_bouldin,-0.5705637400706862,-0.8066627007733492,-0.7380410819890122,-0.7379710956363509,-0.8927109213703328,1.0,-0.6320467508835778
silhouette,0.5683591699618574,0.6250481156174545,0.5575112852993667,0.5819015292018056,0.5856457990691815,-0.6320467508835778,1.0
