,abilities,v_measure,mutual_info,adjusted_rand_score,calinski_harabasz,davies_bouldin,silhouette
abilities,1.0,-0.021658298348356593,-0.09299169549517441,-0.07214004637836068,0.14611376465479808,-0.35041250542770297,0.6396005210594876
v_measure,-0.021658298348356593,1.0,0.9928608301333121,0.9555941588404538,0.8832134647270931,-0.777418919662063,0.36867960496751373
mutual_info,-0.09299169549517441,0.9928608301333121,1.0,0.9546404657187314,0.8705282130534833,-0.7642364793818245,0.3353781055278386
adjusted_rand_score,-0.07214004637836068,0.9555941588404538,0.9546404657187314,1.0,0.8343601601819278,-0.6910028520666152,0.3041932429678956
calinski_harabasz,0.14611376465479808,0.8832134647270931,0.8705282130534833,0.8343601601819278,1.0,-0.9284628745115068,0.5884715588363004
davies_bouldin,-0.35041250542770297,-0.777418919662063,-0.7642364793818245,-0.6910028520666152,-0.9284628745115068,1.0,-0.6451367781155015
silhouette,0.6396005210594876,0.36867960496751373,0.3353781055278386,0.3041932429678956,0.5884715588363004,-0.6451367781155015,1.0
