,abilities,v_measure,mutual_info,adjusted_rand_score,calinski_harabasz,davies_bouldin,silhouette
abilities,1.0,0.8048353642727508,0.7174409749609131,0.8620689655172413,0.8240860772621208,-0.7686025408348457,0.785908737360643
v_measure,0.8048353642727508,1.0,0.9541572816472079,0.9712211563391236,0.8517630282603059,-0.8446979517759917,0.6399403681617838
mutual_info,0.7174409749609131,0.9541572816472079,1.0,0.9080714946663877,0.8203723810446579,-0.8299978935153356,0.5677755992383898
adjusted_rand_score,0.8620689655172413,0.9712211563391236,0.9080714946663877,1.0,0.8377625097225824,-0.8282991962665284,0.6661913404200156
calinski_harabasz,0.8240860772621208,0.8517630282603059,0.8203723810446579,0.8377625097225824,1.0,-0.9501555613170858,0.7888903292714545
davies_bouldin,-0.7686025408348457,-0.8446979517759917,-0.8299978935153356,-0.8282991962665284,-0.9501555613170858,1.0,-0.7096188747731398
silhouette,0.785908737360643,0.6399403681617838,0.5677755992383898,0.6661913404200156,0.7888903292714545,-0.7096188747731398,1.0
