,abilities,v_measure,mutual_info,adjusted_rand_score,calinski_harabasz,davies_bouldin,silhouette
abilities,1.0,0.5540749588166903,0.44736342188157935,0.5647135454083901,0.5698002605297439,-0.5743595310464611,0.7977637863656101
v_measure,0.5540749588166903,1.0,0.9621125766704662,0.9805677685501818,0.9159497384435393,-0.8897874999884409,0.6109588299804728
mutual_info,0.44736342188157935,0.9621125766704662,1.0,0.9390978667969386,0.8753494181854198,-0.8615626784186252,0.5671017995412206
adjusted_rand_score,0.5647135454083901,0.9805677685501818,0.9390978667969386,1.0,0.9084593050269344,-0.880560154475232,0.6108502729744351
calinski_harabasz,0.5698002605297439,0.9159497384435393,0.8753494181854198,0.9084593050269344,1.0,-0.9712331741207121,0.6450282240555797
davies_bouldin,-0.5743595310464611,-0.8897874999884409,-0.8615626784186252,-0.880560154475232,-0.9712331741207121,1.0,-0.6387320885801129
silhouette,0.7977637863656101,0.6109588299804728,0.5671017995412206,0.6108502729744351,0.6450282240555797,-0.6387320885801129,1.0
