,abilities,v_measure,mutual_info,adjusted_rand_score,calinski_harabasz,davies_bouldin,silhouette
abilities,1.0,0.6930909458202243,0.7171460096323418,0.5711644215560326,0.42046873499183557,-0.3764768033810393,0.7148208625492268
v_measure,0.6930909458202243,1.0,0.9948326648177991,0.9590778109045441,-0.006339905398168436,0.03794337321631109,0.2822218493911949
mutual_info,0.7171460096323418,0.9948326648177991,1.0,0.9375829500381332,0.04530380469040397,-0.008123440841037954,0.3161412450385007
adjusted_rand_score,0.5711644215560326,0.9590778109045441,0.9375829500381332,1.0,-0.1573373676701756,0.1825036621326823,0.1288571909215754
calinski_harabasz,0.42046873499183557,-0.006339905398168436,0.04530380469040397,-0.1573373676701756,1.0,-0.977571799058688,0.7464220535971569
davies_bouldin,-0.3764768033810393,0.03794337321631109,-0.008123440841037954,0.1825036621326823,-0.977571799058688,1.0,-0.772788396887907
silhouette,0.7148208625492268,0.2822218493911949,0.3161412450385007,0.1288571909215754,0.7464220535971569,-0.772788396887907,1.0
