,abilities,v_measure,mutual_info,adjusted_rand_score,calinski_harabasz,davies_bouldin,silhouette
abilities,1.0,0.6552233446399962,0.6738365016942887,0.5370723920730454,0.46780409911280735,-0.43108768478379533,0.7759674379514017
v_measure,0.6552233446399962,1.0,0.9959729849477265,0.9507787270359978,-0.05374575252231818,0.07696833638696594,0.26346945975082786
mutual_info,0.6738365016942887,0.9959729849477265,1.0,0.9343327492206434,-0.01055543087368743,0.036306835123617355,0.2901661498488836
adjusted_rand_score,0.5370723920730454,0.9507787270359978,0.9343327492206434,1.0,-0.20563373540839217,0.2166802749725473,0.11990298270397082
calinski_harabasz,0.46780409911280735,-0.05374575252231818,-0.01055543087368743,-0.20563373540839217,1.0,-0.9845355873595236,0.7631831716453751
davies_bouldin,-0.43108768478379533,0.07696833638696594,0.036306835123617355,0.2166802749725473,-0.9845355873595236,1.0,-0.7832100662760542
silhouette,0.7759674379514017,0.26346945975082786,0.2901661498488836,0.11990298270397082,0.7631831716453751,-0.7832100662760542,1.0
