,abilities,v_measure,mutual_info,adjusted_rand_score,calinski_harabasz,davies_bouldin,silhouette
abilities,1.0,0.6676192672566781,0.6805536484767108,0.5786465594301784,0.4677264431850927,-0.4301700124867928,0.7729805013927576
v_measure,0.6676192672566781,1.0,0.9976573903942035,0.9725854684073051,-0.03347702368905789,0.05953338717731313,0.28450667119388007
mutual_info,0.6805536484767108,0.9976573903942035,1.0,0.9640318268270418,-0.006222671572246986,0.03339580496302436,0.30373364485075827
adjusted_rand_score,0.5786465594301784,0.9725854684073051,0.9640318268270418,1.0,-0.14396522758067395,0.16903606954801734,0.1671149322325121
calinski_harabasz,0.4677264431850927,-0.03347702368905789,-0.006222671572246986,-0.14396522758067395,1.0,-0.9849678224954376,0.7630390932667371
davies_bouldin,-0.4301700124867928,0.05953338717731313,0.03339580496302436,0.16903606954801734,-0.9849678224954376,1.0,-0.7822015176255883
silhouette,0.7729805013927576,0.28450667119388007,0.30373364485075827,0.1671149322325121,0.7630390932667371,-0.7822015176255883,1.0
