,abilities,v_measure,mutual_info,adjusted_rand_score,calinski_harabasz,davies_bouldin,silhouette
abilities,1.0,0.283550018407895,0.32363227985863974,0.05733218099377974,0.7272770922360398,-0.7093196331684832,0.8946559754165266
v_measure,0.283550018407895,1.0,0.9963243881210552,0.9245230926677553,-0.13363585118190885,0.08921861713833514,0.1064813151260808
mutual_info,0.32363227985863974,0.9963243881210552,1.0,0.9012986390187542,-0.0870578520047291,0.044297648757373194,0.14094051261361634
adjusted_rand_score,0.05733218099377974,0.9245230926677553,0.9012986390187542,1.0,-0.3409920295873759,0.2695188709531706,-0.08981561520005445
calinski_harabasz,0.7272770922360398,-0.13363585118190885,-0.0870578520047291,-0.3409920295873759,1.0,-0.9570749507850387,0.7970903154558986
davies_bouldin,-0.7093196331684832,0.08921861713833514,0.044297648757373194,0.2695188709531706,-0.9570749507850387,1.0,-0.79473760023047
silhouette,0.8946559754165266,0.1064813151260808,0.14094051261361634,-0.08981561520005445,0.7970903154558986,-0.79473760023047,1.0
