,abilities,v_measure,mutual_info,adjusted_rand_score,calinski_harabasz,davies_bouldin,silhouette
abilities,1.0,0.9088134247662848,0.9042826513095376,0.906459163142118,0.9138504496365951,-0.7910455932876168,0.6634774634199756
v_measure,0.9088134247662848,1.0,0.9542248260192346,0.995127225940678,0.9197908539673415,-0.8511613901093636,0.6623277077430569
mutual_info,0.9042826513095376,0.9542248260192346,1.0,0.9519198025710948,0.9126520816867121,-0.8058801026782333,0.6053705034453999
adjusted_rand_score,0.906459163142118,0.995127225940678,0.9519198025710948,1.0,0.9123448172025349,-0.8486428776742085,0.6577560601705471
calinski_harabasz,0.9138504496365951,0.9197908539673415,0.9126520816867121,0.9123448172025349,1.0,-0.8869133166345009,0.590878604963112
davies_bouldin,-0.7910455932876168,-0.8511613901093636,-0.8058801026782333,-0.8486428776742085,-0.8869133166345009,1.0,-0.646723880699161
silhouette,0.6634774634199756,0.6623277077430569,0.6053705034453999,0.6577560601705471,0.590878604963112,-0.646723880699161,1.0
