,abilities,v_measure,mutual_info,adjusted_rand_score,calinski_harabasz,davies_bouldin,silhouette
abilities,1.0,0.8832450485224271,0.882728444181619,0.8810824128444135,0.8462338657797123,-0.781190544628314,0.71217782887803
v_measure,0.8832450485224271,1.0,0.9554374464997879,0.995236726481337,0.9184768474794345,-0.8817667912235316,0.6701022461298403
mutual_info,0.882728444181619,0.9554374464997879,1.0,0.9516785282667354,0.9111535484841182,-0.8361535266589428,0.6149946914945652
adjusted_rand_score,0.8810824128444135,0.995236726481337,0.9516785282667354,1.0,0.9119615653102288,-0.8755252604059732,0.6641618417990939
calinski_harabasz,0.8462338657797123,0.9184768474794345,0.9111535484841182,0.9119615653102288,1.0,-0.88395680203671,0.6071394352509616
davies_bouldin,-0.781190544628314,-0.8817667912235316,-0.8361535266589428,-0.8755252604059732,-0.88395680203671,1.0,-0.6625193336892101
silhouette,0.71217782887803,0.6701022461298403,0.6149946914945652,0.6641618417990939,0.6071394352509616,-0.6625193336892101,1.0
