,abilities,v_measure,mutual_info,adjusted_rand_score,calinski_harabasz,davies_bouldin,silhouette
abilities,1.0,0.8896589508286536,0.889681164116557,0.8871113546089576,0.8489248048212573,-0.7715929324750034,0.6914121353239282
v_measure,0.8896589508286536,1.0,0.9688389306421701,0.9965210245171894,0.9223667990686207,-0.8674154225448568,0.6656348445418436
mutual_info,0.889681164116557,0.9688389306421701,1.0,0.9647918697886075,0.9165563919542824,-0.8287008743060976,0.6223693650261634
adjusted_rand_score,0.8871113546089576,0.9965210245171894,0.9647918697886075,1.0,0.9175455417066155,-0.8719353513217367,0.6671414874674703
calinski_harabasz,0.8489248048212573,0.9223667990686207,0.9165563919542824,0.9175455417066155,1.0,-0.8678263251609368,0.6029858923435146
davies_bouldin,-0.7715929324750034,-0.8674154225448568,-0.8287008743060976,-0.8719353513217367,-0.8678263251609368,1.0,-0.6581564169291878
silhouette,0.6914121353239282,0.6656348445418436,0.6223693650261634,0.6671414874674703,0.6029858923435146,-0.6581564169291878,1.0
