,abilities,v_measure,mutual_info,adjusted_rand_score,calinski_harabasz,davies_bouldin,silhouette
abilities,1.0,0.6814791255348388,0.730041376995998,0.6966496438408776,0.7129483494260047,-0.6719375416319109,0.5808424198416937
v_measure,0.6814791255348388,1.0,0.9621546041324288,0.9908304778593247,0.8592166299605735,-0.8149772862295142,0.4346101452841172
mutual_info,0.730041376995998,0.9621546041324288,1.0,0.9619925767498004,0.8418282689812466,-0.7935741140288426,0.39656501949007866
adjusted_rand_score,0.6966496438408776,0.9908304778593247,0.9619925767498004,1.0,0.8649415803023301,-0.8029032819448029,0.4431795678082562
calinski_harabasz,0.7129483494260047,0.8592166299605735,0.8418282689812466,0.8649415803023301,1.0,-0.9051722585949268,0.43505421900035407
davies_bouldin,-0.6719375416319109,-0.8149772862295142,-0.7935741140288426,-0.8029032819448029,-0.9051722585949268,1.0,-0.436242416241096
silhouette,0.5808424198416937,0.4346101452841172,0.39656501949007866,0.4431795678082562,0.43505421900035407,-0.436242416241096,1.0
