,abilities,v_measure,mutual_info,adjusted_rand_score,calinski_harabasz,davies_bouldin,silhouette
abilities,1.0,0.6780585577205817,0.7267146346293485,0.6955814665234429,0.7139085088124628,-0.673953876343473,0.5823186648983731
v_measure,0.6780585577205817,1.0,0.9612935747334057,0.9905784360203794,0.8596487016844796,-0.8135610511344883,0.4345381333301328
mutual_info,0.7267146346293485,0.9612935747334057,1.0,0.9631778875293299,0.8422098068279334,-0.7937337598041275,0.3962997857644369
adjusted_rand_score,0.6955814665234429,0.9905784360203794,0.9631778875293299,1.0,0.8643654846704553,-0.8022911803359357,0.4428675160076573
calinski_harabasz,0.7139085088124628,0.8596487016844796,0.8422098068279334,0.8643654846704553,1.0,-0.900551491547597,0.4342740894988568
davies_bouldin,-0.673953876343473,-0.8135610511344883,-0.7937337598041275,-0.8022911803359357,-0.900551491547597,1.0,-0.43456213731479426
silhouette,0.5823186648983731,0.4345381333301328,0.3962997857644369,0.4428675160076573,0.4342740894988568,-0.43456213731479426,1.0
