,abilities,v_measure,mutual_info,adjusted_rand_score,calinski_harabasz,davies_bouldin,silhouette
abilities,1.0,0.6798948625471828,0.7275149500298294,0.6952094047611903,0.7117241462082706,-0.6717095037776271,0.5819225991514592
v_measure,0.6798948625471828,1.0,0.9632047816124276,0.990506424066395,0.8589165801523053,-0.8149532822448526,0.43387802375194284
mutual_info,0.7275149500298294,0.9632047816124276,1.0,0.9628747258329994,0.8419122831796466,-0.7941982195026704,0.3964329971783074
adjusted_rand_score,0.6952094047611903,0.990506424066395,0.9628747258329994,1.0,0.8646535324863928,-0.8029152839371335,0.4425674661993891
calinski_harabasz,0.7117241462082706,0.8589165801523053,0.8419122831796466,0.8646535324863928,1.0,-0.9046201669477133,0.4352462508776457
davies_bouldin,-0.6717095037776271,-0.8149532822448526,-0.7941982195026704,-0.8029152839371335,-0.9046201669477133,1.0,-0.43625441823342676
silhouette,0.5819225991514592,0.43387802375194284,0.3964329971783074,0.4425674661993891,0.4352462508776457,-0.43625441823342676,1.0
