,abilities,v_measure,mutual_info,adjusted_rand_score,calinski_harabasz,davies_bouldin,silhouette
abilities,1.0,0.6783706095211806,0.7265967948616018,0.6938171736508261,0.7111240465917342,-0.6713494440077052,0.5825587047449877
v_measure,0.6783706095211806,1.0,0.9624126477417999,0.9907944718823325,0.8589525861292975,-0.8159134416313107,0.4344781233684792
mutual_info,0.7265967948616018,0.9624126477417999,1.0,0.9626526883086568,0.8415642243577041,-0.794390251956156,0.39687107121282117
adjusted_rand_score,0.6938171736508261,0.9907944718823325,0.9626526883086568,1.0,0.8642094587701559,-0.8036834114463001,0.4428435120229958
calinski_harabasz,0.7111240465917342,0.8589525861292975,0.8415642243577041,0.8642094587701559,1.0,-0.904764190855682,0.43494620106937754
davies_bouldin,-0.6713494440077052,-0.8159134416313107,-0.794390251956156,-0.8036834114463001,-0.904764190855682,1.0,-0.43626642022575746
silhouette,0.5825587047449877,0.4344781233684792,0.39687107121282117,0.4428435120229958,0.43494620106937754,-0.43626642022575746,1.0
