,abilities,v_measure,mutual_info,adjusted_rand_score,calinski_harabasz,davies_bouldin,silhouette
abilities,1.0,0.828843257653056,0.8201785062679322,0.8431955028581023,0.8941626184598233,-0.8917894401529027,0.9253961933582863
v_measure,0.828843257653056,1.0,0.9942406049277577,0.9843446982942526,0.8398822885962851,-0.8401610520039424,0.789776557237083
mutual_info,0.8201785062679322,0.9942406049277577,1.0,0.9736147296774841,0.8395174923440739,-0.8402263761005716,0.7856025019201022
adjusted_rand_score,0.8431955028581023,0.9843446982942526,0.9736147296774841,1.0,0.8251330008464643,-0.8230862358477911,0.7847551855029877
calinski_harabasz,0.8941626184598233,0.8398822885962851,0.8395174923440739,0.8251330008464643,1.0,-0.9983913355100741,0.9635900294656367
davies_bouldin,-0.8917894401529027,-0.8401610520039424,-0.8402263761005716,-0.8230862358477911,-0.9983913355100741,1.0,-0.960213426773911
silhouette,0.9253961933582863,0.789776557237083,0.7856025019201022,0.7847551855029877,0.9635900294656367,-0.960213426773911,1.0
