,abilities,v_measure,mutual_info,adjusted_rand_score,calinski_harabasz,davies_bouldin,silhouette
abilities,1.0,0.9411362080766599,0.48858041273385144,0.9695414099931554,0.7210814510609171,-0.2782340862422998,0.6926762491444216
v_measure,0.9411362080766599,1.0,0.6437020556536704,0.974674880219028,0.8158795345653662,-0.15776865160848733,0.648186173853525
mutual_info,0.48858041273385144,0.6437020556536704,1.0,0.6176725736217733,0.7509857315959488,0.358784752331554,0.08125419391038134
adjusted_rand_score,0.9695414099931554,0.974674880219028,0.6176725736217733,1.0,0.7672826830937713,-0.13894592744695414,0.609514031485284
calinski_harabasz,0.7210814510609171,0.8158795345653662,0.7509857315959488,0.7672826830937713,1.0,-0.1567419575633128,0.5903490759753593
davies_bouldin,-0.2782340862422998,-0.15776865160848733,0.358784752331554,-0.13894592744695414,-0.1567419575633128,1.0,-0.8045859000684463
silhouette,0.6926762491444216,0.648186173853525,0.08125419391038134,0.609514031485284,0.5903490759753593,-0.8045859000684463,1.0
