,abilities,v_measure,mutual_info,adjusted_rand_score,calinski_harabasz,davies_bouldin,silhouette
abilities,1.0,0.9420980926430518,0.35331070530167064,0.9703678474114441,0.7840599455040872,-0.2789509536784741,0.6811989100817438
v_measure,0.9420980926430518,1.0,0.3628405644856318,0.970708446866485,0.7857629427792916,-0.25919618528610355,0.6805177111716622
mutual_info,0.35331070530167064,0.3628405644856318,1.0,0.3319567615746466,0.6279118328987733,0.4166666209876346,-0.13377098632301015
adjusted_rand_score,0.9703678474114441,0.970708446866485,0.3319567615746466,1.0,0.7469346049046321,-0.2510217983651226,0.6566757493188011
calinski_harabasz,0.7840599455040872,0.7857629427792916,0.6279118328987733,0.7469346049046321,1.0,-0.19516348773841963,0.5749318801089919
davies_bouldin,-0.2789509536784741,-0.25919618528610355,0.4166666209876346,-0.2510217983651226,-0.19516348773841963,1.0,-0.8334468664850136
silhouette,0.6811989100817438,0.6805177111716622,-0.13377098632301015,0.6566757493188011,0.5749318801089919,-0.8334468664850136,1.0
