,abilities,v_measure,mutual_info,adjusted_rand_score,calinski_harabasz,davies_bouldin,silhouette
abilities,1.0,0.9393732970027248,0.42643247358133934,0.9645776566757494,0.7956403269754768,-0.38862397820163486,0.7356948228882834
v_measure,0.9393732970027248,1.0,0.43137252706097423,0.9666212534059946,0.787125340599455,-0.3188010899182561,0.7050408719346049
mutual_info,0.42643247358133934,0.43137252706097423,1.0,0.38197199226462547,0.6700829684161882,0.2969325002223393,-0.008645093589361039
adjusted_rand_score,0.9645776566757494,0.9666212534059946,0.38197199226462547,1.0,0.7326294277929155,-0.30449591280653954,0.6784741144414169
calinski_harabasz,0.7956403269754768,0.787125340599455,0.6700829684161882,0.7326294277929155,1.0,-0.3194822888283379,0.6416893732970027
davies_bouldin,-0.38862397820163486,-0.3188010899182561,0.2969325002223393,-0.30449591280653954,-0.3194822888283379,1.0,-0.8467302452316077
silhouette,0.7356948228882834,0.7050408719346049,-0.008645093589361039,0.6784741144414169,0.6416893732970027,-0.8467302452316077,1.0
