,abilities,v_measure,mutual_info,adjusted_rand_score,calinski_harabasz,davies_bouldin,silhouette
abilities,1.0,0.7005537183462965,0.7391309899325107,0.7583600403546769,0.6674753252783293,-0.5609366820362607,0.44474520870178985
v_measure,0.7005537183462965,1.0,0.9773065824530341,0.9801666680853599,0.8482281939750934,-0.8060249065790481,0.479685731066829
mutual_info,0.7391309899325107,0.9773065824530341,1.0,0.9765745367257127,0.8151329173724665,-0.7577098885758305,0.4360524008546208
adjusted_rand_score,0.7583600403546769,0.9801666680853599,0.9765745367257127,1.0,0.8148945769031061,-0.7450608193804851,0.43547357400045966
calinski_harabasz,0.6674753252783293,0.8482281939750934,0.8151329173724665,0.8148945769031061,1.0,-0.8870776904808519,0.38778845580912336
davies_bouldin,-0.5609366820362607,-0.8060249065790481,-0.7577098885758305,-0.7450608193804851,-0.8870776904808519,1.0,-0.46487457332799903
silhouette,0.44474520870178985,0.479685731066829,0.4360524008546208,0.43547357400045966,0.38778845580912336,-0.46487457332799903,1.0
