,abilities,v_measure,mutual_info,adjusted_rand_score,calinski_harabasz,davies_bouldin,silhouette
abilities,1.0,0.683688148520161,0.7190306352624725,0.73762119187259,0.6477838592429285,-0.5369555409903046,0.46485754900875903
v_measure,0.683688148520161,1.0,0.9775449229223946,0.9795197439542386,0.8516671064615804,-0.8057014445134875,0.48194996552575353
mutual_info,0.7190306352624725,0.9775449229223946,1.0,0.9736463538164267,0.8177376382161918,-0.7571651103601494,0.43518416057337905
adjusted_rand_score,0.73762119187259,0.9795197439542386,0.9736463538164267,1.0,0.8196103133325956,-0.7440734088645631,0.4375335166285038
calinski_harabasz,0.6477838592429285,0.8516671064615804,0.8177376382161918,0.8196103133325956,1.0,-0.8882353441891743,0.3904953225682888
davies_bouldin,-0.5369555409903046,-0.8057014445134875,-0.7571651103601494,-0.7440734088645631,-0.8882353441891743,1.0,-0.4643978923892781
silhouette,0.46485754900875903,0.48194996552575353,0.43518416057337905,0.4375335166285038,0.3904953225682888,-0.4643978923892781,1.0
