,abilities,v_measure,mutual_info,adjusted_rand_score,calinski_harabasz,davies_bouldin,silhouette
abilities,1.0,0.8658369823306407,0.8288479531653697,0.9364786324786325,0.7857094017094017,-0.7744273504273504,0.8218803418803419
v_measure,0.8658369823306407,1.0,0.9755480461348515,0.9328501115901595,0.8243298706362244,-0.8237828246830854,0.801490702092674
mutual_info,0.8288479531653697,0.9755480461348515,1.0,0.8869815252579982,0.8226926337673267,-0.8237869127714232,0.7843244761861919
adjusted_rand_score,0.9364786324786325,0.9328501115901595,0.8869815252579982,1.0,0.762940170940171,-0.7522051282051282,0.7833162393162393
calinski_harabasz,0.7857094017094017,0.8243298706362244,0.8226926337673267,0.762940170940171,1.0,-0.9931623931623932,0.9785982905982906
davies_bouldin,-0.7744273504273504,-0.8237828246830854,-0.8237869127714232,-0.7522051282051282,-0.9931623931623932,1.0,-0.9648547008547008
silhouette,0.8218803418803419,0.801490702092674,0.7843244761861919,0.7833162393162393,0.9785982905982906,-0.9648547008547008,1.0
