,abilities,v_measure,mutual_info,adjusted_rand_score,calinski_harabasz,davies_bouldin,silhouette
abilities,1.0,0.9136739880463465,0.8862812697929311,0.942749658002736,0.7619015047879617,-0.770656634746922,0.7763337893296853
v_measure,0.9136739880463465,1.0,0.9843985588394516,0.9538956175268624,0.7722826476786143,-0.7912305921787893,0.7566181015033794
mutual_info,0.8862812697929311,0.9843985588394516,1.0,0.9224085384141515,0.7784126353585487,-0.7976052468135719,0.7605200581910313
adjusted_rand_score,0.942749658002736,0.9538956175268624,0.9224085384141515,1.0,0.7405608755129959,-0.7430232558139535,0.745280437756498
calinski_harabasz,0.7619015047879617,0.7722826476786143,0.7784126353585487,0.7405608755129959,1.0,-0.9909712722298222,0.9856361149110807
davies_bouldin,-0.770656634746922,-0.7912305921787893,-0.7976052468135719,-0.7430232558139535,-0.9909712722298222,1.0,-0.9755129958960328
silhouette,0.7763337893296853,0.7566181015033794,0.7605200581910313,0.745280437756498,0.9856361149110807,-0.9755129958960328,1.0
