,abilities,v_measure,mutual_info,adjusted_rand_score,calinski_harabasz,davies_bouldin,silhouette
abilities,1.0,0.9103221855896367,0.8864674959141292,0.9412448700410396,0.763406292749658,-0.7701778385772914,0.7766073871409028
v_measure,0.9103221855896367,1.0,0.9846549043547032,0.952322322496162,0.7729666889963102,-0.7910937839152502,0.7580545882705406
mutual_info,0.8864674959141292,0.9846549043547032,1.0,0.9229375028858579,0.7770232629848984,-0.7960451427937926,0.7587540474849893
adjusted_rand_score,0.9412448700410396,0.952322322496162,0.9229375028858579,1.0,0.7402872777017784,-0.7413816689466485,0.7437072503419973
calinski_harabasz,0.763406292749658,0.7729666889963102,0.7770232629848984,0.7402872777017784,1.0,-0.9919288645690835,0.9866621067031464
davies_bouldin,-0.7701778385772914,-0.7910937839152502,-0.7960451427937926,-0.7413816689466485,-0.9919288645690835,1.0,-0.9761969904240766
silhouette,0.7766073871409028,0.7580545882705406,0.7587540474849893,0.7437072503419973,0.9866621067031464,-0.9761969904240766,1.0
