,abilities,v_measure,mutual_info,adjusted_rand_score,calinski_harabasz,davies_bouldin,silhouette
abilities,1.0,0.4933558021966765,0.4488208122012861,0.5104588480533401,0.47169684775318577,-0.4744802146210597,0.7159959758551308
v_measure,0.4933558021966765,1.0,0.9876922045039154,0.9679393665006624,0.8114389197465849,-0.8025855783619591,0.5265222970049906
mutual_info,0.4488208122012861,0.9876922045039154,1.0,0.9548267015443432,0.7986954738141689,-0.7954090061789669,0.5092180388441311
adjusted_rand_score,0.5104588480533401,0.9679393665006624,0.9548267015443432,1.0,0.7822966710221916,-0.7724372681165856,0.5480855489379998
calinski_harabasz,0.47169684775318577,0.8114389197465849,0.7986954738141689,0.7822966710221916,1.0,-0.9908450704225352,0.5145875251509054
davies_bouldin,-0.4744802146210597,-0.8025855783619591,-0.7954090061789669,-0.7724372681165856,-0.9908450704225352,1.0,-0.5111334674714957
silhouette,0.7159959758551308,0.5265222970049906,0.5092180388441311,0.5480855489379998,0.5145875251509054,-0.5111334674714957,1.0
