,abilities,v_measure,mutual_info,adjusted_rand_score,calinski_harabasz,davies_bouldin,silhouette
abilities,1.0,0.4935988266755739,0.45174596560337793,0.4488618742153901,0.445439302481556,-0.4527498323272971,0.6617370892018779
v_measure,0.4935988266755739,1.0,0.98873144965205,0.9154187976859227,0.8317250059707788,-0.8224690847721201,0.5054537837180589
mutual_info,0.45174596560337793,0.98873144965205,1.0,0.9031441267711914,0.8194843855450163,-0.8150911765702907,0.49096625488537565
adjusted_rand_score,0.4488618742153901,0.9154187976859227,0.9031441267711914,1.0,0.7805826877535522,-0.7691469300407167,0.42993083248842323
calinski_harabasz,0.445439302481556,0.8317250059707788,0.8194843855450163,0.7805826877535522,1.0,-0.9909121395036888,0.5974849094567405
davies_bouldin,-0.4527498323272971,-0.8224690847721201,-0.8150911765702907,-0.7691469300407167,-0.9909121395036888,1.0,-0.5964788732394366
silhouette,0.6617370892018779,0.5054537837180589,0.49096625488537565,0.42993083248842323,0.5974849094567405,-0.5964788732394366,1.0
