,abilities,v_measure,mutual_info,adjusted_rand_score,calinski_harabasz,davies_bouldin,silhouette
abilities,1.0,0.49305398374038245,0.4490220245054821,0.5123703649432024,0.47340710932260227,-0.4755197853789403,0.7150234741784037
v_measure,0.49305398374038245,1.0,0.9881617116890521,0.9680735114107014,0.8114053843625523,-0.8027532552821225,0.5265558323890234
mutual_info,0.4490220245054821,0.9881617116890521,1.0,0.9555309623220484,0.7991649691906264,-0.7950401169546075,0.5099558172928499
adjusted_rand_score,0.5123703649432024,0.9680735114107014,0.9555309623220484,1.0,0.782464347942355,-0.7719007019720628,0.5481190843220324
calinski_harabasz,0.47340710932260227,0.8114053843625523,0.7991649691906264,0.782464347942355,1.0,-0.9909121395036888,0.5145539906103287
davies_bouldin,-0.4755197853789403,-0.8027532552821225,-0.7950401169546075,-0.7719007019720628,-0.9909121395036888,1.0,-0.5106975184439974
silhouette,0.7150234741784037,0.5265558323890234,0.5099558172928499,0.5481190843220324,0.5145539906103287,-0.5106975184439974,1.0
