,abilities,v_measure,mutual_info,adjusted_rand_score,calinski_harabasz,davies_bouldin,silhouette
abilities,1.0,0.4913436791547161,0.44711050761561977,0.5089497557718697,0.4749496981891348,-0.4767940979208585,0.7153588195841717
v_measure,0.4913436791547161,1.0,0.9881617116890521,0.9679729027281722,0.8114724551306176,-0.8026191137459918,0.5263546200848273
mutual_info,0.44711050761561977,0.9881617116890521,1.0,0.9552962087294801,0.7992320399586917,-0.795509612331065,0.5098887465247846
adjusted_rand_score,0.5089497557718697,0.9679729027281722,0.9552962087294801,1.0,0.7823637417902569,-0.7716659542838341,0.547548982793477
calinski_harabasz,0.4749496981891348,0.8114724551306176,0.7992320399586917,0.7823637417902569,1.0,-0.990878604963112,0.5144533869885982
davies_bouldin,-0.4767940979208585,-0.8026191137459918,-0.795509612331065,-0.7716659542838341,-0.990878604963112,1.0,-0.5112676056338028
silhouette,0.7153588195841717,0.5263546200848273,0.5098887465247846,0.547548982793477,0.5144533869885982,-0.5112676056338028,1.0
