,abilities,v_measure,mutual_info,adjusted_rand_score,calinski_harabasz,davies_bouldin,silhouette
abilities,1.0,0.6898395721925134,0.4722689075630252,0.6870893812070282,0.6675324675324675,-0.6724216959511077,0.8059587471352178
v_measure,0.6898395721925134,1.0,0.892436974789916,0.9914438502673797,0.9602750190985485,-0.8881588999236059,0.7390374331550802
mutual_info,0.4722689075630252,0.892436974789916,1.0,0.8759358288770054,0.8453781512605042,-0.8187929717341482,0.6238349885408709
adjusted_rand_score,0.6870893812070282,0.9914438502673797,0.8759358288770054,1.0,0.971886936592819,-0.891520244461421,0.7344537815126051
calinski_harabasz,0.6675324675324675,0.9602750190985485,0.8453781512605042,0.971886936592819,1.0,-0.9171886936592819,0.732620320855615
davies_bouldin,-0.6724216959511077,-0.8881588999236059,-0.8187929717341482,-0.891520244461421,-0.9171886936592819,1.0,-0.7219251336898396
silhouette,0.8059587471352178,0.7390374331550802,0.6238349885408709,0.7344537815126051,0.732620320855615,-0.7219251336898396,1.0
