,abilities,v_measure,mutual_info,adjusted_rand_score,calinski_harabasz,davies_bouldin,silhouette
abilities,1.0,0.6433919022154316,0.40932009167303285,0.6372803666921314,0.6305576776165012,-0.6207792207792208,0.7885408708938121
v_measure,0.6433919022154316,1.0,0.895187165775401,0.9926661573720397,0.9786096256684492,-0.9043544690603514,0.7414820473644003
mutual_info,0.40932009167303285,0.895187165775401,1.0,0.8786860198624904,0.865546218487395,-0.8456837280366692,0.6330022918258212
adjusted_rand_score,0.6372803666921314,0.9926661573720397,0.8786860198624904,1.0,0.9847211611917495,-0.9028265851795264,0.7390374331550802
calinski_harabasz,0.6305576776165012,0.9786096256684492,0.865546218487395,0.9847211611917495,1.0,-0.9162719633307869,0.7469824293353705
davies_bouldin,-0.6207792207792208,-0.9043544690603514,-0.8456837280366692,-0.9028265851795264,-0.9162719633307869,1.0,-0.7362872421695951
silhouette,0.7885408708938121,0.7414820473644003,0.6330022918258212,0.7390374331550802,0.7469824293353705,-0.7362872421695951,1.0
