,abilities,v_measure,mutual_info,adjusted_rand_score,calinski_harabasz,davies_bouldin,silhouette
abilities,1.0,0.6296409472880061,0.38365164247517186,0.625362872421696,0.6189457601222307,-0.6134453781512605,0.7830404889228418
v_measure,0.6296409472880061,1.0,0.892436974789916,0.9920550038197097,0.9789152024446142,-0.9092436974789916,0.7454545454545455
mutual_info,0.38365164247517186,0.892436974789916,1.0,0.8765469824293354,0.8640183346065698,-0.8334606569900688,0.6302521008403361
adjusted_rand_score,0.625362872421696,0.9920550038197097,0.8765469824293354,1.0,0.9838044308632544,-0.9067990832696715,0.7387318563789153
calinski_harabasz,0.6189457601222307,0.9789152024446142,0.8640183346065698,0.9838044308632544,1.0,-0.919633307868602,0.7482047364400306
davies_bouldin,-0.6134453781512605,-0.9092436974789916,-0.8334606569900688,-0.9067990832696715,-0.919633307868602,1.0,-0.7384262796027502
silhouette,0.7830404889228418,0.7454545454545455,0.6302521008403361,0.7387318563789153,0.7482047364400306,-0.7384262796027502,1.0
