,abilities,v_measure,mutual_info,adjusted_rand_score,calinski_harabasz,davies_bouldin,silhouette
abilities,1.0,0.861554740734099,0.8341017477248482,0.913652393236951,0.8381400972267701,-0.8296768343366666,0.866099090703005
v_measure,0.861554740734099,1.0,0.9815822703235147,0.9508275196590233,0.8338959165329984,-0.8332409716976354,0.8110232276672432
mutual_info,0.8341017477248482,0.9815822703235147,1.0,0.9163811489881809,0.8329932399049892,-0.8337490406912568,0.7988814310847813
adjusted_rand_score,0.913652393236951,0.9508275196590233,0.9163811489881809,1.0,0.7888161211570456,-0.7800503780812169,0.7954156173808017
calinski_harabasz,0.8381400972267701,0.8338959165329984,0.8329932399049892,0.7888161211570456,1.0,-0.9951134732122616,0.9794967381174278
davies_bouldin,-0.8296768343366666,-0.8332409716976354,-0.8337490406912568,-0.7800503780812169,-0.9951134732122616,1.0,-0.9697236845419511
silhouette,0.866099090703005,0.8110232276672432,0.7988814310847813,0.7954156173808017,0.9794967381174278,-0.9697236845419511,1.0
