,abilities,v_measure,mutual_info,adjusted_rand_score,calinski_harabasz,davies_bouldin,silhouette
abilities,1.0,0.895106835856963,0.8756552755823969,0.9168808266956544,0.8182459499634678,-0.8246957748607997,0.8323549419263813
v_measure,0.895106835856963,1.0,0.988658436811389,0.9657822473018862,0.7956057269252489,-0.8095646062233419,0.7765571479552879
mutual_info,0.8756552755823969,0.988658436811389,1.0,0.9431941628703012,0.7994707968485689,-0.813734910299891,0.7786542637906324
adjusted_rand_score,0.9168808266956544,0.9657822473018862,0.9431941628703012,1.0,0.7717309148330053,-0.7733938022107062,0.7680020158648275
calinski_harabasz,0.8182459499634678,0.7956057269252489,0.7994707968485689,0.7717309148330053,1.0,-0.9933486180746265,0.9838754377566703
davies_bouldin,-0.8246957748607997,-0.8095646062233419,-0.813734910299891,-0.7733938022107062,-0.9933486180746265,1.0,-0.9764178277191303
silhouette,0.8323549419263813,0.7765571479552879,0.7786542637906324,0.7680020158648275,0.9838754377566703,-0.9764178277191303,1.0
