,abilities,v_measure,mutual_info,adjusted_rand_score,calinski_harabasz,davies_bouldin,silhouette
abilities,1.0,0.34559711220966216,0.3918135183329662,0.16449298588846475,0.6933266158658186,-0.6688078594369923,0.8870415853223335
v_measure,0.34559711220966216,1.0,0.9939158593689189,0.948525899877723,-0.08596890866836147,0.06606694885942212,0.15856487598831115
mutual_info,0.3918135183329662,0.9939158593689189,1.0,0.9177629260598005,-0.03724758488412636,0.02130083137821093,0.19968610825280933
adjusted_rand_score,0.16449298588846475,0.948525899877723,0.9177629260598005,1.0,-0.24553761252651188,0.20946063004302945,-0.0009027118107592349
calinski_harabasz,0.6933266158658186,-0.08596890866836147,-0.03724758488412636,-0.24553761252651188,1.0,-0.974452631357978,0.7819552028885111
davies_bouldin,-0.6688078594369923,0.06606694885942212,0.02130083137821093,0.20946063004302945,-0.974452631357978,1.0,-0.7895333459285849
silhouette,0.8870415853223335,0.15856487598831115,0.19968610825280933,-0.0009027118107592349,0.7819552028885111,-0.7895333459285849,1.0
