,abilities,v_measure,mutual_info,adjusted_rand_score,calinski_harabasz,davies_bouldin,silhouette
abilities,1.0,0.6225789197657562,0.6461954931676256,0.5200060895622519,0.5146750083977158,-0.4821548538797447,0.8220104131676184
v_measure,0.6225789197657562,1.0,0.9957196554279117,0.9663259897367824,-0.008324847540245253,0.028648813287931015,0.3008387843137556
mutual_info,0.6461954931676256,0.9957196554279117,1.0,0.9464187712376655,0.03585890272868687,-0.01336043476007314,0.33184715079382926
adjusted_rand_score,0.5200060895622519,0.9663259897367824,0.9464187712376655,1.0,-0.12354803004053988,0.13791945098756164,0.18433000760318122
calinski_harabasz,0.5146750083977158,-0.008324847540245253,0.03585890272868687,-0.12354803004053988,1.0,-0.9865426603963722,0.7459690964057776
davies_bouldin,-0.4821548538797447,0.028648813287931015,-0.01336043476007314,0.13791945098756164,-0.9865426603963722,1.0,-0.7627855223379241
silhouette,0.8220104131676184,0.3008387843137556,0.33184715079382926,0.18433000760318122,0.7459690964057776,-0.7627855223379241,1.0
