,abilities,v_measure,mutual_info,adjusted_rand_score,calinski_harabasz,davies_bouldin,silhouette
abilities,1.0,0.6255918217128563,0.6537054859769434,0.5242576786663745,0.5112739334900906,-0.4783758817601612,0.8209187101108498
v_measure,0.6255918217128563,1.0,0.9938919144788395,0.9678167799082507,-0.007894432976373808,0.028816779947002796,0.29767891153996767
mutual_info,0.6537054859769434,0.9938919144788395,1.0,0.9429104042055525,0.04030187749559799,-0.01680557831455741,0.3323198076839262
adjusted_rand_score,0.5242576786663745,0.9678167799082507,0.9429104042055525,1.0,-0.12135400010779514,0.13560994579519875,0.18452946486979438
calinski_harabasz,0.5112739334900906,-0.007894432976373808,0.04030187749559799,-0.12135400010779514,1.0,-0.9864586832381592,0.7458851192475646
davies_bouldin,-0.4783758817601612,0.028816779947002796,-0.01680557831455741,0.13560994579519875,-0.9864586832381592,1.0,-0.7628904937856903
silhouette,0.8209187101108498,0.29767891153996767,0.3323198076839262,0.18452946486979438,0.7458851192475646,-0.7628904937856903,1.0
