,abilities,v_measure,mutual_info,adjusted_rand_score,calinski_harabasz,davies_bouldin,silhouette
abilities,1.0,0.5954744205981464,0.6302198980829921,0.49380383298166913,0.45427443735303996,-0.4169675848169298,0.7667114544843803
v_measure,0.5954744205981464,1.0,0.995221651869486,0.9597501445609278,-0.0027609084799610833,0.03119931559864768,0.3286110956206152
mutual_info,0.6302198980829921,0.995221651869486,1.0,0.9338913907196279,0.04736126739796868,-0.015531555317426978,0.3666560202217464
adjusted_rand_score,0.49380383298166913,0.9597501445609278,0.9338913907196279,1.0,-0.12446921870033271,0.1448239302681783,0.20420846009762775
calinski_harabasz,0.45427443735303996,-0.0027609084799610833,0.04736126739796868,-0.12446921870033271,1.0,-0.9828896540141082,0.7302023849512932
davies_bouldin,-0.4169675848169298,0.03119931559864768,-0.015531555317426978,0.1448239302681783,-0.9828896540141082,1.0,-0.7506298286865972
silhouette,0.7667114544843803,0.3286110956206152,0.3666560202217464,0.20420846009762775,0.7302023849512932,-0.7506298286865972,1.0
