,abilities,v_measure,mutual_info,adjusted_rand_score,calinski_harabasz,davies_bouldin,silhouette
abilities,1.0,0.9545177045177046,0.8070516477710523,0.9603174603174603,0.9041514041514042,-0.48504273504273504,0.7107753357753358
v_measure,0.9545177045177046,1.0,0.6974683295046108,0.9867216117216118,0.8846153846153846,-0.6120268620268621,0.817002442002442
mutual_info,0.8070516477710523,0.6974683295046108,1.0,0.6861374764827266,0.8047233903008022,-0.32727539173483294,0.44089435628304147
adjusted_rand_score,0.9603174603174603,0.9867216117216118,0.6861374764827266,1.0,0.8650793650793651,-0.6059218559218559,0.800976800976801
calinski_harabasz,0.9041514041514042,0.8846153846153846,0.8047233903008022,0.8650793650793651,1.0,-0.5583028083028083,0.7355006105006106
davies_bouldin,-0.48504273504273504,-0.6120268620268621,-0.32727539173483294,-0.6059218559218559,-0.5583028083028083,1.0,-0.8901098901098901
silhouette,0.7107753357753358,0.817002442002442,0.44089435628304147,0.800976800976801,0.7355006105006106,-0.8901098901098901,1.0
