,abilities,v_measure,mutual_info,adjusted_rand_score,calinski_harabasz,davies_bouldin,silhouette
abilities,1.0,0.9721142857142857,0.852538232828248,0.9759238095238095,0.9163428571428571,-0.5913142857142857,0.7740190476190476
v_measure,0.9721142857142857,1.0,0.7973640079484329,0.9867428571428571,0.9114666666666666,-0.6603428571428571,0.8342095238095238
mutual_info,0.852538232828248,0.7973640079484329,1.0,0.788566998666896,0.8488342289202324,-0.3666192201454568,0.5197952150915169
adjusted_rand_score,0.9759238095238095,0.9867428571428571,0.788566998666896,1.0,0.8937904761904761,-0.6566857142857143,0.8195809523809524
calinski_harabasz,0.9163428571428571,0.9114666666666666,0.8488342289202324,0.8937904761904761,1.0,-0.6303238095238095,0.7842285714285714
davies_bouldin,-0.5913142857142857,-0.6603428571428571,-0.3666192201454568,-0.6566857142857143,-0.6303238095238095,1.0,-0.8828190476190476
silhouette,0.7740190476190476,0.8342095238095238,0.5197952150915169,0.8195809523809524,0.7842285714285714,-0.8828190476190476,1.0
