,abilities,v_measure,mutual_info,adjusted_rand_score,calinski_harabasz,davies_bouldin,silhouette
abilities,1.0,0.9326389416863073,0.8604336487618132,0.9257963962594085,0.9116551357104843,-0.5494563977799741,0.7360298030867483
v_measure,0.9326389416863073,1.0,0.7414750873612377,0.9747586102029955,0.8815479358321295,-0.6742948376796168,0.8406447198357789
mutual_info,0.8604336487618132,0.7414750873612377,1.0,0.7219686479837385,0.8307900046684483,-0.38290986904019997,0.49334396283879756
adjusted_rand_score,0.9257963962594085,0.9747586102029955,0.7219686479837385,1.0,0.8423173420512431,-0.6416026761955448,0.8008058997947236
calinski_harabasz,0.9116551357104843,0.8815479358321295,0.8307900046684483,0.8423173420512431,1.0,-0.6370409792442788,0.7766289059530145
davies_bouldin,-0.5494563977799741,-0.6742948376796168,-0.38290986904019997,-0.6416026761955448,-0.6370409792442788,1.0,-0.9037481943282901
silhouette,0.7360298030867483,0.8406447198357789,0.49334396283879756,0.8008058997947236,0.7766289059530145,-0.9037481943282901,1.0
