,abilities,v_measure,mutual_info,adjusted_rand_score,calinski_harabasz,davies_bouldin,silhouette
abilities,1.0,0.7766516516516516,0.8376894570716494,0.8181306306306306,0.6478978978978979,-0.18186936936936937,0.5394144144144144
v_measure,0.7766516516516516,1.0,0.9190558876431394,0.9016516516516516,0.637575075075075,-0.4436936936936937,0.6081081081081081
mutual_info,0.8376894570716494,0.9190558876431394,1.0,0.8273661498480462,0.6032565348483713,-0.2691567737935795,0.45197315989884196
adjusted_rand_score,0.8181306306306306,0.9016516516516516,0.8273661498480462,1.0,0.5795795795795796,-0.345533033033033,0.571509009009009
calinski_harabasz,0.6478978978978979,0.637575075075075,0.6032565348483713,0.5795795795795796,1.0,-0.7141516516516516,0.8541666666666666
davies_bouldin,-0.18186936936936937,-0.4436936936936937,-0.2691567737935795,-0.345533033033033,-0.7141516516516516,1.0,-0.723536036036036
silhouette,0.5394144144144144,0.6081081081081081,0.45197315989884196,0.571509009009009,0.8541666666666666,-0.723536036036036,1.0
