,abilities,v_measure,mutual_info,adjusted_rand_score,calinski_harabasz,davies_bouldin,silhouette
abilities,1.0,0.7931681681681682,0.8323634462411956,0.8252627627627628,0.6533408408408409,-0.18130630630630631,0.5247747747747747
v_measure,0.7931681681681682,1.0,0.9271635230007365,0.90503003003003,0.6505255255255256,-0.42755255255255253,0.5850225225225225
mutual_info,0.8323634462411956,0.9271635230007365,1.0,0.832551169165472,0.6221137710517191,-0.3022339080848726,0.44940868071750617
adjusted_rand_score,0.8252627627627628,0.90503003003003,0.832551169165472,1.0,0.5994744744744744,-0.35097597597597596,0.5493618618618619
calinski_harabasz,0.6533408408408409,0.6505255255255256,0.6221137710517191,0.5994744744744744,1.0,-0.6991366366366366,0.8534159159159159
davies_bouldin,-0.18130630630630631,-0.42755255255255253,-0.3022339080848726,-0.35097597597597596,-0.6991366366366366,1.0,-0.7190315315315315
silhouette,0.5247747747747747,0.5850225225225225,0.44940868071750617,0.5493618618618619,0.8534159159159159,-0.7190315315315315,1.0
