,abilities,v_measure,mutual_info,adjusted_rand_score,calinski_harabasz,davies_bouldin,silhouette
abilities,1.0,0.6644144144144144,0.7079579579579579,0.7719594594594594,0.7004504504504504,-0.24512012012012013,0.6231231231231231
v_measure,0.6644144144144144,1.0,0.8907657657657657,0.9059684684684685,0.6882507507507507,-0.4617117117117117,0.6097972972972973
mutual_info,0.7079579579579579,0.8907657657657657,1.0,0.8091216216216216,0.6373873873873874,-0.2468093093093093,0.42210960960960964
adjusted_rand_score,0.7719594594594594,0.9059684684684685,0.8091216216216216,1.0,0.6330705705705706,-0.38457207207207206,0.5981606606606606
calinski_harabasz,0.7004504504504504,0.6882507507507507,0.6373873873873874,0.6330705705705706,1.0,-0.6940690690690691,0.863551051051051
davies_bouldin,-0.24512012012012013,-0.4617117117117117,-0.2468093093093093,-0.38457207207207206,-0.6940690690690691,1.0,-0.711524024024024
silhouette,0.6231231231231231,0.6097972972972973,0.42210960960960964,0.5981606606606606,0.863551051051051,-0.711524024024024,1.0
