,abilities,v_measure,mutual_info,adjusted_rand_score,calinski_harabasz,davies_bouldin,silhouette
abilities,1.0,0.8781355093860419,0.8667024641230952,0.8798799050955608,0.8361288158336129,-0.8415632338141563,0.8370345521637035
v_measure,0.8781355093860419,1.0,0.9918219206525921,0.9776581291199115,0.7545517825809008,-0.763240215057158,0.7323275103202044
mutual_info,0.8667024641230952,0.9918219206525921,1.0,0.9622801449938938,0.7565717822888143,-0.7658989200039491,0.7310228061374647
adjusted_rand_score,0.8798799050955608,0.9776581291199115,0.9622801449938938,1.0,0.7394560504792956,-0.7399927876206861,0.7249809206974231
calinski_harabasz,0.8361288158336129,0.7545517825809008,0.7565717822888143,0.7394560504792956,1.0,-0.9960415967796041,0.970010063737001
davies_bouldin,-0.8415632338141563,-0.763240215057158,-0.7658989200039491,-0.7399927876206861,-0.9960415967796041,1.0,-0.964810466286481
silhouette,0.8370345521637035,0.7323275103202044,0.7310228061374647,0.7249809206974231,0.970010063737001,-0.964810466286481,1.0
