,abilities,v_measure,mutual_info,adjusted_rand_score,calinski_harabasz,davies_bouldin,silhouette
abilities,1.0,0.8554704885620809,0.8375014794340395,0.88895038358095,0.8754391702401523,-0.8698043753817045,0.9007286662119953
v_measure,0.8554704885620809,1.0,0.988333379475689,0.9675287650943516,0.8456352230990695,-0.8450985354661552,0.8201257890471133
mutual_info,0.8375014794340395,0.988333379475689,1.0,0.9450739383535289,0.8457467905968514,-0.8459816130998432,0.8131735548247021
adjusted_rand_score,0.88895038358095,0.9675287650943516,0.9450739383535289,1.0,0.8157210669924998,-0.8099183266158596,0.8096332208748108
calinski_harabasz,0.8754391702401523,0.8456352230990695,0.8457467905968514,0.8157210669924998,1.0,-0.9967466040583599,0.9806137850075466
davies_bouldin,-0.8698043753817045,-0.8450985354661552,-0.8459816130998432,-0.8099183266158596,-0.9967466040583599,1.0,-0.9741069931242663
silhouette,0.9007286662119953,0.8201257890471133,0.8131735548247021,0.8096332208748108,0.9806137850075466,-0.9741069931242663,1.0
