,abilities,v_measure,mutual_info,adjusted_rand_score,calinski_harabasz,davies_bouldin,silhouette
abilities,1.0,0.8864547544388283,0.8731094987088499,0.9000788377130616,0.8627977188862798,-0.8663535726266354,0.8767527675276753
v_measure,0.8864547544388283,1.0,0.9918374638417073,0.977252902650257,0.8200452934990538,-0.8288685762609435,0.797316114521182
mutual_info,0.8731094987088499,0.9918374638417073,1.0,0.9616381737546019,0.8231652799348314,-0.8323085782995744,0.7989229567475769
adjusted_rand_score,0.9000788377130616,0.977252902650257,0.9616381737546019,1.0,0.8041498240551973,-0.8046865837049703,0.7903114893344877
calinski_harabasz,0.8627977188862798,0.8200452934990538,0.8231652799348314,0.8041498240551973,1.0,-0.9960415967796041,0.9841663871184166
davies_bouldin,-0.8663535726266354,-0.8288685762609435,-0.8323085782995744,-0.8046865837049703,-0.9960415967796041,1.0,-0.9790003354579
silhouette,0.8767527675276753,0.797316114521182,0.7989229567475769,0.7903114893344877,0.9841663871184166,-0.9790003354579,1.0
