,abilities,v_measure,mutual_info,adjusted_rand_score,calinski_harabasz,davies_bouldin,silhouette
abilities,1.0,0.8869747577955175,0.8734691379407551,0.900095611452117,0.864240187856424,-0.8676954042267695,0.8788661522978866
v_measure,0.8869747577955175,1.0,0.9919128986765904,0.9774877546936019,0.8204478767429423,-0.8290363192792304,0.798926447496736
mutual_info,0.8734691379407551,0.9919128986765904,1.0,0.9619482404648284,0.8239774746623817,-0.8328524203824696,0.8000369311036568
adjusted_rand_score,0.900095611452117,0.9774877546936019,0.9619482404648284,1.0,0.8044182038800838,-0.8048543210955243,0.7904792267250418
calinski_harabasz,0.864240187856424,0.8204478767429423,0.8239774746623817,0.8044182038800838,1.0,-0.9960415967796041,0.9843005702784301
davies_bouldin,-0.8676954042267695,-0.8290363192792304,-0.8328524203824696,-0.8048543210955243,-0.9960415967796041,1.0,-0.9791345186179135
silhouette,0.8788661522978866,0.798926447496736,0.8000369311036568,0.7904792267250418,0.9843005702784301,-0.9791345186179135,1.0
