,abilities,v_measure,mutual_info,adjusted_rand_score,calinski_harabasz,davies_bouldin,silhouette
abilities,1.0,0.7333674732215252,0.7584602910425469,0.7878490447943783,0.6996827835388839,-0.5538201112391357,0.5432936457133103
v_measure,0.7333674732215252,1.0,0.9667136090129305,0.9781789214640322,0.8753894080996885,-0.8031266447602384,0.5930809826597818
mutual_info,0.7584602910425469,0.9667136090129305,1.0,0.9615072760636709,0.8290160599724036,-0.7401670009530719,0.5335068777649753
adjusted_rand_score,0.7878490447943783,0.9781789214640322,0.9615072760636709,1.0,0.8415055690692613,-0.7357857153017824,0.5470774833212422
calinski_harabasz,0.6996827835388839,0.8753894080996885,0.8290160599724036,0.8415055690692613,1.0,-0.8941663466052149,0.5284427943498485
davies_bouldin,-0.5538201112391357,-0.8031266447602384,-0.7401670009530719,-0.7357857153017824,-0.8941663466052149,1.0,-0.5842899614503763
silhouette,0.5432936457133103,0.5930809826597818,0.5335068777649753,0.5470774833212422,0.5284427943498485,-0.5842899614503763,1.0
