,abilities,v_measure,mutual_info,adjusted_rand_score,calinski_harabasz,davies_bouldin,silhouette
abilities,1.0,0.7353926470878841,0.7607701444746723,0.7899457314367252,0.7001429618163253,-0.5553888063185922,0.5412491020571194
v_measure,0.7353926470878841,1.0,0.9667705088265836,0.9781789214640322,0.8753894080996885,-0.8030981948534118,0.5935646310758332
mutual_info,0.7607701444746723,0.9667705088265836,1.0,0.9615357259704974,0.8289876100655771,-0.7401954508598985,0.5340474259946799
adjusted_rand_score,0.7899457314367252,0.9781789214640322,0.9615357259704974,1.0,0.8415055690692613,-0.735814165208609,0.5477033812714264
calinski_harabasz,0.7001429618163253,0.8753894080996885,0.8289876100655771,0.8415055690692613,1.0,-0.8940525469779087,0.5283574446293688
davies_bouldin,-0.5553888063185922,-0.8030981948534118,-0.7401954508598985,-0.735814165208609,-0.8940525469779087,1.0,-0.5841192620094169
silhouette,0.5412491020571194,0.5935646310758332,0.5340474259946799,0.5477033812714264,0.5283574446293688,-0.5841192620094169,1.0
