,abilities,v_measure,mutual_info,adjusted_rand_score,calinski_harabasz,davies_bouldin,silhouette
abilities,1.0,0.7817607647334955,0.8079915788275793,0.837898390456267,0.7511202150812956,-0.5569496009900567,0.4708601829329009
v_measure,0.7817607647334955,1.0,0.9660308112490932,0.9783708045227091,0.8593721105563379,-0.7758147342067455,0.5914877878774947
mutual_info,0.8079915788275793,0.9660308112490932,1.0,0.9610446880332989,0.8135677605655841,-0.7122291924493948,0.5290402423932061
adjusted_rand_score,0.837898390456267,0.9783708045227091,0.9610446880332989,1.0,0.8191782186171341,-0.7034004993172078,0.5492009075723743
calinski_harabasz,0.7511202150812956,0.8593721105563379,0.8135677605655841,0.8191782186171341,1.0,-0.8804819414216418,0.520988918761291
davies_bouldin,-0.5569496009900567,-0.7758147342067455,-0.7122291924493948,-0.7034004993172078,-0.8804819414216418,1.0,-0.5714590534715999
silhouette,0.4708601829329009,0.5914877878774947,0.5290402423932061,0.5492009075723743,0.520988918761291,-0.5714590534715999,1.0
