,abilities,v_measure,mutual_info,adjusted_rand_score,calinski_harabasz,davies_bouldin,silhouette
abilities,1.0,0.7548098466018784,0.779163140058258,0.8128196192158481,0.7104276762841772,-0.58019730152182,0.527721075142974
v_measure,0.7548098466018784,1.0,0.966486009758318,0.9791462182961351,0.8693580278524587,-0.8024153970895745,0.5892402452381968
mutual_info,0.779163140058258,0.966486009758318,1.0,0.9660592611559197,0.8261995191965746,-0.7401670009530719,0.5338767265537205
adjusted_rand_score,0.8128196192158481,0.9791462182961351,0.9660592611559197,1.0,0.8335395951578258,-0.7349891179106388,0.5428384472040854
calinski_harabasz,0.7104276762841772,0.8693580278524587,0.8261995191965746,0.8335395951578258,1.0,-0.8913213559225593,0.5240330587917325
davies_bouldin,-0.58019730152182,-0.8024153970895745,-0.7401670009530719,-0.7349891179106388,-0.8913213559225593,1.0,-0.5842330616367232
silhouette,0.527721075142974,0.5892402452381968,0.5338767265537205,0.5428384472040854,0.5240330587917325,-0.5842330616367232,1.0
