,abilities,v_measure,mutual_info,adjusted_rand_score,calinski_harabasz,davies_bouldin,silhouette
abilities,1.0,0.7358426151154355,0.7612483819115492,0.7904664362224214,0.7003086814890681,-0.5550434572326776,0.5411030028876656
v_measure,0.7358426151154355,1.0,0.9667705088265836,0.9781789214640322,0.8753894080996885,-0.8030981948534118,0.5935646310758332
mutual_info,0.7612483819115492,0.9667705088265836,1.0,0.9615357259704974,0.8289876100655771,-0.7401954508598985,0.5340474259946799
adjusted_rand_score,0.7904664362224214,0.9781789214640322,0.9615357259704974,1.0,0.8415055690692613,-0.735814165208609,0.5477033812714264
calinski_harabasz,0.7003086814890681,0.8753894080996885,0.8289876100655771,0.8415055690692613,1.0,-0.8940525469779087,0.5283574446293688
davies_bouldin,-0.5550434572326776,-0.8030981948534118,-0.7401954508598985,-0.735814165208609,-0.8940525469779087,1.0,-0.5841192620094169
silhouette,0.5411030028876656,0.5935646310758332,0.5340474259946799,0.5477033812714264,0.5283574446293688,-0.5841192620094169,1.0
