,abilities,v_measure,mutual_info,adjusted_rand_score,calinski_harabasz,davies_bouldin,silhouette
abilities,1.0,0.755700650080371,0.7795416720010242,0.8138522596338497,0.7106359976671076,-0.5795957268239946,0.529239391740992
v_measure,0.755700650080371,1.0,0.966685159106104,0.9792884678302679,0.8686467801817949,-0.8032688942943712,0.5893255949586765
mutual_info,0.7795416720010242,0.966685159106104,1.0,0.9665144596651446,0.8258012205010029,-0.7399963015121126,0.534417274783425
adjusted_rand_score,0.8138522596338497,0.9792884678302679,0.9665144596651446,1.0,0.8327998975803355,-0.7356434657676496,0.5426677477631261
calinski_harabasz,0.7106359976671076,0.8686467801817949,0.8258012205010029,0.8327998975803355,1.0,-0.8911791063884266,0.5236347600961607
davies_bouldin,-0.5795957268239946,-0.8032688942943712,-0.7399963015121126,-0.7356434657676496,-0.8911791063884266,1.0,-0.5847167100527746
silhouette,0.529239391740992,0.5893255949586765,0.534417274783425,0.5426677477631261,0.5236347600961607,-0.5847167100527746,1.0
