,abilities,v_measure,mutual_info,adjusted_rand_score,calinski_harabasz,davies_bouldin,silhouette
abilities,1.0,0.6914266078689651,0.7998587327949908,0.7150220491380791,0.7743160949162896,-0.7191837046370005,0.723154458507531
v_measure,0.6914266078689651,1.0,0.8840845312410515,0.9821697879082909,0.8880934654372602,-0.8311284195254186,0.7039115743657294
mutual_info,0.7998587327949908,0.8840845312410515,1.0,0.8933623503808488,0.8266613214210717,-0.7832884714506615,0.5836817288051467
adjusted_rand_score,0.7150220491380791,0.9821697879082909,0.8933623503808488,1.0,0.8872153179466621,-0.8142527155756638,0.7068132791172709
calinski_harabasz,0.7743160949162896,0.8880934654372602,0.8266613214210717,0.8872153179466621,1.0,-0.9286027909818071,0.7000553614722334
davies_bouldin,-0.7191837046370005,-0.8311284195254186,-0.7832884714506615,-0.8142527155756638,-0.9286027909818071,1.0,-0.6243819559780845
silhouette,0.723154458507531,0.7039115743657294,0.5836817288051467,0.7068132791172709,0.7000553614722334,-0.6243819559780845,1.0
