,abilities,v_measure,mutual_info,adjusted_rand_score,calinski_harabasz,davies_bouldin,silhouette
abilities,1.0,0.68860126376878,0.8056507421738657,0.7043697382738675,0.7644655708913197,-0.7226581142737147,0.7196800488708168
v_measure,0.68860126376878,1.0,0.8825084713808223,0.9812534600920146,0.8884752686940419,-0.8400626157341122,0.7060114922780292
mutual_info,0.8056507421738657,0.8825084713808223,1.0,0.8811912375717612,0.8270891996749616,-0.7849568081300652,0.5843363719065413
adjusted_rand_score,0.7043697382738675,0.9812534600920146,0.8811912375717612,1.0,0.8876353015291221,-0.8200561250787469,0.7086841150755016
calinski_harabasz,0.7644655708913197,0.8884752686940419,0.8270891996749616,0.8876353015291221,1.0,-0.942729511482733,0.7015443941736823
davies_bouldin,-0.7226581142737147,-0.8400626157341122,-0.7849568081300652,-0.8200561250787469,-0.942729511482733,1.0,-0.6307580703663402
silhouette,0.7196800488708168,0.7060114922780292,0.5843363719065413,0.7086841150755016,0.7015443941736823,-0.6307580703663402,1.0
