,abilities,v_measure,mutual_info,adjusted_rand_score,calinski_harabasz,davies_bouldin,silhouette
abilities,1.0,0.6868067884619056,0.8034630217950682,0.7044079185995457,0.7659927839184468,-0.7231926388332093,0.7191455243113224
v_measure,0.6868067884619056,1.0,0.8846359438059654,0.9810625584636237,0.8848099574289369,-0.8375808945650306,0.703415230131913
mutual_info,0.8034630217950682,0.8846359438059654,1.0,0.8848268490788039,0.8260471155718536,-0.7849070292751736,0.5846473980676685
adjusted_rand_score,0.7044079185995457,0.9810625584636237,0.8848268490788039,1.0,0.8858790065479258,-0.8175362235839871,0.7073478036767653
calinski_harabasz,0.7659927839184468,0.8848099574289369,0.8260471155718536,0.8858790065479258,1.0,-0.9427676918084111,0.7010862302655442
davies_bouldin,-0.7231926388332093,-0.8375808945650306,-0.7849070292751736,-0.8175362235839871,-0.9427676918084111,1.0,-0.6296890212473513
silhouette,0.7191455243113224,0.703415230131913,0.5846473980676685,0.7073478036767653,0.7010862302655442,-0.6296890212473513,1.0
