,abilities,v_measure,mutual_info,adjusted_rand_score,calinski_harabasz,davies_bouldin,silhouette
abilities,1.0,0.6815760838439952,0.79656373792585,0.6995208369127389,0.7661836855468377,-0.722505392971002,0.7173128686787699
v_measure,0.6815760838439952,1.0,0.8878728583423611,0.9825515911650726,0.8854972032911441,-0.8357482389324781,0.7029188858980967
mutual_info,0.79656373792585,0.8878728583423611,1.0,0.8911182170023667,0.8264783086330783,-0.7820932563712367,0.5850236243286602
adjusted_rand_score,0.6995208369127389,0.9825515911650726,0.8911182170023667,1.0,0.8861844491533513,-0.816658076093389,0.7063169348834546
calinski_harabasz,0.7661836855468377,0.8854972032911441,0.8264783086330783,0.8861844491533513,1.0,-0.9421949869232384,0.7017734761277513
davies_bouldin,-0.722505392971002,-0.8357482389324781,-0.7820932563712367,-0.816658076093389,-0.9421949869232384,1.0,-0.6307580703663402
silhouette,0.7173128686787699,0.7029188858980967,0.5850236243286602,0.7063169348834546,0.7017734761277513,-0.6307580703663402,1.0
