,abilities,v_measure,mutual_info,adjusted_rand_score,calinski_harabasz,davies_bouldin,silhouette
abilities,1.0,0.672947330240727,0.7920202358018421,0.6829505755684095,0.7585858007368803,-0.7078823282362599,0.6448466105415879
v_measure,0.672947330240727,1.0,0.883482078978824,0.9860260008017868,0.8596491228070176,-0.8135272893877785,0.7123876066662849
mutual_info,0.7920202358018421,0.883482078978824,1.0,0.8873001479905953,0.7926883978789021,-0.7557485801900146,0.5926597623522027
adjusted_rand_score,0.6829505755684095,0.9860260008017868,0.8873001479905953,1.0,0.8536166313498654,-0.7993623885611745,0.7120439837351813
calinski_harabasz,0.7585858007368803,0.8596491228070176,0.7926883978789021,0.8536166313498654,1.0,-0.9533818223469446,0.639730446900712
davies_bouldin,-0.7078823282362599,-0.8135272893877785,-0.7557485801900146,-0.7993623885611745,-0.9533818223469446,1.0,-0.6019319244793158
silhouette,0.6448466105415879,0.7123876066662849,0.5926597623522027,0.7120439837351813,0.639730446900712,-0.6019319244793158,1.0
