,abilities,v_measure,mutual_info,adjusted_rand_score,calinski_harabasz,davies_bouldin,silhouette
abilities,1.0,-0.3896296296296296,-0.3610687151184435,-0.4908641975308642,0.7377777777777778,-0.8192592592592592,0.7155555555555555
v_measure,-0.3896296296296296,1.0,0.9923181469142367,0.9071604938271605,-0.6641975308641975,0.34469135802469136,-0.7195061728395061
mutual_info,-0.3610687151184435,0.9923181469142367,1.0,0.894973623993721,-0.6526056281508044,0.2860737000113115,-0.7201508073201418
adjusted_rand_score,-0.4908641975308642,0.9071604938271605,0.894973623993721,1.0,-0.8498765432098765,0.47555555555555556,-0.7051851851851851
calinski_harabasz,0.7377777777777778,-0.6641975308641975,-0.6526056281508044,-0.8498765432098765,1.0,-0.662716049382716,0.7822222222222223
davies_bouldin,-0.8192592592592592,0.34469135802469136,0.2860737000113115,0.47555555555555556,-0.662716049382716,1.0,-0.6266666666666667
silhouette,0.7155555555555555,-0.7195061728395061,-0.7201508073201418,-0.7051851851851851,0.7822222222222223,-0.6266666666666667,1.0
