,abilities,v_measure,mutual_info,adjusted_rand_score,calinski_harabasz,davies_bouldin,silhouette
abilities,1.0,0.7366336633663366,0.7432246060447479,0.7024752475247524,-0.3306930693069307,0.345049504950495,-0.30544554455445544
v_measure,0.7366336633663366,1.0,0.9793194607520452,0.9599009900990099,-0.7282178217821782,0.7084158415841584,-0.7207920792079208
mutual_info,0.7432246060447479,0.9793194607520452,1.0,0.937890553900659,-0.7045409882015861,0.672595807014975,-0.6910641148884845
adjusted_rand_score,0.7024752475247524,0.9599009900990099,0.937890553900659,1.0,-0.8287128712871287,0.7787128712871287,-0.697029702970297
calinski_harabasz,-0.3306930693069307,-0.7282178217821782,-0.7045409882015861,-0.8287128712871287,1.0,-0.9485148514851485,0.8183168316831683
davies_bouldin,0.345049504950495,0.7084158415841584,0.672595807014975,0.7787128712871287,-0.9485148514851485,1.0,-0.8950495049504951
silhouette,-0.30544554455445544,-0.7207920792079208,-0.6910641148884845,-0.697029702970297,0.8183168316831683,-0.8950495049504951,1.0
