,abilities,v_measure,mutual_info,adjusted_rand_score,calinski_harabasz,davies_bouldin,silhouette
abilities,1.0,0.7787128712871287,0.7999136931594011,0.7306930693069307,-0.32722772277227724,0.38465346534653466,-0.348019801980198
v_measure,0.7787128712871287,1.0,0.9741349456651308,0.9643564356435643,-0.654950495049505,0.6475247524752475,-0.6435643564356436
mutual_info,0.7999136931594011,0.9741349456651308,1.0,0.9365332364912323,-0.6224336258586001,0.6134092156568645,-0.6159159962684577
adjusted_rand_score,0.7306930693069307,0.9643564356435643,0.9365332364912323,1.0,-0.7762376237623763,0.753960396039604,-0.6826732673267327
calinski_harabasz,-0.32722772277227724,-0.654950495049505,-0.6224336258586001,-0.7762376237623763,1.0,-0.948019801980198,0.8212871287128712
davies_bouldin,0.38465346534653466,0.6475247524752475,0.6134092156568645,0.753960396039604,-0.948019801980198,1.0,-0.8881188118811881
silhouette,-0.348019801980198,-0.6435643564356436,-0.6159159962684577,-0.6826732673267327,0.8212871287128712,-0.8881188118811881,1.0
