,abilities,v_measure,mutual_info,adjusted_rand_score,calinski_harabasz,davies_bouldin,silhouette
abilities,1.0,0.7475247524752475,0.7562023359018086,0.7113861386138614,-0.3301980198019802,0.3702970297029703,-0.31732673267326733
v_measure,0.7475247524752475,1.0,0.9798186042080861,0.9618811881188118,-0.7277227722772277,0.7079207920792079,-0.7148514851485148
mutual_info,0.7562023359018086,0.9798186042080861,1.0,0.9373914104446183,-0.7042914164735656,0.6798333871275666,-0.6960555494488925
adjusted_rand_score,0.7113861386138614,0.9618811881188118,0.9373914104446183,1.0,-0.8227722772277227,0.7782178217821782,-0.694059405940594
calinski_harabasz,-0.3301980198019802,-0.7277227722772277,-0.7042914164735656,-0.8227722772277227,1.0,-0.9435643564356435,0.8178217821782178
davies_bouldin,0.3702970297029703,0.7079207920792079,0.6798333871275666,0.7782178217821782,-0.9435643564356435,1.0,-0.8915841584158416
silhouette,-0.31732673267326733,-0.7148514851485148,-0.6960555494488925,-0.694059405940594,0.8178217821782178,-0.8915841584158416,1.0
