,abilities,v_measure,mutual_info,adjusted_rand_score,calinski_harabasz,davies_bouldin,silhouette
abilities,1.0,0.751980198019802,0.7723391064318755,0.7267326732673267,-0.3435643564356436,0.36237623762376237,-0.3099009900990099
v_measure,0.751980198019802,1.0,0.9746363017874495,0.9742574257425742,-0.7297029702970297,0.7123762376237623,-0.7207920792079208
mutual_info,0.7723391064318755,0.9746363017874495,1.0,0.9475630711822426,-0.7011465370626276,0.6805909360475632,-0.6951302635948039
adjusted_rand_score,0.7267326732673267,0.9742574257425742,0.9475630711822426,1.0,-0.8113861386138614,0.7806930693069307,-0.7128712871287128
calinski_harabasz,-0.3435643564356436,-0.7297029702970297,-0.7011465370626276,-0.8113861386138614,1.0,-0.945049504950495,0.8128712871287128
davies_bouldin,0.36237623762376237,0.7123762376237623,0.6805909360475632,0.7806930693069307,-0.945049504950495,1.0,-0.8886138613861386
silhouette,-0.3099009900990099,-0.7207920792079208,-0.6951302635948039,-0.7128712871287128,0.8128712871287128,-0.8886138613861386,1.0
