,abilities,v_measure,mutual_info,adjusted_rand_score,calinski_harabasz,davies_bouldin,silhouette
abilities,1.0,0.8780289972624962,0.8894562707394209,0.8772178850248403,0.8366825509479874,-0.7689952347156038,0.6196491939572139
v_measure,0.8780289972624962,1.0,0.9803840211776648,0.9983169421068641,0.9244043394504715,-0.8653756463550644,0.5877116495995134
mutual_info,0.8894562707394209,0.9803840211776648,1.0,0.9784740304422023,0.9206358535433282,-0.838709442422211,0.5559292183218667
adjusted_rand_score,0.8772178850248403,0.9983169421068641,0.9784740304422023,1.0,0.9217682246780898,-0.8630639764777451,0.5866166480786779
calinski_harabasz,0.8366825509479874,0.9244043394504715,0.9206358535433282,0.9217682246780898,1.0,-0.8798539997972219,0.52351211598905
davies_bouldin,-0.7689952347156038,-0.8653756463550644,-0.838709442422211,-0.8630639764777451,-0.8798539997972219,1.0,-0.5795194159991889
silhouette,0.6196491939572139,0.5877116495995134,0.5559292183218667,0.5866166480786779,0.52351211598905,-0.5795194159991889,1.0
