,abilities,v_measure,mutual_info,adjusted_rand_score,calinski_harabasz,davies_bouldin,silhouette
abilities,1.0,0.7202151928904628,0.760614934114202,0.7211515543600395,0.6629779699683339,-0.5142837685995437,0.3656917157547073
v_measure,0.7202151928904628,1.0,0.9785658347236882,0.9874187067996868,0.75011066090095,-0.7403554768633593,0.4758929483468964
mutual_info,0.760614934114202,0.9785658347236882,1.0,0.9748714631073581,0.716095202424325,-0.6703837379549865,0.4171405223194525
adjusted_rand_score,0.7211515543600395,0.9874187067996868,0.9748714631073581,1.0,0.7380571350743982,-0.7191426333889476,0.46092818958766046
calinski_harabasz,0.6629779699683339,0.75011066090095,0.716095202424325,0.7380571350743982,1.0,-0.8718036024379447,0.3868705097211345
davies_bouldin,-0.5142837685995437,-0.7403554768633593,-0.6703837379549865,-0.7191426333889476,-0.8718036024379447,1.0,-0.45520787224624604
silhouette,0.3656917157547073,0.4758929483468964,0.4171405223194525,0.46092818958766046,0.3868705097211345,-0.45520787224624604,1.0
