,abilities,v_measure,mutual_info,adjusted_rand_score,calinski_harabasz,davies_bouldin,silhouette
abilities,1.0,0.7348224318158603,0.7729749055126154,0.7363546596751677,0.6666382920766795,-0.5190166502094045,0.37549797405427493
v_measure,0.7348224318158603,1.0,0.9807620279886956,0.9882018454833328,0.7460587694507814,-0.7376996152405598,0.47790186931798834
mutual_info,0.7729749055126154,0.9807620279886956,1.0,0.9773911266982193,0.7134733903095101,-0.6715414212264633,0.423201334740713
adjusted_rand_score,0.7363546596751677,0.9882018454833328,0.9773911266982193,1.0,0.7346011100139603,-0.7157206578364943,0.4599748033640914
calinski_harabasz,0.6666382920766795,0.7460587694507814,0.7134733903095101,0.7346011100139603,1.0,-0.8732507065272906,0.3871429057850114
davies_bouldin,-0.5190166502094045,-0.7376996152405598,-0.6715414212264633,-0.7157206578364943,-0.8732507065272906,1.0,-0.4558377881439613
silhouette,0.37549797405427493,0.47790186931798834,0.423201334740713,0.4599748033640914,0.3871429057850114,-0.4558377881439613,1.0
