,abilities,v_measure,mutual_info,adjusted_rand_score,calinski_harabasz,davies_bouldin,silhouette
abilities,1.0,0.6997684633457046,0.7549744414861255,0.7003813544894276,0.6788109911811774,-0.5084783274881678,0.38378902924852737
v_measure,0.6997684633457046,1.0,0.9729262697416503,0.9897510980966325,0.7912424665463584,-0.7263100548197079,0.38055432598998945
mutual_info,0.7549744414861255,0.9729262697416503,1.0,0.9701937850958909,0.7426569795471415,-0.6350771011885521,0.3252678218040877
adjusted_rand_score,0.7003813544894276,0.9897510980966325,0.9701937850958909,1.0,0.7861180155946746,-0.7068677857604958,0.35816677449010864
calinski_harabasz,0.6788109911811774,0.7912424665463584,0.7426569795471415,0.7861180155946746,1.0,-0.888572985120365,0.3584561953079778
davies_bouldin,-0.5084783274881678,-0.7263100548197079,-0.6350771011885521,-0.7068677857604958,-0.888572985120365,1.0,-0.4193026660764752
silhouette,0.38378902924852737,0.38055432598998945,0.3252678218040877,0.35816677449010864,0.3584561953079778,-0.4193026660764752,1.0
