,abilities,v_measure,mutual_info,adjusted_rand_score,calinski_harabasz,davies_bouldin,silhouette
abilities,1.0,0.738210357860329,0.7766011781129762,0.7399639075215363,0.6685280397698253,-0.5203275562668119,0.3730293847253907
v_measure,0.738210357860329,1.0,0.9806939289727263,0.9883720930232558,0.7460247199427968,-0.7376144914705982,0.4783104634138037
mutual_info,0.7766011781129762,0.9806939289727263,1.0,0.9774422009601961,0.7135074398174946,-0.671524396472471,0.4235248050665668
adjusted_rand_score,0.7399639075215363,0.9883720930232558,0.9774422009601961,1.0,0.7349245803398141,-0.716095202424325,0.4603493479519221
calinski_harabasz,0.6685280397698253,0.7460247199427968,0.7135074398174946,0.7349245803398141,1.0,-0.8730634342333753,0.38697265824508836
davies_bouldin,-0.5203275562668119,-0.7376144914705982,-0.671524396472471,-0.716095202424325,-0.8730634342333753,1.0,-0.4561272089618305
silhouette,0.3730293847253907,0.4783104634138037,0.4235248050665668,0.4603493479519221,0.38697265824508836,-0.4561272089618305,1.0
