,abilities,v_measure,mutual_info,adjusted_rand_score,calinski_harabasz,davies_bouldin,silhouette
abilities,1.0,0.8700404858299595,0.8698380566801619,0.9062753036437247,0.7908906882591094,-0.6489878542510121,0.6576923076923077
v_measure,0.8700404858299595,1.0,0.9884615384615385,0.9574898785425101,0.9123481781376518,-0.8625506072874494,0.661336032388664
mutual_info,0.8698380566801619,0.9884615384615385,1.0,0.9536437246963563,0.8882591093117409,-0.8398785425101215,0.637246963562753
adjusted_rand_score,0.9062753036437247,0.9574898785425101,0.9536437246963563,1.0,0.8580971659919029,-0.7427125506072875,0.6423076923076924
calinski_harabasz,0.7908906882591094,0.9123481781376518,0.8882591093117409,0.8580971659919029,1.0,-0.9321862348178138,0.7030364372469635
davies_bouldin,-0.6489878542510121,-0.8625506072874494,-0.8398785425101215,-0.7427125506072875,-0.9321862348178138,1.0,-0.6388663967611335
silhouette,0.6576923076923077,0.661336032388664,0.637246963562753,0.6423076923076924,0.7030364372469635,-0.6388663967611335,1.0
