,abilities,v_measure,mutual_info,adjusted_rand_score,calinski_harabasz,davies_bouldin,silhouette
abilities,1.0,0.8838056680161943,0.9008097165991903,0.9248987854251012,0.8105263157894737,-0.6419028340080971,0.6093117408906883
v_measure,0.8838056680161943,1.0,0.9856275303643725,0.9591093117408906,0.9135627530364372,-0.851417004048583,0.6204453441295547
mutual_info,0.9008097165991903,0.9856275303643725,1.0,0.9653846153846154,0.8874493927125506,-0.8101214574898785,0.5769230769230769
adjusted_rand_score,0.9248987854251012,0.9591093117408906,0.9653846153846154,1.0,0.8763157894736842,-0.7338056680161943,0.5959514170040486
calinski_harabasz,0.8105263157894737,0.9135627530364372,0.8874493927125506,0.8763157894736842,1.0,-0.9313765182186234,0.6925101214574899
davies_bouldin,-0.6419028340080971,-0.851417004048583,-0.8101214574898785,-0.7338056680161943,-0.9313765182186234,1.0,-0.598582995951417
silhouette,0.6093117408906883,0.6204453441295547,0.5769230769230769,0.5959514170040486,0.6925101214574899,-0.598582995951417,1.0
