,abilities,v_measure,mutual_info,adjusted_rand_score,calinski_harabasz,davies_bouldin,silhouette
abilities,1.0,0.8663967611336032,0.8663967611336032,0.8975708502024291,0.7941295546558704,-0.637246963562753,0.6313765182186235
v_measure,0.8663967611336032,1.0,0.988663967611336,0.9572874493927126,0.9133603238866397,-0.8580971659919029,0.6560728744939271
mutual_info,0.8663967611336032,0.988663967611336,1.0,0.952834008097166,0.8931174089068826,-0.8309716599190283,0.6301619433198381
adjusted_rand_score,0.8975708502024291,0.9572874493927126,0.952834008097166,1.0,0.8611336032388665,-0.7374493927125506,0.6313765182186235
calinski_harabasz,0.7941295546558704,0.9133603238866397,0.8931174089068826,0.8611336032388665,1.0,-0.9360323886639677,0.7022267206477733
davies_bouldin,-0.637246963562753,-0.8580971659919029,-0.8309716599190283,-0.7374493927125506,-0.9360323886639677,1.0,-0.6360323886639676
silhouette,0.6313765182186235,0.6560728744939271,0.6301619433198381,0.6313765182186235,0.7022267206477733,-0.6360323886639676,1.0
