,abilities,v_measure,mutual_info,adjusted_rand_score,calinski_harabasz,davies_bouldin,silhouette
abilities,1.0,0.8643724696356275,0.8165991902834008,0.8419028340080972,0.8232793522267207,-0.7755060728744939,0.7493927125506072
v_measure,0.8643724696356275,1.0,0.9836032388663968,0.9293522267206478,0.9087044534412956,-0.8281376518218624,0.6210526315789474
mutual_info,0.8165991902834008,0.9836032388663968,1.0,0.9309716599190283,0.8925101214574899,-0.7688259109311741,0.5789473684210527
adjusted_rand_score,0.8419028340080972,0.9293522267206478,0.9309716599190283,1.0,0.8046558704453441,-0.6497975708502024,0.5419028340080971
calinski_harabasz,0.8232793522267207,0.9087044534412956,0.8925101214574899,0.8046558704453441,1.0,-0.8850202429149797,0.6912955465587044
davies_bouldin,-0.7755060728744939,-0.8281376518218624,-0.7688259109311741,-0.6497975708502024,-0.8850202429149797,1.0,-0.6269230769230769
silhouette,0.7493927125506072,0.6210526315789474,0.5789473684210527,0.5419028340080971,0.6912955465587044,-0.6269230769230769,1.0
