,abilities,v_measure,mutual_info,adjusted_rand_score,calinski_harabasz,davies_bouldin,silhouette
abilities,1.0,0.9170653907496013,0.7179848015761329,0.9410826531569566,0.8600243925321325,-0.462426118772868,0.7498827282109016
v_measure,0.9170653907496013,1.0,0.8097382493667323,0.9677268036401163,0.8827282109015855,-0.5937705225630923,0.757763392438315
mutual_info,0.7179848015761329,0.8097382493667323,1.0,0.7954779998123651,0.666572849235388,-0.35678769115301623,0.506145041748757
adjusted_rand_score,0.9410826531569566,0.9677268036401163,0.7954779998123651,1.0,0.8285017356224786,-0.4986396472464584,0.7198611502017075
calinski_harabasz,0.8600243925321325,0.8827282109015855,0.666572849235388,0.8285017356224786,1.0,-0.7819682897082277,0.8975513650436251
davies_bouldin,-0.462426118772868,-0.5937705225630923,-0.35678769115301623,-0.4986396472464584,-0.7819682897082277,1.0,-0.8423867154517309
silhouette,0.7498827282109016,0.757763392438315,0.506145041748757,0.7198611502017075,0.8975513650436251,-0.8423867154517309,1.0
