,abilities,v_measure,mutual_info,adjusted_rand_score,calinski_harabasz,davies_bouldin,silhouette
abilities,1.0,0.9086218219345155,0.7016605685336336,0.9056196641335961,0.8558964255558683,-0.4639271976733277,0.7481940144478845
v_measure,0.9086218219345155,1.0,0.8133033117553241,0.9802983394314664,0.8786002439253213,-0.5965850455014542,0.7600150107890046
mutual_info,0.7016605685336336,0.8133033117553241,1.0,0.8041092034900085,0.6746411483253588,-0.38512055539919315,0.5275354160803077
adjusted_rand_score,0.9056196641335961,0.9802983394314664,0.8041092034900085,1.0,0.8467023172905526,-0.5806360821840698,0.7530725208743785
calinski_harabasz,0.8558964255558683,0.8786002439253213,0.6746411483253588,0.8467023172905526,1.0,-0.7785908621821934,0.903180410920349
davies_bouldin,-0.4639271976733277,-0.5965850455014542,-0.38512055539919315,-0.5806360821840698,-0.7785908621821934,1.0,-0.8557087906933109
silhouette,0.7481940144478845,0.7600150107890046,0.5275354160803077,0.7530725208743785,0.903180410920349,-0.8557087906933109,1.0
