,abilities,v_measure,mutual_info,adjusted_rand_score,calinski_harabasz,davies_bouldin,silhouette
abilities,1.0,0.913312693498452,0.7177971667135754,0.9395815742564969,0.8602120273946899,-0.4573599774838165,0.7498827282109016
v_measure,0.913312693498452,1.0,0.8076742658786003,0.9662257247396566,0.8754104512618445,-0.5894549207242705,0.7534477905994934
mutual_info,0.7177971667135754,0.8076742658786003,1.0,0.7967914438502673,0.6646965006098133,-0.35228445445163714,0.5050192325734122
adjusted_rand_score,0.9395815742564969,0.9662257247396566,0.7967914438502673,1.0,0.8247490383713294,-0.495637489445539,0.7185477061638053
calinski_harabasz,0.8602120273946899,0.8754104512618445,0.6646965006098133,0.8247490383713294,1.0,-0.7795290364949807,0.89792663476874
davies_bouldin,-0.4573599774838165,-0.5894549207242705,-0.35228445445163714,-0.495637489445539,-0.7795290364949807,1.0,-0.8397598273759265
silhouette,0.7498827282109016,0.7534477905994934,0.5050192325734122,0.7185477061638053,0.89792663476874,-0.8397598273759265,1.0
