,abilities,v_measure,mutual_info,adjusted_rand_score,calinski_harabasz,davies_bouldin,silhouette
abilities,1.0,0.9142508678112393,0.720048785064265,0.9407073834318417,0.8602120273946899,-0.4573599774838165,0.7498827282109016
v_measure,0.9142508678112393,1.0,0.8168683741439159,0.9666009944647715,0.8778497044750915,-0.5937705225630923,0.7568252181255277
mutual_info,0.720048785064265,0.8168683741439159,1.0,0.7994183319260718,0.6684491978609626,-0.355474247115114,0.5080213903743316
adjusted_rand_score,0.9407073834318417,0.9666009944647715,0.7994183319260718,1.0,0.8275635613096913,-0.4954498545829815,0.7202364199268224
calinski_harabasz,0.8602120273946899,0.8778497044750915,0.6684491978609626,0.8275635613096913,1.0,-0.7795290364949807,0.89792663476874
davies_bouldin,-0.4573599774838165,-0.5937705225630923,-0.355474247115114,-0.4954498545829815,-0.7795290364949807,1.0,-0.8397598273759265
silhouette,0.7498827282109016,0.7568252181255277,0.5080213903743316,0.7202364199268224,0.89792663476874,-0.8397598273759265,1.0
