,abilities,v_measure,mutual_info,adjusted_rand_score,calinski_harabasz,davies_bouldin,silhouette
abilities,1.0,0.4396518017929294,0.41294836713619354,0.46383635512877713,0.4065110919043503,-0.4115487508745936,0.664962752603202
v_measure,0.4396518017929294,1.0,0.9941883437602897,0.9556305564702009,0.7296935774187273,-0.7247545944365937,0.49597267106586
mutual_info,0.41294836713619354,0.9941883437602897,1.0,0.9494567006914718,0.723618628350703,-0.7211985266894575,0.48675323616587723
adjusted_rand_score,0.46383635512877713,0.9556305564702009,0.9494567006914718,1.0,0.7029407529321702,-0.6971127530132525,0.5251620604902698
calinski_harabasz,0.4065110919043503,0.7296935774187273,0.723618628350703,0.7029407529321702,1.0,-0.9953739144750381,0.45568588714656133
davies_bouldin,-0.4115487508745936,-0.7247545944365937,-0.7211985266894575,-0.6971127530132525,-0.9953739144750381,1.0,-0.45568588714656133
silhouette,0.664962752603202,0.49597267106586,0.48675323616587723,0.5251620604902698,0.45568588714656133,-0.45568588714656133,1.0
