,abilities,v_measure,mutual_info,adjusted_rand_score,calinski_harabasz,davies_bouldin,silhouette
abilities,1.0,0.13346559432812286,0.10335332350420681,0.08937494341703756,0.2025419613218079,-0.2567922982911869,0.48367831609858203
v_measure,0.13346559432812286,1.0,0.9985799488866187,0.938933937024079,0.7247013891102595,-0.7074890413302884,0.4301455002866001
mutual_info,0.10335332350420681,0.9985799488866187,1.0,0.9393411786092275,0.72016858999761,-0.7021987703516903,0.41728063761418016
adjusted_rand_score,0.08937494341703756,0.938933937024079,0.9393411786092275,1.0,0.6558335189060653,-0.6294005063998789,0.4177646067028624
calinski_harabasz,0.2025419613218079,0.7247013891102595,0.72016858999761,0.6558335189060653,1.0,-0.9894510687566664,0.44828224877163514
davies_bouldin,-0.2567922982911869,-0.7074890413302884,-0.7021987703516903,-0.6294005063998789,-0.9894510687566664,1.0,-0.4567171550872572
silhouette,0.48367831609858203,0.4301455002866001,0.41728063761418016,0.4177646067028624,0.44828224877163514,-0.4567171550872572,1.0
