,abilities,v_measure,mutual_info,adjusted_rand_score,calinski_harabasz,davies_bouldin,silhouette
abilities,1.0,0.46099454250874156,0.43700764721973073,0.43440646022202056,0.4479318434374614,-0.44882084207926903,0.6108490760176153
v_measure,0.46099454250874156,1.0,0.994797540356105,0.9549559190326059,0.7458409819668508,-0.7431986369470249,0.4287266531700585
mutual_info,0.43700764721973073,0.994797540356105,1.0,0.9491607741128242,0.739996542826426,-0.7404986706962372,0.42144991486000855
adjusted_rand_score,0.43440646022202056,0.9549559190326059,0.9491607741128242,1.0,0.7603121425427194,-0.7568466370805802,0.4481861660263459
calinski_harabasz,0.4479318434374614,0.7458409819668508,0.739996542826426,0.7603121425427194,1.0,-0.9948800263407005,0.5811170103304935
davies_bouldin,-0.44882084207926903,-0.7431986369470249,-0.7404986706962372,-0.7568466370805802,-0.9948800263407005,1.0,-0.5780549038976005
silhouette,0.6108490760176153,0.4287266531700585,0.42144991486000855,0.4481861660263459,0.5811170103304935,-0.5780549038976005,1.0
