,abilities,v_measure,mutual_info,adjusted_rand_score,calinski_harabasz,davies_bouldin,silhouette
abilities,1.0,0.6265803315552119,0.6420176659939535,0.5571182838908972,0.5144839718530102,-0.48231039874902265,0.8234753713838937
v_measure,0.6265803315552119,1.0,0.9973254227125439,0.9810813585724107,0.008376298128797425,0.016156383671997836,0.30571044675907333
mutual_info,0.6420176659939535,0.9973254227125439,1.0,0.9717279460169941,0.03907610493361925,-0.014374843406511585,0.325868899101083
adjusted_rand_score,0.5571182838908972,0.9810813585724107,0.9717279460169941,1.0,-0.0706648162757002,0.09311531184766195,0.22461246788822495
calinski_harabasz,0.5144839718530102,0.008376298128797425,0.03907610493361925,-0.0706648162757002,1.0,-0.9870797498045348,0.7493940578577013
davies_bouldin,-0.48231039874902265,0.016156383671997836,-0.014374843406511585,0.09311531184766195,-0.9870797498045348,1.0,-0.7654808444096951
silhouette,0.8234753713838937,0.30571044675907333,0.325868899101083,0.22461246788822495,0.7493940578577013,-0.7654808444096951,1.0
