,abilities,v_measure,mutual_info,adjusted_rand_score,calinski_harabasz,davies_bouldin,silhouette
abilities,1.0,0.6265747942779624,0.6400951419111123,0.5415628213474434,0.46448397185301016,-0.4321931196247068,0.7740031274433151
v_measure,0.6265747942779624,1.0,0.9978731799293169,0.9679992180627505,0.01620485756711895,0.009969212737310813,0.33624590764872936
mutual_info,0.6400951419111123,0.9978731799293169,1.0,0.9579746815256046,0.0442284533351252,-0.017122268801637017,0.3524097346328935
adjusted_rand_score,0.5415628213474434,0.9679992180627505,0.9579746815256046,1.0,-0.08344817485407817,0.10592777220291627,0.2345012953002925
calinski_harabasz,0.46448397185301016,0.01620485756711895,0.0442284533351252,-0.08344817485407817,1.0,-0.9877638780297107,0.7462666145426115
davies_bouldin,-0.4321931196247068,0.009969212737310813,-0.017122268801637017,0.10592777220291627,-0.9877638780297107,1.0,-0.7612197028928851
silhouette,0.7740031274433151,0.33624590764872936,0.3524097346328935,0.2345012953002925,0.7462666145426115,-0.7612197028928851,1.0
