,abilities,v_measure,mutual_info,adjusted_rand_score,calinski_harabasz,davies_bouldin,silhouette
abilities,1.0,0.6198362875541964,0.6392257039480852,0.5305236829107893,0.5157349491790462,-0.4835613760750586,0.8219702892885067
v_measure,0.6198362875541964,1.0,0.9969151545916122,0.9737113478684863,0.00949053148548693,0.014260232170263062,0.3081930368695921
mutual_info,0.6392257039480852,0.9969151545916122,1.0,0.9598823300619996,0.0458447434354936,-0.021157608188186853,0.33510952895106483
adjusted_rand_score,0.5305236829107893,0.9737113478684863,0.9598823300619996,1.0,-0.095939949731988,0.11590789159246594,0.20008014577868033
calinski_harabasz,0.5157349491790462,0.00949053148548693,0.0458447434354936,-0.095939949731988,1.0,-0.986845191555903,0.7489640344018764
davies_bouldin,-0.4835613760750586,0.014260232170263062,-0.021157608188186853,0.11590789159246594,-0.986845191555903,1.0,-0.7656176700547302
silhouette,0.8219702892885067,0.3081930368695921,0.33510952895106483,0.20008014577868033,0.7489640344018764,-0.7656176700547302,1.0
