,abilities,v_measure,mutual_info,adjusted_rand_score,calinski_harabasz,davies_bouldin,silhouette
abilities,1.0,0.3222034369651537,0.3689625668190148,0.1344754628201494,0.6978632750170036,-0.6743900830241895,0.8902613615925759
v_measure,0.3222034369651537,1.0,0.9946721402647182,0.9406987143847108,-0.08053947100723283,0.0649905936413176,0.15495125747114144
mutual_info,0.3689625668190148,0.9946721402647182,1.0,0.908591481040054,-0.02824060849174766,0.016265964877212914,0.19715639760126638
adjusted_rand_score,0.1344754628201494,0.9406987143847108,0.908591481040054,1.0,-0.2466674489209933,0.2133810253463141,-0.009518783488472562
calinski_harabasz,0.6978632750170036,-0.08053947100723283,-0.02824060849174766,-0.2466674489209933,1.0,-0.9755887813935308,0.7847552037525652
davies_bouldin,-0.6743900830241895,0.0649905936413176,0.016265964877212914,0.2133810253463141,-0.9755887813935308,1.0,-0.7924166910974298
silhouette,0.8902613615925759,0.15495125747114144,0.19715639760126638,-0.009518783488472562,0.7847552037525652,-0.7924166910974298,1.0
