,abilities,v_measure,mutual_info,adjusted_rand_score,calinski_harabasz,davies_bouldin,silhouette
abilities,1.0,0.8711843711843712,0.8107448107448108,0.8492063492063492,0.9316239316239316,-0.8089133089133089,0.9023199023199023
v_measure,0.8711843711843712,1.0,0.9664224664224664,0.9755799755799756,0.9035409035409036,-0.7387057387057387,0.7435897435897436
mutual_info,0.8107448107448108,0.9664224664224664,1.0,0.9426129426129426,0.854090354090354,-0.7087912087912088,0.6971916971916972
adjusted_rand_score,0.8492063492063492,0.9755799755799756,0.9426129426129426,1.0,0.8693528693528694,-0.612942612942613,0.7161172161172161
calinski_harabasz,0.9316239316239316,0.9035409035409036,0.854090354090354,0.8693528693528694,1.0,-0.8577533577533577,0.8742368742368742
davies_bouldin,-0.8089133089133089,-0.7387057387057387,-0.7087912087912088,-0.612942612942613,-0.8577533577533577,1.0,-0.7503052503052503
silhouette,0.9023199023199023,0.7435897435897436,0.6971916971916972,0.7161172161172161,0.8742368742368742,-0.7503052503052503,1.0
