,abilities,v_measure,mutual_info,adjusted_rand_score,calinski_harabasz,davies_bouldin,silhouette
abilities,1.0,0.8785103785103785,0.782051282051282,0.8589743589743589,0.9462759462759462,-0.8046398046398047,0.8894993894993894
v_measure,0.8785103785103785,1.0,0.9444444444444444,0.9719169719169719,0.9108669108669109,-0.7326007326007326,0.7374847374847375
mutual_info,0.782051282051282,0.9444444444444444,1.0,0.9261294261294262,0.8327228327228328,-0.6788766788766789,0.6575091575091575
adjusted_rand_score,0.8589743589743589,0.9719169719169719,0.9261294261294262,1.0,0.8760683760683761,-0.6068376068376068,0.7167277167277167
calinski_harabasz,0.9462759462759462,0.9108669108669109,0.8327228327228328,0.8760683760683761,1.0,-0.8431013431013431,0.8766788766788767
davies_bouldin,-0.8046398046398047,-0.7326007326007326,-0.6788766788766789,-0.6068376068376068,-0.8431013431013431,1.0,-0.7496947496947497
silhouette,0.8894993894993894,0.7374847374847375,0.6575091575091575,0.7167277167277167,0.8766788766788767,-0.7496947496947497,1.0
