,abilities,v_measure,mutual_info,adjusted_rand_score,calinski_harabasz,davies_bouldin,silhouette
abilities,1.0,0.6816205256379194,0.7307795304709318,0.6986954692102679,0.7143931955265943,-0.6820923500682232,0.5916805876126959
v_measure,0.6816205256379194,1.0,0.959601627156684,0.9903849832311047,0.8643058442469299,-0.813030005483365,0.4502225226029406
mutual_info,0.7307795304709318,0.959601627156684,1.0,0.961374156773231,0.8452415868603272,-0.7936979558525358,0.40888050089901684
adjusted_rand_score,0.6986954692102679,0.9903849832311047,0.961374156773231,1.0,0.870159017585024,-0.8021780435863758,0.4580650097552889
calinski_harabasz,0.7143931955265943,0.8643058442469299,0.8452415868603272,0.870159017585024,1.0,-0.9026001351713233,0.44714928780015045
davies_bouldin,-0.6820923500682232,-0.813030005483365,-0.7936979558525358,-0.8021780435863758,-0.9026001351713233,1.0,-0.45096213927747103
silhouette,0.5916805876126959,0.4502225226029406,0.40888050089901684,0.4580650097552889,0.44714928780015045,-0.45096213927747103,1.0
