,abilities,v_measure,mutual_info,adjusted_rand_score,calinski_harabasz,davies_bouldin,silhouette
abilities,1.0,0.6950356418725054,0.7455869929104598,0.7066996094719901,0.7406240834491641,-0.7102742957701578,0.5261224958237162
v_measure,0.6950356418725054,1.0,0.9600382561617289,0.9925814935891677,0.855443196164195,-0.8319284867187798,0.3696808171489052
mutual_info,0.7455869929104598,0.9600382561617289,1.0,0.9616672086306165,0.8343667809080417,-0.8096724316610844,0.3293153741947077
adjusted_rand_score,0.7066996094719901,0.9925814935891677,0.9616672086306165,1.0,0.8543556228623953,-0.8220164182714922,0.37455327967035
calinski_harabasz,0.7406240834491641,0.855443196164195,0.8343667809080417,0.8543556228623953,1.0,-0.9282826865938102,0.3802777388132978
davies_bouldin,-0.7102742957701578,-0.8319284867187798,-0.8096724316610844,-0.8220164182714922,-0.9282826865938102,1.0,-0.4072737474336577
silhouette,0.5261224958237162,0.3696808171489052,0.3293153741947077,0.37455327967035,0.3802777388132978,-0.4072737474336577,1.0
