,abilities,v_measure,mutual_info,adjusted_rand_score,calinski_harabasz,davies_bouldin,silhouette
abilities,1.0,0.6840689118708476,0.7338487287835173,0.6984786850125607,0.7140106351776992,-0.6827044466264554,0.5893214654611765
v_measure,0.6840689118708476,1.0,0.9605929704360603,0.9908440556497787,0.8625205626187531,-0.8147770310766523,0.44943189788189086
mutual_info,0.7338487287835173,0.9605929704360603,1.0,0.9602486650244063,0.8445811747871086,-0.7938343827250032,0.4092643659859803
adjusted_rand_score,0.6984786850125607,0.9908440556497787,0.9602486650244063,1.0,0.8684247440033666,-0.8021652915747459,0.45774620946454303
calinski_harabasz,0.7140106351776992,0.8625205626187531,0.8445811747871086,0.8684247440033666,1.0,-0.907560667695329,0.4477103763118632
davies_bouldin,-0.6827044466264554,-0.8147770310766523,-0.7938343827250032,-0.8021652915747459,-0.907560667695329,1.0,-0.4528749410219462
silhouette,0.5893214654611765,0.44943189788189086,0.4092643659859803,0.45774620946454303,0.4477103763118632,-0.4528749410219462,1.0
