,abilities,v_measure,mutual_info,adjusted_rand_score,calinski_harabasz,davies_bouldin,silhouette
abilities,1.0,0.8861843958313773,0.8756663504977787,0.8855271805464275,0.8462116233217538,-0.7876725190122993,0.6756642568772885
v_measure,0.8861843958313773,1.0,0.9589667255263101,0.9976997465026758,0.9221904046568398,-0.8716787156135574,0.62142052389447
mutual_info,0.8756663504977787,0.9589667255263101,1.0,0.9568712666858524,0.9124899193345857,-0.8348637643122374,0.5708359504145688
adjusted_rand_score,0.8855271805464275,0.9976997465026758,0.9568712666858524,1.0,0.9195380715425782,-0.8705755328138203,0.6209041404562952
calinski_harabasz,0.8462116233217538,0.9221904046568398,0.9124899193345857,0.9195380715425782,1.0,-0.8796591869308046,0.5595718711858042
davies_bouldin,-0.7876725190122993,-0.8716787156135574,-0.8348637643122374,-0.8705755328138203,-0.8796591869308046,1.0,-0.6190029105248334
silhouette,0.6756642568772885,0.62142052389447,0.5708359504145688,0.6209041404562952,0.5595718711858042,-0.6190029105248334,1.0
