,abilities,v_measure,mutual_info,adjusted_rand_score,calinski_harabasz,davies_bouldin,silhouette
abilities,1.0,0.8836816154026766,0.8906171459993927,0.882977224700634,0.8416060108006574,-0.7751819675980277,0.6501291382953746
v_measure,0.8836816154026766,1.0,0.9781034015161367,0.998192063864757,0.925757220004696,-0.8692885653909368,0.622164827424278
mutual_info,0.8906171459993927,0.9781034015161367,1.0,0.9766904337285177,0.923044756725249,-0.8388083271200287,0.5879829953545265
adjusted_rand_score,0.882977224700634,0.998192063864757,0.9766904337285177,1.0,0.9227518196759803,-0.8668701573139235,0.6206856069499883
calinski_harabasz,0.8416060108006574,0.925757220004696,0.923044756725249,0.9227518196759803,1.0,-0.8785865226579009,0.5622681380605776
davies_bouldin,-0.7751819675980277,-0.8692885653909368,-0.8388083271200287,-0.8668701573139235,-0.8785865226579009,1.0,-0.6168349377788214
silhouette,0.6501291382953746,0.622164827424278,0.5879829953545265,0.6206856069499883,0.5622681380605776,-0.6168349377788214,1.0
