,abilities,v_measure,mutual_info,adjusted_rand_score,calinski_harabasz,davies_bouldin,silhouette
abilities,1.0,0.8869218126320733,0.8926671028410527,0.8865461375909838,0.8475463723878844,-0.7782343273068796,0.6509978868278938
v_measure,0.8869218126320733,1.0,0.9748793225156022,0.9982625029349612,0.9256633012444235,-0.8691242075604602,0.622164827424278
mutual_info,0.8926671028410527,0.9748793225156022,1.0,0.9733032942700529,0.9207768603549544,-0.8336483734666765,0.5831304508532424
adjusted_rand_score,0.8865461375909838,0.9982625029349612,0.9733032942700529,1.0,0.9227752993660484,-0.866776238553651,0.6207325663301244
calinski_harabasz,0.8475463723878844,0.9256633012444235,0.9207768603549544,0.9227752993660484,1.0,-0.8777647335055178,0.5622211786804414
davies_bouldin,-0.7782343273068796,-0.8691242075604602,-0.8336483734666765,-0.866776238553651,-0.8777647335055178,1.0,-0.6166471002582766
silhouette,0.6509978868278938,0.622164827424278,0.5831304508532424,0.6207325663301244,0.5622211786804414,-0.6166471002582766,1.0
