,abilities,v_measure,mutual_info,adjusted_rand_score,calinski_harabasz,davies_bouldin,silhouette
abilities,1.0,0.9032019617735747,0.8981642492756801,0.9064872285255019,0.873235635757782,-0.7830785296084666,0.6609839373922022
v_measure,0.9032019617735747,1.0,0.958883755248759,0.995635288458154,0.9069096199650354,-0.8069436459421089,0.6517147919135505
mutual_info,0.8981642492756801,0.958883755248759,1.0,0.9569789217925935,0.8986580949865377,-0.7646730503383512,0.598270562241718
adjusted_rand_score,0.9064872285255019,0.995635288458154,0.9569789217925935,1.0,0.9026153069964449,-0.8009832334064696,0.6448861303077591
calinski_harabasz,0.873235635757782,0.9069096199650354,0.8986580949865377,0.9026153069964449,1.0,-0.8378251534102242,0.5571695080313039
davies_bouldin,-0.7830785296084666,-0.8069436459421089,-0.7646730503383512,-0.8009832334064696,-0.8378251534102242,1.0,-0.6545307348437739
silhouette,0.6609839373922022,0.6517147919135505,0.598270562241718,0.6448861303077591,0.5571695080313039,-0.6545307348437739,1.0
