,abilities,v_measure,mutual_info,adjusted_rand_score,calinski_harabasz,davies_bouldin,silhouette
abilities,1.0,0.8840015022063656,0.8784986817702296,0.8831799831001784,0.8450614965730917,-0.7884470941695615,0.6758755046474509
v_measure,0.8840015022063656,1.0,0.9643721074293411,0.9976293305792884,0.9228476199417895,-0.875668951272181,0.6240024410853441
mutual_info,0.8784986817702296,0.9643721074293411,1.0,0.9612526478269195,0.9164854596457543,-0.837792676845047,0.5776297460030976
adjusted_rand_score,0.8831799831001784,0.9976293305792884,0.9612526478269195,1.0,0.9197493193127406,-0.874237160829969,0.6234625856727067
calinski_harabasz,0.8450614965730917,0.9228476199417895,0.9164854596457543,0.9197493193127406,1.0,-0.8845178856445404,0.5631865552530279
davies_bouldin,-0.7884470941695615,-0.875668951272181,-0.837792676845047,-0.874237160829969,-0.8845178856445404,1.0,-0.6190263824992959
silhouette,0.6758755046474509,0.6240024410853441,0.5776297460030976,0.6234625856727067,0.5631865552530279,-0.6190263824992959,1.0
