,abilities,v_measure,mutual_info,adjusted_rand_score,calinski_harabasz,davies_bouldin,silhouette
abilities,1.0,0.7741594333034022,0.7862915294821909,0.8248029532076224,0.7550434001795869,-0.5805247929761549,0.584555522298713
v_measure,0.7741594333034022,1.0,0.9561009677741196,0.9780105756759453,0.8971565399580964,-0.8137882869400379,0.6503242542153048
mutual_info,0.7862915294821909,0.9561009677741196,1.0,0.9492766636735508,0.8413648608201137,-0.7409158934450764,0.57661378828694
adjusted_rand_score,0.8248029532076224,0.9780105756759453,0.9492766636735508,1.0,0.8653496956998903,-0.7456250623565799,0.6053876085004489
calinski_harabasz,0.7550434001795869,0.8971565399580964,0.8413648608201137,0.8653496956998903,1.0,-0.9083308390701387,0.6189564002793575
davies_bouldin,-0.5805247929761549,-0.8137882869400379,-0.7409158934450764,-0.7456250623565799,-0.9083308390701387,1.0,-0.6473710465928365
silhouette,0.584555522298713,0.6503242542153048,0.57661378828694,0.6053876085004489,0.6189564002793575,-0.6473710465928365,1.0
