,abilities,v_measure,mutual_info,adjusted_rand_score,calinski_harabasz,davies_bouldin,silhouette
abilities,1.0,0.7691709069140976,0.7817819016262596,0.8212511224184376,0.7530080814127507,-0.5764940636535967,0.587389005287838
v_measure,0.7691709069140976,1.0,0.9578968372742692,0.9776514017759154,0.895560211513519,-0.8129901227177492,0.6494063653596728
mutual_info,0.7817819016262596,0.9578968372742692,1.0,0.950114736106954,0.8417639429312581,-0.7413947919784496,0.5767734211313977
adjusted_rand_score,0.8212511224184376,0.9776514017759154,0.950114736106954,1.0,0.8651501546443181,-0.7453057966676644,0.6053876085004489
calinski_harabasz,0.7530080814127507,0.895560211513519,0.8417639429312581,0.8651501546443181,1.0,-0.9081312980145665,0.6190761249127008
davies_bouldin,-0.5764940636535967,-0.8129901227177492,-0.7413947919784496,-0.7453057966676644,-0.9081312980145665,1.0,-0.6471315973261499
silhouette,0.587389005287838,0.6494063653596728,0.5767734211313977,0.6053876085004489,0.6190761249127008,-0.6471315973261499,1.0
