,abilities,v_measure,mutual_info,adjusted_rand_score,calinski_harabasz,davies_bouldin,silhouette
abilities,1.0,0.7906016162825501,0.7907612491270078,0.846872193953906,0.7615484385912401,-0.6044697196448169,0.5802853437094683
v_measure,0.7906016162825501,1.0,0.9563005088296918,0.9788885563204629,0.8866606804349995,-0.8135089294622369,0.6436196747480795
mutual_info,0.7907612491270078,0.9563005088296918,1.0,0.9551830789184875,0.8361368851641225,-0.7410356180784197,0.5758156240646513
adjusted_rand_score,0.846872193953906,0.9788885563204629,0.9551830789184875,1.0,0.8520602613987828,-0.7449865309787489,0.5970867005886461
calinski_harabasz,0.7615484385912401,0.8866606804349995,0.8361368851641225,0.8520602613987828,1.0,-0.9039010276364362,0.6130499850344209
davies_bouldin,-0.6044697196448169,-0.8135089294622369,-0.7410356180784197,-0.7449865309787489,-0.9039010276364362,1.0,-0.6477701287039809
silhouette,0.5802853437094683,0.6436196747480795,0.5758156240646513,0.5970867005886461,0.6130499850344209,-0.6477701287039809,1.0
