,abilities,v_measure,mutual_info,adjusted_rand_score,calinski_harabasz,davies_bouldin,silhouette
abilities,1.0,0.7721241145365659,0.7850543749376434,0.8230869001297016,0.7538461538461538,-0.5763344308091389,0.5857128604210317
v_measure,0.7721241145365659,1.0,0.9573381223186671,0.9778509428314875,0.8963583757358077,-0.8131896637733214,0.6496857228374738
mutual_info,0.7850543749376434,0.9573381223186671,1.0,0.9494362965180085,0.8417639429312581,-0.7401975456450165,0.5764142472313678
adjusted_rand_score,0.8230869001297016,0.9778509428314875,0.9494362965180085,1.0,0.8651501546443181,-0.7447869899231767,0.60530779207822
calinski_harabasz,0.7538461538461538,0.8963583757358077,0.8417639429312581,0.8651501546443181,1.0,-0.9074927666367355,0.6189564002793575
davies_bouldin,-0.5763344308091389,-0.8131896637733214,-0.7401975456450165,-0.7447869899231767,-0.9074927666367355,1.0,-0.6466926070038911
silhouette,0.5857128604210317,0.6496857228374738,0.5764142472313678,0.60530779207822,0.6189564002793575,-0.6466926070038911,1.0
