,abilities,v_measure,mutual_info,adjusted_rand_score,calinski_harabasz,davies_bouldin,silhouette
abilities,1.0,0.8172372740719362,0.7787798982647282,0.8557668025542047,0.7977560518056207,-0.5589306973556044,0.6781269165554313
v_measure,0.8172372740719362,1.0,0.9287853097153577,0.9762617699051193,0.9033154154190267,-0.776038096612432,0.754969515494787
mutual_info,0.7787798982647282,0.9287853097153577,1.0,0.9171687290306288,0.8150005411450629,-0.6704065803239655,0.6493379992063206
adjusted_rand_score,0.8557668025542047,0.9762617699051193,0.9171687290306288,1.0,0.8673833832389336,-0.6973916807965655,0.7133374219849201
calinski_harabasz,0.7977560518056207,0.9033154154190267,0.8150005411450629,0.8673833832389336,1.0,-0.8897507125076662,0.7634835311519175
davies_bouldin,-0.5589306973556044,-0.776038096612432,-0.6704065803239655,-0.6973916807965655,-0.8897507125076662,1.0,-0.7682456077059057
silhouette,0.6781269165554313,0.754969515494787,0.6493379992063206,0.7133374219849201,0.7634835311519175,-0.7682456077059057,1.0
