,abilities,v_measure,mutual_info,adjusted_rand_score,calinski_harabasz,davies_bouldin,silhouette
abilities,1.0,0.557312595994789,0.44791997937251066,0.5676042903704579,0.5774745605920444,-0.5779370952821462,0.8037696577243293
v_measure,0.557312595994789,1.0,0.9580225498699046,0.979300375831165,0.9111618632930677,-0.8831777055524849,0.6084819753344911
mutual_info,0.44791997937251066,0.9580225498699046,1.0,0.9348944781728823,0.8661790642803127,-0.8582001102137828,0.5589893327189148
adjusted_rand_score,0.5676042903704579,0.979300375831165,0.9348944781728823,1.0,0.9026047241492532,-0.8716140040067896,0.6081350642881203
calinski_harabasz,0.5774745605920444,0.9111618632930677,0.8661790642803127,0.9026047241492532,1.0,-0.9668131359851989,0.6443108233117484
davies_bouldin,-0.5779370952821462,-0.8831777055524849,-0.8582001102137828,-0.8716140040067896,-0.9668131359851989,1.0,-0.6371415356151712
silhouette,0.8037696577243293,0.6084819753344911,0.5589893327189148,0.6081350642881203,0.6443108233117484,-0.6371415356151712,1.0
