,abilities,v_measure,mutual_info,adjusted_rand_score,calinski_harabasz,davies_bouldin,silhouette
abilities,1.0,0.5554624037474778,0.44849816444979546,0.5685293864941136,0.5825624421831638,-0.5905411655874191,0.8059666975023126
v_measure,0.5554624037474778,1.0,0.9601040763226366,0.9789534547557097,0.910468041200326,-0.8835246165988557,0.6077881532417494
mutual_info,0.44849816444979546,0.9601040763226366,1.0,0.9354726799653079,0.8669885233885114,-0.8531120815336769,0.560955161981683
adjusted_rand_score,0.5685293864941136,0.9789534547557097,0.9354726799653079,1.0,0.9024890871337962,-0.8733485592386439,0.6079037902572063
calinski_harabasz,0.5825624421831638,0.910468041200326,0.8669885233885114,0.9024890871337962,1.0,-0.9700508788159112,0.6444264569842738
davies_bouldin,-0.5905411655874191,-0.8835246165988557,-0.8531120815336769,-0.8733485592386439,-0.9700508788159112,1.0,-0.6385291396854764
silhouette,0.8059666975023126,0.6077881532417494,0.560955161981683,0.6079037902572063,0.6444264569842738,-0.6385291396854764,1.0
