,abilities,v_measure,mutual_info,adjusted_rand_score,calinski_harabasz,davies_bouldin,silhouette
abilities,1.0,0.05811264022204233,-0.027410727296993644,0.0071701168035156705,0.2357906913452865,-0.42233079898537074,0.6853623987368016
v_measure,0.05811264022204233,1.0,0.99042938062365,0.9558228287267261,0.8750505941195601,-0.764057937813895,0.3551996300885997
mutual_info,-0.027410727296993644,0.99042938062365,1.0,0.9564261999261137,0.8592245731208309,-0.746487022860927,0.3165442685832144
adjusted_rand_score,0.0071701168035156705,0.9558228287267261,0.9564261999261137,1.0,0.8279849681374455,-0.6854202205877032,0.29703084808157854
calinski_harabasz,0.2357906913452865,0.8750505941195601,0.8592245731208309,0.8279849681374455,1.0,-0.9268884973952135,0.5898065973381931
davies_bouldin,-0.42233079898537074,-0.764057937813895,-0.746487022860927,-0.6854202205877032,-0.9268884973952135,1.0,-0.6448684590922232
silhouette,0.6853623987368016,0.3551996300885997,0.3165442685832144,0.29703084808157854,0.5898065973381931,-0.6448684590922232,1.0
