,abilities,v_measure,mutual_info,adjusted_rand_score,calinski_harabasz,davies_bouldin,silhouette
abilities,1.0,0.795604846405404,0.7055606825953435,0.8367538749320635,0.8183185235816814,-0.7606971975393028,0.7870813397129187
v_measure,0.795604846405404,1.0,0.9493993199943976,0.9607642093031205,0.8632068218420589,-0.8542524651360914,0.6174746664378381
mutual_info,0.7055606825953435,0.9493993199943976,1.0,0.8932788763544379,0.8315390141224912,-0.8397757959722043,0.5410984657454698
adjusted_rand_score,0.8367538749320635,0.9607642093031205,0.8932788763544379,1.0,0.8417437072949309,-0.8315589809652427,0.6574616792087614
calinski_harabasz,0.8183185235816814,0.8632068218420589,0.8315390141224912,0.8417437072949309,1.0,-0.9469583048530417,0.7566643882433356
davies_bouldin,-0.7606971975393028,-0.8542524651360914,-0.8397757959722043,-0.8315589809652427,-0.9469583048530417,1.0,-0.6730690362269309
silhouette,0.7870813397129187,0.6174746664378381,0.5410984657454698,0.6574616792087614,0.7566643882433356,-0.6730690362269309,1.0
