,abilities,v_measure,mutual_info,adjusted_rand_score,calinski_harabasz,davies_bouldin,silhouette
abilities,1.0,0.5145847187834446,0.39362840061547083,0.5273047904837095,0.5341119333950046,-0.530527289546716,0.7770582793709528
v_measure,0.5145847187834446,1.0,0.9591789534547557,0.9789534547557097,0.9109305892621539,-0.8836402536143128,0.6075568792108355
mutual_info,0.39362840061547083,0.9591789534547557,1.0,0.9350101185313674,0.8667572493575975,-0.8539215406418756,0.5607238879507691
adjusted_rand_score,0.5273047904837095,0.9789534547557097,0.9350101185313674,1.0,0.9027203611647101,-0.8732329222231869,0.6081350642881203
calinski_harabasz,0.5341119333950046,0.9109305892621539,0.8667572493575975,0.9027203611647101,1.0,-0.969472710453284,0.6439639222941721
davies_bouldin,-0.530527289546716,-0.8836402536143128,-0.8539215406418756,-0.8732329222231869,-0.969472710453284,1.0,-0.6381822386679001
silhouette,0.7770582793709528,0.6075568792108355,0.5607238879507691,0.6081350642881203,0.6439639222941721,-0.6381822386679001,1.0
