,abilities,v_measure,mutual_info,adjusted_rand_score,calinski_harabasz,davies_bouldin,silhouette
abilities,1.0,0.9514782150077646,0.9303749777172354,0.9469659234082451,0.9198921738111283,-0.7901491400275426,0.7781944973482962
v_measure,0.9514782150077646,1.0,0.9019247647234131,0.9891587799232324,0.9135632453338802,-0.8412493773623605,0.8075536933399748
mutual_info,0.9303749777172354,0.9019247647234131,1.0,0.8939728418369409,0.8961522577391592,-0.7454780448236361,0.6852201402839253
adjusted_rand_score,0.9469659234082451,0.9891587799232324,0.8939728418369409,1.0,0.8990887515016555,-0.8383779190717572,0.7929033959389375
calinski_harabasz,0.9198921738111283,0.9135632453338802,0.8961522577391592,0.8990887515016555,1.0,-0.822555597878637,0.7557502417299071
davies_bouldin,-0.7901491400275426,-0.8412493773623605,-0.7454780448236361,-0.8383779190717572,-0.822555597878637,1.0,-0.816695478918222
silhouette,0.7781944973482962,0.8075536933399748,0.6852201402839253,0.7929033959389375,0.7557502417299071,-0.816695478918222,1.0
