,abilities,v_measure,mutual_info,adjusted_rand_score,calinski_harabasz,davies_bouldin,silhouette
abilities,1.0,0.9605371173918142,0.9195453670019174,0.9608303037410578,0.9233610883077283,-0.7819279934326258,0.771549196669403
v_measure,0.9605371173918142,1.0,0.8970900466844103,0.9945467339040694,0.9145654978304211,-0.8315351237246393,0.8022751260701302
mutual_info,0.9195453670019174,0.8970900466844103,1.0,0.892185331983481,0.8907080082783819,-0.7311570481276732,0.6694640102027326
adjusted_rand_score,0.9608303037410578,0.9945467339040694,0.892185331983481,1.0,0.9084085844963059,-0.8320628591532778,0.7981118799108714
calinski_harabasz,0.9233610883077283,0.9145654978304211,0.8907080082783819,0.9084085844963059,1.0,-0.8019233024510379,0.7430514835229272
davies_bouldin,-0.7819279934326258,-0.8315351237246393,-0.7311570481276732,-0.8320628591532778,-0.8019233024510379,1.0,-0.8174621789609475
silhouette,0.771549196669403,0.8022751260701302,0.6694640102027326,0.7981118799108714,0.7430514835229272,-0.8174621789609475,1.0
