,abilities,v_measure,mutual_info,adjusted_rand_score,calinski_harabasz,davies_bouldin,silhouette
abilities,1.0,0.9598838743731856,0.9204413289648754,0.9567168118237002,0.9192985542945955,-0.776428843728923,0.7625876074015425
v_measure,0.9598838743731856,1.0,0.895911950819495,0.9907334095774317,0.9145479604703675,-0.8359578897979532,0.8005337086888947
mutual_info,0.9204413289648754,0.895911950819495,1.0,0.8911947627146142,0.8928457785513225,-0.7269776518134496,0.6607896062168402
adjusted_rand_score,0.9567168118237002,0.9907334095774317,0.8911947627146142,1.0,0.9022316061112577,-0.8222339520835166,0.7844051494091082
calinski_harabasz,0.9192985542945955,0.9145479604703675,0.8928457785513225,0.9022316061112577,1.0,-0.7998299170112313,0.7353743291985573
davies_bouldin,-0.776428843728923,-0.8359578897979532,-0.7269776518134496,-0.8222339520835166,-0.7998299170112313,1.0,-0.8190082402275594
silhouette,0.7625876074015425,0.8005337086888947,0.6607896062168402,0.7844051494091082,0.7353743291985573,-0.8190082402275594,1.0
