,abilities,v_measure,mutual_info,adjusted_rand_score,calinski_harabasz,davies_bouldin,silhouette
abilities,1.0,0.965776905271177,0.9145366235316342,0.9617920243780949,0.9563421137449091,-0.7831169972750447,0.7433853907234317
v_measure,0.965776905271177,1.0,0.8753518554699304,0.9899205953880864,0.9424536318087258,-0.816695478918222,0.7715725629230273
mutual_info,0.9145366235316342,0.8753518554699304,1.0,0.8685026049385148,0.9113030717786054,-0.705090657710449,0.6298958814900151
adjusted_rand_score,0.9617920243780949,0.9899205953880864,0.8685026049385148,1.0,0.9313780069735416,-0.805678455272642,0.7570394679011984
calinski_harabasz,0.9563421137449091,0.9424536318087258,0.9113030717786054,0.9313780069735416,1.0,-0.8296463418207389,0.737583872952621
davies_bouldin,-0.7831169972750447,-0.816695478918222,-0.705090657710449,-0.805678455272642,-0.8296463418207389,1.0,-0.8254270561692403
silhouette,0.7433853907234317,0.7715725629230273,0.6298958814900151,0.7570394679011984,0.737583872952621,-0.8254270561692403,1.0
