,abilities,v_measure,mutual_info,adjusted_rand_score,calinski_harabasz,davies_bouldin,silhouette
abilities,1.0,0.9702220287331301,0.9739007400957771,-0.10622840198757164,-0.3758380496299521,0.3907052677405311,-0.5681541140618198
v_measure,0.9702220287331301,1.0,0.9984980409229429,-0.0300944192106184,-0.4084893339138006,0.35341750108837616,-0.5998693948628646
mutual_info,0.9739007400957771,0.9984980409229429,1.0,-0.06754646134578582,-0.41593382673051804,0.35777100565955594,-0.6099259904222899
adjusted_rand_score,-0.10622840198757164,-0.0300944192106184,-0.06754646134578582,1.0,0.20236728259784012,-0.12050828553344192,0.18265625431920363
calinski_harabasz,-0.3758380496299521,-0.4084893339138006,-0.41593382673051804,0.20236728259784012,1.0,-0.40953417501088374,0.8005659555942534
davies_bouldin,0.3907052677405311,0.35341750108837616,0.35777100565955594,-0.12050828553344192,-0.40953417501088374,1.0,-0.517022202873313
silhouette,-0.5681541140618198,-0.5998693948628646,-0.6099259904222899,0.18265625431920363,0.8005659555942534,-0.517022202873313,1.0
