,abilities,v_measure,mutual_info,adjusted_rand_score,calinski_harabasz,davies_bouldin,silhouette
abilities,1.0,0.9627991298042059,0.9444006521651594,0.9641044234952865,0.9179115300942712,-0.7283538796229152,0.7781725888324873
v_measure,0.9627991298042059,1.0,0.9268691398845671,0.994198694706309,0.9174764321972444,-0.7928208846990573,0.8326323422770123
mutual_info,0.9444006521651594,0.9268691398845671,1.0,0.921354018312964,0.9071096645849828,-0.691399015565861,0.7206912506680174
adjusted_rand_score,0.9641044234952865,0.994198694706309,0.921354018312964,1.0,0.90891950688905,-0.7910079767947789,0.82356780275562
calinski_harabasz,0.9179115300942712,0.9174764321972444,0.9071096645849828,0.90891950688905,1.0,-0.7723712835387962,0.785859318346628
davies_bouldin,-0.7283538796229152,-0.7928208846990573,-0.691399015565861,-0.7910079767947789,-0.7723712835387962,1.0,-0.8511965192168238
silhouette,0.7781725888324873,0.8326323422770123,0.7206912506680174,0.82356780275562,0.785859318346628,-0.8511965192168238,1.0
