,abilities,v_measure,mutual_info,adjusted_rand_score,calinski_harabasz,davies_bouldin,silhouette
abilities,1.0,0.9460301361924079,0.9011340687859613,0.9458128078817734,0.9478412054476963,-0.7373225152129818,0.7832512315270936
v_measure,0.9460301361924079,1.0,0.877774442878755,0.9933352651405389,0.9276296725586787,-0.7990437554332077,0.8125905534627644
mutual_info,0.9011340687859613,0.877774442878755,1.0,0.8727740229579936,0.9010610699550012,-0.680239606300942,0.6597999336321366
adjusted_rand_score,0.9458128078817734,0.9933352651405389,0.8727740229579936,1.0,0.9192987539843523,-0.7999130686757462,0.8080991017096494
calinski_harabasz,0.9478412054476963,0.9276296725586787,0.9010610699550012,0.9192987539843523,1.0,-0.7995508548246885,0.7718052738336714
davies_bouldin,-0.7373225152129818,-0.7990437554332077,-0.680239606300942,-0.7999130686757462,-0.7995508548246885,1.0,-0.846928426543031
silhouette,0.7832512315270936,0.8125905534627644,0.6597999336321366,0.8080991017096494,0.7718052738336714,-0.846928426543031,1.0
