,abilities,v_measure,mutual_info,adjusted_rand_score,calinski_harabasz,davies_bouldin,silhouette
abilities,1.0,0.958128078817734,0.9073127523448701,0.9588525065198493,0.9211098232396406,-0.7672413793103449,0.8100550565053608
v_measure,0.958128078817734,1.0,0.8738165719164389,0.9933352651405389,0.9093016516951609,-0.8093306288032455,0.8380179658070125
mutual_info,0.9073127523448701,0.8738165719164389,1.0,0.867729670793971,0.8802315096263452,-0.681040404031812,0.678999287487751
adjusted_rand_score,0.9588525065198493,0.9933352651405389,0.867729670793971,1.0,0.9027093596059114,-0.8107070414372646,0.8323674297305129
calinski_harabasz,0.9211098232396406,0.9093016516951609,0.8802315096263452,0.9027093596059114,1.0,-0.7847725297015358,0.7865111561866126
davies_bouldin,-0.7672413793103449,-0.8093306288032455,-0.681040404031812,-0.8107070414372646,-0.7847725297015358,1.0,-0.8554042306577804
silhouette,0.8100550565053608,0.8380179658070125,0.678999287487751,0.8323674297305129,0.7865111561866126,-0.8554042306577804,1.0
