,abilities,v_measure,mutual_info,adjusted_rand_score,calinski_harabasz,davies_bouldin,silhouette
abilities,1.0,0.9165545098071681,0.877738063746463,0.9577965786877298,0.6723864455659697,-0.6845950492670031,0.6869021869742851
v_measure,0.9165545098071681,1.0,0.9781433407520287,0.9348170936884104,0.7017400508010724,-0.72836954515985,0.6942414928227884
mutual_info,0.877738063746463,0.9781433407520287,1.0,0.8911010867323054,0.7100575384473935,-0.7370826188081842,0.6990455395103453
adjusted_rand_score,0.9577965786877298,0.9348170936884104,0.8911010867323054,1.0,0.6578061918770242,-0.6609786587139904,0.6793405122249164
calinski_harabasz,0.6723864455659697,0.7017400508010724,0.7100575384473935,0.6578061918770242,1.0,-0.9873107426099496,0.978562845469839
davies_bouldin,-0.6845950492670031,-0.72836954515985,-0.7370826188081842,-0.6609786587139904,-0.9873107426099496,1.0,-0.9638548425859168
silhouette,0.6869021869742851,0.6942414928227884,0.6990455395103453,0.6793405122249164,0.978562845469839,-0.9638548425859168,1.0
