,abilities,v_measure,mutual_info,adjusted_rand_score,calinski_harabasz,davies_bouldin,silhouette
abilities,1.0,0.9037638843862827,0.8688837097963358,0.9460706560922855,0.6882480173035328,-0.6975726988704638,0.6995914443643355
v_measure,0.9037638843862827,1.0,0.9779969555934678,0.9349132379888736,0.7214824818229731,-0.7464788766892497,0.6995625663248536
mutual_info,0.8688837097963358,0.9779969555934678,1.0,0.8916301119843846,0.7314915934089032,-0.7572195536004596,0.7057155435721291
adjusted_rand_score,0.9460706560922855,0.9349132379888736,0.8916301119843846,1.0,0.6767123287671233,-0.6782504205719779,0.6798846431146359
calinski_harabasz,0.6882480173035328,0.7214824818229731,0.7314915934089032,0.6767123287671233,1.0,-0.9886565729391973,0.9859649122807017
davies_bouldin,-0.6975726988704638,-0.7464788766892497,-0.7572195536004596,-0.6782504205719779,-0.9886565729391973,1.0,-0.9711607786589762
silhouette,0.6995914443643355,0.6995625663248536,0.7057155435721291,0.6798846431146359,0.9859649122807017,-0.9711607786589762,1.0
