,abilities,v_measure,mutual_info,adjusted_rand_score,calinski_harabasz,davies_bouldin,silhouette
abilities,1.0,0.9023217846824592,0.8652080827279307,0.9441480413362172,0.6866137947608748,-0.6989185291997116,0.6995914443643355
v_measure,0.9023217846824592,1.0,0.97835817369659,0.9347209580283639,0.7213863418427182,-0.7480171163733284,0.6983127465815397
mutual_info,0.8652080827279307,0.97835817369659,1.0,0.8916086628422946,0.7287329527378315,-0.7559510371544615,0.7022842841350989
adjusted_rand_score,0.9441480413362172,0.9347209580283639,0.8916086628422946,1.0,0.6765200672915165,-0.6796923816390291,0.6823840422975246
calinski_harabasz,0.6866137947608748,0.7213863418427182,0.7287329527378315,0.6765200672915165,1.0,-0.9873107426099496,0.9841384282624369
davies_bouldin,-0.6989185291997116,-0.7480171163733284,-0.7559510371544615,-0.6796923816390291,-0.9873107426099496,1.0,-0.9699110790675318
silhouette,0.6995914443643355,0.6983127465815397,0.7022842841350989,0.6823840422975246,0.9841384282624369,-0.9699110790675318,1.0
