,abilities,v_measure,mutual_info,adjusted_rand_score,calinski_harabasz,davies_bouldin,silhouette
abilities,1.0,0.8456733811206437,0.7936851660183654,0.9454239730963248,0.7192409320201778,-0.7033869805428777,0.7639202498198414
v_measure,0.8456733811206437,1.0,0.9656349408892685,0.9049632483044898,0.7945514859151233,-0.7937827356112809,0.7611108476979783
mutual_info,0.7936851660183654,0.9656349408892685,1.0,0.8408785558476136,0.7922434127649259,-0.793781282901928,0.7361111527643537
adjusted_rand_score,0.9454239730963248,0.9049632483044898,0.8408785558476136,1.0,0.7078068700456401,-0.6926255104491953,0.738073504684122
calinski_harabasz,0.7192409320201778,0.7945514859151233,0.7922434127649259,0.7078068700456401,1.0,-0.9903915445592121,0.9727119865481624
davies_bouldin,-0.7033869805428777,-0.7937827356112809,-0.793781282901928,-0.6926255104491953,-0.9903915445592121,1.0,-0.9538794138842182
silhouette,0.7639202498198414,0.7611108476979783,0.7361111527643537,0.738073504684122,0.9727119865481624,-0.9538794138842182,1.0
