,abilities,v_measure,mutual_info,adjusted_rand_score,calinski_harabasz,davies_bouldin,silhouette
abilities,1.0,0.7023574644609702,0.7870110981281084,0.7157636464815096,0.7578539990893914,-0.7232255779835078,0.6807810998128193
v_measure,0.7023574644609702,1.0,0.9248679925565139,0.9872514797389589,0.8777507967825163,-0.8392775838518743,0.6346941872818334
mutual_info,0.7870110981281084,0.9248679925565139,1.0,0.925867138855582,0.8395105448044672,-0.8044392449650206,0.5561450659358046
adjusted_rand_score,0.7157636464815096,0.9872514797389589,0.925867138855582,1.0,0.8792937724490312,-0.8254666869024131,0.6427126018110993
calinski_harabasz,0.7578539990893914,0.8777507967825163,0.8395105448044672,0.8792937724490312,1.0,-0.9307178631051753,0.6033540749734406
davies_bouldin,-0.7232255779835078,-0.8392775838518743,-0.8044392449650206,-0.8254666869024131,-0.9307178631051753,1.0,-0.5713057115394344
silhouette,0.6807810998128193,0.6346941872818334,0.5561450659358046,0.6427126018110993,0.6033540749734406,-0.5713057115394344,1.0
