,abilities,v_measure,mutual_info,adjusted_rand_score,calinski_harabasz,davies_bouldin,silhouette
abilities,1.0,0.700435068548591,0.7820357160924774,0.7191531340112308,0.7613699600344007,-0.722618505590125,0.6867253503313604
v_measure,0.700435068548591,1.0,0.9218394293519502,0.9872008903728436,0.8808114534324885,-0.8353316132948854,0.636186573582233
mutual_info,0.7820357160924774,0.9218394293519502,1.0,0.9261648201548035,0.8401881924419488,-0.8021702838063439,0.5551677037486721
adjusted_rand_score,0.7191531340112308,0.9872008903728436,0.9261648201548035,1.0,0.8814691151919867,-0.8219507259574037,0.6436485050842313
calinski_harabasz,0.7613699600344007,0.8808114534324885,0.8401881924419488,0.8814691151919867,1.0,-0.9220923761825265,0.60219051955279
davies_bouldin,-0.722618505590125,-0.8353316132948854,-0.8021702838063439,-0.8219507259574037,-0.9220923761825265,1.0,-0.5673091516163302
silhouette,0.6867253503313604,0.636186573582233,0.5551677037486721,0.6436485050842313,0.60219051955279,-0.5673091516163302,1.0
