,abilities,v_measure,mutual_info,adjusted_rand_score,calinski_harabasz,davies_bouldin,silhouette
abilities,1.0,0.7033439571002176,0.7882378980143062,0.7199878585521323,0.7599281631001163,-0.7218596650983963,0.6839682298780796
v_measure,0.7033439571002176,1.0,0.9216049578076579,0.9861891030505388,0.8813426417766985,-0.8341680578742349,0.6348712500632367
mutual_info,0.7882378980143062,0.9216049578076579,1.0,0.9234894236122297,0.842507983701672,-0.8014038638032942,0.5539191197505385
adjusted_rand_score,0.7199878585521323,0.9861891030505388,0.9234894236122297,1.0,0.882784438710983,-0.8222542621540953,0.6433449688875399
calinski_harabasz,0.7599281631001163,0.8813426417766985,0.842507983701672,0.882784438710983,1.0,-0.9222441442808722,0.6026205291647696
davies_bouldin,-0.7218596650983963,-0.8341680578742349,-0.8014038638032942,-0.8222542621540953,-0.9222441442808722,1.0,-0.5676126878130217
silhouette,0.6839682298780796,0.6348712500632367,0.5539191197505385,0.6433449688875399,0.6026205291647696,-0.5676126878130217,1.0
