,abilities,v_measure,mutual_info,adjusted_rand_score,calinski_harabasz,davies_bouldin,silhouette
abilities,1.0,0.6996003440076896,0.7856198817623172,0.7130571153943441,0.757145747963778,-0.7211514139727829,0.6831082106541205
v_measure,0.6996003440076896,1.0,0.9211370032118918,0.987706784033996,0.879647898011838,-0.8383922699448576,0.6354024384074467
mutual_info,0.7856198817623172,0.9211370032118918,1.0,0.9216681949151939,0.8386252252989637,-0.8009359092075281,0.5538432352214955
adjusted_rand_score,0.7130571153943441,0.987706784033996,0.9216681949151939,1.0,0.8801284969899327,-0.8235442909900339,0.6427631911772146
calinski_harabasz,0.757145747963778,0.879647898011838,0.8386252252989637,0.8801284969899327,1.0,-0.9310972833510396,0.6032781909242677
davies_bouldin,-0.7211514139727829,-0.8383922699448576,-0.8009359092075281,-0.8235442909900339,-0.9310972833510396,1.0,-0.5707745231952244
silhouette,0.6831082106541205,0.6354024384074467,0.5538432352214955,0.6427631911772146,0.6032781909242677,-0.5707745231952244,1.0
