,abilities,v_measure,mutual_info,adjusted_rand_score,calinski_harabasz,davies_bouldin,silhouette
abilities,1.0,0.7427024839378763,0.8262612721517836,0.7536803763848839,0.8071786310517529,-0.7556786563464359,0.6012040269135428
v_measure,0.7427024839378763,1.0,0.9264041889265857,0.9889715181868771,0.9196387919259371,-0.9014519148075074,0.5565842059998988
mutual_info,0.8262612721517836,0.9264041889265857,1.0,0.9290601642388753,0.8830612013303181,-0.8659491318182813,0.4782020312269851
adjusted_rand_score,0.7536803763848839,0.9889715181868771,0.9290601642388753,1.0,0.9214600091060859,-0.8931299640815501,0.5549147569180958
calinski_harabasz,0.8071786310517529,0.9196387919259371,0.8830612013303181,0.9214600091060859,1.0,-0.9578084686598877,0.5361208074062832
davies_bouldin,-0.7556786563464359,-0.9014519148075074,-0.8659491318182813,-0.8931299640815501,-0.9578084686598877,1.0,-0.5121414478676583
silhouette,0.6012040269135428,0.5565842059998988,0.4782020312269851,0.5549147569180958,0.5361208074062832,-0.5121414478676583,1.0
