,abilities,v_measure,mutual_info,adjusted_rand_score,calinski_harabasz,davies_bouldin,silhouette
abilities,1.0,0.6210084033613446,0.39747899159663863,0.6159663865546219,0.6056022408963585,-0.599719887955182,0.7823529411764706
v_measure,0.6210084033613446,1.0,0.903921568627451,0.9935574229691877,0.976750700280112,-0.9084033613445378,0.7319327731092437
mutual_info,0.39747899159663863,0.903921568627451,1.0,0.8896358543417366,0.8747899159663866,-0.8481792717086835,0.6327731092436975
adjusted_rand_score,0.6159663865546219,0.9935574229691877,0.8896358543417366,1.0,0.9840336134453781,-0.907563025210084,0.7310924369747899
calinski_harabasz,0.6056022408963585,0.976750700280112,0.8747899159663866,0.9840336134453781,1.0,-0.9235294117647059,0.7397759103641457
davies_bouldin,-0.599719887955182,-0.9084033613445378,-0.8481792717086835,-0.907563025210084,-0.9235294117647059,1.0,-0.7274509803921568
silhouette,0.7823529411764706,0.7319327731092437,0.6327731092436975,0.7310924369747899,0.7397759103641457,-0.7274509803921568,1.0
