,abilities,v_measure,mutual_info,adjusted_rand_score,calinski_harabasz,davies_bouldin,silhouette
abilities,1.0,0.6184873949579832,0.39131652661064426,0.6137254901960785,0.6067226890756302,-0.6,0.7831932773109244
v_measure,0.6184873949579832,1.0,0.9056022408963585,0.9932773109243698,0.9778711484593837,-0.9109243697478991,0.7341736694677871
mutual_info,0.39131652661064426,0.9056022408963585,1.0,0.8910364145658264,0.8753501400560224,-0.8512605042016806,0.6316526610644257
adjusted_rand_score,0.6137254901960785,0.9932773109243698,0.8910364145658264,1.0,0.9820728291316526,-0.9109243697478991,0.7291316526610644
calinski_harabasz,0.6067226890756302,0.9778711484593837,0.8753501400560224,0.9820728291316526,1.0,-0.9212885154061624,0.7397759103641457
davies_bouldin,-0.6,-0.9109243697478991,-0.8512605042016806,-0.9109243697478991,-0.9212885154061624,1.0,-0.7254901960784313
silhouette,0.7831932773109244,0.7341736694677871,0.6316526610644257,0.7291316526610644,0.7397759103641457,-0.7254901960784313,1.0
