,abilities,v_measure,mutual_info,adjusted_rand_score,calinski_harabasz,davies_bouldin,silhouette
abilities,1.0,-0.03705264070240573,-0.17387640449438202,-0.14091231539854301,0.23017549527252046,-0.552140486830546,0.7354387775780531
v_measure,-0.03705264070240573,1.0,0.9760002403201873,0.9475455820476858,0.894249649368864,-0.6201963534361852,0.2661991584852735
mutual_info,-0.17387640449438202,0.9760002403201873,1.0,0.944561636087843,0.8536142452728471,-0.5782457564163318,0.19059653815858704
adjusted_rand_score,-0.14091231539854301,0.9475455820476858,0.944561636087843,1.0,0.8336605890603086,-0.49424964936886395,0.1629733520336606
calinski_harabasz,0.23017549527252046,0.894249649368864,0.8536142452728471,0.8336605890603086,1.0,-0.8230014025245442,0.6112201963534362
davies_bouldin,-0.552140486830546,-0.6201963534361852,-0.5782457564163318,-0.49424964936886395,-0.8230014025245442,1.0,-0.7450210378681626
silhouette,0.7354387775780531,0.2661991584852735,0.19059653815858704,0.1629733520336606,0.6112201963534362,-0.7450210378681626,1.0
