,abilities,v_measure,mutual_info,adjusted_rand_score,calinski_harabasz,davies_bouldin,silhouette
abilities,1.0,0.6857142857142857,0.49159663865546216,0.6756302521008404,0.6686274509803921,-0.688515406162465,0.8184873949579832
v_measure,0.6857142857142857,1.0,0.9084033613445378,0.9873949579831933,0.973109243697479,-0.9044817927170868,0.730532212885154
mutual_info,0.49159663865546216,0.9084033613445378,1.0,0.8862745098039215,0.8711484593837535,-0.8355742296918768,0.6257703081232493
adjusted_rand_score,0.6756302521008404,0.9873949579831933,0.8862745098039215,1.0,0.9773109243697479,-0.9019607843137255,0.730532212885154
calinski_harabasz,0.6686274509803921,0.973109243697479,0.8711484593837535,0.9773109243697479,1.0,-0.9184873949579831,0.7414565826330533
davies_bouldin,-0.688515406162465,-0.9044817927170868,-0.8355742296918768,-0.9019607843137255,-0.9184873949579831,1.0,-0.7310924369747899
silhouette,0.8184873949579832,0.730532212885154,0.6257703081232493,0.730532212885154,0.7414565826330533,-0.7310924369747899,1.0
