,abilities,v_measure,mutual_info,adjusted_rand_score,calinski_harabasz,davies_bouldin,silhouette
abilities,1.0,0.6837535014005602,0.48067226890756304,0.6717086834733893,0.6588235294117647,-0.6647058823529411,0.8204481792717087
v_measure,0.6837535014005602,1.0,0.9053221288515406,0.9938375350140056,0.965266106442577,-0.896358543417367,0.7392156862745098
mutual_info,0.48067226890756304,0.9053221288515406,1.0,0.8915966386554622,0.8627450980392157,-0.8341736694677871,0.6324929971988795
adjusted_rand_score,0.6717086834733893,0.9938375350140056,0.8915966386554622,1.0,0.9722689075630252,-0.8991596638655462,0.7313725490196078
calinski_harabasz,0.6588235294117647,0.965266106442577,0.8627450980392157,0.9722689075630252,1.0,-0.9243697478991597,0.7324929971988795
davies_bouldin,-0.6647058823529411,-0.896358543417367,-0.8341736694677871,-0.8991596638655462,-0.9243697478991597,1.0,-0.7221288515406162
silhouette,0.8204481792717087,0.7392156862745098,0.6324929971988795,0.7313725490196078,0.7324929971988795,-0.7221288515406162,1.0
