,abilities,v_measure,mutual_info,adjusted_rand_score,calinski_harabasz,davies_bouldin,silhouette
abilities,1.0,0.8514574505487443,0.8452845460033265,0.8562972107199155,0.8872720546298152,-0.8889368458372513,0.9074653553866786
v_measure,0.8514574505487443,1.0,0.996465098337623,0.9895817701685383,0.8310844463680424,-0.8355321283250099,0.7827303581253096
mutual_info,0.8452845460033265,0.996465098337623,1.0,0.9825002407338111,0.8328425544550705,-0.8373444894390739,0.7838840115040333
adjusted_rand_score,0.8562972107199155,0.9895817701685383,0.9825002407338111,1.0,0.8235008487301657,-0.8242330824291143,0.7787652235859807
calinski_harabasz,0.8872720546298152,0.8310844463680424,0.8328425544550705,0.8235008487301657,1.0,-0.9981656467251399,0.9662417338492131
davies_bouldin,-0.8889368458372513,-0.8355321283250099,-0.8373444894390739,-0.8242330824291143,-0.9981656467251399,1.0,-0.9636828881044502
silhouette,0.9074653553866786,0.7827303581253096,0.7838840115040333,0.7787652235859807,0.9662417338492131,-0.9636828881044502,1.0
