,abilities,v_measure,mutual_info,adjusted_rand_score,calinski_harabasz,davies_bouldin,silhouette
abilities,1.0,0.8494610040550622,0.8434190181503662,0.8546169270739071,0.8871024925623912,-0.8888135279700338,0.9078969679219397
v_measure,0.8494610040550622,1.0,0.9962492263492483,0.9895663528803209,0.8310536132175609,-0.8355475449002506,0.7826532752491056
mutual_info,0.8434190181503662,0.9962492263492483,1.0,0.9823306394493758,0.8324879499871525,-0.8371286432412107,0.7833906487660603
adjusted_rand_score,0.8546169270739071,0.9895663528803209,0.9823306394493758,1.0,0.8235008487301657,-0.8242330824291143,0.7787652235859807
calinski_harabasz,0.8871024925623912,0.8310536132175609,0.8324879499871525,0.8235008487301657,1.0,-0.9981656467251399,0.9662417338492131
davies_bouldin,-0.8888135279700338,-0.8355475449002506,-0.8371286432412107,-0.8242330824291143,-0.9981656467251399,1.0,-0.9636828881044502
silhouette,0.9078969679219397,0.7826532752491056,0.7833906487660603,0.7787652235859807,0.9662417338492131,-0.9636828881044502,1.0
