,abilities,v_measure,mutual_info,adjusted_rand_score,calinski_harabasz,davies_bouldin,silhouette
abilities,1.0,0.8283920654460032,0.8201764461415096,0.8423583824035373,0.8977002990227813,-0.8951108233915965,0.9274484416905576
v_measure,0.8283920654460032,1.0,0.9946731428912126,0.9850194076565225,0.8428131599643094,-0.8430058523015396,0.7931370754263707
mutual_info,0.8201764461415096,0.9946731428912126,1.0,0.974743607197081,0.8428456464507231,-0.8433774978010583,0.789930291087666
adjusted_rand_score,0.8423583824035373,0.9850194076565225,0.974743607197081,1.0,0.8287244710209446,-0.8264971107102779,0.7875992301291894
calinski_harabasz,0.8977002990227813,0.8428131599643094,0.8428456464507231,0.8287244710209446,1.0,-0.9984894725484756,0.9646104997071426
davies_bouldin,-0.8951108233915965,-0.8430058523015396,-0.8433774978010583,-0.8264971107102779,-0.9984894725484756,1.0,-0.9614353093498567
silhouette,0.9274484416905576,0.7931370754263707,0.789930291087666,0.7875992301291894,0.9646104997071426,-0.9614353093498567,1.0
