,abilities,v_measure,mutual_info,adjusted_rand_score,calinski_harabasz,davies_bouldin,silhouette
abilities,1.0,0.8502472493923424,0.8440048864017091,0.8551718831404788,0.8877807408320874,-0.8894763615063277,0.9076040879872983
v_measure,0.8502472493923424,1.0,0.996172129210543,0.9896896911860604,0.8310227800670793,-0.8354858785992875,0.7827611912757911
mutual_info,0.8440048864017091,0.996172129210543,1.0,0.9823152211507907,0.8324879499871525,-0.8371286432412107,0.7833906487660603
adjusted_rand_score,0.8551718831404788,0.9896896911860604,0.9823152211507907,1.0,0.8234083560524038,-0.8240943434124715,0.7787189772470997
calinski_harabasz,0.8877807408320874,0.8310227800670793,0.8324879499871525,0.8234083560524038,1.0,-0.9981656467251399,0.9662417338492131
davies_bouldin,-0.8894763615063277,-0.8354858785992875,-0.8371286432412107,-0.8240943434124715,-0.9981656467251399,1.0,-0.9636828881044502
silhouette,0.9076040879872983,0.7827611912757911,0.7833906487660603,0.7787189772470997,0.9662417338492131,-0.9636828881044502,1.0
