,abilities,v_measure,mutual_info,adjusted_rand_score,calinski_harabasz,davies_bouldin,silhouette
abilities,1.0,0.8386926726410121,0.8704161317366533,0.8365840801265155,0.705851344227728,-0.3240643120716922,0.5769636267791249
v_measure,0.8386926726410121,1.0,0.9427695962416761,0.934106483921982,0.7045334739061676,-0.5068529256721138,0.636004217185029
mutual_info,0.8704161317366533,0.9427695962416761,1.0,0.8748311427765774,0.6692365988278789,-0.3746828772090704,0.5256498964996051
adjusted_rand_score,0.8365840801265155,0.934106483921982,0.8748311427765774,1.0,0.6714549288350027,-0.466921454928835,0.6070110701107011
calinski_harabasz,0.705851344227728,0.7045334739061676,0.6692365988278789,0.6714549288350027,1.0,-0.7738534528202425,0.8305218766473379
davies_bouldin,-0.3240643120716922,-0.5068529256721138,-0.3746828772090704,-0.466921454928835,-0.7738534528202425,1.0,-0.7517132314180285
silhouette,0.5769636267791249,0.636004217185029,0.5256498964996051,0.6070110701107011,0.8305218766473379,-0.7517132314180285,1.0
