,abilities,v_measure,mutual_info,adjusted_rand_score,calinski_harabasz,davies_bouldin,silhouette
abilities,1.0,0.8176067474960463,0.8709634977459354,0.8364522930943595,0.6930680021085925,-0.3240643120716922,0.5886926726410121
v_measure,0.8176067474960463,1.0,0.9327797629461236,0.9251449657353716,0.7053241960991038,-0.5792040063257775,0.6609119662625198
mutual_info,0.8709634977459354,0.9327797629461236,1.0,0.8749176298482929,0.6654804328267597,-0.41162515185541104,0.5295900929090751
adjusted_rand_score,0.8364522930943595,0.9251449657353716,0.8749176298482929,1.0,0.6568265682656826,-0.47878228782287824,0.6230890880337375
calinski_harabasz,0.6930680021085925,0.7053241960991038,0.6654804328267597,0.6568265682656826,1.0,-0.7851871375856616,0.8332894043226147
davies_bouldin,-0.3240643120716922,-0.5792040063257775,-0.41162515185541104,-0.47878228782287824,-0.7851871375856616,1.0,-0.7343173431734318
silhouette,0.5886926726410121,0.6609119662625198,0.5295900929090751,0.6230890880337375,0.8332894043226147,-0.7343173431734318,1.0
