,abilities,v_measure,mutual_info,adjusted_rand_score,calinski_harabasz,davies_bouldin,silhouette
abilities,1.0,0.722104462534224,0.7349338280834452,0.6281730433649324,0.3763023493360572,-0.3417773237997957,0.6614913176710929
v_measure,0.722104462534224,1.0,0.993626719908164,0.9611013232820715,-0.11681777646005308,0.14184650862683315,0.18015579255557815
mutual_info,0.7349338280834452,0.993626719908164,1.0,0.9473556077013874,-0.0727713030246377,0.10063026772935474,0.20090205613346496
adjusted_rand_score,0.6281730433649324,0.9611013232820715,0.9473556077013874,1.0,-0.26181112450513405,0.27973849569149806,0.04234128408403358
calinski_harabasz,0.3763023493360572,-0.11681777646005308,-0.0727713030246377,-0.26181112450513405,1.0,-0.9811031664964249,0.7888661899897855
davies_bouldin,-0.3417773237997957,0.14184650862683315,0.10063026772935474,0.27973849569149806,-0.9811031664964249,1.0,-0.815832482124617
silhouette,0.6614913176710929,0.18015579255557815,0.20090205613346496,0.04234128408403358,0.7888661899897855,-0.815832482124617,1.0
