,abilities,v_measure,mutual_info,adjusted_rand_score,calinski_harabasz,davies_bouldin,silhouette
abilities,1.0,0.7210318025842192,0.7397811810302091,0.6016650500722744,0.37824310520939736,-0.3432073544433095,0.6598569969356486
v_measure,0.7210318025842192,1.0,0.9936818141848329,0.9524174420725073,-0.11937172872196941,0.14388967043636622,0.17637594320794198
mutual_info,0.7397811810302091,0.9936818141848329,1.0,0.9341500013737,-0.07229482044371571,0.10063971112016193,0.20562836756071723
adjusted_rand_score,0.6016650500722744,0.9524174420725073,0.9341500013737,1.0,-0.2900045971400997,0.30251800437844495,0.015884365922960726
calinski_harabasz,0.37824310520939736,-0.11937172872196941,-0.07229482044371571,-0.2900045971400997,1.0,-0.9813074565883555,0.7889683350357508
davies_bouldin,-0.3432073544433095,0.14388967043636622,0.10063971112016193,0.30251800437844495,-0.9813074565883555,1.0,-0.8154239019407559
silhouette,0.6598569969356486,0.17637594320794198,0.20562836756071723,0.015884365922960726,0.7889683350357508,-0.8154239019407559,1.0
