,abilities,v_measure,mutual_info,adjusted_rand_score,calinski_harabasz,davies_bouldin,silhouette
abilities,1.0,0.5980728132626867,0.6182804537234917,0.6194691384564802,0.4781926933825668,-0.42009888845331883,0.24644975277886672
v_measure,0.5980728132626867,1.0,0.9966362751172878,0.9541471187040808,0.8252886354152177,-0.7325712262421123,0.36203037468860255
mutual_info,0.6182804537234917,0.9966362751172878,1.0,0.9580672492064897,0.8198004527118451,-0.7271842081968665,0.34741208158929676
adjusted_rand_score,0.6194691384564802,0.9541471187040808,0.9580672492064897,1.0,0.7903109548679169,-0.6795103630546668,0.35828728233791524
calinski_harabasz,0.4781926933825668,0.8252886354152177,0.8198004527118451,0.7903109548679169,1.0,-0.903792410121524,0.32184271424777755
davies_bouldin,-0.42009888845331883,-0.7325712262421123,-0.7271842081968665,-0.6795103630546668,-0.903792410121524,1.0,-0.3223738287029426
silhouette,0.24644975277886672,0.36203037468860255,0.34741208158929676,0.35828728233791524,0.32184271424777755,-0.3223738287029426,1.0
