,abilities,v_measure,mutual_info,adjusted_rand_score,calinski_harabasz,davies_bouldin,silhouette
abilities,1.0,0.5711377230364573,0.5886897912214368,0.5739703334640044,0.47634643837175483,-0.4157740993184031,0.18150204226153593
v_measure,0.5711377230364573,1.0,0.996459236965566,0.9445364761820458,0.8646163962619658,-0.8505292176178252,0.3483478546769686
mutual_info,0.5886897912214368,0.996459236965566,1.0,0.9491647592913416,0.8586476814324916,-0.8444846292947559,0.3328443708190544
adjusted_rand_score,0.5739703334640044,0.9445364761820458,0.9491647592913416,1.0,0.8007309146549653,-0.7645139670456126,0.34579344705926984
calinski_harabasz,0.47634643837175483,0.8646163962619658,0.8586476814324916,0.8007309146549653,1.0,-0.9041464864249674,0.4564928742143932
davies_bouldin,-0.4157740993184031,-0.8505292176178252,-0.8444846292947559,-0.7645139670456126,-0.9041464864249674,1.0,-0.4079591294781168
silhouette,0.18150204226153593,0.3483478546769686,0.3328443708190544,0.34579344705926984,0.4564928742143932,-0.4079591294781168,1.0
