,abilities,v_measure,mutual_info,adjusted_rand_score,calinski_harabasz,davies_bouldin,silhouette
abilities,1.0,0.5963277229100014,0.6154225521314128,0.6207589878475954,0.4739437777412461,-0.41493949088885795,0.24543810619759987
v_measure,0.5963277229100014,1.0,0.997546757040428,0.9541218275395491,0.8252886354152177,-0.7322171499386689,0.36129693091718407
mutual_info,0.6154225521314128,0.997546757040428,1.0,0.9590788957877565,0.820736225799517,-0.7270830435387398,0.34700742295679005
adjusted_rand_score,0.6207589878475954,0.9541218275395491,0.9590788957877565,1.0,0.7901339167161952,-0.6791815779157552,0.35517646910051975
calinski_harabasz,0.4739437777412461,0.8252886354152177,0.820736225799517,0.7901339167161952,1.0,-0.9036153719698024,0.3215392202733975
davies_bouldin,-0.41493949088885795,-0.7322171499386689,-0.7270830435387398,-0.6791815779157552,-0.9036153719698024,1.0,-0.32277848733544934
silhouette,0.24543810619759987,0.36129693091718407,0.34700742295679005,0.35517646910051975,0.3215392202733975,-0.32277848733544934,1.0
