,abilities,v_measure,mutual_info,adjusted_rand_score,calinski_harabasz,davies_bouldin,silhouette
abilities,1.0,0.9559869474676238,0.9649452789787227,0.008066138839379584,-0.4507685443758628,0.4177521936699181,-0.6386660484729163
v_measure,0.9559869474676238,1.0,0.9940161668474647,0.12716742780103438,-0.4958533086048221,0.43181579591979563,-0.6558771039647269
mutual_info,0.9649452789787227,0.9940161668474647,1.0,0.07371441570249831,-0.5033068551632431,0.42509710606431744,-0.6750533645939042
adjusted_rand_score,0.008066138839379584,0.12716742780103438,0.07371441570249831,1.0,0.1605165083443436,-0.2144769303776939,0.3313036936450999
calinski_harabasz,-0.4507685443758628,-0.4958533086048221,-0.5033068551632431,0.1605165083443436,1.0,-0.41417923504916543,0.7721944220876928
davies_bouldin,0.4177521936699181,0.43181579591979563,0.42509710606431744,-0.2144769303776939,-0.41417923504916543,1.0,-0.5331910277495888
silhouette,-0.6386660484729163,-0.6558771039647269,-0.6750533645939042,0.3313036936450999,0.7721944220876928,-0.5331910277495888,1.0
