,abilities,v_measure,mutual_info,adjusted_rand_score,calinski_harabasz,davies_bouldin,silhouette
abilities,1.0,0.6162053238256336,0.43459190402939074,0.6105150861296678,0.6275486012328118,-0.6318160265528686,0.7799905168326221
v_measure,0.6162053238256336,1.0,0.9146413752222881,0.9888559573206877,0.9602276111942348,-0.9026139545225808,0.6856736423638832
mutual_info,0.43459190402939074,0.9146413752222881,1.0,0.8980438648488441,0.8689467148214495,-0.84665995051225,0.5910734406684512
adjusted_rand_score,0.6105150861296678,0.9888559573206877,0.8980438648488441,1.0,0.9445794575303288,-0.8857803346720151,0.6709738616493048
calinski_harabasz,0.6275486012328118,0.9602276111942348,0.8689467148214495,0.9445794575303288,1.0,-0.9348032242769085,0.7105263157894737
davies_bouldin,-0.6318160265528686,-0.9026139545225808,-0.84665995051225,-0.8857803346720151,-0.9348032242769085,1.0,-0.6972498814604078
silhouette,0.7799905168326221,0.6856736423638832,0.5910734406684512,0.6709738616493048,0.7105263157894737,-0.6972498814604078,1.0
