,abilities,v_measure,mutual_info,adjusted_rand_score,calinski_harabasz,davies_bouldin,silhouette
abilities,1.0,0.6119013750592698,0.42294926505452823,0.6223328591749644,0.6114272166903746,-0.5950687529634898,0.79208155523945
v_measure,0.6119013750592698,1.0,0.9253200568990043,0.9888572783309626,0.9682313892840209,-0.9037458511142722,0.7048364153627311
mutual_info,0.42294926505452823,0.9253200568990043,1.0,0.9063537221431959,0.8826458036984353,-0.8703176861071598,0.6173541963015647
adjusted_rand_score,0.6223328591749644,0.9888572783309626,0.9063537221431959,1.0,0.9793741109530584,-0.905642484589853,0.70791844476055
calinski_harabasz,0.6114272166903746,0.9682313892840209,0.8826458036984353,0.9793741109530584,1.0,-0.9241346609767662,0.7164532954006638
davies_bouldin,-0.5950687529634898,-0.9037458511142722,-0.8703176861071598,-0.905642484589853,-0.9241346609767662,1.0,-0.7015173067804646
silhouette,0.79208155523945,0.7048364153627311,0.6173541963015647,0.70791844476055,0.7164532954006638,-0.7015173067804646,1.0
