,abilities,v_measure,mutual_info,adjusted_rand_score,calinski_harabasz,davies_bouldin,silhouette
abilities,1.0,0.5934091986723565,0.3866761498340446,0.5990990990990991,0.5860597439544808,-0.5791844476055003,0.7778568041725936
v_measure,0.5934091986723565,1.0,0.9163110478899953,0.9879089615931721,0.9715504978662873,-0.9155998103366524,0.7105263157894737
mutual_info,0.3866761498340446,0.9163110478899953,1.0,0.897818871503082,0.8809862494073021,-0.8546704599336178,0.6192508297771455
adjusted_rand_score,0.5990990990990991,0.9879089615931721,0.897818871503082,1.0,0.9810336652441916,-0.9205784732100522,0.7117117117117117
calinski_harabasz,0.5860597439544808,0.9715504978662873,0.8809862494073021,0.9810336652441916,1.0,-0.9374110953058321,0.7188240872451399
davies_bouldin,-0.5791844476055003,-0.9155998103366524,-0.8546704599336178,-0.9205784732100522,-0.9374110953058321,1.0,-0.7093409198672357
silhouette,0.7778568041725936,0.7105263157894737,0.6192508297771455,0.7117117117117117,0.7188240872451399,-0.7093409198672357,1.0
