,abilities,v_measure,mutual_info,adjusted_rand_score,calinski_harabasz,davies_bouldin,silhouette
abilities,1.0,0.97358373371819,0.9773835839164033,-0.0027768897018875982,-0.4529311825206891,0.41401925501013903,-0.6787299731452895
v_measure,0.97358373371819,1.0,0.99901350042931,0.0851701301986841,-0.46743637991194575,0.40448309249346903,-0.6743455306088895
mutual_info,0.9773835839164033,0.99901350042931,1.0,0.058935830120324946,-0.46955552713787246,0.4058349622755257,-0.6754781782641262
adjusted_rand_score,-0.0027768897018875982,0.0851701301986841,0.058935830120324946,1.0,0.2554555835624624,-0.2620872346268387,0.26336606541060276
calinski_harabasz,-0.4529311825206891,-0.46743637991194575,-0.46955552713787246,0.2554555835624624,1.0,-0.4319589323882424,0.7495021830870129
davies_bouldin,0.41401925501013903,0.40448309249346903,0.4058349622755257,-0.2620872346268387,-0.4319589323882424,1.0,-0.48625294579732914
silhouette,-0.6787299731452895,-0.6743455306088895,-0.6754781782641262,0.26336606541060276,0.7495021830870129,-0.48625294579732914,1.0
