,abilities,v_measure,mutual_info,adjusted_rand_score,calinski_harabasz,davies_bouldin,silhouette
abilities,1.0,0.8866006378699789,0.8223379115534715,0.96282722513089,0.44502617801047123,-0.4673647469458988,0.468586387434555
v_measure,0.8866006378699789,1.0,0.961226328369789,0.8816265988583067,0.5376325324721397,-0.5859767011119004,0.5111915882521985
mutual_info,0.8223379115534715,0.961226328369789,1.0,0.8046109713341495,0.5490111978269805,-0.5997469232822812,0.5133826677310034
adjusted_rand_score,0.96282722513089,0.8816265988583067,0.8046109713341495,1.0,0.45759162303664924,-0.46335078534031415,0.49162303664921464
calinski_harabasz,0.44502617801047123,0.5376325324721397,0.5490111978269805,0.45759162303664924,1.0,-0.9769633507853404,0.9794066317626527
davies_bouldin,-0.4673647469458988,-0.5859767011119004,-0.5997469232822812,-0.46335078534031415,-0.9769633507853404,1.0,-0.949738219895288
silhouette,0.468586387434555,0.5111915882521985,0.5133826677310034,0.49162303664921464,0.9794066317626527,-0.949738219895288,1.0
