,abilities,v_measure,mutual_info,adjusted_rand_score,calinski_harabasz,davies_bouldin,silhouette
abilities,1.0,0.8832846118621974,0.8151255683297443,0.9638743455497382,0.4424083769633508,-0.46020942408376964,0.4631762652705061
v_measure,0.8832846118621974,1.0,0.9575130361855846,0.8826737649660272,0.5374580047875197,-0.5833587858425993,0.5181726956370014
mutual_info,0.8151255683297443,0.9575130361855846,1.0,0.800629013332665,0.5534889492258324,-0.6010830605114238,0.526329740767449
adjusted_rand_score,0.9638743455497382,0.8826737649660272,0.800629013332665,1.0,0.45898778359511344,-0.46230366492146596,0.4849912739965096
calinski_harabasz,0.4424083769633508,0.5374580047875197,0.5534889492258324,0.45898778359511344,1.0,-0.9794066317626527,0.9834205933682374
davies_bouldin,-0.46020942408376964,-0.5833587858425993,-0.6010830605114238,-0.46230366492146596,-0.9794066317626527,1.0,-0.956544502617801
silhouette,0.4631762652705061,0.5181726956370014,0.526329740767449,0.4849912739965096,0.9834205933682374,-0.956544502617801,1.0
