,abilities,v_measure,mutual_info,adjusted_rand_score,calinski_harabasz,davies_bouldin,silhouette
abilities,1.0,0.7822485730437518,0.6878626113210611,0.9647776809067131,0.5040976460331299,-0.47445510026155185,0.5759372275501308
v_measure,0.7822485730437518,1.0,0.936235260017686,0.8311609057987167,0.6703866783474597,-0.6681197966155005,0.6368193911626798
mutual_info,0.6878626113210611,0.936235260017686,1.0,0.7111518983135444,0.6671900981479579,-0.6698068719673381,0.5933098506474584
adjusted_rand_score,0.9647776809067131,0.8311609057987167,0.7111518983135444,1.0,0.5183958151700088,-0.4882301656495205,0.5867480383609416
calinski_harabasz,0.5040976460331299,0.6703866783474597,0.6671900981479579,0.5183958151700088,1.0,-0.9830863121185702,0.9642545771578029
davies_bouldin,-0.47445510026155185,-0.6681197966155005,-0.6698068719673381,-0.4882301656495205,-0.9830863121185702,1.0,-0.9304272013949433
silhouette,0.5759372275501308,0.6368193911626798,0.5933098506474584,0.5867480383609416,0.9642545771578029,-0.9304272013949433,1.0
