,abilities,v_measure,mutual_info,adjusted_rand_score,calinski_harabasz,davies_bouldin,silhouette
abilities,1.0,0.9198952879581151,0.8464025816520351,0.9380453752181501,0.4493891797556719,-0.47661431064572424,0.4469458987783595
v_measure,0.9198952879581151,1.0,0.9579115156012407,0.881849912739965,0.5275741710296684,-0.5734729493891798,0.5095986038394416
mutual_info,0.8464025816520351,0.9579115156012407,1.0,0.8016069018431531,0.5418268873569461,-0.5897661236436444,0.5158052254016889
adjusted_rand_score,0.9380453752181501,0.881849912739965,0.8016069018431531,1.0,0.44834205933682375,-0.4511343804537522,0.47643979057591623
calinski_harabasz,0.4493891797556719,0.5275741710296684,0.5418268873569461,0.44834205933682375,1.0,-0.9794066317626527,0.9818499127399651
davies_bouldin,-0.47661431064572424,-0.5734729493891798,-0.5897661236436444,-0.4511343804537522,-0.9794066317626527,1.0,-0.9549738219895288
silhouette,0.4469458987783595,0.5095986038394416,0.5158052254016889,0.47643979057591623,0.9818499127399651,-0.9549738219895288,1.0
