,abilities,v_measure,mutual_info,adjusted_rand_score,calinski_harabasz,davies_bouldin,silhouette
abilities,1.0,0.8862515825007388,0.8202779583588266,0.9636998254799302,0.44642233856893543,-0.4631762652705061,0.4680628272251309
v_measure,0.8862515825007388,1.0,0.9600456773794356,0.8819756542275469,0.5378070601567598,-0.5831842581579793,0.5190453340601018
mutual_info,0.8202779583588266,0.9600456773794356,1.0,0.8033362013140473,0.5558468226289717,-0.602567647468956,0.5300848724835598
adjusted_rand_score,0.9636998254799302,0.8819756542275469,0.8033362013140473,1.0,0.45794066317626525,-0.4607329842931937,0.48446771378708553
calinski_harabasz,0.44642233856893543,0.5378070601567598,0.5558468226289717,0.45794066317626525,1.0,-0.9794066317626527,0.9834205933682374
davies_bouldin,-0.4631762652705061,-0.5831842581579793,-0.602567647468956,-0.4607329842931937,-0.9794066317626527,1.0,-0.956544502617801
silhouette,0.4680628272251309,0.5190453340601018,0.5300848724835598,0.48446771378708553,0.9834205933682374,-0.956544502617801,1.0
