,abilities,v_measure,mutual_info,adjusted_rand_score,calinski_harabasz,davies_bouldin,silhouette
abilities,1.0,0.8002788428023702,0.8531218691379775,0.831822934820495,0.658766120599512,-0.22289996514464971,0.5489717671662601
v_measure,0.8002788428023702,1.0,0.9236198867204722,0.9078075984663646,0.6603346113628442,-0.481700941094458,0.625130707563611
mutual_info,0.8531218691379775,0.9236198867204722,1.0,0.8412705336729351,0.626552220541579,-0.31528038023914223,0.47187486428826847
adjusted_rand_score,0.831822934820495,0.9078075984663646,0.8412705336729351,1.0,0.6078773091669571,-0.39142558382711745,0.5850470547229
calinski_harabasz,0.658766120599512,0.6603346113628442,0.626552220541579,0.6078773091669571,1.0,-0.7307424189613105,0.8598814918089926
davies_bouldin,-0.22289996514464971,-0.481700941094458,-0.31528038023914223,-0.39142558382711745,-0.7307424189613105,1.0,-0.7242941791565005
silhouette,0.5489717671662601,0.625130707563611,0.47187486428826847,0.5850470547229,0.8598814918089926,-0.7242941791565005,1.0
