,abilities,v_measure,mutual_info,adjusted_rand_score,calinski_harabasz,davies_bouldin,silhouette
abilities,1.0,0.7990589055420007,0.851379025687236,0.8297316138027188,0.665214360404322,-0.22202858138724293,0.5542000697107006
v_measure,0.7990589055420007,1.0,0.9243170241007689,0.9093760892296967,0.6563262460787731,-0.47856395956779363,0.618682467758801
mutual_info,0.851379025687236,0.9243170241007689,1.0,0.8393534058771195,0.6248093770908375,-0.3165875128271984,0.47048058952767524
adjusted_rand_score,0.8297316138027188,0.9093760892296967,0.8393534058771195,1.0,0.6045660508888114,-0.38968281631230395,0.5833042872080865
calinski_harabasz,0.665214360404322,0.6563262460787731,0.6248093770908375,0.6045660508888114,1.0,-0.7270826071802021,0.8583130010456606
davies_bouldin,-0.22202858138724293,-0.47856395956779363,-0.3165875128271984,-0.38968281631230395,-0.7270826071802021,1.0,-0.723074241896131
silhouette,0.5542000697107006,0.618682467758801,0.47048058952767524,0.5833042872080865,0.8583130010456606,-0.723074241896131,1.0
