,abilities,v_measure,mutual_info,adjusted_rand_score,calinski_harabasz,davies_bouldin,silhouette
abilities,1.0,0.8069013593586616,0.855325095789547,0.8330428720808644,0.658243290345068,-0.23161380271871732,0.560822586266992
v_measure,0.8069013593586616,1.0,0.9229562629316591,0.9109445799930289,0.655280585569885,-0.48082955733705124,0.6239107703032416
mutual_info,0.855325095789547,0.9229562629316591,1.0,0.8375457683449712,0.6254139889327277,-0.3139271443890308,0.469757720226784
adjusted_rand_score,0.8330428720808644,0.9109445799930289,0.8375457683449712,1.0,0.6017776228651098,-0.399093760892297,0.5932380620425235
calinski_harabasz,0.658243290345068,0.655280585569885,0.6254139889327277,0.6017776228651098,1.0,-0.7215057511327989,0.841233879400488
davies_bouldin,-0.23161380271871732,-0.48082955733705124,-0.3139271443890308,-0.399093760892297,-0.7215057511327989,1.0,-0.7208086441268735
silhouette,0.560822586266992,0.6239107703032416,0.469757720226784,0.5932380620425235,0.841233879400488,-0.7208086441268735,1.0
