,abilities,v_measure,mutual_info,adjusted_rand_score,calinski_harabasz,davies_bouldin,silhouette
abilities,1.0,0.6901359358661554,0.7418961310561171,0.780411293133496,0.6920529801324503,-0.2837225514116417,0.6101429069362148
v_measure,0.6901359358661554,1.0,0.902579295921924,0.9125130707563611,0.6937957476472638,-0.491111885674451,0.6061345416521436
mutual_info,0.7418961310561171,0.902579295921924,1.0,0.8229348204949459,0.6477866852561869,-0.2825026141512722,0.43290345067967934
adjusted_rand_score,0.780411293133496,0.9125130707563611,0.8229348204949459,1.0,0.6266991983269432,-0.43586615545486235,0.5981178110840014
calinski_harabasz,0.6920529801324503,0.6937957476472638,0.6477866852561869,0.6266991983269432,1.0,-0.6976298361798536,0.8490763332171488
davies_bouldin,-0.2837225514116417,-0.491111885674451,-0.2825026141512722,-0.43586615545486235,-0.6976298361798536,1.0,-0.7110491460439178
silhouette,0.6101429069362148,0.6061345416521436,0.43290345067967934,0.5981178110840014,0.8490763332171488,-0.7110491460439178,1.0
