,abilities,v_measure,mutual_info,adjusted_rand_score,calinski_harabasz,davies_bouldin,silhouette
abilities,1.0,0.8012235551454253,0.7754537065518302,0.8436720325369972,0.789739909087802,-0.5564441710243002,0.676817389521173
v_measure,0.8012235551454253,1.0,0.9314398988345466,0.974982056803035,0.899723162103968,-0.7778461328138351,0.7481800471649749
mutual_info,0.7754537065518302,0.9314398988345466,1.0,0.9213233534980689,0.8148262073208243,-0.6742198981509963,0.645510783006938
adjusted_rand_score,0.8436720325369972,0.974982056803035,0.9213233534980689,1.0,0.8630848627772651,-0.6976656755186439,0.7048429543046584
calinski_harabasz,0.789739909087802,0.899723162103968,0.8148262073208243,0.8630848627772651,1.0,-0.891452202741037,0.752349704364469
davies_bouldin,-0.5564441710243002,-0.7778461328138351,-0.6742198981509963,-0.6976656755186439,-0.891452202741037,1.0,-0.7580231723572234
silhouette,0.676817389521173,0.7481800471649749,0.645510783006938,0.7048429543046584,0.752349704364469,-0.7580231723572234,1.0
