,abilities,v_measure,mutual_info,adjusted_rand_score,calinski_harabasz,davies_bouldin,silhouette
abilities,1.0,0.8036843364434875,0.7751119313715438,0.84435558289757,0.7906285245565468,-0.5587682422502478,0.677569294917803
v_measure,0.8036843364434875,1.0,0.9272018865989952,0.9751871219112068,0.90068013260877,-0.7789398133907516,0.7492053727058341
mutual_info,0.7751119313715438,0.9272018865989952,1.0,0.9195461225605797,0.8139375918520797,-0.6733996377183089,0.6452373628627089
adjusted_rand_score,0.84435558289757,0.9751871219112068,0.9195461225605797,1.0,0.862811442633036,-0.6980074506989302,0.7047745992686011
calinski_harabasz,0.7906285245565468,0.90068013260877,0.8139375918520797,0.862811442633036,1.0,-0.8926825933900681,0.7524864144365836
davies_bouldin,-0.5587682422502478,-0.7789398133907516,-0.6733996377183089,-0.6980074506989302,-0.8926825933900681,1.0,-0.7584333025735671
silhouette,0.677569294917803,0.7492053727058341,0.6452373628627089,0.7047745992686011,0.7524864144365836,-0.7584333025735671,1.0
