,abilities,v_measure,mutual_info,adjusted_rand_score,calinski_harabasz,davies_bouldin,silhouette
abilities,1.0,0.8042311767319458,0.7756587716600021,0.8451758433302573,0.7898082641238593,-0.5552137803752691,0.6768857445572303
v_measure,0.8042311767319458,1.0,0.9272018865989952,0.9751871219112068,0.90068013260877,-0.7782562630301787,0.7492053727058341
mutual_info,0.7756587716600021,0.9272018865989952,1.0,0.9195461225605797,0.8139375918520797,-0.6716907618168768,0.6452373628627089
adjusted_rand_score,0.8451758433302573,0.9751871219112068,0.9195461225605797,1.0,0.862811442633036,-0.6966403499777846,0.7047745992686011
calinski_harabasz,0.7898082641238593,0.90068013260877,0.8139375918520797,0.862811442633036,1.0,-0.8916572678492088,0.7524864144365836
davies_bouldin,-0.5552137803752691,-0.7782562630301787,-0.6716907618168768,-0.6966403499777846,-0.8916572678492088,1.0,-0.7573396219966506
silhouette,0.6768857445572303,0.7492053727058341,0.6452373628627089,0.7047745992686011,0.7524864144365836,-0.7573396219966506,1.0
