,abilities,v_measure,mutual_info,adjusted_rand_score,calinski_harabasz,davies_bouldin,silhouette
abilities,1.0,0.6805175990253861,0.715304072964341,0.7339073458233183,0.6454841789865332,-0.5368937473247506,0.4619538375423924
v_measure,0.6805175990253861,1.0,0.9782028909156761,0.9802607750814922,0.843123374271509,-0.7972572519838004,0.4796681044417372
mutual_info,0.715304072964341,0.9782028909156761,1.0,0.974646867077146,0.8095880939053702,-0.750716143689704,0.4338019821540285
adjusted_rand_score,0.7339073458233183,0.9802607750814922,0.974646867077146,1.0,0.8113496427513088,-0.7370682559020117,0.4359751078331303
calinski_harabasz,0.6454841789865332,0.843123374271509,0.8095880939053702,0.8113496427513088,1.0,-0.8865694247802179,0.3811036844358105
davies_bouldin,-0.5368937473247506,-0.7972572519838004,-0.750716143689704,-0.7370682559020117,-0.8865694247802179,1.0,-0.4571630832043726
silhouette,0.4619538375423924,0.4796681044417372,0.4338019821540285,0.4359751078331303,0.3811036844358105,-0.4571630832043726,1.0
