,abilities,v_measure,mutual_info,adjusted_rand_score,calinski_harabasz,davies_bouldin,silhouette
abilities,1.0,0.6804188205854269,0.7154028514043002,0.7339567350432978,0.6456817358664515,-0.5356425537519344,0.46180566988245364
v_measure,0.6804188205854269,1.0,0.9780711863290639,0.9801949227881861,0.8427611866583253,-0.7969938428105758,0.4793717691218597
mutual_info,0.7154028514043002,0.9780711863290639,1.0,0.9743340686839419,0.8094728523920846,-0.7500905469032959,0.4337196667873959
adjusted_rand_score,0.7339567350432978,0.9801949227881861,0.9743340686839419,1.0,0.8111850120180435,-0.7366566790688486,0.4358763293931711
calinski_harabasz,0.6456817358664515,0.8427611866583253,0.8094728523920846,0.8111850120180435,1.0,-0.8863883309736261,0.38108722136248396
davies_bouldin,-0.5356425537519344,-0.7969938428105758,-0.7500905469032959,-0.7366566790688486,-0.8863883309736261,1.0,-0.4569984524711073
silhouette,0.46180566988245364,0.4793717691218597,0.4337196667873959,0.4358763293931711,0.38108722136248396,-0.4569984524711073,1.0
