,abilities,v_measure,mutual_info,adjusted_rand_score,calinski_harabasz,davies_bouldin,silhouette
abilities,1.0,0.7368377728754404,0.766570083303151,0.775229659872905,0.7283099008922985,-0.5753185604688683,0.3724276447927299
v_measure,0.7368377728754404,1.0,0.9808699087945738,0.9903691021039808,0.9163511244279082,-0.7572025945803562,0.41291034210266375
mutual_info,0.766570083303151,0.9808699087945738,1.0,0.9793223799018801,0.8925619834710744,-0.722218563761483,0.3700404991603833
adjusted_rand_score,0.775229659872905,0.9903691021039808,0.9793223799018801,1.0,0.8997069572947878,-0.7235520727009318,0.37889763261005566
calinski_harabasz,0.7283099008922985,0.9163511244279082,0.8925619834710744,0.8997069572947878,1.0,-0.8266767640183069,0.3661881400019756
davies_bouldin,-0.5753185604688683,-0.7572025945803562,-0.722218563761483,-0.7235520727009318,-0.8266767640183069,1.0,-0.497415297487735
silhouette,0.3724276447927299,0.41291034210266375,0.3700404991603833,0.37889763261005566,0.3661881400019756,-0.497415297487735,1.0
