,abilities,v_measure,mutual_info,adjusted_rand_score,calinski_harabasz,davies_bouldin,silhouette
abilities,1.0,0.6959599618056699,0.7344506272430937,0.7520990418491323,0.6595930328273683,-0.5558098185769319,0.4439103091765171
v_measure,0.6959599618056699,1.0,0.9779888709624313,0.9808040565012677,0.8390240690132034,-0.797092621250535,0.47700108656283957
mutual_info,0.7344506272430937,0.9779888709624313,1.0,0.9771657172961048,0.8073655790062889,-0.7503210299298673,0.4344769681604162
adjusted_rand_score,0.7520990418491323,0.9808040565012677,0.9771657172961048,1.0,0.8061308485067993,-0.737479832735175,0.4336044252741102
calinski_harabasz,0.6595930328273683,0.8390240690132034,0.8073655790062889,0.8061308485067993,1.0,-0.8844621513944223,0.3784202034835863
davies_bouldin,-0.5558098185769319,-0.797092621250535,-0.7503210299298673,-0.737479832735175,-0.8844621513944223,1.0,-0.4574594185242501
silhouette,0.4439103091765171,0.47700108656283957,0.4344769681604162,0.4336044252741102,0.3784202034835863,-0.4574594185242501,1.0
