,abilities,v_measure,mutual_info,adjusted_rand_score,calinski_harabasz,davies_bouldin,silhouette
abilities,1.0,0.6992593766787315,0.7683528251671768,0.7119966535372076,0.6865604607540091,-0.5866423608359093,0.5811119036925488
v_measure,0.6992593766787315,1.0,0.9440960969789797,0.9873934964099155,0.832465896982026,-0.7914630172694689,0.5063450547321515
mutual_info,0.7683528251671768,0.9440960969789797,1.0,0.9459056023129705,0.8036846555193994,-0.7591676060601559,0.4526384387945002
adjusted_rand_score,0.7119966535372076,0.9873934964099155,0.9459056023129705,1.0,0.8296779022999345,-0.7782215274948299,0.5188877391565241
calinski_harabasz,0.6865604607540091,0.832465896982026,0.8036846555193994,0.8296779022999345,1.0,-0.8949389271969918,0.4614673324350744
davies_bouldin,-0.5866423608359093,-0.7914630172694689,-0.7591676060601559,-0.7782215274948299,-0.8949389271969918,1.0,-0.48524477556735623
silhouette,0.5811119036925488,0.5063450547321515,0.4526384387945002,0.5188877391565241,0.4614673324350744,-0.48524477556735623,1.0
