,abilities,v_measure,mutual_info,adjusted_rand_score,calinski_harabasz,davies_bouldin,silhouette
abilities,1.0,0.7064806742226097,0.7698695763211892,0.7220152704023671,0.7508123959736863,-0.7171717171717171,0.6362227329969266
v_measure,0.7064806742226097,1.0,0.9446954285663963,0.9892913441300538,0.8668463184592217,-0.8042499977983849,0.5333632752987592
mutual_info,0.7698695763211892,0.9446954285663963,1.0,0.9476191734256251,0.8407087439345504,-0.7788873917906176,0.4767729606439284
adjusted_rand_score,0.7220152704023671,0.9892913441300538,0.9476191734256251,1.0,0.8686780622264493,-0.7905295324650163,0.5428918654725107
calinski_harabasz,0.7508123959736863,0.8668463184592217,0.8407087439345504,0.8686780622264493,1.0,-0.9022482893450635,0.536216568474633
davies_bouldin,-0.7171717171717171,-0.8042499977983849,-0.7788873917906176,-0.7905295324650163,-0.9022482893450635,1.0,-0.5289600450890773
silhouette,0.6362227329969266,0.5333632752987592,0.4767729606439284,0.5428918654725107,0.536216568474633,-0.5289600450890773,1.0
