,abilities,v_measure,mutual_info,adjusted_rand_score,calinski_harabasz,davies_bouldin,silhouette
abilities,1.0,0.7062340933308675,0.769045155332085,0.7179290727677824,0.7456870360096166,-0.714723521175134,0.6364693138886687
v_measure,0.7062340933308675,1.0,0.9463992426502438,0.9892561182883763,0.8652963814254137,-0.8063811612198709,0.5328348876735973
mutual_info,0.769045155332085,0.9463992426502438,1.0,0.9463023711590823,0.839488342404827,-0.7789612734273352,0.4770568679731855
adjusted_rand_score,0.7179290727677824,0.9892561182883763,0.9463023711590823,1.0,0.8676388998969644,-0.7916743723195336,0.5426452845807684
calinski_harabasz,0.7456870360096166,0.8652963814254137,0.839488342404827,0.8676388998969644,1.0,-0.908483263321973,0.5370972145165693
davies_bouldin,-0.714723521175134,-0.8063811612198709,-0.7789612734273352,-0.7916743723195336,-0.908483263321973,1.0,-0.5315139186106929
silhouette,0.6364693138886687,0.5328348876735973,0.4770568679731855,0.5426452845807684,0.5370972145165693,-0.5315139186106929,1.0
