,abilities,v_measure,mutual_info,adjusted_rand_score,calinski_harabasz,davies_bouldin,silhouette
abilities,1.0,0.6690018692256519,0.6803037293939431,0.5520853614779194,0.43209235957971204,-0.39765209495394993,0.7408872746140874
v_measure,0.6690018692256519,1.0,0.9959416031015951,0.9435137294052535,-0.09872699325752093,0.1213330097819927,0.2180167045588225
mutual_info,0.6803037293939431,0.9959416031015951,1.0,0.9294591431348764,-0.06500110085652051,0.08873526905138389,0.2377637670191307
adjusted_rand_score,0.5520853614779194,0.9435137294052535,0.9294591431348764,1.0,-0.2627943185135159,0.2704482070941885,0.06985794916427412
calinski_harabasz,0.43209235957971204,-0.09872699325752093,-0.06500110085652051,-0.2627943185135159,1.0,-0.9844337787002205,0.770073939551174
davies_bouldin,-0.39765209495394993,0.1213330097819927,0.08873526905138389,0.2704482070941885,-0.9844337787002205,1.0,-0.7918017901154495
silhouette,0.7408872746140874,0.2180167045588225,0.2377637670191307,0.06985794916427412,0.770073939551174,-0.7918017901154495,1.0
