,abilities,v_measure,mutual_info,adjusted_rand_score,calinski_harabasz,davies_bouldin,silhouette
abilities,1.0,0.2770527698798671,0.32060882404583924,0.04642718204546918,0.7429812617519289,-0.7300784542566298,0.8958698048369319
v_measure,0.2770527698798671,1.0,0.9963982526054709,0.9379549629290941,-0.16386479800735498,0.1067358359794643,0.08199724459054229
mutual_info,0.32060882404583924,0.9963982526054709,1.0,0.919510309237103,-0.11453791608964807,0.054965220922341025,0.11982677737084145
adjusted_rand_score,0.04642718204546918,0.9379549629290941,0.919510309237103,1.0,-0.3610750882963619,0.28465828097710855,-0.1144144730715508
calinski_harabasz,0.7429812617519289,-0.16386479800735498,-0.11453791608964807,-0.3610750882963619,1.0,-0.9468974907605524,0.8028269467678143
davies_bouldin,-0.7300784542566298,0.1067358359794643,0.054965220922341025,0.28465828097710855,-0.9468974907605524,1.0,-0.7942034623614083
silhouette,0.8958698048369319,0.08199724459054229,0.11982677737084145,-0.1144144730715508,0.8028269467678143,-0.7942034623614083,1.0
