,abilities,v_measure,mutual_info,adjusted_rand_score,calinski_harabasz,davies_bouldin,silhouette
abilities,1.0,0.6807102938531042,0.6915264463961991,0.5770577945589274,0.43377870022052145,-0.39739265793228695,0.7412115708911662
v_measure,0.6807102938531042,1.0,0.995925416167246,0.9638831687832485,-0.08153733937234153,0.1051163551733329,0.24029838799112108
mutual_info,0.6915264463961991,0.995925416167246,1.0,0.953276767666142,-0.0459091222688495,0.07094160690059134,0.261169009569042
adjusted_rand_score,0.5770577945589274,0.9638831687832485,0.953276767666142,1.0,-0.22387624098467238,0.24164882972284427,0.0971978986282867
calinski_harabasz,0.43377870022052145,-0.08153733937234153,-0.0459091222688495,-0.22387624098467238,1.0,-0.9839149046568946,0.7718899987028149
davies_bouldin,-0.39739265793228695,0.1051163551733329,0.07094160690059134,0.24164882972284427,-0.9839149046568946,1.0,-0.7932286937345959
silhouette,0.7412115708911662,0.24029838799112108,0.261169009569042,0.0971978986282867,0.7718899987028149,-0.7932286937345959,1.0
