,abilities,v_measure,mutual_info,adjusted_rand_score,calinski_harabasz,davies_bouldin,silhouette
abilities,1.0,0.8144811115935736,0.8273990447242727,0.8772253582283978,0.7019105514546244,-0.5872774641771602,0.47720364741641336
v_measure,0.8144811115935736,1.0,0.982957012592271,0.9425749023013461,0.8976335214937039,-0.840859748154581,0.5662179765523231
mutual_info,0.8273990447242727,0.982957012592271,1.0,0.945397307859314,0.8805905340859748,-0.7932045158488927,0.5239904472427269
adjusted_rand_score,0.8772253582283978,0.9425749023013461,0.945397307859314,1.0,0.8186061658706035,-0.7140686061658706,0.5142205818497612
calinski_harabasz,0.7019105514546244,0.8976335214937039,0.8805905340859748,0.8186061658706035,1.0,-0.907729049066435,0.6059487624837169
davies_bouldin,-0.5872774641771602,-0.840859748154581,-0.7932045158488927,-0.7140686061658706,-0.907729049066435,1.0,-0.5525401650021711
silhouette,0.47720364741641336,0.5662179765523231,0.5239904472427269,0.5142205818497612,0.6059487624837169,-0.5525401650021711,1.0
