,abilities,v_measure,mutual_info,adjusted_rand_score,calinski_harabasz,davies_bouldin,silhouette
abilities,1.0,0.7143412736995625,0.7547237076648842,0.8196726624534111,0.7164154918165614,-0.4708799222168206,0.34856587263004374
v_measure,0.7143412736995625,1.0,0.9096418732782369,0.8984281315832118,0.8497488251498947,-0.7040350024307244,0.6305947172257332
mutual_info,0.7547237076648842,0.9096418732782369,1.0,0.8282288121860314,0.7749473343056231,-0.6101118133203695,0.455582563603954
adjusted_rand_score,0.8196726624534111,0.8984281315832118,0.8282288121860314,1.0,0.7444822557122023,-0.5307081510290066,0.4704261870037271
calinski_harabasz,0.7164154918165614,0.8497488251498947,0.7749473343056231,0.7444822557122023,1.0,-0.9017339167071787,0.7704748014908442
davies_bouldin,-0.4708799222168206,-0.7040350024307244,-0.6101118133203695,-0.5307081510290066,-0.9017339167071787,1.0,-0.8358126721763085
silhouette,0.34856587263004374,0.6305947172257332,0.455582563603954,0.4704261870037271,0.7704748014908442,-0.8358126721763085,1.0
