,abilities,v_measure,mutual_info,adjusted_rand_score,calinski_harabasz,davies_bouldin,silhouette
abilities,1.0,0.6418496704213433,0.6671204151607586,0.5520122457664812,0.4982133483532793,-0.4653010112857655,0.7980419562888468
v_measure,0.6418496704213433,1.0,0.9962088483590597,0.9720990545410654,-0.026539325221745506,0.04542550851824982,0.29980076632763036
mutual_info,0.6671204151607586,0.9962088483590597,1.0,0.9557073858061258,0.01545530895172291,0.004734058597825035,0.33075120631328386
adjusted_rand_score,0.5520122457664812,0.9720990545410654,0.9557073858061258,1.0,-0.1310117137743257,0.1452298431826816,0.19592936512991507
calinski_harabasz,0.4982133483532793,-0.026539325221745506,0.01545530895172291,-0.1310117137743257,1.0,-0.9861622332688246,0.7486434182066558
davies_bouldin,-0.4653010112857655,0.04542550851824982,0.004734058597825035,0.1452298431826816,-0.9861622332688246,1.0,-0.7665287949506066
silhouette,0.7980419562888468,0.29980076632763036,0.33075120631328386,0.19592936512991507,0.7486434182066558,-0.7665287949506066,1.0
