,abilities,v_measure,mutual_info,adjusted_rand_score,calinski_harabasz,davies_bouldin,silhouette
abilities,1.0,0.6606495705580938,0.6823246757105843,0.5785918497670809,0.5032317636195752,-0.4684729126348676,0.8023754411262475
v_measure,0.6606495705580938,1.0,0.996462027389343,0.9774629180418255,0.014800290995920994,0.009955409413495575,0.331804814378639
mutual_info,0.6823246757105843,0.996462027389343,1.0,0.9645431662942536,0.05375814669776183,-0.028379035765571468,0.3603200856836563
adjusted_rand_score,0.5785918497670809,0.9774629180418255,0.9645431662942536,1.0,-0.07606193250217441,0.09936246130127722,0.23516836639745956
calinski_harabasz,0.5032317636195752,0.014800290995920994,0.05375814669776183,-0.07606193250217441,1.0,-0.9864658040197827,0.7496300231472698
davies_bouldin,-0.4684729126348676,0.009955409413495575,-0.028379035765571468,0.09936246130127722,-0.9864658040197827,1.0,-0.7666805803260855
silhouette,0.8023754411262475,0.331804814378639,0.3603200856836563,0.23516836639745956,0.7496300231472698,-0.7666805803260855,1.0
