,abilities,v_measure,mutual_info,adjusted_rand_score,calinski_harabasz,davies_bouldin,silhouette
abilities,1.0,0.3671652186321483,0.4090449201011872,0.19518364907996671,0.6939382058708217,-0.6720079930187558,0.877474104895724
v_measure,0.3671652186321483,1.0,0.9962868671644074,0.9590993898573585,-0.062381027878802425,0.04211857721743959,0.1931130441308912
mutual_info,0.4090449201011872,0.9962868671644074,1.0,0.9396925949146815,-0.021960784948064357,0.0026818470097866613,0.23013283397188178
adjusted_rand_score,0.19518364907996671,0.9590993898573585,0.9396925949146815,1.0,-0.2039739961581534,0.17565516578684406,0.04164980277477517
calinski_harabasz,0.6939382058708217,-0.062381027878802425,-0.021960784948064357,-0.2039739961581534,1.0,-0.971872668175897,0.7856049779306682
davies_bouldin,-0.6720079930187558,0.04211857721743959,0.0026818470097866613,0.17565516578684406,-0.971872668175897,1.0,-0.7912709152765306
silhouette,0.877474104895724,0.1931130441308912,0.23013283397188178,0.04164980277477517,0.7856049779306682,-0.7912709152765306,1.0
