,abilities,v_measure,mutual_info,adjusted_rand_score,calinski_harabasz,davies_bouldin,silhouette
abilities,1.0,0.3532901197710278,0.3940561639350178,0.15190225670362884,0.6913075921030998,-0.6696556172456968,0.8755264389330838
v_measure,0.3532901197710278,1.0,0.9962421182813108,0.9352433357152534,-0.08168221371478225,0.06030671957139699,0.16772806380794789
mutual_info,0.3940561639350178,0.9962421182813108,1.0,0.9108933878119,-0.03767736647397685,0.0178138791119407,0.20330342574557891
adjusted_rand_score,0.15190225670362884,0.9352433357152534,0.9108933878119,1.0,-0.2604598811238825,0.22002428456422377,-0.008904178910853848
calinski_harabasz,0.6913075921030998,-0.08168221371478225,-0.03767736647397685,-0.2604598811238825,1.0,-0.97172090199699,0.7849473244887377
davies_bouldin,-0.6696556172456968,0.06030671957139699,0.0178138791119407,0.22002428456422377,-0.97172090199699,1.0,-0.7910685603713212
silhouette,0.8755264389330838,0.16772806380794789,0.20330342574557891,-0.008904178910853848,0.7849473244887377,-0.7910685603713212,1.0
