,abilities,v_measure,mutual_info,adjusted_rand_score,calinski_harabasz,davies_bouldin,silhouette
abilities,1.0,0.6716296155020762,0.6966914043430212,0.5643231220334284,0.4993865341074388,-0.4666261905665389,0.7992132458037668
v_measure,0.6716296155020762,1.0,0.9963607557772297,0.9660520574812461,0.016394168487789407,0.010334904054416625,0.32822491493261713
mutual_info,0.6966914043430212,0.9963607557772297,1.0,0.948061524180296,0.06016304950658394,-0.03204982986548927,0.36072513882571616
adjusted_rand_score,0.5643231220334284,0.9660520574812461,0.948061524180296,1.0,-0.10981101547503343,0.13007564475633784,0.2004452656626402
calinski_harabasz,0.4993865341074388,0.016394168487789407,0.06016304950658394,-0.10981101547503343,1.0,-0.9861875308314044,0.7480868718298992
davies_bouldin,-0.4666261905665389,0.010334904054416625,-0.03204982986548927,0.13007564475633784,-0.9861875308314044,1.0,-0.7660481412615895
silhouette,0.7992132458037668,0.32822491493261713,0.36072513882571616,0.2004452656626402,0.7480868718298992,-0.7660481412615895,1.0
