,abilities,v_measure,mutual_info,adjusted_rand_score,calinski_harabasz,davies_bouldin,silhouette
abilities,1.0,0.8507350400088833,0.8317668806842761,0.8862657952083315,0.8721147956951615,-0.8663050135619914,0.8967888704173593
v_measure,0.8507350400088833,1.0,0.9872046248205778,0.9658364988327658,0.8407420403206426,-0.8402870175677629,0.8135631812736409
mutual_info,0.8317668806842761,0.9872046248205778,1.0,0.9419064692977517,0.8401155287512415,-0.840640600956711,0.8051282174601221
adjusted_rand_score,0.8862657952083315,0.9658364988327658,0.9419064692977517,1.0,0.80931714087247,-0.8032270495127066,0.8025445392741124
calinski_harabasz,0.8721147956951615,0.8407420403206426,0.8401155287512415,0.80931714087247,1.0,-0.996605127307726,0.9798057572841018
davies_bouldin,-0.8663050135619914,-0.8402870175677629,-0.840640600956711,-0.8032270495127066,-0.996605127307726,1.0,-0.9730160118995538
silhouette,0.8967888704173593,0.8135631812736409,0.8051282174601221,0.8025445392741124,0.9798057572841018,-0.9730160118995538,1.0
