,abilities,v_measure,mutual_info,adjusted_rand_score,calinski_harabasz,davies_bouldin,silhouette
abilities,1.0,0.8808331908406375,0.866713958538461,0.8957501937715069,0.8596306992211429,-0.8631661853504857,0.8735626148595432
v_measure,0.8808331908406375,1.0,0.991482332199837,0.9762634136954278,0.814108177457137,-0.8233152490835067,0.789900230576397
mutual_info,0.866713958538461,0.991482332199837,1.0,0.9599692030859565,0.8173630122445303,-0.8269040784843998,0.7915758735815435
adjusted_rand_score,0.8957501937715069,0.9762634136954278,0.9599692030859565,1.0,0.7975215301900292,-0.7980816366110213,0.7825911934054605
calinski_harabasz,0.8596306992211429,0.814108177457137,0.8173630122445303,0.7975215301900292,1.0,-0.9958694320469065,0.9835127330007876
davies_bouldin,-0.8631661853504857,-0.8233152490835067,-0.8269040784843998,-0.7980816366110213,-0.9958694320469065,1.0,-0.9781219917738689
silhouette,0.8735626148595432,0.789900230576397,0.7915758735815435,0.7825911934054605,0.9835127330007876,-0.9781219917738689,1.0
