,abilities,v_measure,mutual_info,adjusted_rand_score,calinski_harabasz,davies_bouldin,silhouette
abilities,1.0,0.8849291124386803,0.8709604231014847,0.8990758256461471,0.857775444123567,-0.862361074647764,0.8726524897173361
v_measure,0.8849291124386803,1.0,0.992331539750989,0.9766485205628195,0.8138631223187927,-0.8239803987447274,0.7898652226994907
mutual_info,0.8709604231014847,0.992331539750989,1.0,0.9607136126503532,0.8166906132159628,-0.8267742940204984,0.7910787642280536
adjusted_rand_score,0.8990758256461471,0.9766485205628195,0.9607136126503532,1.0,0.7974515168874052,-0.7986067363807013,0.7836763995961326
calinski_harabasz,0.857775444123567,0.8138631223187927,0.8166906132159628,0.7974515168874052,1.0,-0.9953793646626411,0.982707622298066
davies_bouldin,-0.862361074647764,-0.8239803987447274,-0.8267742940204984,-0.7986067363807013,-0.9953793646626411,1.0,-0.9777019340159272
silhouette,0.8726524897173361,0.7898652226994907,0.7910787642280536,0.7836763995961326,0.982707622298066,-0.9777019340159272,1.0
