,abilities,v_measure,mutual_info,adjusted_rand_score,calinski_harabasz,davies_bouldin,silhouette
abilities,1.0,0.8821984980399852,0.8685049319074464,0.897185466475299,0.8594556751553338,-0.8629911612846767,0.8731075522884396
v_measure,0.8821984980399852,1.0,0.9917710035581352,0.9762634136954278,0.814108177457137,-0.8233152490835067,0.7900752699609288
mutual_info,0.8685049319074464,0.9917710035581352,1.0,0.9604321167199315,0.8168942858701719,-0.8265406447462025,0.7911764978685585
adjusted_rand_score,0.897185466475299,0.9762634136954278,0.9604321167199315,1.0,0.7975215301900292,-0.7980816366110213,0.7828012333133324
calinski_harabasz,0.8594556751553338,0.814108177457137,0.8168942858701719,0.7975215301900292,1.0,-0.9958694320469065,0.9833727137481404
davies_bouldin,-0.8629911612846767,-0.8233152490835067,-0.8265406447462025,-0.7980816366110213,-0.9958694320469065,1.0,-0.9780169773343835
silhouette,0.8731075522884396,0.7900752699609288,0.7911764978685585,0.7828012333133324,0.9833727137481404,-0.9780169773343835,1.0
