,abilities,v_measure,mutual_info,adjusted_rand_score,calinski_harabasz,davies_bouldin,silhouette
abilities,1.0,0.8701199824469583,0.858133199860802,0.873550544202628,0.7876608033604621,-0.7934716023453224,0.8425833552113415
v_measure,0.8701199824469583,1.0,0.9913956984230697,0.9765105370020304,0.7757445284338431,-0.7847410016094256,0.767903244420884
mutual_info,0.858133199860802,0.9913956984230697,1.0,0.9604096592182378,0.7782718441332422,-0.7878124927241059,0.7671031582599009
adjusted_rand_score,0.873550544202628,0.9765105370020304,0.9604096592182378,1.0,0.7597819145503192,-0.760166977604527,0.7601319718723263
calinski_harabasz,0.7876608033604621,0.7757445284338431,0.7782718441332422,0.7597819145503192,1.0,-0.9957994224205828,0.965590268661941
davies_bouldin,-0.7934716023453224,-0.7847410016094256,-0.7878124927241059,-0.760166977604527,-0.9957994224205828,1.0,-0.9603395466876695
silhouette,0.8425833552113415,0.767903244420884,0.7671031582599009,0.7601319718723263,0.965590268661941,-0.9603395466876695,1.0
