,abilities,v_measure,mutual_info,adjusted_rand_score,calinski_harabasz,davies_bouldin,silhouette
abilities,1.0,0.826658696951584,0.8821809023635625,0.8176073776791051,0.7288019810434634,-0.44710101613867304,0.5940568696097686
v_measure,0.826658696951584,1.0,0.9445594861576369,0.9503885236102809,0.7558705490564427,-0.6752625736487063,0.6796174536760311
mutual_info,0.8821809023635625,0.9445594861576369,1.0,0.9145443291369426,0.7092628569385103,-0.5183271781383045,0.571013812225839
adjusted_rand_score,0.8176073776791051,0.9503885236102809,0.9145443291369426,1.0,0.7237639825804799,-0.6030227990777901,0.6450345828708052
calinski_harabasz,0.7288019810434634,0.7558705490564427,0.7092628569385103,0.7237639825804799,1.0,-0.8498847237639826,0.7722653915122535
davies_bouldin,-0.44710101613867304,-0.6752625736487063,-0.5183271781383045,-0.6030227990777901,-0.8498847237639826,1.0,-0.7115532405430791
silhouette,0.5940568696097686,0.6796174536760311,0.571013812225839,0.6450345828708052,0.7722653915122535,-0.7115532405430791,1.0
