,abilities,v_measure,mutual_info,adjusted_rand_score,calinski_harabasz,davies_bouldin,silhouette
abilities,1.0,0.8316113056101102,0.8864504837320824,0.8198275125949962,0.7283750320211767,-0.45282213303731533,0.5955938860900009
v_measure,0.8316113056101102,1.0,0.9447302694123777,0.9497907949790795,0.7559559388609,-0.6735547775595594,0.6815814191785501
mutual_info,0.8864504837320824,0.9447302694123777,1.0,0.9140319793727203,0.7092628569385103,-0.5173878702372302,0.5741306066248584
adjusted_rand_score,0.8198275125949962,0.9497907949790795,0.9140319793727203,1.0,0.7221415762957902,-0.6012296131841858,0.6443514644351465
calinski_harabasz,0.7283750320211767,0.7559559388609,0.7092628569385103,0.7221415762957902,1.0,-0.8489454359149518,0.7715822730765947
davies_bouldin,-0.45282213303731533,-0.6735547775595594,-0.5173878702372302,-0.6012296131841858,-0.8489454359149518,1.0,-0.7134318162411408
silhouette,0.5955938860900009,0.6815814191785501,0.5741306066248584,0.6443514644351465,0.7715822730765947,-0.7134318162411408,1.0
