,abilities,v_measure,mutual_info,adjusted_rand_score,calinski_harabasz,davies_bouldin,silhouette
abilities,1.0,0.8311843565878234,0.8842869374686395,0.8211083596618564,0.7277773033899753,-0.44940654085902143,0.5967893433524037
v_measure,0.8311843565878234,1.0,0.9450042733006243,0.9504739134147383,0.7563828878831867,-0.6744086756041329,0.6825207070275809
mutual_info,0.8842869374686395,0.9450042733006243,1.0,0.9137489358681258,0.7095644773951643,-0.5184457747341488,0.5740392847575272
adjusted_rand_score,0.8211083596618564,0.9504739134147383,0.9137489358681258,1.0,0.722568525318077,-0.6020835112287592,0.6453761420886346
calinski_harabasz,0.7277773033899753,0.7563828878831867,0.7095644773951643,0.722568525318077,1.0,-0.8498847237639826,0.7721800017077961
davies_bouldin,-0.44940654085902143,-0.6744086756041329,-0.5184457747341488,-0.6020835112287592,-0.8498847237639826,1.0,-0.7131756468277688
silhouette,0.5967893433524037,0.6825207070275809,0.5740392847575272,0.6453761420886346,0.7721800017077961,-0.7131756468277688,1.0
