,abilities,v_measure,mutual_info,adjusted_rand_score,calinski_harabasz,davies_bouldin,silhouette
abilities,1.0,0.11751348292374914,0.16252647466410125,-0.10810153272240694,0.7828237774714135,-0.7737409780228692,0.845754602222042
v_measure,0.11751348292374914,1.0,0.9940333919025607,0.9285917042628901,-0.2913912658005733,0.1671465067673202,-0.1227849642143245
mutual_info,0.16252647466410125,0.9940333919025607,1.0,0.903556275230493,-0.24102952211674158,0.11243714655833179,-0.0888131684727906
adjusted_rand_score,-0.10810153272240694,0.9285917042628901,0.903556275230493,1.0,-0.4941205092855405,0.32868380504419753,-0.2814856864812262
calinski_harabasz,0.7828237774714135,-0.2913912658005733,-0.24102952211674158,-0.4941205092855405,1.0,-0.8851674641148325,0.8300218960343849
davies_bouldin,-0.7737409780228692,0.1671465067673202,0.11243714655833179,0.32868380504419753,-0.8851674641148325,1.0,-0.7846078987916633
silhouette,0.845754602222042,-0.1227849642143245,-0.0888131684727906,-0.2814856864812262,0.8300218960343849,-0.7846078987916633,1.0
