,abilities,v_measure,mutual_info,adjusted_rand_score,calinski_harabasz,davies_bouldin,silhouette
abilities,1.0,0.7423400030462687,0.7609890723181896,0.6328220112003896,0.24973622270919568,-0.21418716013310607,0.5110786462137813
v_measure,0.7423400030462687,1.0,0.9919058093877705,0.940383913764932,-0.2549409522816892,0.2702000732714879,0.00876587801541625
mutual_info,0.7609890723181896,0.9919058093877705,1.0,0.9169954942659994,-0.20206778596578598,0.221354964892041,0.04109715340826497
adjusted_rand_score,0.6328220112003896,0.940383913764932,0.9169954942659994,1.0,-0.4362470578686795,0.4260206152098044,-0.13562210859508156
calinski_harabasz,0.24973622270919568,-0.2549409522816892,-0.20206778596578598,-0.4362470578686795,1.0,-0.97678759840922,0.8092687281876471
davies_bouldin,-0.21418716013310607,0.2702000732714879,0.221354964892041,0.4260206152098044,-0.97678759840922,1.0,-0.8405973541108677
silhouette,0.5110786462137813,0.00876587801541625,0.04109715340826497,-0.13562210859508156,0.8092687281876471,-0.8405973541108677,1.0
