,abilities,v_measure,mutual_info,adjusted_rand_score,calinski_harabasz,davies_bouldin,silhouette
abilities,1.0,0.7477477477477478,0.7683760190199256,0.6699943186429673,0.2589887184481779,-0.2190568947325704,0.5079944809674539
v_measure,0.7477477477477478,1.0,0.9917023399807005,0.9633146660173687,-0.242593945296648,0.2557422287152017,0.014690366041717393
mutual_info,0.7683760190199256,0.9917023399807005,1.0,0.9484043797944277,-0.1903645279618267,0.20232843801329678,0.05233193308228071
adjusted_rand_score,0.6699943186429673,0.9633146660173687,0.9484043797944277,1.0,-0.3700186673159646,0.3771609447285123,-0.10007304601899196
calinski_harabasz,0.2589887184481779,-0.242593945296648,-0.1903645279618267,-0.3700186673159646,1.0,-0.979384790195601,0.8175472770067365
davies_bouldin,-0.2190568947325704,0.2557422287152017,0.20232843801329678,0.3771609447285123,-0.979384790195601,1.0,-0.8440061683304927
silhouette,0.5079944809674539,0.014690366041717393,0.05233193308228071,-0.10007304601899196,0.8175472770067365,-0.8440061683304927,1.0
