,abilities,v_measure,mutual_info,adjusted_rand_score,calinski_harabasz,davies_bouldin,silhouette
abilities,1.0,0.9451052775499043,0.9500957068635494,-0.06522185015584207,-0.300656275635767,0.5849740224227509,-0.8010664479081214
v_measure,0.9451052775499043,1.0,0.9980858627290129,-0.011622342270957183,-0.3749658189773038,0.6286573694284933,-0.8522012578616353
mutual_info,0.9500957068635494,0.9980858627290129,1.0,-0.040404731071386445,-0.3687448728465956,0.6296828001093793,-0.845980311730927
adjusted_rand_score,-0.06522185015584207,-0.011622342270957183,-0.040404731071386445,1.0,0.33944076103119064,-0.3559171403682535,0.16872906308660193
calinski_harabasz,-0.300656275635767,-0.3749658189773038,-0.3687448728465956,0.33944076103119064,1.0,-0.8386655728739404,0.5026661197703035
davies_bouldin,0.5849740224227509,0.6286573694284933,0.6296828001093793,-0.3559171403682535,-0.8386655728739404,1.0,-0.7577932731747334
silhouette,-0.8010664479081214,-0.8522012578616353,-0.845980311730927,0.16872906308660193,0.5026661197703035,-0.7577932731747334,1.0
