,abilities,v_measure,mutual_info,adjusted_rand_score,calinski_harabasz,davies_bouldin,silhouette
abilities,1.0,0.5176389869243326,0.43919266622549047,0.54142446025576,0.5121021536115876,-0.5170573661139699,0.7684772250809987
v_measure,0.5176389869243326,1.0,0.9730121216741633,0.9724784630632004,0.8741923804214023,-0.8552859785425755,0.6006594371099877
mutual_info,0.43919266622549047,0.9730121216741633,1.0,0.9436608980712053,0.8455278356373745,-0.8382854639499207,0.5694028856167659
adjusted_rand_score,0.54142446025576,0.9724784630632004,0.9436608980712053,1.0,0.8475861939064404,-0.8253254304039507,0.6062246279856102
calinski_harabasz,0.5121021536115876,0.8741923804214023,0.8455278356373745,0.8475861939064404,1.0,-0.9796455117209835,0.5850581284543549
davies_bouldin,-0.5170573661139699,-0.8552859785425755,-0.8382854639499207,-0.8253254304039507,-0.9796455117209835,1.0,-0.5796455117209834
silhouette,0.7684772250809987,0.6006594371099877,0.5694028856167659,0.6062246279856102,0.5850581284543549,-0.5796455117209834,1.0
