,abilities,v_measure,mutual_info,adjusted_rand_score,calinski_harabasz,davies_bouldin,silhouette
abilities,1.0,0.07231487659752545,0.00735728581092378,0.004383874965058212,0.2372202950482217,-0.3778065794991042,0.607898448519041
v_measure,0.07231487659752545,1.0,0.994129307715767,0.9543305885940836,0.8502430193100725,-0.7759077481634333,0.41292290105661345
mutual_info,0.00735728581092378,0.994129307715767,1.0,0.9541781030802073,0.8400266846088934,-0.7653864482472936,0.386543409962524
adjusted_rand_score,0.004383874965058212,0.9543305885940836,0.9541781030802073,1.0,0.7881825980655963,-0.6893738684183712,0.369465357924732
calinski_harabasz,0.2372202950482217,0.8502430193100725,0.8400266846088934,0.7881825980655963,1.0,-0.954408569359204,0.550871040292761
davies_bouldin,-0.3778065794991042,-0.7759077481634333,-0.7653864482472936,-0.6893738684183712,-0.954408569359204,1.0,-0.5839591354400946
silhouette,0.607898448519041,0.41292290105661345,0.386543409962524,0.369465357924732,0.550871040292761,-0.5839591354400946,1.0
