,abilities,v_measure,mutual_info,adjusted_rand_score,calinski_harabasz,davies_bouldin,silhouette
abilities,1.0,0.8318452380952381,0.7687064217434035,0.8591109831029186,0.7776017665130568,-0.7327668970814132,0.8101958525345622
v_measure,0.8318452380952381,1.0,0.9656653906392217,0.9505568356374808,0.823252688172043,-0.8150441628264209,0.6681547619047619
mutual_info,0.7687064217434035,0.9656653906392217,1.0,0.9047487609709807,0.80154091716742,-0.8065572984127559,0.61437469252087
adjusted_rand_score,0.8591109831029186,0.9505568356374808,0.9047487609709807,1.0,0.8351094470046083,-0.8262288786482335,0.6937403993855606
calinski_harabasz,0.7776017665130568,0.823252688172043,0.80154091716742,0.8351094470046083,1.0,-0.9628456221198156,0.7735695084485407
davies_bouldin,-0.7327668970814132,-0.8150441628264209,-0.8065572984127559,-0.8262288786482335,-0.9628456221198156,1.0,-0.7101574500768049
silhouette,0.8101958525345622,0.6681547619047619,0.61437469252087,0.6937403993855606,0.7735695084485407,-0.7101574500768049,1.0
