,abilities,v_measure,mutual_info,adjusted_rand_score,calinski_harabasz,davies_bouldin,silhouette
abilities,1.0,0.7511097504974744,0.7653961936833512,0.8309097402928721,0.7413133323128731,-0.38405020664319606,0.348334098678504
v_measure,0.7511097504974744,1.0,0.8829532118985662,0.9167304454308893,0.8739731618960151,-0.6868207561610287,0.6003877748864738
mutual_info,0.7653961936833512,0.8829532118985662,1.0,0.7947854482371549,0.7964181846012551,-0.5975304862492984,0.40078575437522324
adjusted_rand_score,0.8309097402928721,0.9167304454308893,0.7947854482371549,1.0,0.8065207408541252,-0.557018215215062,0.47752436348793303
calinski_harabasz,0.7413133323128731,0.8739731618960151,0.7964181846012551,0.8065207408541252,1.0,-0.8468289198428491,0.7567222817490689
davies_bouldin,-0.38405020664319606,-0.6868207561610287,-0.5975304862492984,-0.557018215215062,-0.8468289198428491,1.0,-0.8497882545027807
silhouette,0.348334098678504,0.6003877748864738,0.40078575437522324,0.47752436348793303,0.7567222817490689,-0.8497882545027807,1.0
