,abilities,v_measure,mutual_info,adjusted_rand_score,calinski_harabasz,davies_bouldin,silhouette
abilities,1.0,0.875234521575985,0.8712945590994371,0.927016885553471,0.8204502814258912,-0.6465290806754221,0.6416510318949343
v_measure,0.875234521575985,1.0,0.9829268292682927,0.9598499061913696,0.9150093808630394,-0.8536585365853658,0.6470919324577861
mutual_info,0.8712945590994371,0.9829268292682927,1.0,0.9534709193245778,0.8893058161350844,-0.8223264540337711,0.6118198874296435
adjusted_rand_score,0.927016885553471,0.9598499061913696,0.9534709193245778,1.0,0.875234521575985,-0.7476547842401501,0.6232645403377111
calinski_harabasz,0.8204502814258912,0.9150093808630394,0.8893058161350844,0.875234521575985,1.0,-0.9129455909943714,0.7292682926829268
davies_bouldin,-0.6465290806754221,-0.8536585365853658,-0.8223264540337711,-0.7476547842401501,-0.9129455909943714,1.0,-0.6457786116322701
silhouette,0.6416510318949343,0.6470919324577861,0.6118198874296435,0.6232645403377111,0.7292682926829268,-0.6457786116322701,1.0
