,abilities,v_measure,mutual_info,adjusted_rand_score,calinski_harabasz,davies_bouldin,silhouette
abilities,1.0,0.826266416510319,0.8170731707317073,0.9,0.7380863039399624,-0.6273921200750469,0.6020637898686679
v_measure,0.826266416510319,1.0,0.9881801125703564,0.9350844277673546,0.9101313320825516,-0.8457786116322702,0.5941838649155722
mutual_info,0.8170731707317073,0.9881801125703564,1.0,0.9427767354596623,0.8954971857410882,-0.7924953095684804,0.55046904315197
adjusted_rand_score,0.9,0.9350844277673546,0.9427767354596623,1.0,0.8170731707317073,-0.6784240150093809,0.5144465290806755
calinski_harabasz,0.7380863039399624,0.9101313320825516,0.8954971857410882,0.8170731707317073,1.0,-0.8939962476547842,0.6681050656660413
davies_bouldin,-0.6273921200750469,-0.8457786116322702,-0.7924953095684804,-0.6784240150093809,-0.8939962476547842,1.0,-0.6140712945590995
silhouette,0.6020637898686679,0.5941838649155722,0.55046904315197,0.5144465290806755,0.6681050656660413,-0.6140712945590995,1.0
