,abilities,v_measure,mutual_info,adjusted_rand_score,calinski_harabasz,davies_bouldin,silhouette
abilities,1.0,0.8583489681050657,0.8647279549718574,0.8851782363977486,0.7966228893058162,-0.649343339587242,0.6015009380863039
v_measure,0.8583489681050657,1.0,0.9936210131332083,0.9600375234521576,0.9170731707317074,-0.8654784240150094,0.6350844277673546
mutual_info,0.8647279549718574,0.9936210131332083,1.0,0.9600375234521576,0.9039399624765478,-0.8461538461538461,0.6153846153846154
adjusted_rand_score,0.8851782363977486,0.9600375234521576,0.9600375234521576,1.0,0.8692307692307693,-0.7544090056285179,0.6150093808630394
calinski_harabasz,0.7966228893058162,0.9170731707317074,0.9039399624765478,0.8692307692307693,1.0,-0.9378986866791745,0.6844277673545967
davies_bouldin,-0.649343339587242,-0.8654784240150094,-0.8461538461538461,-0.7544090056285179,-0.9378986866791745,1.0,-0.6138836772983114
silhouette,0.6015009380863039,0.6350844277673546,0.6153846153846154,0.6150093808630394,0.6844277673545967,-0.6138836772983114,1.0
