,abilities,v_measure,mutual_info,adjusted_rand_score,calinski_harabasz,davies_bouldin,silhouette
abilities,1.0,0.8674727358937885,0.8116886980057934,0.8276434329065908,0.8200568990042674,-0.8108108108108109,0.7773826458036984
v_measure,0.8674727358937885,1.0,0.980736176223445,0.9333807491702228,0.9073020388809863,-0.8172119487908962,0.6394025604551921
mutual_info,0.8116886980057934,0.980736176223445,1.0,0.9264418248744377,0.8917076656053129,-0.7512299224861563,0.5964080385084192
adjusted_rand_score,0.8276434329065908,0.9333807491702228,0.9264418248744377,1.0,0.8041725936462779,-0.6564722617354196,0.5630630630630631
calinski_harabasz,0.8200568990042674,0.9073020388809863,0.8917076656053129,0.8041725936462779,1.0,-0.8764817449027975,0.7074442863916548
davies_bouldin,-0.8108108108108109,-0.8172119487908962,-0.7512299224861563,-0.6564722617354196,-0.8764817449027975,1.0,-0.6455666192508298
silhouette,0.7773826458036984,0.6394025604551921,0.5964080385084192,0.5630630630630631,0.7074442863916548,-0.6455666192508298,1.0
