,abilities,v_measure,mutual_info,adjusted_rand_score,calinski_harabasz,davies_bouldin,silhouette
abilities,1.0,0.8776671408250356,0.8750592697961119,0.920104314841157,0.7916073968705548,-0.6353722143195828,0.6704599336178284
v_measure,0.8776671408250356,1.0,0.9862494073020389,0.9608819345661451,0.9120436225699383,-0.8501659554291133,0.6818397344713134
mutual_info,0.8750592697961119,0.9862494073020389,1.0,0.9556661925082978,0.8866761498340445,-0.8247984826932195,0.6590801327643433
adjusted_rand_score,0.920104314841157,0.9608819345661451,0.9556661925082978,1.0,0.8639165481270744,-0.7366050260787103,0.6650071123755334
calinski_harabasz,0.7916073968705548,0.9120436225699383,0.8866761498340445,0.8639165481270744,1.0,-0.9340919867235656,0.7207207207207207
davies_bouldin,-0.6353722143195828,-0.8501659554291133,-0.8247984826932195,-0.7366050260787103,-0.9340919867235656,1.0,-0.6571834992887624
silhouette,0.6704599336178284,0.6818397344713134,0.6590801327643433,0.6650071123755334,0.7207207207207207,-0.6571834992887624,1.0
