,abilities,v_measure,mutual_info,adjusted_rand_score,calinski_harabasz,davies_bouldin,silhouette
abilities,1.0,0.8800379326695116,0.8783783783783784,0.9179706021811285,0.7861545756282599,-0.6204362256993836,0.6567093409198672
v_measure,0.8800379326695116,1.0,0.9850640113798008,0.9604077761972499,0.9127548601232812,-0.8489805595068753,0.6756756756756757
mutual_info,0.8783783783783784,0.9850640113798008,1.0,0.9563774300616406,0.8890469416785206,-0.8221906116642959,0.6545756282598388
adjusted_rand_score,0.9179706021811285,0.9604077761972499,0.9563774300616406,1.0,0.8643907064959696,-0.7361308677098151,0.656235182550972
calinski_harabasz,0.7861545756282599,0.9127548601232812,0.8890469416785206,0.8643907064959696,1.0,-0.9352773826458037,0.7207207207207207
davies_bouldin,-0.6204362256993836,-0.8489805595068753,-0.8221906116642959,-0.7361308677098151,-0.9352773826458037,1.0,-0.6548127074442864
silhouette,0.6567093409198672,0.6756756756756757,0.6545756282598388,0.656235182550972,0.7207207207207207,-0.6548127074442864,1.0
