,abilities,v_measure,mutual_info,adjusted_rand_score,calinski_harabasz,davies_bouldin,silhouette
abilities,1.0,0.45047667688117127,0.48094348376109647,0.5021961184882533,0.3569799114742935,-0.2782260810350698,0.11886278515491999
v_measure,0.45047667688117127,1.0,0.9951353214906332,0.932260810350698,0.7868913857677903,-0.6956928838951311,0.3068266939053456
mutual_info,0.48094348376109647,0.9951353214906332,1.0,0.9448882571087328,0.7795062117291052,-0.6794121527647199,0.2811894841253086
adjusted_rand_score,0.5021961184882533,0.932260810350698,0.9448882571087328,1.0,0.7147769833163091,-0.608086482805584,0.26288729996595167
calinski_harabasz,0.3569799114742935,0.7868913857677903,0.7795062117291052,0.7147769833163091,1.0,-0.8931562819203268,0.319237316990126
davies_bouldin,-0.2782260810350698,-0.6956928838951311,-0.6794121527647199,-0.608086482805584,-0.8931562819203268,1.0,-0.32647259107933263
silhouette,0.11886278515491999,0.3068266939053456,0.2811894841253086,0.26288729996595167,0.319237316990126,-0.32647259107933263,1.0
