,abilities,v_measure,mutual_info,adjusted_rand_score,calinski_harabasz,davies_bouldin,silhouette
abilities,1.0,0.5237827715355805,0.5408580183861083,0.5425944841675179,0.4307116104868914,-0.3689649302008853,0.2213993871297242
v_measure,0.5237827715355805,1.0,0.9976847122914538,0.951344909771876,0.7880490296220634,-0.6999489274770173,0.31624106230847804
mutual_info,0.5408580183861083,0.9976847122914538,1.0,0.9552434456928839,0.7842356145726932,-0.6951140619679945,0.30205992509363294
adjusted_rand_score,0.5425944841675179,0.951344909771876,0.9552434456928839,1.0,0.7438712972420838,-0.6454204971058903,0.3065543071161049
calinski_harabasz,0.4307116104868914,0.7880490296220634,0.7842356145726932,0.7438712972420838,1.0,-0.8972250595846102,0.32037793667007153
davies_bouldin,-0.3689649302008853,-0.6999489274770173,-0.6951140619679945,-0.6454204971058903,-0.8972250595846102,1.0,-0.3238168198842356
silhouette,0.2213993871297242,0.31624106230847804,0.30205992509363294,0.3065543071161049,0.32037793667007153,-0.3238168198842356,1.0
