,abilities,v_measure,mutual_info,adjusted_rand_score,calinski_harabasz,davies_bouldin,silhouette
abilities,1.0,0.5225400068096697,0.5389342866870956,0.5392407218249915,0.4258767449778686,-0.3636704119850187,0.2123084780388151
v_measure,0.5225400068096697,1.0,0.9979911474293497,0.951310861423221,0.7881171263193735,-0.6991998638066054,0.3158495062989445
mutual_info,0.5389342866870956,0.9979911474293497,1.0,0.9556009533537624,0.7847974123255023,-0.6941096356826694,0.30165134490977186
adjusted_rand_score,0.5392407218249915,0.951310861423221,0.9556009533537624,1.0,0.7440074906367041,-0.6447735784814437,0.30439223697650664
calinski_harabasz,0.4258767449778686,0.7881171263193735,0.7847974123255023,0.7440074906367041,1.0,-0.8972761321075928,0.32027579162410624
davies_bouldin,-0.3636704119850187,-0.6991998638066054,-0.6941096356826694,-0.6447735784814437,-0.8972761321075928,1.0,-0.32260810350697994
silhouette,0.2123084780388151,0.3158495062989445,0.30165134490977186,0.30439223697650664,0.32027579162410624,-0.32260810350697994,1.0
