,abilities,v_measure,mutual_info,adjusted_rand_score,calinski_harabasz,davies_bouldin,silhouette
abilities,1.0,0.8291100064450669,0.8539620233275067,0.8302841572596341,0.7716021415489857,-0.7457325361019469,0.5431149455359935
v_measure,0.8291100064450669,1.0,0.977977110132693,0.9984812614463752,0.8933309509983473,-0.873600112310078,0.489920808632561
mutual_info,0.8539620233275067,0.977977110132693,1.0,0.976782507483305,0.8880752754544162,-0.8491388949837207,0.4595067837993638
adjusted_rand_score,0.8302841572596341,0.9984812614463752,0.976782507483305,1.0,0.8927183505733557,-0.8727194991991526,0.4896400334377732
calinski_harabasz,0.7716021415489857,0.8933309509983473,0.8880752754544162,0.8927183505733557,1.0,-0.8706264477470981,0.3989624080301706
davies_bouldin,-0.7457325361019469,-0.873600112310078,-0.8491388949837207,-0.8727194991991526,-0.8706264477470981,1.0,-0.4713385957411508
silhouette,0.5431149455359935,0.489920808632561,0.4595067837993638,0.4896400334377732,0.3989624080301706,-0.4713385957411508,1.0
