,abilities,v_measure,mutual_info,adjusted_rand_score,calinski_harabasz,davies_bouldin,silhouette
abilities,1.0,0.8339852848272914,0.8529639575152788,0.8353381107658143,0.7648762993829327,-0.7517309152633225,0.5452207594969019
v_measure,0.8339852848272914,1.0,0.9870334631225112,0.998634411552623,0.8944285267597905,-0.8718005985616653,0.4887977078534098
mutual_info,0.8529639575152788,0.9870334631225112,1.0,0.9856725135588482,0.8923100956046529,-0.8536348481452535,0.46861391032005134
adjusted_rand_score,0.8353381107658143,0.998634411552623,0.9856725135588482,1.0,0.8937010637551129,-0.8707285478179301,0.48822339495498024
calinski_harabasz,0.7648762993829327,0.8944285267597905,0.8923100956046529,0.8937010637551129,1.0,-0.8737022123809098,0.4014893847832607
davies_bouldin,-0.7517309152633225,-0.8718005985616653,-0.8536348481452535,-0.8707285478179301,-0.8737022123809098,1.0,-0.4715938459182306
silhouette,0.5452207594969019,0.4887977078534098,0.46861391032005134,0.48822339495498024,0.4014893847832607,-0.4715938459182306,1.0
