,abilities,v_measure,mutual_info,adjusted_rand_score,calinski_harabasz,davies_bouldin,silhouette
abilities,1.0,0.8305493523894596,0.8566561003239087,0.8315064123014101,0.7677279397690295,-0.7454858674153002,0.5462770369425126
v_measure,0.8305493523894596,1.0,0.9771275561181291,0.9974861226312767,0.8925540738850252,-0.8721240349645888,0.48818988068653096
mutual_info,0.8566561003239087,0.9771275561181291,1.0,0.9754221386589775,0.8875643965217896,-0.8472794979642292,0.45719878767268424
adjusted_rand_score,0.8315064123014101,0.9974861226312767,0.9754221386589775,1.0,0.8905378676705161,-0.8700950679512538,0.48538250494480956
calinski_harabasz,0.7677279397690295,0.8925540738850252,0.8875643965217896,0.8905378676705161,1.0,-0.8695208320040835,0.39716710266062655
davies_bouldin,-0.7454858674153002,-0.8721240349645888,-0.8472794979642292,-0.8700950679512538,-0.8695208320040835,1.0,-0.4718050149939386
silhouette,0.5462770369425126,0.48818988068653096,0.45719878767268424,0.48538250494480956,0.39716710266062655,-0.4718050149939386,1.0
