,abilities,v_measure,mutual_info,adjusted_rand_score,calinski_harabasz,davies_bouldin,silhouette
abilities,1.0,0.44452567813553756,0.4723168225273173,0.49185342126465936,0.35513711915490437,-0.2941869833785921,0.11887141535615171
v_measure,0.44452567813553756,1.0,0.9962810580216801,0.9352899048073767,0.783026468920653,-0.6972785055653368,0.29291874309928084
mutual_info,0.4723168225273173,0.9962810580216801,1.0,0.9473566416938043,0.7765986414911892,-0.6829797789571065,0.26986761760362615
adjusted_rand_score,0.49185342126465936,0.9352899048073767,0.9473566416938043,1.0,0.7150786308973173,-0.6154993882605712,0.2501566649756796
calinski_harabasz,0.35513711915490437,0.783026468920653,0.7765986414911892,0.7150786308973173,1.0,-0.8889469129539554,0.3043329056130823
davies_bouldin,-0.2941869833785921,-0.6972785055653368,-0.6829797789571065,-0.6154993882605712,-0.8889469129539554,1.0,-0.32602727462624215
silhouette,0.11887141535615171,0.29291874309928084,0.26986761760362615,0.2501566649756796,0.3043329056130823,-0.32602727462624215,1.0
