,abilities,v_measure,mutual_info,adjusted_rand_score,calinski_harabasz,davies_bouldin,silhouette
abilities,1.0,0.4755602637939781,0.49212198979439586,0.484139536271672,0.47515741099937336,-0.424815732147653,0.11615588911103816
v_measure,0.4755602637939781,1.0,0.9978365312882337,0.9527916206618722,0.7841305839873475,-0.7535883739667572,0.23138670884187282
mutual_info,0.49212198979439586,0.9978365312882337,1.0,0.9598191638566441,0.7799677717764316,-0.7487690609053743,0.21615290501626333
adjusted_rand_score,0.484139536271672,0.9527916206618722,0.9598191638566441,1.0,0.7365044313807406,-0.6838351586046373,0.26273462445167256
calinski_harabasz,0.47515741099937336,0.7841305839873475,0.7799677717764316,0.7365044313807406,1.0,-0.9129241144698755,0.23644474948524366
davies_bouldin,-0.424815732147653,-0.7535883739667572,-0.7487690609053743,-0.6838351586046373,-0.9129241144698755,1.0,-0.2753871862970368
silhouette,0.11615588911103816,0.23138670884187282,0.21615290501626333,0.26273462445167256,0.23644474948524366,-0.2753871862970368,1.0
