,abilities,v_measure,mutual_info,adjusted_rand_score,calinski_harabasz,davies_bouldin,silhouette
abilities,1.0,0.5218286532780281,0.5377040374802303,0.5376145146369848,0.4319477186595446,-0.3818298469159381,0.2059920623078989
v_measure,0.5218286532780281,1.0,0.9980006565008505,0.9535376443555847,0.7839366178269822,-0.7009787830861508,0.3011996060994897
mutual_info,0.5377040374802303,0.9980006565008505,1.0,0.9574020470890156,0.7807585568917669,-0.6968308913491092,0.288576885201874
adjusted_rand_score,0.5376145146369848,0.9535376443555847,0.9574020470890156,1.0,0.742666587090806,-0.650189490018203,0.2915162185551013
calinski_harabasz,0.4319477186595446,0.7839366178269822,0.7807585568917669,0.742666587090806,1.0,-0.8926322700008952,0.30512369072841755
davies_bouldin,-0.3818298469159381,-0.7009787830861508,-0.6968308913491092,-0.650189490018203,-0.8926322700008952,1.0,-0.3228492136910268
silhouette,0.2059920623078989,0.3011996060994897,0.288576885201874,0.2915162185551013,0.30512369072841755,-0.3228492136910268,1.0
