,abilities,v_measure,mutual_info,adjusted_rand_score,calinski_harabasz,davies_bouldin,silhouette
abilities,1.0,0.5234400644564471,0.5395690967145117,0.5381218107487094,0.43032138700725137,-0.38093461848348303,0.20549968667004864
v_measure,0.5234400644564471,1.0,0.9977619289188625,0.9534182805645908,0.7839515383008564,-0.7009937035600251,0.3009907194652502
mutual_info,0.5395690967145117,0.9977619289188625,1.0,0.9569245919250395,0.7805198293097789,-0.6962937542896362,0.287801020560413
adjusted_rand_score,0.5381218107487094,0.9534182805645908,0.9569245919250395,1.0,0.7427710304079258,-0.6501745695443287,0.29054638775327507
calinski_harabasz,0.43032138700725137,0.7839515383008564,0.7805198293097789,0.7427710304079258,1.0,-0.8926471904747695,0.30512369072841755
davies_bouldin,-0.38093461848348303,-0.7009937035600251,-0.6962937542896362,-0.6501745695443287,-0.8926471904747695,1.0,-0.3217152576765838
silhouette,0.20549968667004864,0.3009907194652502,0.287801020560413,0.29054638775327507,0.30512369072841755,-0.3217152576765838,1.0
