,abilities,v_measure,mutual_info,adjusted_rand_score,calinski_harabasz,davies_bouldin,silhouette
abilities,1.0,0.6080192813321648,0.5966584506350222,0.7228308501314636,0.7239263803680982,-0.5955302366345311,0.6904031551270815
v_measure,0.6080192813321648,1.0,0.36264037304478947,0.9307624890446976,0.7879053461875548,-0.6906222611744084,0.9073181419807187
mutual_info,0.5966584506350222,0.36264037304478947,1.0,0.3673514111236191,0.4445905238114065,-0.4243221041699304,0.2530813479557292
adjusted_rand_score,0.7228308501314636,0.9307624890446976,0.3673514111236191,1.0,0.7771691498685364,-0.6722173531989483,0.8672217353198949
calinski_harabasz,0.7239263803680982,0.7879053461875548,0.4445905238114065,0.7771691498685364,1.0,-0.9309815950920245,0.8402716914986854
davies_bouldin,-0.5955302366345311,-0.6906222611744084,-0.4243221041699304,-0.6722173531989483,-0.9309815950920245,1.0,-0.7039877300613497
silhouette,0.6904031551270815,0.9073181419807187,0.2530813479557292,0.8672217353198949,0.8402716914986854,-0.7039877300613497,1.0
