,abilities,v_measure,mutual_info,adjusted_rand_score,calinski_harabasz,davies_bouldin,silhouette
abilities,1.0,0.6340929009640666,0.565543687509729,0.7302804557405784,0.735977212971078,-0.6091148115687993,0.7015775635407537
v_measure,0.6340929009640666,1.0,0.3503697622348147,0.9287905346187555,0.7953549517966696,-0.7094653812445223,0.9127957931638914
mutual_info,0.565543687509729,0.3503697622348147,1.0,0.35431388713802087,0.4485346487146127,-0.4383456593813301,0.25669679578366816
adjusted_rand_score,0.7302804557405784,0.9287905346187555,0.35431388713802087,1.0,0.7754163014899211,-0.6781332164767747,0.8676599474145487
calinski_harabasz,0.735977212971078,0.7953549517966696,0.4485346487146127,0.7754163014899211,1.0,-0.9305433829973707,0.8378615249780894
davies_bouldin,-0.6091148115687993,-0.7094653812445223,-0.4383456593813301,-0.6781332164767747,-0.9305433829973707,1.0,-0.7026730937773883
silhouette,0.7015775635407537,0.9127957931638914,0.25669679578366816,0.8676599474145487,0.8378615249780894,-0.7026730937773883,1.0
