,abilities,v_measure,mutual_info,adjusted_rand_score,calinski_harabasz,davies_bouldin,silhouette
abilities,1.0,0.8006567979402559,0.7936422986574031,0.812442614561558,0.8892112293498429,-0.8869796415432386,0.9276710512053762
v_measure,0.8006567979402559,1.0,0.9953380404420076,0.9875044258007839,0.8289116722377947,-0.8291731143154746,0.7762406585393812
mutual_info,0.7936422986574031,0.9953380404420076,1.0,0.9787865012621841,0.8286830310478869,-0.8293015844677006,0.7731662674097519
adjusted_rand_score,0.812442614561558,0.9875044258007839,0.9787865012621841,1.0,0.8170845243805054,-0.8152927982003897,0.7715453486567114
calinski_harabasz,0.8892112293498429,0.8289116722377947,0.8286830310478869,0.8170845243805054,1.0,-0.9987503108283017,0.9601757215998572
davies_bouldin,-0.8869796415432386,-0.8291731143154746,-0.8293015844677006,-0.8152927982003897,-0.9987503108283017,1.0,-0.9575360720229025
silhouette,0.9276710512053762,0.7762406585393812,0.7731662674097519,0.7715453486567114,0.9601757215998572,-0.9575360720229025,1.0
