,abilities,v_measure,mutual_info,adjusted_rand_score,calinski_harabasz,davies_bouldin,silhouette
abilities,1.0,0.8648995056173717,0.8599596372789671,0.8663661178713437,0.8380784166193752,-0.8392134107849951,0.863889969329652
v_measure,0.8648995056173717,1.0,0.9970760901196031,0.9914423634891181,0.8013633121452993,-0.804551599653934,0.7887695764861922
mutual_info,0.8599596372789671,0.9970760901196031,1.0,0.9855845126892183,0.8028160511334269,-0.806049149914343,0.7897242329929521
adjusted_rand_score,0.8663661178713437,0.9914423634891181,0.9855845126892183,1.0,0.7956243946297568,-0.7957391729800677,0.7863209716795607
calinski_harabasz,0.8380784166193752,0.8013633121452993,0.8028160511334269,0.7956243946297568,1.0,-0.9984696707879283,0.9505321082197807
davies_bouldin,-0.8392134107849951,-0.804551599653934,-0.806049149914343,-0.7957391729800677,-0.9984696707879283,1.0,-0.9482493671451071
silhouette,0.863889969329652,0.7887695764861922,0.7897242329929521,0.7863209716795607,0.9505321082197807,-0.9482493671451071,1.0
