,abilities,v_measure,mutual_info,adjusted_rand_score,calinski_harabasz,davies_bouldin,silhouette
abilities,1.0,0.8308643514412464,0.8258584890050891,0.8350991420978242,0.8820208061717291,-0.8833470957173222,0.9125701004646946
v_measure,0.8308643514412464,1.0,0.9970820392552664,0.9912152334277105,0.819501000949467,-0.8232188168329414,0.7683061023001819
mutual_info,0.8258584890050891,0.9970820392552664,1.0,0.9855226886880829,0.8206869827018116,-0.8244751514191248,0.7687750410201131
adjusted_rand_score,0.8350991420978242,0.9912152334277105,0.9855226886880829,1.0,0.8129662938044928,-0.8135975827824335,0.7643379125340262
calinski_harabasz,0.8820208061717291,0.819501000949467,0.8206869827018116,0.8129662938044928,1.0,-0.9984824235313622,0.9615887367769992
davies_bouldin,-0.8833470957173222,-0.8232188168329414,-0.8244751514191248,-0.8135975827824335,-0.9984824235313622,1.0,-0.9594972868538344
silhouette,0.9125701004646946,0.7683061023001819,0.7687750410201131,0.7643379125340262,0.9615887367769992,-0.9594972868538344,1.0
