,abilities,v_measure,mutual_info,adjusted_rand_score,calinski_harabasz,davies_bouldin,silhouette
abilities,1.0,0.8066440896629576,0.8238187389130786,0.8342202870504757,0.7175455571681987,-0.6444121915820029,0.46508627640703115
v_measure,0.8066440896629576,1.0,0.9933075310433801,0.9576681180454766,0.8925173359135623,-0.8426866634413804,0.5515239477503628
mutual_info,0.8238187389130786,0.9933075310433801,1.0,0.9604096113530076,0.881067569746815,-0.8329301725528141,0.5324141267537494
adjusted_rand_score,0.8342202870504757,0.9576681180454766,0.9604096113530076,1.0,0.8468795355587808,-0.763828414771811,0.5383002741493308
calinski_harabasz,0.7175455571681987,0.8925173359135623,0.881067569746815,0.8468795355587808,1.0,-0.9313014029995162,0.5599903241412676
davies_bouldin,-0.6444121915820029,-0.8426866634413804,-0.8329301725528141,-0.763828414771811,-0.9313014029995162,1.0,-0.5089501693275278
silhouette,0.46508627640703115,0.5515239477503628,0.5324141267537494,0.5383002741493308,0.5599903241412676,-0.5089501693275278,1.0
