,abilities,v_measure,mutual_info,adjusted_rand_score,calinski_harabasz,davies_bouldin,silhouette
abilities,1.0,0.8072085147556846,0.8259958071278826,0.834059022738268,0.7160941783583293,-0.638848572810837,0.45976455410417677
v_measure,0.8072085147556846,1.0,0.9957264957264957,0.9579100145137881,0.8921948072891469,-0.8430091920657958,0.5533784873407515
mutual_info,0.8259958071278826,0.9957264957264957,1.0,0.9621028866311885,0.883325270117723,-0.8322044831478794,0.534268666344138
adjusted_rand_score,0.834059022738268,0.9579100145137881,0.9621028866311885,1.0,0.8468795355587808,-0.7640703112401226,0.5424125141106273
calinski_harabasz,0.7160941783583293,0.8921948072891469,0.883325270117723,0.8468795355587808,1.0,-0.9316239316239316,0.5609579100145138
davies_bouldin,-0.638848572810837,-0.8430091920657958,-0.8322044831478794,-0.7640703112401226,-0.9316239316239316,1.0,-0.508305112078697
silhouette,0.45976455410417677,0.5533784873407515,0.534268666344138,0.5424125141106273,0.5609579100145138,-0.508305112078697,1.0
