,abilities,v_measure,mutual_info,adjusted_rand_score,calinski_harabasz,davies_bouldin,silhouette
abilities,1.0,0.8168037413320433,0.8329301725528141,0.8436542493146266,0.7160941783583293,-0.6427995484599258,0.46589259796806964
v_measure,0.8168037413320433,1.0,0.9931462667311723,0.9579100145137881,0.8923560716013547,-0.8450249959683922,0.5539429124334785
mutual_info,0.8329301725528141,0.9931462667311723,1.0,0.9605708756652153,0.881067569746815,-0.8335752298016449,0.5337848734075149
adjusted_rand_score,0.8436542493146266,0.9579100145137881,0.9605708756652153,1.0,0.8469601677148847,-0.7660054829866151,0.5427350427350427
calinski_harabasz,0.7160941783583293,0.8923560716013547,0.881067569746815,0.8469601677148847,1.0,-0.9329946782776971,0.5612804386389292
davies_bouldin,-0.6427995484599258,-0.8450249959683922,-0.8335752298016449,-0.7660054829866151,-0.9329946782776971,1.0,-0.5120141912594742
silhouette,0.46589259796806964,0.5539429124334785,0.5337848734075149,0.5427350427350427,0.5612804386389292,-0.5120141912594742,1.0
