,abilities,v_measure,mutual_info,adjusted_rand_score,calinski_harabasz,davies_bouldin,silhouette
abilities,1.0,0.7749556523141429,0.8009192065795839,0.8302693114013868,0.662635058861474,-0.5709562973713918,0.3951781970649895
v_measure,0.7749556523141429,1.0,0.9908885663602645,0.9380745041122399,0.8897758426060313,-0.8273665537816481,0.5239477503628447
mutual_info,0.8009192065795839,0.9908885663602645,1.0,0.9466215126592485,0.878890501532011,-0.7985808740525722,0.49225931301403
adjusted_rand_score,0.8302693114013868,0.9380745041122399,0.9466215126592485,1.0,0.8105144331559426,-0.708514755684567,0.46548943718755037
calinski_harabasz,0.662635058861474,0.8897758426060313,0.878890501532011,0.8105144331559426,1.0,-0.9117077890662796,0.552007740686986
davies_bouldin,-0.5709562973713918,-0.8273665537816481,-0.7985808740525722,-0.708514755684567,-0.9117077890662796,1.0,-0.5096758587324625
silhouette,0.3951781970649895,0.5239477503628447,0.49225931301403,0.46548943718755037,0.552007740686986,-0.5096758587324625,1.0
