,abilities,v_measure,mutual_info,adjusted_rand_score,calinski_harabasz,davies_bouldin,silhouette
abilities,1.0,0.6721176255125104,0.6927729112361125,0.5543303473707482,0.4893181580870836,-0.45415056907173434,0.7933382061188263
v_measure,0.6721176255125104,1.0,0.9959547656280295,0.9622072081498029,-0.003070079266370612,0.026857972357500728,0.3087831425393843
mutual_info,0.6927729112361125,0.9959547656280295,1.0,0.9457447727053572,0.039681403474352415,-0.013986753911665841,0.33618386083645246
adjusted_rand_score,0.5543303473707482,0.9622072081498029,0.9457447727053572,1.0,-0.15155692012468522,0.16805546868448973,0.15809368683255712
calinski_harabasz,0.4893181580870836,-0.003070079266370612,0.039681403474352415,-0.15155692012468522,1.0,-0.9855069437193276,0.7654380286102119
davies_bouldin,-0.45415056907173434,0.026857972357500728,-0.013986753911665841,0.16805546868448973,-0.9855069437193276,1.0,-0.7838989245066305
silhouette,0.7933382061188263,0.3087831425393843,0.33618386083645246,0.15809368683255712,0.7654380286102119,-0.7838989245066305,1.0
