,abilities,v_measure,mutual_info,adjusted_rand_score,calinski_harabasz,davies_bouldin,silhouette
abilities,1.0,0.6010713279154855,0.6119767860208114,0.5383370401989224,0.4546517698653023,-0.42094601649785945,0.7648115276182521
v_measure,0.6010713279154855,1.0,0.9965520331829893,0.9822905354606967,-0.1100147229330407,0.13173365077099863,0.21702220970390262
mutual_info,0.6119767860208114,0.9965520331829893,1.0,0.9733132238699942,-0.08505482581289107,0.10674694109391833,0.2331797902752429
adjusted_rand_score,0.5383370401989224,0.9822905354606967,0.9733132238699942,1.0,-0.18753458844698281,0.21021416117008118,0.1330702001764114
calinski_harabasz,0.4546517698653023,-0.1100147229330407,-0.08505482581289107,-0.18753458844698281,1.0,-0.9887647488775191,0.758546517698653
davies_bouldin,-0.42094601649785945,0.13173365077099863,0.10674694109391833,0.21021416117008118,-0.9887647488775191,1.0,-0.7724966064529603
silhouette,0.7648115276182521,0.21702220970390262,0.2331797902752429,0.1330702001764114,0.758546517698653,-0.7724966064529603,1.0
