,abilities,v_measure,mutual_info,adjusted_rand_score,calinski_harabasz,davies_bouldin,silhouette
abilities,1.0,0.8267741935483871,0.8816306782170524,0.8109677419354838,0.7359677419354839,-0.4646774193548387,0.5926612903225806
v_measure,0.8267741935483871,1.0,0.9476400735811814,0.9531451612903226,0.7683064516129032,-0.6866129032258065,0.6712096774193549
mutual_info,0.8816306782170524,0.9476400735811814,1.0,0.9192927278628047,0.7240468559305431,-0.537188249872282,0.5658178593460337
adjusted_rand_score,0.8109677419354838,0.9531451612903226,0.9192927278628047,1.0,0.7381451612903226,-0.617983870967742,0.6369354838709678
calinski_harabasz,0.7359677419354839,0.7683064516129032,0.7240468559305431,0.7381451612903226,1.0,-0.855,0.7607258064516129
davies_bouldin,-0.4646774193548387,-0.6866129032258065,-0.537188249872282,-0.617983870967742,-0.855,1.0,-0.7051612903225807
silhouette,0.5926612903225806,0.6712096774193549,0.5658178593460337,0.6369354838709678,0.7607258064516129,-0.7051612903225807,1.0
