,abilities,v_measure,mutual_info,adjusted_rand_score,calinski_harabasz,davies_bouldin,silhouette
abilities,1.0,0.8319354838709677,0.8875806451612903,0.8168548387096775,0.7387903225806451,-0.46766129032258064,0.5908870967741936
v_measure,0.8319354838709677,1.0,0.9484677419354839,0.9520161290322581,0.7716935483870968,-0.6878225806451613,0.677741935483871
mutual_info,0.8875806451612903,0.9484677419354839,1.0,0.9180645161290323,0.7265322580645162,-0.5386290322580645,0.5729032258064516
adjusted_rand_score,0.8168548387096775,0.9520161290322581,0.9180645161290323,1.0,0.7381451612903226,-0.617983870967742,0.6374193548387097
calinski_harabasz,0.7387903225806451,0.7716935483870968,0.7265322580645162,0.7381451612903226,1.0,-0.855,0.7608064516129033
davies_bouldin,-0.46766129032258064,-0.6878225806451613,-0.5386290322580645,-0.617983870967742,-0.855,1.0,-0.7069354838709677
silhouette,0.5908870967741936,0.677741935483871,0.5729032258064516,0.6374193548387097,0.7608064516129033,-0.7069354838709677,1.0
