,abilities,v_measure,mutual_info,adjusted_rand_score,calinski_harabasz,davies_bouldin,silhouette
abilities,1.0,0.793001443001443,0.8088023088023089,0.8173160173160173,0.6861471861471862,-0.620995670995671,0.4462481962481962
v_measure,0.793001443001443,1.0,0.9927849927849928,0.9570707070707071,0.8888888888888888,-0.8448051948051948,0.5305916305916306
mutual_info,0.8088023088023089,0.9927849927849928,1.0,0.9585137085137085,0.8760461760461761,-0.8362193362193362,0.5107503607503607
adjusted_rand_score,0.8173160173160173,0.9570707070707071,0.9585137085137085,1.0,0.8445887445887446,-0.7667388167388167,0.5186147186147186
calinski_harabasz,0.6861471861471862,0.8888888888888888,0.8760461760461761,0.8445887445887446,1.0,-0.932972582972583,0.529076479076479
davies_bouldin,-0.620995670995671,-0.8448051948051948,-0.8362193362193362,-0.7667388167388167,-0.932972582972583,1.0,-0.49047619047619045
silhouette,0.4462481962481962,0.5305916305916306,0.5107503607503607,0.5186147186147186,0.529076479076479,-0.49047619047619045,1.0
