,abilities,v_measure,mutual_info,adjusted_rand_score,calinski_harabasz,davies_bouldin,silhouette
abilities,1.0,0.7908369408369408,0.8053391053391054,0.8164502164502164,0.6854256854256854,-0.6205627705627705,0.4453102453102453
v_measure,0.7908369408369408,1.0,0.994011544011544,0.9570707070707071,0.8893217893217893,-0.8427128427128427,0.5291486291486291
mutual_info,0.8053391053391054,0.994011544011544,1.0,0.959018759018759,0.8798701298701299,-0.8331168831168831,0.5106782106782107
adjusted_rand_score,0.8164502164502164,0.9570707070707071,0.959018759018759,1.0,0.8459595959595959,-0.7639249639249639,0.5155122655122655
calinski_harabasz,0.6854256854256854,0.8893217893217893,0.8798701298701299,0.8459595959595959,1.0,-0.934054834054834,0.5295815295815296
davies_bouldin,-0.6205627705627705,-0.8427128427128427,-0.8331168831168831,-0.7639249639249639,-0.934054834054834,1.0,-0.48744588744588746
silhouette,0.4453102453102453,0.5291486291486291,0.5106782106782107,0.5155122655122655,0.5295815295815296,-0.48744588744588746,1.0
