,abilities,v_measure,mutual_info,adjusted_rand_score,calinski_harabasz,davies_bouldin,silhouette
abilities,1.0,0.7888888888888889,0.8053391053391054,0.8144300144300144,0.6841269841269841,-0.6219336219336219,0.4616883116883117
v_measure,0.7888888888888889,1.0,0.9945887445887446,0.9570707070707071,0.8891053391053391,-0.8448773448773449,0.5307359307359307
mutual_info,0.8053391053391054,0.9945887445887446,1.0,0.958946608946609,0.8792929292929293,-0.8364357864357864,0.5119047619047619
adjusted_rand_score,0.8144300144300144,0.9570707070707071,0.958946608946609,1.0,0.8453823953823953,-0.7649350649350649,0.5183261183261183
calinski_harabasz,0.6841269841269841,0.8891053391053391,0.8792929292929293,0.8453823953823953,1.0,-0.9348484848484848,0.5305194805194805
davies_bouldin,-0.6219336219336219,-0.8448773448773449,-0.8364357864357864,-0.7649350649350649,-0.9348484848484848,1.0,-0.48658008658008656
silhouette,0.4616883116883117,0.5307359307359307,0.5119047619047619,0.5183261183261183,0.5305194805194805,-0.48658008658008656,1.0
