,abilities,v_measure,mutual_info,adjusted_rand_score,calinski_harabasz,davies_bouldin,silhouette
abilities,1.0,0.7630591630591631,0.7870632588448288,0.8167388167388168,0.6414141414141414,-0.5585858585858586,0.38477633477633477
v_measure,0.7630591630591631,1.0,0.9890871049066632,0.9363636363636364,0.8846320346320347,-0.8332611832611833,0.5062049062049062
mutual_info,0.7870632588448288,0.9890871049066632,1.0,0.9443532532786856,0.8739695883382143,-0.8038023775185236,0.4721585887959444
adjusted_rand_score,0.8167388167388168,0.9363636363636364,0.9443532532786856,1.0,0.8069264069264069,-0.7126262626262626,0.4494949494949495
calinski_harabasz,0.6414141414141414,0.8846320346320347,0.8739695883382143,0.8069264069264069,1.0,-0.9160173160173161,0.5232323232323233
davies_bouldin,-0.5585858585858586,-0.8332611832611833,-0.8038023775185236,-0.7126262626262626,-0.9160173160173161,1.0,-0.4919191919191919
silhouette,0.38477633477633477,0.5062049062049062,0.4721585887959444,0.4494949494949495,0.5232323232323233,-0.4919191919191919,1.0
