,abilities,v_measure,mutual_info,adjusted_rand_score,calinski_harabasz,davies_bouldin,silhouette
abilities,1.0,0.6953684837107077,0.7426223127818861,0.8116715126262048,0.6800750932942604,-0.45539046223585705,0.3282355365278509
v_measure,0.6953684837107077,1.0,0.9358043911261704,0.9076901943725818,0.8179445500125918,-0.6922090707204835,0.6281050390347764
mutual_info,0.7426223127818861,0.9358043911261704,1.0,0.8578722040339751,0.7637766432381694,-0.6207788639849814,0.4937155154650976
adjusted_rand_score,0.8116715126262048,0.9076901943725818,0.8578722040339751,1.0,0.7208727306028069,-0.5412898646947045,0.4846493738409762
calinski_harabasz,0.6800750932942604,0.8179445500125918,0.7637766432381694,0.7208727306028069,1.0,-0.9008219052633989,0.7402870944847638
davies_bouldin,-0.45539046223585705,-0.6922090707204835,-0.6207788639849814,-0.5412898646947045,-0.9008219052633989,1.0,-0.7837862588429222
silhouette,0.3282355365278509,0.6281050390347764,0.4937155154650976,0.4846493738409762,0.7402870944847638,-0.7837862588429222,1.0
