,abilities,v_measure,mutual_info,adjusted_rand_score,calinski_harabasz,davies_bouldin,silhouette
abilities,1.0,0.6949135487766019,0.8008418793308371,0.7091348169514834,0.7665900820070771,-0.7226852705898137,0.705579499907763
v_measure,0.6949135487766019,1.0,0.8981778847679023,0.9833973402203626,0.8840497073571584,-0.8354156534572105,0.6798537624310319
mutual_info,0.8008418793308371,0.8981778847679023,1.0,0.8972387365417693,0.8318673118013006,-0.7879789027336231,0.5746413208651002
adjusted_rand_score,0.7091348169514834,0.9833973402203626,0.8972387365417693,1.0,0.8857602844253635,-0.8201210820238475,0.6873333445135756
calinski_harabasz,0.7665900820070771,0.8840497073571584,0.8318673118013006,0.8857602844253635,1.0,-0.9404316691542706,0.6738164316020728
davies_bouldin,-0.7226852705898137,-0.8354156534572105,-0.7879789027336231,-0.8201210820238475,-0.9404316691542706,1.0,-0.6135102047661373
silhouette,0.705579499907763,0.6798537624310319,0.5746413208651002,0.6873333445135756,0.6738164316020728,-0.6135102047661373,1.0
