,abilities,v_measure,mutual_info,adjusted_rand_score,calinski_harabasz,davies_bouldin,silhouette
abilities,1.0,0.6933035938888795,0.7984436972533904,0.707591943517416,0.7666907041875597,-0.7258045581847758,0.7058142849955559
v_measure,0.6933035938888795,1.0,0.8987816229132735,0.9833302587667074,0.88512301061564,-0.8349125425547972,0.6801220882456522
mutual_info,0.7984436972533904,0.8987816229132735,1.0,0.8991002624899972,0.8320014758336053,-0.7877776566851661,0.5745910093529859
adjusted_rand_score,0.707591943517416,0.9833302587667074,0.8991002624899972,1.0,0.8847876033473645,-0.8174042831508159,0.6863942041624042
calinski_harabasz,0.7666907041875597,0.88512301061564,0.8320014758336053,0.8847876033473645,1.0,-0.94002918043234,0.6736151872411075
davies_bouldin,-0.7258045581847758,-0.8349125425547972,-0.7877776566851661,-0.8174042831508159,-0.94002918043234,1.0,-0.612638145868621
silhouette,0.7058142849955559,0.6801220882456522,0.5745910093529859,0.6863942041624042,0.6736151872411075,-0.612638145868621,1.0
