,abilities,v_measure,mutual_info,adjusted_rand_score,calinski_harabasz,davies_bouldin,silhouette
abilities,1.0,0.7577353301246038,0.8704394710889041,0.7690050143386608,0.7862114072011941,-0.7119857787318251,0.640611112042798
v_measure,0.7577353301246038,1.0,0.8955952271460367,0.9831290144057422,0.9236277650136678,-0.8718073420651026,0.635613543745493
mutual_info,0.8704394710889041,0.8955952271460367,1.0,0.8977753926709882,0.8712779962908085,-0.817897481937573,0.5309709283499179
adjusted_rand_score,0.7690050143386608,0.9831290144057422,0.8977753926709882,1.0,0.923024031930772,-0.8555400895537406,0.64359623673045
calinski_harabasz,0.7862114072011941,0.9236277650136678,0.8712779962908085,0.923024031930772,1.0,-0.9367086484764124,0.6296097536433615
davies_bouldin,-0.7119857787318251,-0.8718073420651026,-0.817897481937573,-0.8555400895537406,-0.9367086484764124,1.0,-0.5849335055090644
silhouette,0.640611112042798,0.635613543745493,0.5309709283499179,0.64359623673045,0.6296097536433615,-0.5849335055090644,1.0
