,abilities,v_measure,mutual_info,adjusted_rand_score,calinski_harabasz,davies_bouldin,silhouette
abilities,1.0,0.6929011051669489,0.7984772382614665,0.7083633802344497,0.7688037699776954,-0.7274480537993259,0.705881366449211
v_measure,0.6929011051669489,1.0,0.898865475433464,0.9834308809471901,0.8836807593620554,-0.8350131647352799,0.6796525180700665
mutual_info,0.7984772382614665,0.898865475433464,1.0,0.8994189020667208,0.8310287865993962,-0.7882472307982326,0.5746916323772144
adjusted_rand_score,0.7083633802344497,0.9834308809471901,0.8994189020667208,1.0,0.8844857368059166,-0.8180415569605394,0.6861929598014389
calinski_harabasz,0.7688037699776954,0.8836807593620554,0.8310287865993962,0.8844857368059166,1.0,-0.9398614767982022,0.6735145650606249
davies_bouldin,-0.7274480537993259,-0.8350131647352799,-0.7882472307982326,-0.8180415569605394,-0.9398614767982022,1.0,-0.6124369015076556
silhouette,0.705881366449211,0.6796525180700665,0.5746916323772144,0.6861929598014389,0.6735145650606249,-0.6124369015076556,1.0
