,abilities,v_measure,mutual_info,adjusted_rand_score,calinski_harabasz,davies_bouldin,silhouette
abilities,1.0,0.697596806922806,0.8008687048248335,0.7178554059266464,0.774572774992034,-0.7234567073068473,0.7081285951466568
v_measure,0.697596806922806,1.0,0.8966945613711449,0.9831625551325697,0.8877056465813614,-0.8298143520770095,0.6804574955139278
mutual_info,0.8008687048248335,0.8966945613711449,1.0,0.9016250482147948,0.8336715356621778,-0.7866809773767798,0.5737309027486626
adjusted_rand_score,0.7178554059266464,0.9831625551325697,0.9016250482147948,1.0,0.8868335876838451,-0.8142179141021986,0.6865954485233695
calinski_harabasz,0.774572774992034,0.8877056465813614,0.8336715356621778,0.8868335876838451,1.0,-0.9290949034865585,0.672608965436281
davies_bouldin,-0.7234567073068473,-0.8298143520770095,-0.7866809773767798,-0.8142179141021986,-0.9290949034865585,1.0,-0.607640577571316
silhouette,0.7081285951466568,0.6804574955139278,0.5737309027486626,0.6865954485233695,0.672608965436281,-0.607640577571316,1.0
