,abilities,v_measure,mutual_info,adjusted_rand_score,calinski_harabasz,davies_bouldin,silhouette
abilities,1.0,0.9403589021815623,0.8181883356209473,0.9412385643912737,0.923469387755102,-0.5582336382828994,0.7728712174524982
v_measure,0.9403589021815623,1.0,0.7037526552515327,0.9822308233638283,0.8849401829697396,-0.6305418719211823,0.8360309641097818
mutual_info,0.8181883356209473,0.7037526552515327,1.0,0.6776877420940686,0.8214018180650182,-0.3233120392340248,0.46381263276090356
adjusted_rand_score,0.9412385643912737,0.9822308233638283,0.6776877420940686,1.0,0.8557353976073188,-0.6240323715693173,0.8219563687543983
calinski_harabasz,0.923469387755102,0.8849401829697396,0.8214018180650182,0.8557353976073188,1.0,-0.643560872624912,0.7959183673469388
davies_bouldin,-0.5582336382828994,-0.6305418719211823,-0.3233120392340248,-0.6240323715693173,-0.643560872624912,1.0,-0.8961998592540464
silhouette,0.7728712174524982,0.8360309641097818,0.46381263276090356,0.8219563687543983,0.7959183673469388,-0.8961998592540464,1.0
