,abilities,v_measure,mutual_info,adjusted_rand_score,calinski_harabasz,davies_bouldin,silhouette
abilities,1.0,0.9387127930459215,0.8062965091856535,0.9292299587321099,0.9144788831328475,-0.5608042848362454,0.7487048906839934
v_measure,0.9387127930459215,1.0,0.6685515968922816,0.9708490648871718,0.8689964000351216,-0.6291158135042585,0.8177188515233997
mutual_info,0.8062965091856535,0.6685515968922816,1.0,0.6464235432399915,0.8008755803792692,-0.32534459606840926,0.43163034774768205
adjusted_rand_score,0.9292299587321099,0.9708490648871718,0.6464235432399915,1.0,0.8266748617086662,-0.5913600842918606,0.7738168408113092
calinski_harabasz,0.9144788831328475,0.8689964000351216,0.8008755803792692,0.8266748617086662,1.0,-0.6333304065326192,0.7711827201685837
davies_bouldin,-0.5608042848362454,-0.6291158135042585,-0.32534459606840926,-0.5913600842918606,-0.6333304065326192,1.0,-0.9100886820616384
silhouette,0.7487048906839934,0.8177188515233997,0.43163034774768205,0.7738168408113092,0.7711827201685837,-0.9100886820616384,1.0
