,abilities,v_measure,mutual_info,adjusted_rand_score,calinski_harabasz,davies_bouldin,silhouette
abilities,1.0,0.9723104056437389,0.8302435669176104,0.9814814814814815,0.8839506172839506,-0.4800705467372134,0.7324514991181658
v_measure,0.9723104056437389,1.0,0.8008838127938882,0.9888888888888889,0.8982363315696649,-0.5596119929453263,0.807936507936508
mutual_info,0.8302435669176104,0.8008838127938882,1.0,0.7933418576061431,0.8605909580302039,-0.305808325826904,0.5255126632603843
adjusted_rand_score,0.9814814814814815,0.9888888888888889,0.7933418576061431,1.0,0.8767195767195767,-0.5485008818342152,0.7871252204585538
calinski_harabasz,0.8839506172839506,0.8982363315696649,0.8605909580302039,0.8767195767195767,1.0,-0.5611992945326278,0.7698412698412699
davies_bouldin,-0.4800705467372134,-0.5596119929453263,-0.305808325826904,-0.5485008818342152,-0.5611992945326278,1.0,-0.8848324514991182
silhouette,0.7324514991181658,0.807936507936508,0.5255126632603843,0.7871252204585538,0.7698412698412699,-0.8848324514991182,1.0
