,abilities,v_measure,mutual_info,adjusted_rand_score,calinski_harabasz,davies_bouldin,silhouette
abilities,1.0,0.9800705467372134,0.72974609496538,0.9890652557319224,0.8737213403880071,-0.535626102292769,0.7721340388007054
v_measure,0.9800705467372134,1.0,0.6991939865688489,0.9846560846560847,0.8827160493827161,-0.5811287477954145,0.8192239858906526
mutual_info,0.72974609496538,0.6991939865688489,1.0,0.6877818754913211,0.8124165059206995,-0.24801123286595847,0.4101171256522589
adjusted_rand_score,0.9890652557319224,0.9846560846560847,0.6877818754913211,1.0,0.8603174603174604,-0.5747795414462081,0.8028218694885362
calinski_harabasz,0.8737213403880071,0.8827160493827161,0.8124165059206995,0.8603174603174604,1.0,-0.5218694885361552,0.734920634920635
davies_bouldin,-0.535626102292769,-0.5811287477954145,-0.24801123286595847,-0.5747795414462081,-0.5218694885361552,1.0,-0.8814814814814815
silhouette,0.7721340388007054,0.8192239858906526,0.4101171256522589,0.8028218694885362,0.734920634920635,-0.8814814814814815,1.0
