,abilities,v_measure,mutual_info,adjusted_rand_score,calinski_harabasz,davies_bouldin,silhouette
abilities,1.0,0.8585642124598194,0.776927394254809,0.888667789172917,0.8290729118832594,-0.5387519771416909,0.7004949232103679
v_measure,0.8585642124598194,1.0,0.8956069187203429,0.9738762181743966,0.908056533496607,-0.7384560436756977,0.7707025868666769
mutual_info,0.776927394254809,0.8956069187203429,1.0,0.8841777641716414,0.7848869840297974,-0.5978366243175672,0.6278381550079085
adjusted_rand_score,0.888667789172917,0.9738762181743966,0.8841777641716414,1.0,0.86346242155212,-0.6491657737639676,0.7296800857186592
calinski_harabasz,0.8290729118832594,0.908056533496607,0.7848869840297974,0.86346242155212,1.0,-0.869279044849227,0.8244808408592275
davies_bouldin,-0.5387519771416909,-0.7384560436756977,-0.5978366243175672,-0.6491657737639676,-0.869279044849227,1.0,-0.8061125567631001
silhouette,0.7004949232103679,0.7707025868666769,0.6278381550079085,0.7296800857186592,0.8244808408592275,-0.8061125567631001,1.0
