,abilities,v_measure,mutual_info,adjusted_rand_score,calinski_harabasz,davies_bouldin,silhouette
abilities,1.0,0.8530537272309812,0.7678452982295015,0.8864227766722792,0.8023368539211184,-0.5463033828256544,0.6913107811623042
v_measure,0.8530537272309812,1.0,0.8929537221286801,0.976325322720547,0.8825450278075412,-0.7367212612888413,0.7517220266340119
mutual_info,0.7678452982295015,0.8929537221286801,1.0,0.8955048726975866,0.7663146078881575,-0.5931425072707791,0.6199806112556763
adjusted_rand_score,0.8864227766722792,0.976325322720547,0.8955048726975866,1.0,0.8318281544976784,-0.6441655186489107,0.705189040257156
calinski_harabasz,0.8023368539211184,0.8825450278075412,0.7663146078881575,0.8318281544976784,1.0,-0.8575437522322568,0.8098882596050819
davies_bouldin,-0.5463033828256544,-0.7367212612888413,-0.5931425072707791,-0.6441655186489107,-0.8575437522322568,1.0,-0.8071330169906628
silhouette,0.6913107811623042,0.7517220266340119,0.6199806112556763,0.705189040257156,0.8098882596050819,-0.8071330169906628,1.0
