,abilities,v_measure,mutual_info,adjusted_rand_score,calinski_harabasz,davies_bouldin,silhouette
abilities,1.0,0.8685647226899331,0.800602071534262,0.9034644624725752,0.8332567988162661,-0.5304862492984336,0.6886575845706414
v_measure,0.8685647226899331,1.0,0.8929537221286801,0.9781621511301597,0.9155058931578142,-0.7471299556099801,0.7548854533394561
mutual_info,0.800602071534262,0.8929537221286801,1.0,0.888667789172917,0.7943772641461299,-0.5974284402265422,0.5959997959079545
adjusted_rand_score,0.9034644624725752,0.9781621511301597,0.888667789172917,1.0,0.8835654880351038,-0.6831470993418032,0.7121281698045818
calinski_harabasz,0.8332567988162661,0.9155058931578142,0.7943772641461299,0.8835654880351038,1.0,-0.8492780243889995,0.818868309607633
davies_bouldin,-0.5304862492984336,-0.7471299556099801,-0.5974284402265422,-0.6831470993418032,-0.8492780243889995,1.0,-0.8139701005153324
silhouette,0.6886575845706414,0.7548854533394561,0.5959997959079545,0.7121281698045818,0.818868309607633,-0.8139701005153324,1.0
