,abilities,v_measure,mutual_info,adjusted_rand_score,calinski_harabasz,davies_bouldin,silhouette
abilities,1.0,0.8569314760957192,0.7772335323230777,0.888259605081892,0.8289708658605031,-0.5315067095259962,0.6992703709372927
v_measure,0.8569314760957192,1.0,0.8986682994030307,0.9733659880606154,0.9051992448594316,-0.7358028470840349,0.7683555283432828
mutual_info,0.7772335323230777,0.8986682994030307,1.0,0.8842798101943977,0.7858053982346038,-0.5964079799989795,0.6275320169396398
adjusted_rand_score,0.888259605081892,0.9733659880606154,0.8842798101943977,1.0,0.8629521914383387,-0.6476350834226237,0.7294759936731466
calinski_harabasz,0.8289708658605031,0.9051992448594316,0.7858053982346038,0.8629521914383387,1.0,-0.8671360783713454,0.8244808408592275
davies_bouldin,-0.5315067095259962,-0.7358028470840349,-0.5964079799989795,-0.6476350834226237,-0.8671360783713454,1.0,-0.8043777743762437
silhouette,0.6992703709372927,0.7683555283432828,0.6275320169396398,0.7294759936731466,0.8244808408592275,-0.8043777743762437,1.0
