,abilities,v_measure,mutual_info,adjusted_rand_score,calinski_harabasz,davies_bouldin,silhouette
abilities,1.0,0.6819965870492218,0.6931874970299473,0.5661649285823517,0.43445473852688604,-0.398257871895103,0.7464372556865401
v_measure,0.6819965870492218,1.0,0.9966876599449628,0.9614111790076969,-0.08336026891127478,0.107217066697921,0.24035338982984988
mutual_info,0.6931874970299473,0.9966876599449628,1.0,0.9513425455244362,-0.05216778238227689,0.07737347995386724,0.25818892414713407
adjusted_rand_score,0.5661649285823517,0.9614111790076969,0.9513425455244362,1.0,-0.2346169241371546,0.24834549251358742,0.08985132531571166
calinski_harabasz,0.43445473852688604,-0.08336026891127478,-0.05216778238227689,-0.2346169241371546,1.0,-0.9834405491089292,0.7664440272092092
davies_bouldin,-0.398257871895103,0.107217066697921,0.07737347995386724,0.24834549251358742,-0.9834405491089292,1.0,-0.7883591369386561
silhouette,0.7464372556865401,0.24035338982984988,0.25818892414713407,0.08985132531571166,0.7664440272092092,-0.7883591369386561,1.0
