,abilities,v_measure,mutual_info,adjusted_rand_score,calinski_harabasz,davies_bouldin,silhouette
abilities,1.0,0.6919087017425123,0.716541766906352,0.5735832805525766,0.4334082304780079,-0.3990581427560097,0.7465603742805257
v_measure,0.6919087017425123,1.0,0.9935414354431251,0.9585789718841392,-0.07578765954931999,0.10007541884437013,0.24758738657805873
mutual_info,0.716541766906352,0.9935414354431251,1.0,0.9347281770124592,-0.0201942626102001,0.048959525229004215,0.28127062258451224
adjusted_rand_score,0.5735832805525766,0.9585789718841392,0.9347281770124592,1.0,-0.23073844966309512,0.24502108582153642,0.09468402763656357
calinski_harabasz,0.4334082304780079,-0.07578765954931999,-0.0201942626102001,-0.23073844966309512,1.0,-0.9836252269999076,0.765089722675367
davies_bouldin,-0.3990581427560097,0.10007541884437013,0.048959525229004215,0.24502108582153642,-0.9836252269999076,1.0,-0.787374188186771
silhouette,0.7465603742805257,0.24758738657805873,0.28127062258451224,0.09468402763656357,0.765089722675367,-0.787374188186771,1.0
