,abilities,v_measure,mutual_info,adjusted_rand_score,calinski_harabasz,davies_bouldin,silhouette
abilities,1.0,0.2744687741913179,0.311494445090111,0.035664830667291175,0.735745715252777,-0.7210991107418689,0.8951967752853934
v_measure,0.2744687741913179,1.0,0.9967047990202759,0.935387078412152,-0.1630379600477186,0.10955363113814236,0.08222677033739224
mutual_info,0.311494445090111,0.9967047990202759,1.0,0.9176331895625118,-0.12121029519275103,0.06664102611715275,0.11160216203722809
adjusted_rand_score,0.035664830667291175,0.935387078412152,0.9176331895625118,1.0,-0.37178816576549784,0.291996184816157,-0.12336523394751539
calinski_harabasz,0.735745715252777,-0.1630379600477186,-0.12121029519275103,-0.37178816576549784,1.0,-0.9481214806609434,0.7986399581525585
davies_bouldin,-0.7210991107418689,0.10955363113814236,0.06664102611715275,0.291996184816157,-0.9481214806609434,1.0,-0.7921782208683344
silhouette,0.8951967752853934,0.08222677033739224,0.11160216203722809,-0.12336523394751539,0.7986399581525585,-0.7921782208683344,1.0
