,abilities,v_measure,mutual_info,adjusted_rand_score,calinski_harabasz,davies_bouldin,silhouette
abilities,1.0,0.8564255051697492,0.8425400170065029,0.8812243102404924,0.8904754075554263,-0.8864788981775411,0.9181980295691106
v_measure,0.8564255051697492,1.0,0.990954635993034,0.9749418153480277,0.8499873568861916,-0.8497849789440759,0.8161269974459486
mutual_info,0.8425400170065029,0.990954635993034,1.0,0.9580777043426028,0.8493833540311477,-0.8497881355187422,0.8097780153543216
adjusted_rand_score,0.8812243102404924,0.9749418153480277,0.9580777043426028,1.0,0.8265730738460101,-0.8225763622744626,0.8086890543454782
calinski_harabasz,0.8904754075554263,0.8499873568861916,0.8493833540311477,0.8265730738460101,1.0,-0.9974705636848828,0.9760209437326892
davies_bouldin,-0.8864788981775411,-0.8497849789440759,-0.8497881355187422,-0.8225763622744626,-0.9974705636848828,1.0,-0.9709367767393037
silhouette,0.9181980295691106,0.8161269974459486,0.8097780153543216,0.8086890543454782,0.9760209437326892,-0.9709367767393037,1.0
