,abilities,v_measure,mutual_info,adjusted_rand_score,calinski_harabasz,davies_bouldin,silhouette
abilities,1.0,0.8874818993867419,0.8775137302714542,0.8967357970700905,0.8832952813599624,-0.8867104739073216,0.8982588842619105
v_measure,0.8874818993867419,1.0,0.9943061809951383,0.982782179432394,0.8307400433348051,-0.8377482660241226,0.7995319469908586
mutual_info,0.8775137302714542,0.9943061809951383,1.0,0.9714441286289728,0.8326839088366241,-0.839844658983266,0.8005870481969943
adjusted_rand_score,0.8967357970700905,0.982782179432394,0.9714441286289728,1.0,0.8183543113378492,-0.8191891731439903,0.7946998934971848
calinski_harabasz,0.8832952813599624,0.8307400433348051,0.8326839088366241,0.8183543113378492,1.0,-0.9966607217394604,0.9786235596200306
davies_bouldin,-0.8867104739073216,-0.8377482660241226,-0.839844658983266,-0.8191891731439903,-0.9966607217394604,1.0,-0.9748795203582135
silhouette,0.8982588842619105,0.7995319469908586,0.8005870481969943,0.7946998934971848,0.9786235596200306,-0.9748795203582135,1.0
