,abilities,v_measure,mutual_info,adjusted_rand_score,calinski_harabasz,davies_bouldin,silhouette
abilities,1.0,0.8587402028826983,0.844854861138684,0.8833238485976977,0.891765420076136,-0.8875665557930416,0.9185521506532269
v_measure,0.8587402028826983,1.0,0.9910305411623279,0.975093606483729,0.849734384458547,-0.8495573037591957,0.8160511057176552
mutual_info,0.844854861138684,0.9910305411623279,1.0,0.9579765038509707,0.8493074575022238,-0.8497881355187422,0.8096768199824229
adjusted_rand_score,0.8833238485976977,0.975093606483729,0.9579765038509707,1.0,0.8265224825602943,-0.8225004753458889,0.8089167151311992
calinski_harabasz,0.891765420076136,0.849734384458547,0.8493074575022238,0.8265224825602943,1.0,-0.9975464467743363,0.9757427057380262
davies_bouldin,-0.8875665557930416,-0.8495573037591957,-0.8497881355187422,-0.8225004753458889,-0.9975464467743363,1.0,-0.9708608936498502
silhouette,0.9185521506532269,0.8160511057176552,0.8096768199824229,0.8089167151311992,0.9757427057380262,-0.9708608936498502,1.0
