,abilities,v_measure,mutual_info,adjusted_rand_score,calinski_harabasz,davies_bouldin,silhouette
abilities,1.0,0.8880202461095881,0.8785005560610037,0.8973878956525394,0.8822145486282397,-0.8853261488255607,0.897721954489685
v_measure,0.8880202461095881,1.0,0.9945781856149328,0.9832123087250592,0.8305376397914312,-0.8376976651382791,0.7996584492054672
mutual_info,0.8785005560610037,0.9945781856149328,1.0,0.9718424940119563,0.8322843267443351,-0.839609592765236,0.8002252177685785
adjusted_rand_score,0.8973878956525394,0.9832123087250592,0.9718424940119563,1.0,0.8185061043935112,-0.8192903685144316,0.7949275830806779
calinski_harabasz,0.8822145486282397,0.8305376397914312,0.8322843267443351,0.8185061043935112,1.0,-0.9967619119897798,0.9785223693697113
davies_bouldin,-0.8853261488255607,-0.8376976651382791,-0.839609592765236,-0.8192903685144316,-0.9967619119897798,1.0,-0.9748289252330538
silhouette,0.897721954489685,0.7996584492054672,0.8002252177685785,0.7949275830806779,0.9785223693697113,-0.9748289252330538,1.0
