,abilities,v_measure,mutual_info,adjusted_rand_score,calinski_harabasz,davies_bouldin,silhouette
abilities,1.0,0.9620006796626401,0.9471561255758804,0.9634835799684883,0.9208501961753529,-0.7570514998918718,0.7686675522876827
v_measure,0.9620006796626401,1.0,0.9375502688474129,0.9957366616206864,0.9202941085606599,-0.8179739874571349,0.8138960116160524
mutual_info,0.9471561255758804,0.9375502688474129,1.0,0.9340685343697807,0.9089192201518836,-0.7319414131772385,0.717050780902365
adjusted_rand_score,0.9634835799684883,0.9957366616206864,0.9340685343697807,1.0,0.9131885445951373,-0.8157496369983627,0.8071611727269918
calinski_harabasz,0.9208501961753529,0.9202941085606599,0.9089192201518836,0.9131885445951373,1.0,-0.7996848836850072,0.763848126293676
davies_bouldin,-0.7570514998918718,-0.8179739874571349,-0.7319414131772385,-0.8157496369983627,-0.7996848836850072,1.0,-0.8250177639099138
silhouette,0.7686675522876827,0.8138960116160524,0.717050780902365,0.8071611727269918,0.763848126293676,-0.8250177639099138,1.0
