,abilities,v_measure,mutual_info,adjusted_rand_score,calinski_harabasz,davies_bouldin,silhouette
abilities,1.0,0.9544080449133198,0.9284343062283432,0.9516318094885557,0.9230057375532111,-0.7806774014436424,0.7522981059904991
v_measure,0.9544080449133198,1.0,0.9091481245339896,0.992473317292862,0.9170831019803812,-0.834844839286816,0.7905484607316923
mutual_info,0.9284343062283432,0.9091481245339896,1.0,0.89773765047688,0.8944509378408648,-0.7260844320525369,0.6444127237198563
adjusted_rand_score,0.9516318094885557,0.992473317292862,0.89773765047688,1.0,0.9080140662594854,-0.8460114751064224,0.7923375902276513
calinski_harabasz,0.9230057375532111,0.9170831019803812,0.8944509378408648,0.9080140662594854,1.0,-0.8118946264421001,0.7377382935406256
davies_bouldin,-0.7806774014436424,-0.834844839286816,-0.7260844320525369,-0.8460114751064224,-0.8118946264421001,1.0,-0.8103522734283423
silhouette,0.7522981059904991,0.7905484607316923,0.6444127237198563,0.7923375902276513,0.7377382935406256,-0.8103522734283423,1.0
