,abilities,v_measure,mutual_info,adjusted_rand_score,calinski_harabasz,davies_bouldin,silhouette
abilities,1.0,0.954934098836312,0.9304898738467338,0.9564157175047072,0.9470321326048708,-0.7823255239682687,0.7575084112726487
v_measure,0.954934098836312,1.0,0.9064798370445332,0.9946291323270673,0.9312282001419885,-0.8283174367997037,0.8030681853258018
mutual_info,0.9304898738467338,0.9064798370445332,1.0,0.9012305534487092,0.9130957980262521,-0.7232518847855659,0.6749522635340497
adjusted_rand_score,0.9564157175047072,0.9946291323270673,0.9012305534487092,1.0,0.9243139796894774,-0.8274531592431398,0.7989937339877149
calinski_harabasz,0.9470321326048708,0.9312282001419885,0.9130957980262521,0.9243139796894774,1.0,-0.8402938543692318,0.7489891039293762
davies_bouldin,-0.7823255239682687,-0.8283174367997037,-0.7232518847855659,-0.8274531592431398,-0.8402938543692318,1.0,-0.8053523474395777
silhouette,0.7575084112726487,0.8030681853258018,0.6749522635340497,0.7989937339877149,0.7489891039293762,-0.8053523474395777,1.0
