,abilities,v_measure,mutual_info,adjusted_rand_score,calinski_harabasz,davies_bouldin,silhouette
abilities,1.0,0.939090491502067,0.9307193200345868,0.9353238401469913,0.9087735415709692,-0.7928801102434543,0.7467156637574645
v_measure,0.939090491502067,1.0,0.9506802633751834,0.9942122186495177,0.9271474506201194,-0.8455672944418925,0.7585209003215434
mutual_info,0.9307193200345868,0.9506802633751834,1.0,0.9445490729264552,0.9200704103078482,-0.7862214519027156,0.6902429668331493
adjusted_rand_score,0.9353238401469913,0.9942122186495177,0.9445490729264552,1.0,0.9188791915480018,-0.8545245751033532,0.7596233348644924
calinski_harabasz,0.9087735415709692,0.9271474506201194,0.9200704103078482,0.9188791915480018,1.0,-0.8293063849333946,0.7127239320165365
davies_bouldin,-0.7928801102434543,-0.8455672944418925,-0.7862214519027156,-0.8545245751033532,-0.8293063849333946,1.0,-0.7722094625631604
silhouette,0.7467156637574645,0.7585209003215434,0.6902429668331493,0.7596233348644924,0.7127239320165365,-0.7722094625631604,1.0
