,abilities,v_measure,mutual_info,adjusted_rand_score,calinski_harabasz,davies_bouldin,silhouette
abilities,1.0,0.9297995913776084,0.912028898196026,0.9304423681733661,0.9045476458299856,-0.7839810839971534,0.7373338536764537
v_measure,0.9297995913776084,1.0,0.9251882578986067,0.9956383003145015,0.9234177360483001,-0.8521154243474668,0.755607079727279
mutual_info,0.912028898196026,0.9251882578986067,1.0,0.9224457643703982,0.9069587420934554,-0.7643260324625057,0.6495791813956938
adjusted_rand_score,0.9304423681733661,0.9956383003145015,0.9224457643703982,1.0,0.9178623080278231,-0.8521613369757352,0.7507862537590965
calinski_harabasz,0.9045476458299856,0.9234177360483001,0.9069587420934554,0.9178623080278231,1.0,-0.8196092835334359,0.6962879640044994
davies_bouldin,-0.7839810839971534,-0.8521154243474668,-0.7643260324625057,-0.8521613369757352,-0.8196092835334359,1.0,-0.775211771997888
silhouette,0.7373338536764537,0.755607079727279,0.6495791813956938,0.7507862537590965,0.6962879640044994,-0.775211771997888,1.0
