,abilities,v_measure,mutual_info,adjusted_rand_score,calinski_harabasz,davies_bouldin,silhouette
abilities,1.0,0.9304535438854205,0.9112457175108328,0.9304535438854205,0.9093830334190232,-0.8132115313991921,0.7291590157914065
v_measure,0.9304535438854205,1.0,0.917649962365419,0.9956849063532868,0.9229250826294528,-0.8644876973925817,0.7425633492471538
mutual_info,0.9112457175108328,0.917649962365419,1.0,0.914424803086131,0.9043116250603636,-0.783114746715119,0.6306798970647707
adjusted_rand_score,0.9304535438854205,0.9956849063532868,0.914424803086131,1.0,0.9184263679764965,-0.8655894234300404,0.7400844656628718
calinski_harabasz,0.9093830334190232,0.9229250826294528,0.9043116250603636,0.9184263679764965,1.0,-0.8456206390011017,0.6937201615864855
davies_bouldin,-0.8132115313991921,-0.8644876973925817,-0.783114746715119,-0.8655894234300404,-0.8456206390011017,1.0,-0.7494032317297099
silhouette,0.7291590157914065,0.7425633492471538,0.6306798970647707,0.7400844656628718,0.6937201615864855,-0.7494032317297099,1.0
