,abilities,v_measure,mutual_info,adjusted_rand_score,calinski_harabasz,davies_bouldin,silhouette
abilities,1.0,0.7124125874125874,0.7321678321678322,0.7371503496503496,0.5959353146853147,-0.5211538461538462,0.3439248251748252
v_measure,0.7124125874125874,1.0,0.9963286713286713,0.9552884615384616,0.8622814685314686,-0.7901660839160839,0.43037587412587414
mutual_info,0.7321678321678322,0.9963286713286713,1.0,0.9586538461538462,0.8550262237762237,-0.7822552447552448,0.41429195804195806
adjusted_rand_score,0.7371503496503496,0.9552884615384616,0.9586538461538462,1.0,0.8297202797202797,-0.7338723776223777,0.425743006993007
calinski_harabasz,0.5959353146853147,0.8622814685314686,0.8550262237762237,0.8297202797202797,1.0,-0.9263986013986014,0.4451048951048951
davies_bouldin,-0.5211538461538462,-0.7901660839160839,-0.7822552447552448,-0.7338723776223777,-0.9263986013986014,1.0,-0.41647727272727275
silhouette,0.3439248251748252,0.43037587412587414,0.41429195804195806,0.425743006993007,0.4451048951048951,-0.41647727272727275,1.0
