,abilities,v_measure,mutual_info,adjusted_rand_score,calinski_harabasz,davies_bouldin,silhouette
abilities,1.0,0.7069493006993007,0.725,0.7321241258741259,0.5932692307692308,-0.5199737762237763,0.3388986013986014
v_measure,0.7069493006993007,1.0,0.9965034965034965,0.9552884615384616,0.8625874125874126,-0.7896853146853147,0.4313374125874126
mutual_info,0.725,0.9965034965034965,1.0,0.9586975524475524,0.8560751748251748,-0.7823863636363636,0.416215034965035
adjusted_rand_score,0.7321241258741259,0.9552884615384616,0.9586975524475524,1.0,0.8298951048951049,-0.7336538461538461,0.4282342657342657
calinski_harabasz,0.5932692307692308,0.8625874125874126,0.8560751748251748,0.8298951048951049,1.0,-0.92618006993007,0.44532342657342655
davies_bouldin,-0.5199737762237763,-0.7896853146853147,-0.7823863636363636,-0.7336538461538461,-0.92618006993007,1.0,-0.418006993006993
silhouette,0.3388986013986014,0.4313374125874126,0.416215034965035,0.4282342657342657,0.44532342657342655,-0.418006993006993,1.0
