,abilities,v_measure,mutual_info,adjusted_rand_score,calinski_harabasz,davies_bouldin,silhouette
abilities,1.0,0.7352272727272727,0.764715523598137,0.7892919580419581,0.6148164335664336,-0.526048951048951,0.3222902097902098
v_measure,0.7352272727272727,1.0,0.9940449524735936,0.9377622377622378,0.8604458041958042,-0.7815559440559441,0.41555944055944055
mutual_info,0.764715523598137,0.9940449524735936,1.0,0.9488302975904871,0.8510582502502171,-0.756760891226242,0.3840295458003047
adjusted_rand_score,0.7892919580419581,0.9377622377622378,0.9488302975904871,1.0,0.8002185314685315,-0.6911276223776224,0.37272727272727274
calinski_harabasz,0.6148164335664336,0.8604458041958042,0.8510582502502171,0.8002185314685315,1.0,-0.9152097902097902,0.4419143356643357
davies_bouldin,-0.526048951048951,-0.7815559440559441,-0.756760891226242,-0.6911276223776224,-0.9152097902097902,1.0,-0.41892482517482516
silhouette,0.3222902097902098,0.41555944055944055,0.3840295458003047,0.37272727272727274,0.4419143356643357,-0.41892482517482516,1.0
