,abilities,v_measure,mutual_info,adjusted_rand_score,calinski_harabasz,davies_bouldin,silhouette
abilities,1.0,0.7143356643356643,0.7383741258741259,0.7037587412587413,0.6432255244755245,-0.5769667832167832,0.2877185314685315
v_measure,0.7143356643356643,1.0,0.9945367132867133,0.9456293706293706,0.9215472027972028,-0.8423076923076923,0.37255244755244754
mutual_info,0.7383741258741259,0.9945367132867133,1.0,0.9534527972027972,0.9114073426573427,-0.8312062937062937,0.3451048951048951
adjusted_rand_score,0.7037587412587413,0.9456293706293706,0.9534527972027972,1.0,0.8581730769230769,-0.7275349650349651,0.37403846153846154
calinski_harabasz,0.6432255244755245,0.9215472027972028,0.9114073426573427,0.8581730769230769,1.0,-0.8878496503496504,0.42950174825174825
davies_bouldin,-0.5769667832167832,-0.8423076923076923,-0.8312062937062937,-0.7275349650349651,-0.8878496503496504,1.0,-0.32250874125874124
silhouette,0.2877185314685315,0.37255244755244754,0.3451048951048951,0.37403846153846154,0.42950174825174825,-0.32250874125874124,1.0
