,abilities,v_measure,mutual_info,adjusted_rand_score,calinski_harabasz,davies_bouldin,silhouette
abilities,1.0,0.5807072651737765,0.6745706043010076,0.6889249164049043,0.7075691559428513,-0.6013780524875874,0.6408957341169318
v_measure,0.5807072651737765,1.0,0.4060394188724857,0.9408248049447766,0.8042354848515554,-0.7231735738170028,0.9057655284223326
mutual_info,0.6745706043010076,0.4060394188724857,1.0,0.4177939915176587,0.4808228207012589,-0.48153214836088143,0.29822161460986407
adjusted_rand_score,0.6889249164049043,0.9408248049447766,0.4177939915176587,1.0,0.7884284121998176,-0.7023001317256055,0.8636133346843652
calinski_harabasz,0.7075691559428513,0.8042354848515554,0.4808228207012589,0.7884284121998176,1.0,-0.9458911743844362,0.834836356267099
davies_bouldin,-0.6013780524875874,-0.7231735738170028,-0.48153214836088143,-0.7023001317256055,-0.9458911743844362,1.0,-0.7081771202756105
silhouette,0.6408957341169318,0.9057655284223326,0.29822161460986407,0.8636133346843652,0.834836356267099,-0.7081771202756105,1.0
