,abilities,v_measure,mutual_info,adjusted_rand_score,calinski_harabasz,davies_bouldin,silhouette
abilities,1.0,0.6135373391427703,0.6432588547548138,0.7160806566014793,0.727024014591144,-0.6155638869186341,0.685074475630763
v_measure,0.6135373391427703,1.0,0.38850889242752934,0.9363663998378762,0.8103151281791469,-0.7268213598135576,0.9167088864119972
mutual_info,0.6432588547548138,0.38850889242752934,1.0,0.3938795161360998,0.48224147602050393,-0.4716015611261663,0.30055226263433804
adjusted_rand_score,0.7160806566014793,0.9363663998378762,0.3938795161360998,1.0,0.7973452224136184,-0.6982470361738778,0.8773938595602392
calinski_harabasz,0.727024014591144,0.8103151281791469,0.48224147602050393,0.7973452224136184,1.0,-0.9323133042861486,0.8386867970412403
davies_bouldin,-0.6155638869186341,-0.7268213598135576,-0.4716015611261663,-0.6982470361738778,-0.9323133042861486,1.0,-0.7067585368325058
silhouette,0.685074475630763,0.9167088864119972,0.30055226263433804,0.8773938595602392,0.8386867970412403,-0.7067585368325058,1.0
