,abilities,v_measure,mutual_info,adjusted_rand_score,calinski_harabasz,davies_bouldin,silhouette
abilities,1.0,0.7416151585773635,0.493363056034046,0.8660451920154018,0.6929780119566319,-0.6038099098186239,0.7805248758739487
v_measure,0.7416151585773635,1.0,0.37399939203566723,0.9329212686189077,0.8275407842739892,-0.6860877495186949,0.9193433985206201
mutual_info,0.493363056034046,0.37399939203566723,1.0,0.4062215016719019,0.49620022292025534,-0.4621542202857432,0.2941534096666329
adjusted_rand_score,0.8660451920154018,0.9329212686189077,0.4062215016719019,1.0,0.8050461039619009,-0.6769682845273077,0.8794204073361029
calinski_harabasz,0.6929780119566319,0.8275407842739892,0.49620022292025534,0.8050461039619009,1.0,-0.8632080251291924,0.8291620224946803
davies_bouldin,-0.6038099098186239,-0.6860877495186949,-0.4621542202857432,-0.6769682845273077,-0.8632080251291924,1.0,-0.6771709393048941
silhouette,0.7805248758739487,0.9193433985206201,0.2941534096666329,0.8794204073361029,0.8291620224946803,-0.6771709393048941,1.0
