,abilities,v_measure,mutual_info,adjusted_rand_score,calinski_harabasz,davies_bouldin,silhouette
abilities,1.0,0.7563013447240915,0.8139561333983131,0.7544815881164681,0.714201975513112,-0.514798645700842,0.485175107847896
v_measure,0.7563013447240915,1.0,0.9645500516176445,0.9781981067697854,0.7678780773739742,-0.7132158667389897,0.6027366100330703
mutual_info,0.8139561333983131,0.9645500516176445,1.0,0.9556613182621476,0.7258490665080226,-0.6087907473185071,0.5202883589088555
adjusted_rand_score,0.7544815881164681,0.9781981067697854,0.9556613182621476,1.0,0.7512554460989309,-0.6797256390964288,0.5803048065650644
calinski_harabasz,0.714201975513112,0.7678780773739742,0.7258490665080226,0.7512554460989309,1.0,-0.8868611222900736,0.5739007191475215
davies_bouldin,-0.514798645700842,-0.7132158667389897,-0.6087907473185071,-0.6797256390964288,-0.8868611222900736,1.0,-0.592973001347308
silhouette,0.485175107847896,0.6027366100330703,0.5202883589088555,0.5803048065650644,0.5739007191475215,-0.592973001347308,1.0
