,abilities,v_measure,mutual_info,adjusted_rand_score,calinski_harabasz,davies_bouldin,silhouette
abilities,1.0,0.7832758831866459,0.8364625807848438,0.7789365015485293,0.7137057969239383,-0.5292820773039841,0.4879529667022449
v_measure,0.7832758831866459,1.0,0.9690283300479858,0.9776731815716261,0.7593392941505835,-0.7106962257878252,0.6070759916711869
mutual_info,0.8364625807848438,0.9690283300479858,1.0,0.9589144172874136,0.7214299467225557,-0.6137465226246972,0.5319953108298978
adjusted_rand_score,0.7789365015485293,0.9776731815716261,0.9589144172874136,1.0,0.7427866529019614,-0.6742664170355724,0.5787650259837973
calinski_harabasz,0.7137057969239383,0.7593392941505835,0.7214299467225557,0.7427866529019614,1.0,-0.8908155587828734,0.5739707091739427
davies_bouldin,-0.5292820773039841,-0.7106962257878252,-0.6137465226246972,-0.6742664170355724,-0.8908155587828734,1.0,-0.5946877569946283
silhouette,0.4879529667022449,0.6070759916711869,0.5319953108298978,0.5787650259837973,0.5739707091739427,-0.5946877569946283,1.0
