,abilities,v_measure,mutual_info,adjusted_rand_score,calinski_harabasz,davies_bouldin,silhouette
abilities,1.0,0.794334307361201,0.8411474965545318,0.7812811674336407,0.7305034032650347,-0.5496841700057742,0.50524050322829
v_measure,0.794334307361201,1.0,0.9789240689432483,0.9814526429983728,0.8418575353012195,-0.7360326153523123,0.5218281394901226
mutual_info,0.8411474965545318,0.9789240689432483,1.0,0.9643485184225725,0.810054155287736,-0.6664683598823756,0.4686223217823987
adjusted_rand_score,0.7812811674336407,0.9814526429983728,0.9643485184225725,1.0,0.8210704974541128,-0.7063918391629193,0.5066053087435041
calinski_harabasz,0.7305034032650347,0.8418575353012195,0.810054155287736,0.8210704974541128,1.0,-0.8915154590470858,0.5463946387639761
davies_bouldin,-0.5496841700057742,-0.7360326153523123,-0.6664683598823756,-0.7063918391629193,-0.8915154590470858,1.0,-0.5636821752900212
silhouette,0.50524050322829,0.5218281394901226,0.4686223217823987,0.5066053087435041,0.5463946387639761,-0.5636821752900212,1.0
