,abilities,v_measure,mutual_info,adjusted_rand_score,calinski_harabasz,davies_bouldin,silhouette
abilities,1.0,0.7813861524732726,0.8346733624697178,0.7770817658483666,0.7138807719899914,-0.5288621371454568,0.4880229567286662
v_measure,0.7813861524732726,1.0,0.9689853982400745,0.9774632114923624,0.7592343091109517,-0.7100663155500341,0.6061661213277107
mutual_info,0.8346733624697178,0.9689853982400745,1.0,0.9586092860446834,0.7212360347079639,-0.6134504510256559,0.5313339341066506
adjusted_rand_score,0.7770817658483666,0.9774632114923624,0.9586092860446834,1.0,0.742926632954804,-0.6734615317317282,0.5779601406799532
calinski_harabasz,0.7138807719899914,0.7592343091109517,0.7212360347079639,0.742926632954804,1.0,-0.8903606236111354,0.5740756942135745
davies_bouldin,-0.5288621371454568,-0.7100663155500341,-0.6134504510256559,-0.6734615317317282,-0.8903606236111354,1.0,-0.5945127819285752
silhouette,0.4880229567286662,0.6061661213277107,0.5313339341066506,0.5779601406799532,0.5740756942135745,-0.5945127819285752,1.0
