,abilities,v_measure,mutual_info,adjusted_rand_score,calinski_harabasz,davies_bouldin,silhouette
abilities,1.0,0.7815679653145546,0.8348556430446195,0.7772635410311378,0.7136070550836967,-0.5284993132370834,0.48804472403684057
v_measure,0.7815679653145546,1.0,0.9689853982400745,0.9774632114923624,0.7592343091109517,-0.7100663155500341,0.6061661213277107
mutual_info,0.8348556430446195,0.9689853982400745,1.0,0.9586092860446834,0.7212360347079639,-0.6134504510256559,0.5313339341066506
adjusted_rand_score,0.7772635410311378,0.9774632114923624,0.9586092860446834,1.0,0.742926632954804,-0.6734615317317282,0.5779601406799532
calinski_harabasz,0.7136070550836967,0.7592343091109517,0.7212360347079639,0.742926632954804,1.0,-0.8903606236111354,0.5740756942135745
davies_bouldin,-0.5284993132370834,-0.7100663155500341,-0.6134504510256559,-0.6734615317317282,-0.8903606236111354,1.0,-0.5945127819285752
silhouette,0.48804472403684057,0.6061661213277107,0.5313339341066506,0.5779601406799532,0.5740756942135745,-0.5945127819285752,1.0
