,abilities,v_measure,mutual_info,adjusted_rand_score,calinski_harabasz,davies_bouldin,silhouette
abilities,1.0,0.7842557435565432,0.8370530441873791,0.780056341971269,0.7133208517786216,-0.5288971321586674,0.48865286696645727
v_measure,0.7842557435565432,1.0,0.9691603748369614,0.9772882364263092,0.7595492642298473,-0.7102062956028766,0.6066560515126594
mutual_info,0.8370530441873791,0.9691603748369614,1.0,0.9587842626415704,0.7213060253467187,-0.6134154557062785,0.531928854536066
adjusted_rand_score,0.780056341971269,0.9772882364263092,0.9587842626415704,1.0,0.7426116778359084,-0.6738114818638344,0.5785550559045336
calinski_harabasz,0.7133208517786216,0.7595492642298473,0.7213060253467187,0.7426116778359084,1.0,-0.8903606236111354,0.5739707091739427
davies_bouldin,-0.5288971321586674,-0.7102062956028766,-0.6134154557062785,-0.6738114818638344,-0.8903606236111354,1.0,-0.5945127819285752
silhouette,0.48865286696645727,0.6066560515126594,0.531928854536066,0.5785550559045336,0.5739707091739427,-0.5945127819285752,1.0
