,abilities,v_measure,mutual_info,adjusted_rand_score,calinski_harabasz,davies_bouldin,silhouette
abilities,1.0,0.9336346667078044,0.9395276367955818,0.07266387955642975,-0.3812072875368311,0.35257547475433104,-0.5803341406599509
v_measure,0.9336346667078044,1.0,0.9971306480724434,0.17255742947742392,-0.42677753266587476,0.31950079447109825,-0.6279715533066967
mutual_info,0.9395276367955818,0.9971306480724434,1.0,0.12846541933469013,-0.4305107754963516,0.31974762044336114,-0.6215540780278604
adjusted_rand_score,0.07266387955642975,0.17255742947742392,0.12846541933469013,1.0,0.24168839429533512,-0.2592449749609863,0.05413536164830403
calinski_harabasz,-0.3812072875368311,-0.42677753266587476,-0.4305107754963516,0.24168839429533512,1.0,-0.4533730311772056,0.7982197676750536
davies_bouldin,0.35257547475433104,0.31950079447109825,0.31974762044336114,-0.2592449749609863,-0.4533730311772056,1.0,-0.5578421239374913
silhouette,-0.5803341406599509,-0.6279715533066967,-0.6215540780278604,0.05413536164830403,0.7982197676750536,-0.5578421239374913,1.0
