,abilities,v_measure,mutual_info,adjusted_rand_score,calinski_harabasz,davies_bouldin,silhouette
abilities,1.0,0.7192660550458716,0.7492522868951863,0.6282286520818631,0.29710656316160905,-0.2647847565278758,0.5592095977417079
v_measure,0.7192660550458716,1.0,0.989843081732406,0.9599153140437544,-0.22949894142554694,0.23867325335215245,0.022582921665490474
mutual_info,0.7492522868951863,0.989843081732406,1.0,0.9398409913128956,-0.15786778972392193,0.1697663041580264,0.07259510294617316
adjusted_rand_score,0.6282286520818631,0.9599153140437544,0.9398409913128956,1.0,-0.37487649964714187,0.3669724770642202,-0.09611856033874383
calinski_harabasz,0.29710656316160905,-0.22949894142554694,-0.15786778972392193,-0.37487649964714187,1.0,-0.9796753705010586,0.8127028934368384
davies_bouldin,-0.2647847565278758,0.23867325335215245,0.1697663041580264,0.3669724770642202,-0.9796753705010586,1.0,-0.8395201129146084
silhouette,0.5592095977417079,0.022582921665490474,0.07259510294617316,-0.09611856033874383,0.8127028934368384,-0.8395201129146084,1.0
