,abilities,v_measure,mutual_info,adjusted_rand_score,calinski_harabasz,davies_bouldin,silhouette
abilities,1.0,0.7168666196189132,0.7367212545489448,0.6334509527170078,0.30980945659844744,-0.2575864502470007,0.5665490472829923
v_measure,0.7168666196189132,1.0,0.9922924396363512,0.9668313338038109,-0.20508115737473537,0.24220183486238533,0.0255469301340861
mutual_info,0.7367212545489448,0.9922924396363512,1.0,0.9481528272658719,-0.1495370842166557,0.1905642880225499,0.06224817129170153
adjusted_rand_score,0.6334509527170078,0.9668313338038109,0.9481528272658719,1.0,-0.34636556104446015,0.3681016231474947,-0.09103740296400847
calinski_harabasz,0.30980945659844744,-0.20508115737473537,-0.1495370842166557,-0.34636556104446015,1.0,-0.971347918136909,0.7960479887085392
davies_bouldin,-0.2575864502470007,0.24220183486238533,0.1905642880225499,0.3681016231474947,-0.971347918136909,1.0,-0.8302046577275936
silhouette,0.5665490472829923,0.0255469301340861,0.06224817129170153,-0.09103740296400847,0.7960479887085392,-0.8302046577275936,1.0
