,abilities,v_measure,mutual_info,adjusted_rand_score,calinski_harabasz,davies_bouldin,silhouette
abilities,1.0,0.6247163362952837,0.6439371155160629,0.6542173615857826,0.5020642515379358,-0.4355160628844839,0.27740259740259743
v_measure,0.6247163362952837,1.0,0.9979220779220779,0.9543950786056049,0.8208612440191387,-0.7260697197539303,0.38299384825700616
mutual_info,0.6439371155160629,0.9979220779220779,1.0,0.9602187286397813,0.8161859193438141,-0.7199726589200274,0.3695693779904306
adjusted_rand_score,0.6542173615857826,0.9543950786056049,0.9602187286397813,1.0,0.7874777853725222,-0.6756254272043746,0.3758304853041695
calinski_harabasz,0.5020642515379358,0.8208612440191387,0.8161859193438141,0.7874777853725222,1.0,-0.9002323991797676,0.3487901572112098
davies_bouldin,-0.4355160628844839,-0.7260697197539303,-0.7199726589200274,-0.6756254272043746,-0.9002323991797676,1.0,-0.3555980861244019
silhouette,0.27740259740259743,0.38299384825700616,0.3695693779904306,0.3758304853041695,0.3487901572112098,-0.3555980861244019,1.0
