,abilities,v_measure,mutual_info,adjusted_rand_score,calinski_harabasz,davies_bouldin,silhouette
abilities,1.0,0.6896787423103212,0.72257006151743,0.7478332194121667,0.5645386192754613,-0.4898427887901572,0.314066985645933
v_measure,0.6896787423103212,1.0,0.9940396445659604,0.9352836637047164,0.8190567327409433,-0.7212303485987697,0.3706903622693096
mutual_info,0.72257006151743,0.9940396445659604,1.0,0.9483253588516747,0.8101161995898838,-0.7007792207792207,0.34411483253588515
adjusted_rand_score,0.7478332194121667,0.9352836637047164,0.9483253588516747,1.0,0.756308954203691,-0.6351606288448394,0.3284483937115516
calinski_harabasz,0.5645386192754613,0.8190567327409433,0.8101161995898838,0.756308954203691,1.0,-0.89419002050581,0.347095010252905
davies_bouldin,-0.4898427887901572,-0.7212303485987697,-0.7007792207792207,-0.6351606288448394,-0.89419002050581,1.0,-0.3633356117566644
silhouette,0.314066985645933,0.3706903622693096,0.34411483253588515,0.3284483937115516,0.347095010252905,-0.3633356117566644,1.0
