,abilities,v_measure,mutual_info,adjusted_rand_score,calinski_harabasz,davies_bouldin,silhouette
abilities,1.0,0.6252358168147641,0.6456322624743678,0.6535611756664388,0.5048257006151743,-0.4349145591250854,0.26783321941216676
v_measure,0.6252358168147641,1.0,0.9965823650034177,0.9543950786056049,0.8208339029391661,-0.727136021872864,0.383485987696514
mutual_info,0.6456322624743678,0.9965823650034177,1.0,0.958961038961039,0.8147368421052632,-0.7212303485987697,0.36921394395078605
adjusted_rand_score,0.6535611756664388,0.9543950786056049,0.958961038961039,1.0,0.7874231032125769,-0.6765276828434723,0.3773069036226931
calinski_harabasz,0.5048257006151743,0.8208339029391661,0.8147368421052632,0.7874231032125769,1.0,-0.9008339029391661,0.3490909090909091
davies_bouldin,-0.4349145591250854,-0.727136021872864,-0.7212303485987697,-0.6765276828434723,-0.9008339029391661,1.0,-0.35898838004101163
silhouette,0.26783321941216676,0.383485987696514,0.36921394395078605,0.3773069036226931,0.3490909090909091,-0.35898838004101163,1.0
