,abilities,v_measure,mutual_info,adjusted_rand_score,calinski_harabasz,davies_bouldin,silhouette
abilities,1.0,0.6208339029391661,0.6413123718386876,0.6499521531100478,0.50323991797676,-0.4316062884483937,0.26679425837320575
v_measure,0.6208339029391661,1.0,0.9963362952836637,0.9543950786056049,0.8208612440191387,-0.7269993164730006,0.38359535201640466
mutual_info,0.6413123718386876,0.9963362952836637,1.0,0.9584688995215311,0.814025974025974,-0.7197265892002734,0.3683116883116883
adjusted_rand_score,0.6499521531100478,0.9543950786056049,0.9584688995215311,1.0,0.7875871496924128,-0.6762269309637731,0.3774982911825017
calinski_harabasz,0.50323991797676,0.8208612440191387,0.814025974025974,0.7875871496924128,1.0,-0.9009706083390294,0.3492276144907724
davies_bouldin,-0.4316062884483937,-0.7269993164730006,-0.7197265892002734,-0.6762269309637731,-0.9009706083390294,1.0,-0.3555980861244019
silhouette,0.26679425837320575,0.38359535201640466,0.3683116883116883,0.3774982911825017,0.3492276144907724,-0.3555980861244019,1.0
