,abilities,v_measure,mutual_info,adjusted_rand_score,calinski_harabasz,davies_bouldin,silhouette
abilities,1.0,0.6267395762132604,0.647136021872864,0.6550375939849624,0.5063841421736158,-0.436555023923445,0.2693096377306904
v_measure,0.6267395762132604,1.0,0.9965823650034177,0.9543950786056049,0.8208339029391661,-0.727136021872864,0.383485987696514
mutual_info,0.647136021872864,0.9965823650034177,1.0,0.958961038961039,0.8147368421052632,-0.7212303485987697,0.36921394395078605
adjusted_rand_score,0.6550375939849624,0.9543950786056049,0.958961038961039,1.0,0.7874231032125769,-0.6765276828434723,0.3773069036226931
calinski_harabasz,0.5063841421736158,0.8208339029391661,0.8147368421052632,0.7874231032125769,1.0,-0.9008339029391661,0.3490909090909091
davies_bouldin,-0.436555023923445,-0.727136021872864,-0.7212303485987697,-0.6765276828434723,-0.9008339029391661,1.0,-0.35898838004101163
silhouette,0.2693096377306904,0.383485987696514,0.36921394395078605,0.3773069036226931,0.3490909090909091,-0.35898838004101163,1.0
