,abilities,v_measure,mutual_info,adjusted_rand_score,calinski_harabasz,davies_bouldin,silhouette
abilities,1.0,0.5189035683417705,0.5346750627649504,0.5335226571181627,0.42812692925052476,-0.3637239165329053,0.20801745071407993
v_measure,0.5189035683417705,1.0,0.9983866320944973,0.9518459069020867,0.7851257356875334,-0.6938716713997612,0.3105650903403712
mutual_info,0.5346750627649504,0.9983866320944973,1.0,0.9565213812404824,0.7823434991974317,-0.6895254558175906,0.2973947400913693
adjusted_rand_score,0.5335226571181627,0.9518459069020867,0.9565213812404824,1.0,0.7414166357986582,-0.6401037165082109,0.30086841996954355
calinski_harabasz,0.42812692925052476,0.7851257356875334,0.7823434991974317,0.7414166357986582,1.0,-0.8947359756348521,0.31858254105445116
davies_bouldin,-0.3637239165329053,-0.6938716713997612,-0.6895254558175906,-0.6401037165082109,-0.8947359756348521,1.0,-0.32859200724369264
silhouette,0.20801745071407993,0.3105650903403712,0.2973947400913693,0.30086841996954355,0.31858254105445116,-0.32859200724369264,1.0
