,abilities,v_measure,mutual_info,adjusted_rand_score,calinski_harabasz,davies_bouldin,silhouette
abilities,1.0,0.5343951928221591,0.5523397950364243,0.5364859859241882,0.47972177635098984,-0.43563402889245584,0.1633864263077746
v_measure,0.5343951928221591,1.0,0.9978268922089146,0.9600279869942792,0.8617442482611022,-0.7989381405111742,0.254788657035848
mutual_info,0.5523397950364243,0.9978268922089146,1.0,0.962497427665967,0.8591760299625468,-0.7964028480882414,0.2405811417047372
adjusted_rand_score,0.5364859859241882,0.9600279869942792,0.962497427665967,1.0,0.8196320533399185,-0.7405276371568507,0.2521710499238589
calinski_harabasz,0.47972177635098984,0.8617442482611022,0.8591760299625468,0.8196320533399185,1.0,-0.9160719430382351,0.31263942050458904
davies_bouldin,-0.43563402889245584,-0.7989381405111742,-0.7964028480882414,-0.7405276371568507,-0.9160719430382351,1.0,-0.2959789274396016
silhouette,0.1633864263077746,0.254788657035848,0.2405811417047372,0.2521710499238589,0.31263942050458904,-0.2959789274396016,1.0
