,abilities,v_measure,mutual_info,adjusted_rand_score,calinski_harabasz,davies_bouldin,silhouette
abilities,1.0,0.5261411949717154,0.5425383485181915,0.5442834271084791,0.4279229037485466,-0.3665735134965957,0.21687540385994222
v_measure,0.5261411949717154,1.0,0.998040910400461,0.9519117586533317,0.785092809811911,-0.6941680042803638,0.31086142322097376
mutual_info,0.5425383485181915,0.998040910400461,1.0,0.9562579742355023,0.7815697411203029,-0.6895913075688357,0.2973782771535581
adjusted_rand_score,0.5442834271084791,0.9519117586533317,0.9562579742355023,1.0,0.741070914104622,-0.6403506605753797,0.30180680742478494
calinski_harabasz,0.4279229037485466,0.785092809811911,0.7815697411203029,0.741070914104622,1.0,-0.894209161624892,0.31841791167633865
davies_bouldin,-0.3665735134965957,-0.6941680042803638,-0.6895913075688357,-0.6403506605753797,-0.894209161624892,1.0,-0.32982672757953657
silhouette,0.21687540385994222,0.31086142322097376,0.2973782771535581,0.30180680742478494,0.31841791167633865,-0.32982672757953657,1.0
