,abilities,v_measure,mutual_info,adjusted_rand_score,calinski_harabasz,davies_bouldin,silhouette
abilities,1.0,0.6944502442894726,0.8043178686265503,0.7173758717167077,0.7826867666095962,-0.7315321334613939,0.7212176890633483
v_measure,0.6944502442894726,1.0,0.8734288219818767,0.9812502609930263,0.8940994696621706,-0.8400217146197854,0.7043470998454922
mutual_info,0.8043178686265503,0.8734288219818767,1.0,0.8830751242326805,0.8262830417171253,-0.788449492629557,0.5716791247337871
adjusted_rand_score,0.7173758717167077,0.9812502609930263,0.8830751242326805,1.0,0.8941412285463732,-0.8231928842861319,0.7042218231928843
calinski_harabasz,0.7826867666095962,0.8940994696621706,0.8262830417171253,0.8941412285463732,1.0,-0.9292604501607717,0.7115296279283417
davies_bouldin,-0.7315321334613939,-0.8400217146197854,-0.788449492629557,-0.8231928842861319,-0.9292604501607717,1.0,-0.6431703344886625
silhouette,0.7212176890633483,0.7043470998454922,0.5716791247337871,0.7042218231928843,0.7115296279283417,-0.6431703344886625,1.0
