,abilities,v_measure,mutual_info,adjusted_rand_score,calinski_harabasz,davies_bouldin,silhouette
abilities,1.0,0.6821313734497014,0.8092747450512527,0.6980415083308974,0.7663590428863741,-0.7266881028938906,0.704263582077087
v_measure,0.6821313734497014,1.0,0.871454372770302,0.9806656366141897,0.8945588173883994,-0.8477053493130664,0.7052657952979496
mutual_info,0.8092747450512527,0.871454372770302,1.0,0.8705565473868503,0.8270850950997246,-0.7873511019669674,0.5709125455748705
adjusted_rand_score,0.6980415083308974,0.9806656366141897,0.8705565473868503,1.0,0.8944752996199942,-0.8299578235269554,0.7055163486031654
calinski_harabasz,0.7663590428863741,0.8945588173883994,0.8270850950997246,0.8944752996199942,1.0,-0.9445442017789285,0.7130329477596359
davies_bouldin,-0.7266881028938906,-0.8477053493130664,-0.7873511019669674,-0.8299578235269554,-0.9445442017789285,1.0,-0.6502275859189043
silhouette,0.704263582077087,0.7052657952979496,0.5709125455748705,0.7055163486031654,0.7130329477596359,-0.6502275859189043,1.0
