,abilities,v_measure,mutual_info,adjusted_rand_score,calinski_harabasz,davies_bouldin,silhouette
abilities,1.0,0.6833841399757798,0.8100472924742228,0.6987096504781393,0.7665260784231845,-0.7294859481354659,0.7001294525410281
v_measure,0.6833841399757798,1.0,0.8743566455214598,0.9807491543825949,0.8935983630517392,-0.8487493214181318,0.7047229298033156
mutual_info,0.8100472924742228,0.8743566455214598,1.0,0.8747324794029047,0.827962040823096,-0.7906918475798109,0.5731675488635398
adjusted_rand_score,0.6987096504781393,0.9807491543825949,0.8747324794029047,1.0,0.8936401219359419,-0.8306259656741972,0.7048064475717208
calinski_harabasz,0.7665260784231845,0.8935983630517392,0.827962040823096,0.8936401219359419,1.0,-0.9439178185158893,0.7130747066438384
davies_bouldin,-0.7294859481354659,-0.8487493214181318,-0.7906918475798109,-0.8306259656741972,-0.9439178185158893,1.0,-0.6506034158767278
silhouette,0.7001294525410281,0.7047229298033156,0.5731675488635398,0.7048064475717208,0.7130747066438384,-0.6506034158767278,1.0
