,abilities,v_measure,mutual_info,adjusted_rand_score,calinski_harabasz,davies_bouldin,silhouette
abilities,1.0,0.6769115129243747,0.8000250556356924,0.6929051655739759,0.7689063348227335,-0.7336200776715246,0.7009228713408777
v_measure,0.6769115129243747,1.0,0.8777809097746244,0.9815843320666472,0.8920950432204452,-0.8441558441558441,0.7037624754666555
mutual_info,0.8000250556356924,0.8777809097746244,1.0,0.8811634147076284,0.8259158341352293,-0.7875598985677701,0.5734598641046637
adjusted_rand_score,0.6929051655739759,0.9815843320666472,0.8811634147076284,1.0,0.8922620787572556,-0.8253643462646678,0.7036371988140477
calinski_harabasz,0.7689063348227335,0.8920950432204452,0.8259158341352293,0.8922620787572556,1.0,-0.9439595774000918,0.7131582244122437
davies_bouldin,-0.7336200776715246,-0.8441558441558441,-0.7875598985677701,-0.8253643462646678,-0.9439595774000918,1.0,-0.6500187914978912
silhouette,0.7009228713408777,0.7037624754666555,0.5734598641046637,0.7036371988140477,0.7131582244122437,-0.6500187914978912,1.0
