,abilities,v_measure,mutual_info,adjusted_rand_score,calinski_harabasz,davies_bouldin,silhouette
abilities,1.0,0.9136626613262128,0.2963951935914553,0.8736092567868269,0.7614597240765465,-0.2870493991989319,0.7111704494882065
v_measure,0.9136626613262128,1.0,0.5514018691588785,0.9719626168224299,0.6479750778816199,-0.06898086337338674,0.47841566533155316
mutual_info,0.2963951935914553,0.5514018691588785,1.0,0.6016911437472185,0.207832665776591,0.4161103693813974,-0.042723631508678236
adjusted_rand_score,0.8736092567868269,0.9719626168224299,0.6016911437472185,1.0,0.5389408099688473,-0.0035603026257231864,0.4000890075656431
calinski_harabasz,0.7614597240765465,0.6479750778816199,0.207832665776591,0.5389408099688473,1.0,-0.4606141522029373,0.8072986203827325
davies_bouldin,-0.2870493991989319,-0.06898086337338674,0.4161103693813974,-0.0035603026257231864,-0.4606141522029373,1.0,-0.7507788161993769
silhouette,0.7111704494882065,0.47841566533155316,-0.042723631508678236,0.4000890075656431,0.8072986203827325,-0.7507788161993769,1.0
