,abilities,v_measure,mutual_info,adjusted_rand_score,calinski_harabasz,davies_bouldin,silhouette
abilities,1.0,0.9283489096573209,0.3707165109034268,0.9238985313751669,0.82688028482421,-0.25945705384957723,0.7276368491321762
v_measure,0.9283489096573209,1.0,0.5718736092567869,0.9559412550066756,0.737427681352915,-0.08945260347129506,0.5536270582999555
mutual_info,0.3707165109034268,0.5718736092567869,1.0,0.5384957721406319,0.2607921673342234,0.39964396973742766,0.004450378282153983
adjusted_rand_score,0.9238985313751669,0.9559412550066756,0.5384957721406319,1.0,0.6639964396973743,-0.06141522029372497,0.5371606586559857
calinski_harabasz,0.82688028482421,0.737427681352915,0.2607921673342234,0.6639964396973743,1.0,-0.4997774810858923,0.8780596350689809
davies_bouldin,-0.25945705384957723,-0.08945260347129506,0.39964396973742766,-0.06141522029372497,-0.4997774810858923,1.0,-0.7432131731197151
silhouette,0.7276368491321762,0.5536270582999555,0.004450378282153983,0.5371606586559857,0.8780596350689809,-0.7432131731197151,1.0
