,abilities,v_measure,mutual_info,adjusted_rand_score,calinski_harabasz,davies_bouldin,silhouette
abilities,1.0,0.7444801335390374,0.7715926047699739,0.8007031032651306,0.7107160019221528,-0.5826399251372063,0.5044133640203343
v_measure,0.7444801335390374,1.0,0.9705354207238422,0.9805508485293002,0.8636536078302436,-0.7982498292824806,0.5599787551531399
mutual_info,0.7715926047699739,0.9705354207238422,1.0,0.9689673486936948,0.82488176231063,-0.740231164167025,0.5099521990945649
adjusted_rand_score,0.8007031032651306,0.9805508485293002,0.9689673486936948,1.0,0.8298641847290017,-0.7315814765168568,0.5164268190900124
calinski_harabasz,0.7107160019221528,0.8636536078302436,0.82488176231063,0.8298641847290017,1.0,-0.8899820430461064,0.49242520043501353
davies_bouldin,-0.5826399251372063,-0.7982498292824806,-0.740231164167025,-0.7315814765168568,-0.8899820430461064,1.0,-0.5587394724196363
silhouette,0.5044133640203343,0.5599787551531399,0.5099521990945649,0.5164268190900124,0.49242520043501353,-0.5587394724196363,1.0
