,abilities,v_measure,mutual_info,adjusted_rand_score,calinski_harabasz,davies_bouldin,silhouette
abilities,1.0,0.7248792331621943,0.7519411214244164,0.777789018437492,0.6963757302916108,-0.5541364222666229,0.5228255646323883
v_measure,0.7248792331621943,1.0,0.970257214395913,0.9795897721237259,0.8689901110296163,-0.7972887528769064,0.563721894838008
mutual_info,0.7519411214244164,0.970257214395913,1.0,0.964667796352968,0.8274362022307089,-0.7406105364323832,0.5097751587040643
adjusted_rand_score,0.777789018437492,0.9795897721237259,0.964667796352968,1.0,0.8370469662864514,-0.7312779787045701,0.5209792862743114
calinski_harabasz,0.6963757302916108,0.8689901110296163,0.8274362022307089,0.8370469662864514,1.0,-0.8919041958572549,0.4966994612913832
davies_bouldin,-0.5541364222666229,-0.7972887528769064,-0.7406105364323832,-0.7312779787045701,-0.8919041958572549,1.0,-0.5577025215609904
silhouette,0.5228255646323883,0.563721894838008,0.5097751587040643,0.5209792862743114,0.4966994612913832,-0.5577025215609904,1.0
