,abilities,v_measure,mutual_info,adjusted_rand_score,calinski_harabasz,davies_bouldin,silhouette
abilities,1.0,0.7448342143200385,0.7718708110979033,0.800273148031058,0.7097043425478642,-0.5790738258428387,0.5053238574571942
v_measure,0.7448342143200385,1.0,0.9693973039277676,0.9803738081387997,0.8641088545486735,-0.7976175421735502,0.5604340018715699
mutual_info,0.7718708110979033,0.9693973039277676,1.0,0.9679051063506917,0.8246035559827006,-0.7406611194010977,0.5100027820632793
adjusted_rand_score,0.800273148031058,0.9803738081387997,0.9679051063506917,1.0,0.8296365613697868,-0.7316067680012139,0.5167556083866562
calinski_harabasz,0.7097043425478642,0.8641088545486735,0.8246035559827006,0.8296365613697868,1.0,-0.890285540858393,0.4928045727003718
davies_bouldin,-0.5790738258428387,-0.7976175421735502,-0.7406611194010977,-0.7316067680012139,-0.890285540858393,1.0,-0.5582842257012064
silhouette,0.5053238574571942,0.5604340018715699,0.5100027820632793,0.5167556083866562,0.4928045727003718,-0.5582842257012064,1.0
