,abilities,v_measure,mutual_info,adjusted_rand_score,calinski_harabasz,davies_bouldin,silhouette
abilities,1.0,0.6990313361491186,0.735223450264296,0.7641996775468116,0.6497888161056172,-0.5244442196312502,0.5521889779711171
v_measure,0.6990313361491186,1.0,0.9664634917423304,0.972413139028638,0.8628695718151699,-0.8085687549002251,0.5595487999190673
mutual_info,0.735223450264296,0.9664634917423304,1.0,0.9623470646077735,0.8183818508308253,-0.7397506259642378,0.49019954981157843
adjusted_rand_score,0.7641996775468116,0.972413139028638,0.9623470646077735,1.0,0.8222692927988339,-0.7330277259796872,0.5020138471852745
calinski_harabasz,0.6497888161056172,0.8628695718151699,0.8183818508308253,0.8222692927988339,1.0,-0.9018943321783556,0.4806899516932649
davies_bouldin,-0.5244442196312502,-0.8085687549002251,-0.7397506259642378,-0.7330277259796872,-0.9018943321783556,1.0,-0.5214598244770986
silhouette,0.5521889779711171,0.5595487999190673,0.49019954981157843,0.5020138471852745,0.4806899516932649,-0.5214598244770986,1.0
