,abilities,v_measure,mutual_info,adjusted_rand_score,calinski_harabasz,davies_bouldin,silhouette
abilities,1.0,0.7262622111365183,0.7536909993511604,0.7779962694980216,0.6953178843678557,-0.5539881761673764,0.5225253706911065
v_measure,0.7262622111365183,1.0,0.9706618781456283,0.9796150636080831,0.8694200662636891,-0.7969852550646197,0.5639748096815802
mutual_info,0.7536909993511604,0.9706618781456283,1.0,0.9647183793216824,0.8277397000429956,-0.7415210298692431,0.5103062798755659
adjusted_rand_score,0.7779962694980216,0.9796150636080831,0.9647183793216824,1.0,0.8369458003490224,-0.7308986064392119,0.5209034118212398
calinski_harabasz,0.6953178843678557,0.8694200662636891,0.8277397000429956,0.8369458003490224,1.0,-0.891803029919826,0.4966994612913832
davies_bouldin,-0.5539881761673764,-0.7969852550646197,-0.7415210298692431,-0.7308986064392119,-0.891803029919826,1.0,-0.5575001896861327
silhouette,0.5225253706911065,0.5639748096815802,0.5103062798755659,0.5209034118212398,0.4966994612913832,-0.5575001896861327,1.0
