,abilities,v_measure,mutual_info,adjusted_rand_score,calinski_harabasz,davies_bouldin,silhouette
abilities,1.0,0.930050754095206,0.9168073149053554,0.9305799437134679,0.9148004714598418,-0.8098284944555361,0.7629230510186901
v_measure,0.930050754095206,1.0,0.9232749211279043,0.9955259423183316,0.9234599379404902,-0.8551944771847112,0.7687922449666851
mutual_info,0.9168073149053554,0.9232749211279043,1.0,0.9205961737745352,0.9088917371404447,-0.7712379091799249,0.6681906010818499
adjusted_rand_score,0.9305799437134679,0.9955259423183316,0.9205961737745352,1.0,0.9189858802588219,-0.857070694922185,0.765953864286917
calinski_harabasz,0.9148004714598418,0.9234599379404902,0.9088917371404447,0.9189858802588219,1.0,-0.840088518990691,0.7213576119115772
davies_bouldin,-0.8098284944555361,-0.8551944771847112,-0.7712379091799249,-0.857070694922185,-0.840088518990691,1.0,-0.7870252327231617
silhouette,0.7629230510186901,0.7687922449666851,0.6681906010818499,0.765953864286917,0.7213576119115772,-0.7870252327231617,1.0
