,abilities,v_measure,mutual_info,adjusted_rand_score,calinski_harabasz,davies_bouldin,silhouette
abilities,1.0,0.5645552184290707,0.4712875329985835,0.5777188195456275,0.5692857142857143,-0.5775510204081633,0.8086734693877551
v_measure,0.5645552184290707,1.0,0.9658145823766519,0.9816317159038727,0.8948697673770875,-0.8710936506316788,0.610423735498003
mutual_info,0.4712875329985835,0.9658145823766519,1.0,0.9444869636205929,0.8575218758370893,-0.8474195773057782,0.5703206716312836
adjusted_rand_score,0.5777188195456275,0.9816317159038727,0.9444869636205929,1.0,0.8878287714310221,-0.8619097428759415,0.6127707341466914
calinski_harabasz,0.5692857142857143,0.8948697673770875,0.8575218758370893,0.8878287714310221,1.0,-0.9734693877551021,0.6218367346938776
davies_bouldin,-0.5775510204081633,-0.8710936506316788,-0.8474195773057782,-0.8619097428759415,-0.9734693877551021,1.0,-0.6168367346938776
silhouette,0.8086734693877551,0.610423735498003,0.5703206716312836,0.6127707341466914,0.6218367346938776,-0.6168367346938776,1.0
