,abilities,v_measure,mutual_info,adjusted_rand_score,calinski_harabasz,davies_bouldin,silhouette
abilities,1.0,0.5633306973949724,0.4693487080279279,0.576392255092021,0.5681632653061225,-0.5758163265306122,0.8083673469387755
v_measure,0.5633306973949724,1.0,0.9658145823766519,0.9816317159038727,0.8948697673770875,-0.8710936506316788,0.610423735498003
mutual_info,0.4693487080279279,0.9658145823766519,1.0,0.9444869636205929,0.8575218758370893,-0.8474195773057782,0.5703206716312836
adjusted_rand_score,0.576392255092021,0.9816317159038727,0.9444869636205929,1.0,0.8878287714310221,-0.8619097428759415,0.6127707341466914
calinski_harabasz,0.5681632653061225,0.8948697673770875,0.8575218758370893,0.8878287714310221,1.0,-0.9734693877551021,0.6218367346938776
davies_bouldin,-0.5758163265306122,-0.8710936506316788,-0.8474195773057782,-0.8619097428759415,-0.9734693877551021,1.0,-0.6168367346938776
silhouette,0.8083673469387755,0.610423735498003,0.5703206716312836,0.6127707341466914,0.6218367346938776,-0.6168367346938776,1.0
