,abilities,v_measure,mutual_info,adjusted_rand_score,calinski_harabasz,davies_bouldin,silhouette
abilities,1.0,0.8314928173736503,0.7510651061380241,0.9017502845365899,0.8473653449813898,-0.7950721338706205,0.8286628318311852
v_measure,0.8314928173736503,1.0,0.9576572282228443,0.9771140299609339,0.8661909009812667,-0.8571472515303454,0.6667384416623089
mutual_info,0.7510651061380241,0.9576572282228443,1.0,0.9179137765055143,0.8399034099767615,-0.847562945176154,0.5992278943139215
adjusted_rand_score,0.9017502845365899,0.9771140299609339,0.9179137765055143,1.0,0.8572087729551816,-0.8482881663539328,0.7043280322372266
calinski_harabasz,0.8473653449813898,0.8661909009812667,0.8399034099767615,0.8572087729551816,1.0,-0.9523824171767818,0.8003014549816974
davies_bouldin,-0.7950721338706205,-0.8571472515303454,-0.847562945176154,-0.8482881663539328,-0.9523824171767818,1.0,-0.7236457596357931
silhouette,0.8286628318311852,0.6667384416623089,0.5992278943139215,0.7043280322372266,0.8003014549816974,-0.7236457596357931,1.0
