,abilities,v_measure,mutual_info,adjusted_rand_score,calinski_harabasz,davies_bouldin,silhouette
abilities,1.0,0.5564427665781695,0.45746064965522354,0.5680757164021034,0.5626530612244898,-0.5701020408163265,0.8031632653061225
v_measure,0.5564427665781695,1.0,0.9640797999897954,0.9819378539721414,0.8952779410551202,-0.8715018243097115,0.6112400828540685
mutual_info,0.45746064965522354,0.9640797999897954,1.0,0.943772641461299,0.8563993982224991,-0.8480318378228274,0.5685859334996444
adjusted_rand_score,0.5680757164021034,0.9819378539721414,0.943772641461299,1.0,0.8881349016895468,-0.8620117862954496,0.6137911683417733
calinski_harabasz,0.5626530612244898,0.8952779410551202,0.8563993982224991,0.8881349016895468,1.0,-0.9724489795918367,0.621734693877551
davies_bouldin,-0.5701020408163265,-0.8715018243097115,-0.8480318378228274,-0.8620117862954496,-0.9724489795918367,1.0,-0.6164285714285714
silhouette,0.8031632653061225,0.6112400828540685,0.5685859334996444,0.6137911683417733,0.621734693877551,-0.6164285714285714,1.0
