,abilities,v_measure,mutual_info,adjusted_rand_score,calinski_harabasz,davies_bouldin,silhouette
abilities,1.0,0.7310320535399789,0.7719795702712222,0.7327932370553012,0.669355406833392,-0.5140718562874251,0.37053539978865796
v_measure,0.7310320535399789,1.0,0.9777738640366326,0.9876717153927439,0.7464600211342022,-0.7426030292356464,0.4841141246917929
mutual_info,0.7719795702712222,0.9777738640366326,1.0,0.9744100035223671,0.7115005283550546,-0.6712046495244804,0.42458612187389927
adjusted_rand_score,0.7327932370553012,0.9876717153927439,0.9744100035223671,1.0,0.733568157802043,-0.7218562874251497,0.46784078901021486
calinski_harabasz,0.669355406833392,0.7464600211342022,0.7115005283550546,0.733568157802043,1.0,-0.8734061289186333,0.3962310672772103
davies_bouldin,-0.5140718562874251,-0.7426030292356464,-0.6712046495244804,-0.7218562874251497,-0.8734061289186333,1.0,-0.4618351532229658
silhouette,0.37053539978865796,0.4841141246917929,0.42458612187389927,0.46784078901021486,0.3962310672772103,-0.4618351532229658,1.0
