,abilities,v_measure,mutual_info,adjusted_rand_score,calinski_harabasz,davies_bouldin,silhouette
abilities,1.0,0.7390630503698485,0.7767998274107852,0.7348185980979218,0.6516026769989433,-0.5062522014793942,0.40658682634730536
v_measure,0.7390630503698485,1.0,0.9844090542938599,0.9893800634026065,0.8182106375484326,-0.7624163437830221,0.40461430081014443
mutual_info,0.7767998274107852,0.9844090542938599,1.0,0.9799620463376353,0.7896477177239175,-0.7024511379565181,0.3578476481526768
adjusted_rand_score,0.7348185980979218,0.9893800634026065,0.9799620463376353,1.0,0.8071151814019021,-0.7402606551602677,0.38325114476928496
calinski_harabasz,0.6516026769989433,0.8182106375484326,0.7896477177239175,0.8071151814019021,1.0,-0.9260126805213104,0.3723141951391335
davies_bouldin,-0.5062522014793942,-0.7624163437830221,-0.7024511379565181,-0.7402606551602677,-0.9260126805213104,1.0,-0.39704121169425854
silhouette,0.40658682634730536,0.40461430081014443,0.3578476481526768,0.38325114476928496,0.3723141951391335,-0.39704121169425854,1.0
