,abilities,v_measure,mutual_info,adjusted_rand_score,calinski_harabasz,davies_bouldin,silhouette
abilities,1.0,0.747076435364565,0.7862061678952321,0.7482388164846777,0.673617470940472,-0.5225783726664318,0.3779147587178584
v_measure,0.747076435364565,1.0,0.9801335002136551,0.98775977456851,0.7414758717858401,-0.7404543853469532,0.48571680169073617
mutual_info,0.7862061678952321,0.9801335002136551,1.0,0.9765582347100097,0.7079554061578102,-0.6727487276268387,0.43015903773909386
adjusted_rand_score,0.7482388164846777,0.98775977456851,0.9765582347100097,1.0,0.7298696724198661,-0.7180345191969003,0.4674357168016907
calinski_harabasz,0.673617470940472,0.7414758717858401,0.7079554061578102,0.7298696724198661,1.0,-0.8749911940824234,0.39637196195843605
davies_bouldin,-0.5225783726664318,-0.7404543853469532,-0.6727487276268387,-0.7180345191969003,-0.8749911940824234,1.0,-0.4626629094751673
silhouette,0.3779147587178584,0.48571680169073617,0.43015903773909386,0.4674357168016907,0.39637196195843605,-0.4626629094751673,1.0
