,abilities,v_measure,mutual_info,adjusted_rand_score,calinski_harabasz,davies_bouldin,silhouette
abilities,1.0,0.9473791973791974,0.7752067432636451,0.9567977067977068,0.897010647010647,-0.44574119574119575,0.7174447174447175
v_measure,0.9473791973791974,1.0,0.6714848308119269,0.9817772317772318,0.8662981162981163,-0.5401310401310402,0.7968877968877969
mutual_info,0.7752067432636451,0.6714848308119269,1.0,0.6498240298179938,0.7943682210659706,-0.15849874573445297,0.3384500155302051
adjusted_rand_score,0.9567977067977068,0.9817772317772318,0.6498240298179938,1.0,0.8419328419328419,-0.5352170352170352,0.7823505323505323
calinski_harabasz,0.897010647010647,0.8662981162981163,0.7943682210659706,0.8419328419328419,1.0,-0.4997952497952498,0.7285012285012284
davies_bouldin,-0.44574119574119575,-0.5401310401310402,-0.15849874573445297,-0.5352170352170352,-0.4997952497952498,1.0,-0.8781736281736282
silhouette,0.7174447174447175,0.7968877968877969,0.3384500155302051,0.7823505323505323,0.7285012285012284,-0.8781736281736282,1.0
