,abilities,v_measure,mutual_info,adjusted_rand_score,calinski_harabasz,davies_bouldin,silhouette
abilities,1.0,0.9536214117887425,0.7392689877237153,0.9446317294922872,0.8941669220553683,-0.5642047195832056,0.7654510164470324
v_measure,0.9536214117887425,1.0,0.6574993002837282,0.966288691388293,0.8571866380631321,-0.5776892430278885,0.7897640208397181
mutual_info,0.7392689877237153,0.6574993002837282,1.0,0.6406858651907039,0.8016144582239354,-0.23037539015659217,0.37344623535810223
adjusted_rand_score,0.9446317294922872,0.966288691388293,0.6406858651907039,1.0,0.8136684033098376,-0.5325365205843293,0.7417509449381959
calinski_harabasz,0.8941669220553683,0.8571866380631321,0.8016144582239354,0.8136684033098376,1.0,-0.5862703034017775,0.7499233833895188
davies_bouldin,-0.5642047195832056,-0.5776892430278885,-0.23037539015659217,-0.5325365205843293,-0.5862703034017775,1.0,-0.9098988660741649
silhouette,0.7654510164470324,0.7897640208397181,0.37344623535810223,0.7417509449381959,0.7499233833895188,-0.9098988660741649,1.0
