,abilities,v_measure,mutual_info,adjusted_rand_score,calinski_harabasz,davies_bouldin,silhouette
abilities,1.0,0.984018030939453,0.6351468275301672,0.9948775740190554,0.8582112488474541,-0.5678721442475156,0.7711300071713963
v_measure,0.984018030939453,1.0,0.6436667097250753,0.9797151931154595,0.8815695113205614,-0.5762729228562647,0.7883413584673702
mutual_info,0.6351468275301672,0.6436667097250753,1.0,0.6155095380809276,0.7945309651763763,-0.15865683062957062,0.29424763873146303
adjusted_rand_score,0.9948775740190554,0.9797151931154595,0.6155095380809276,1.0,0.8428439709046204,-0.5641839975412355,0.7660075811904518
calinski_harabasz,0.8582112488474541,0.8815695113205614,0.7945309651763763,0.8428439709046204,1.0,-0.5217703104190144,0.7053580575760681
davies_bouldin,-0.5678721442475156,-0.5762729228562647,-0.15865683062957062,-0.5641839975412355,-0.5217703104190144,1.0,-0.8891507017723594
silhouette,0.7711300071713963,0.7883413584673702,0.29424763873146303,0.7660075811904518,0.7053580575760681,-0.8891507017723594,1.0
