,abilities,v_measure,mutual_info,adjusted_rand_score,calinski_harabasz,davies_bouldin,silhouette
abilities,1.0,0.9614963902865894,0.8782174227264986,0.9637934806388099,0.9174141325749289,-0.6333406256836578,0.7760883832859331
v_measure,0.9614963902865894,1.0,0.809918984909783,0.9900459418070444,0.8993655655217677,-0.7278494858893021,0.8552833078101072
mutual_info,0.8782174227264986,0.809918984909783,1.0,0.8029069383433134,0.8544758477376646,-0.5191675107442013,0.5962448100102765
adjusted_rand_score,0.9637934806388099,0.9900459418070444,0.8029069383433134,1.0,0.8854736381535769,-0.7254430102822139,0.8450010938525486
calinski_harabasz,0.9174141325749289,0.8993655655217677,0.8544758477376646,0.8854736381535769,1.0,-0.67873550645373,0.7821045723036535
davies_bouldin,-0.6333406256836578,-0.7278494858893021,-0.5191675107442013,-0.7254430102822139,-0.67873550645373,1.0,-0.878691752351783
silhouette,0.7760883832859331,0.8552833078101072,0.5962448100102765,0.8450010938525486,0.7821045723036535,-0.878691752351783,1.0
