,abilities,v_measure,mutual_info,adjusted_rand_score,calinski_harabasz,davies_bouldin,silhouette
abilities,1.0,0.9548929663608563,0.8834565786799001,0.9577326343381389,0.9414591524683268,-0.6862166885102665,0.8099606815203145
v_measure,0.9548929663608563,1.0,0.8065624216977229,0.9902795980777632,0.9125163826998689,-0.7494539100043687,0.8544124071647008
mutual_info,0.8834565786799001,0.8065624216977229,1.0,0.7981349102233152,0.8693556444482115,-0.5445935029246319,0.6198352066765332
adjusted_rand_score,0.9577326343381389,0.9902795980777632,0.7981349102233152,1.0,0.9000655307994757,-0.7477064220183486,0.8480777632153779
calinski_harabasz,0.9414591524683268,0.9125163826998689,0.8693556444482115,0.9000655307994757,1.0,-0.7517474879860201,0.8082131935342944
davies_bouldin,-0.6862166885102665,-0.7494539100043687,-0.5445935029246319,-0.7477064220183486,-0.7517474879860201,1.0,-0.873307121013543
silhouette,0.8099606815203145,0.8544124071647008,0.6198352066765332,0.8480777632153779,0.8082131935342944,-0.873307121013543,1.0
