,abilities,v_measure,mutual_info,adjusted_rand_score,calinski_harabasz,davies_bouldin,silhouette
abilities,1.0,0.9705753664406038,0.9454527581517325,0.9583242178954277,0.9043972872456792,-0.6198862393349377,0.7628527674469482
v_measure,0.9705753664406038,1.0,0.9190196752485021,0.9817326624371034,0.9129293371253555,-0.6906584992343032,0.8319842485232991
mutual_info,0.9454527581517325,0.9190196752485021,1.0,0.8857847739413026,0.9023192755899759,-0.5789287550500373,0.7002554995891319
adjusted_rand_score,0.9583242178954277,0.9817326624371034,0.8857847739413026,1.0,0.8859111791730475,-0.7314591992999344,0.8481732662437104
calinski_harabasz,0.9043972872456792,0.9129293371253555,0.9023192755899759,0.8859111791730475,1.0,-0.7040035003281557,0.8036534675125793
davies_bouldin,-0.6198862393349377,-0.6906584992343032,-0.5789287550500373,-0.7314591992999344,-0.7040035003281557,1.0,-0.8806606869394006
silhouette,0.7628527674469482,0.8319842485232991,0.7002554995891319,0.8481732662437104,0.8036534675125793,-0.8806606869394006,1.0
