,abilities,v_measure,mutual_info,adjusted_rand_score,calinski_harabasz,davies_bouldin,silhouette
abilities,1.0,0.9463471806224769,0.595250488500589,0.9403568172939185,0.85128271910405,-0.30147154577418933,0.6564656856361505
v_measure,0.9463471806224769,1.0,0.4825709645904441,0.9565047532230759,0.8171636931892173,-0.38481573121500195,0.7228805834092981
mutual_info,0.595250488500589,0.4825709645904441,1.0,0.4515144173643264,0.6951888648307882,0.152097449235602,0.07339431887197899
adjusted_rand_score,0.9403568172939185,0.9565047532230759,0.4515144173643264,1.0,0.7575205104831358,-0.35851022268524546,0.6564656856361505
calinski_harabasz,0.85128271910405,0.8171636931892173,0.6951888648307882,0.7575205104831358,1.0,-0.3275166037244433,0.6325042323219169
davies_bouldin,-0.30147154577418933,-0.38481573121500195,0.152097449235602,-0.35851022268524546,-0.3275166037244433,1.0,-0.8603984893866389
silhouette,0.6564656856361505,0.7228805834092981,0.07339431887197899,0.6564656856361505,0.6325042323219169,-0.8603984893866389,1.0
