,abilities,v_measure,mutual_info,adjusted_rand_score,calinski_harabasz,davies_bouldin,silhouette
abilities,1.0,0.9842726081258192,0.4742321143858608,0.9976408912188729,0.8159895150720838,-0.3698558322411533,0.7229357798165138
v_measure,0.9842726081258192,1.0,0.4781006745313432,0.9771952817824378,0.8403669724770643,-0.38610747051114025,0.7480996068152032
mutual_info,0.4742321143858608,0.4781006745313432,1.0,0.46155924494376327,0.6987420014495468,0.16541429587579956,0.07950558092094881
adjusted_rand_score,0.9976408912188729,0.9771952817824378,0.46155924494376327,1.0,0.8049803407601572,-0.3758846657929227,0.7242463958060288
calinski_harabasz,0.8159895150720838,0.8403669724770643,0.6987420014495468,0.8049803407601572,1.0,-0.29829619921363043,0.6338138925294888
davies_bouldin,-0.3698558322411533,-0.38610747051114025,0.16541429587579956,-0.3758846657929227,-0.29829619921363043,1.0,-0.8437745740498034
silhouette,0.7229357798165138,0.7480996068152032,0.07950558092094881,0.7242463958060288,0.6338138925294888,-0.8437745740498034,1.0
