,abilities,v_measure,mutual_info,adjusted_rand_score,calinski_harabasz,davies_bouldin,silhouette
abilities,1.0,0.9291574423753093,0.4456156081155161,0.9539002474280506,0.795285844511004,-0.5720796978773278,0.7934626904544863
v_measure,0.9291574423753093,1.0,0.5528124641861234,0.976819898424274,0.8273212657898164,-0.42440421929938793,0.7090767026956635
mutual_info,0.4456156081155161,0.5528124641861234,1.0,0.5296240218964371,0.729839657894815,0.05896489610805967,0.12561510451784397
adjusted_rand_score,0.9539002474280506,0.976819898424274,0.5296240218964371,1.0,0.7968485479880193,-0.4223206146633676,0.689542909232973
calinski_harabasz,0.795285844511004,0.8273212657898164,0.729839657894815,0.7968485479880193,1.0,-0.4262273733559057,0.6603724443286886
davies_bouldin,-0.5720796978773278,-0.42440421929938793,0.05896489610805967,-0.4223206146633676,-0.4262273733559057,1.0,-0.8898294048704258
silhouette,0.7934626904544863,0.7090767026956635,0.12561510451784397,0.689542909232973,0.6603724443286886,-0.8898294048704258,1.0
