,abilities,v_measure,mutual_info,adjusted_rand_score,calinski_harabasz,davies_bouldin,silhouette
abilities,1.0,0.5288510607275644,0.546384048990304,0.5483706349784938,0.4453962236640665,-0.38747539549464166,0.23793467959466355
v_measure,0.5288510607275644,1.0,0.9975942261427426,0.9516658161405556,0.8025807392286943,-0.7145877378435518,0.3305387475395495
mutual_info,0.546384048990304,0.9975942261427426,1.0,0.9562404315812495,0.7981701538237224,-0.709721513450463,0.31619523219362833
adjusted_rand_score,0.5483706349784938,0.9516658161405556,0.9562404315812495,1.0,0.7612087191076766,-0.6615149085076912,0.3220638623605745
calinski_harabasz,0.4453962236640665,0.8025807392286943,0.7981701538237224,0.7612087191076766,1.0,-0.9006524750309834,0.3144273529197346
davies_bouldin,-0.38747539549464166,-0.7145877378435518,-0.709721513450463,-0.6615149085076912,-0.9006524750309834,1.0,-0.31789020922942335
silhouette,0.23793467959466355,0.3305387475395495,0.31619523219362833,0.3220638623605745,0.3144273529197346,-0.31789020922942335,1.0
