,abilities,v_measure,mutual_info,adjusted_rand_score,calinski_harabasz,davies_bouldin,silhouette
abilities,1.0,0.4566778450098418,0.48792779000921127,0.5123204782386819,0.3659145585769483,-0.29007800539476564,0.13352044907778668
v_measure,0.4566778450098418,1.0,0.9955210483492946,0.9329481665087118,0.8012867245024422,-0.7100495735219071,0.320168404170008
mutual_info,0.48792779000921127,0.9955210483492946,1.0,0.9470499519396985,0.7929339183846909,-0.6940780330958589,0.2934328453447996
adjusted_rand_score,0.5123204782386819,0.9329481665087118,0.9470499519396985,1.0,0.7322847561420136,-0.6239702558868557,0.2756798133702705
calinski_harabasz,0.3659145585769483,0.8012867245024422,0.7929339183846909,0.7322847561420136,1.0,-0.8957315739593206,0.31271415032441496
davies_bouldin,-0.29007800539476564,-0.7100495735219071,-0.6940780330958589,-0.6239702558868557,-0.8957315739593206,1.0,-0.3195305095866443
silhouette,0.13352044907778668,0.320168404170008,0.2934328453447996,0.2756798133702705,0.31271415032441496,-0.3195305095866443,1.0
