,abilities,v_measure,mutual_info,adjusted_rand_score,calinski_harabasz,davies_bouldin,silhouette
abilities,1.0,0.5246774075964132,0.5418823357877087,0.5441423051687687,0.44129547277101405,-0.3887329591018444,0.2390099876066195
v_measure,0.5246774075964132,1.0,0.9977035794998906,0.9516293650215062,0.8026171903477437,-0.7143325800102063,0.3300831085514325
mutual_info,0.5418823357877087,0.9977035794998906,1.0,0.9565684916526938,0.7987898228475614,-0.7100495735219071,0.3162681344317271
adjusted_rand_score,0.5441423051687687,0.9516293650215062,0.9565684916526938,1.0,0.7611904935481519,-0.6614237807100678,0.3207516220747977
calinski_harabasz,0.44129547277101405,0.8026171903477437,0.7987898228475614,0.7611904935481519,1.0,-0.9006342494714588,0.3142997740030619
davies_bouldin,-0.3887329591018444,-0.7143325800102063,-0.7100495735219071,-0.6614237807100678,-0.9006342494714588,1.0,-0.3167966756579427
silhouette,0.2390099876066195,0.3300831085514325,0.3162681344317271,0.3207516220747977,0.3142997740030619,-0.3167966756579427,1.0
