,abilities,v_measure,mutual_info,adjusted_rand_score,calinski_harabasz,davies_bouldin,silhouette
abilities,1.0,0.5867172122184151,0.6026281256834585,0.6082835923157753,0.5019683604286651,-0.48811693518991034,0.20326966537872712
v_measure,0.5867172122184151,1.0,0.9977035794998906,0.9596300178099284,0.834803528468324,-0.7453524823212072,0.2877269082160822
mutual_info,0.6026281256834585,0.9977035794998906,1.0,0.9622271837097036,0.8321608223372458,-0.7415980170591238,0.27296420500109353
adjusted_rand_score,0.6082835923157753,0.9596300178099284,0.9622271837097036,1.0,0.7917528591935806,-0.6758190185727373,0.29493780472359654
calinski_harabasz,0.5019683604286651,0.834803528468324,0.8321608223372458,0.7917528591935806,1.0,-0.8703615951009696,0.28821899832324854
davies_bouldin,-0.48811693518991034,-0.7453524823212072,-0.7415980170591238,-0.6758190185727373,-0.8703615951009696,1.0,-0.34748851789749946
silhouette,0.20326966537872712,0.2877269082160822,0.27296420500109353,0.29493780472359654,0.28821899832324854,-0.34748851789749946,1.0
