,abilities,v_measure,mutual_info,adjusted_rand_score,calinski_harabasz,davies_bouldin,silhouette
abilities,1.0,0.53276955602537,0.5500838375738135,0.553218633812058,0.44519574250929506,-0.3876211999708391,0.2374972661660713
v_measure,0.53276955602537,1.0,0.9975760005832179,0.9517204928191295,0.8024167091929723,-0.7144237078078297,0.3302471385871546
mutual_info,0.5500838375738135,0.9975760005832179,1.0,0.9564044616169717,0.7980425749070497,-0.7102318291171539,0.31563023984836336
adjusted_rand_score,0.553218633812058,0.9517204928191295,0.9564044616169717,1.0,0.7609353357148064,-0.661186848436247,0.3206969453962237
calinski_harabasz,0.44519574250929506,0.8024167091929723,0.7980425749070497,0.7609353357148064,1.0,-0.9002515127214405,0.31431799956258655
davies_bouldin,-0.3876211999708391,-0.7144237078078297,-0.7102318291171539,-0.661186848436247,-0.9002515127214405,1.0,-0.31641393890792446
silhouette,0.2374972661660713,0.3302471385871546,0.31563023984836336,0.3206969453962237,0.31431799956258655,-0.31641393890792446,1.0
