,abilities,v_measure,mutual_info,adjusted_rand_score,calinski_harabasz,davies_bouldin,silhouette
abilities,1.0,0.6606779162788093,0.6960505042728462,0.7155075273483157,0.6318143324071417,-0.5430959063263321,0.44189139061723554
v_measure,0.6606779162788093,1.0,0.9806269640744966,0.9806689576494796,0.8468774277535537,-0.8025742061464596,0.437510060960673
mutual_info,0.6960505042728462,0.9806269640744966,1.0,0.9776594181090293,0.8170059980822935,-0.7602726782802232,0.3942286830114992
adjusted_rand_score,0.7155075273483157,0.9806689576494796,0.9776594181090293,1.0,0.817887863156937,-0.7473106614687953,0.39299687147866375
calinski_harabasz,0.6318143324071417,0.8468774277535537,0.8170059980822935,0.817887863156937,1.0,-0.889444914928016,0.3353256951686392
davies_bouldin,-0.5430959063263321,-0.8025742061464596,-0.7602726782802232,-0.7473106614687953,-0.889444914928016,1.0,-0.4114740444711959
silhouette,0.44189139061723554,0.437510060960673,0.3942286830114992,0.39299687147866375,0.3353256951686392,-0.4114740444711959,1.0
