,abilities,v_measure,mutual_info,adjusted_rand_score,calinski_harabasz,davies_bouldin,silhouette
abilities,1.0,0.6644853337439371,0.7004878253627195,0.7190629833635453,0.63465589764766,-0.5457275036919351,0.4386718832018701
v_measure,0.6644853337439371,1.0,0.980780940516101,0.9806689576494796,0.8469614149035197,-0.8028261675963577,0.43776202241057116
mutual_info,0.7004878253627195,0.980780940516101,1.0,0.9778413902672891,0.8174819252654344,-0.760496644013466,0.39439665731143136
adjusted_rand_score,0.7190629833635453,0.9806689576494796,0.9778413902672891,1.0,0.8179018610152646,-0.7468767278606373,0.3931508479202682
calinski_harabasz,0.63465589764766,0.8469614149035197,0.8174819252654344,0.8179018610152646,1.0,-0.8895848935112928,0.33546567375191594
davies_bouldin,-0.5457275036919351,-0.8028261675963577,-0.760496644013466,-0.7468767278606373,-0.8895848935112928,1.0,-0.4111520937296594
silhouette,0.4386718832018701,0.43776202241057116,0.39439665731143136,0.3931508479202682,0.33546567375191594,-0.4111520937296594,1.0
