,abilities,v_measure,mutual_info,adjusted_rand_score,calinski_harabasz,davies_bouldin,silhouette
abilities,1.0,0.6614198027701762,0.6970583500724389,0.7159974523897844,0.6334100882564968,-0.544481694300772,0.4392177996766495
v_measure,0.6614198027701762,1.0,0.9810329019659992,0.9806269640744966,0.8467374491702769,-0.8026161997214426,0.43766403740227744
mutual_info,0.6970583500724389,0.9810329019659992,1.0,0.9778133945506338,0.8172299638155363,-0.7605946290217597,0.3942426808698269
adjusted_rand_score,0.7159974523897844,0.9806269640744966,0.9778133945506338,1.0,0.8178458695819539,-0.7471986786021738,0.39313685006194055
calinski_harabasz,0.6334100882564968,0.8467374491702769,0.8172299638155363,0.8178458695819539,1.0,-0.8896688806612588,0.3354796716102436
davies_bouldin,-0.544481694300772,-0.8026161997214426,-0.7605946290217597,-0.7471986786021738,-0.8896688806612588,1.0,-0.41129207231293613
silhouette,0.4392177996766495,0.43766403740227744,0.3942426808698269,0.39313685006194055,0.3354796716102436,-0.41129207231293613,1.0
