,abilities,v_measure,mutual_info,adjusted_rand_score,calinski_harabasz,davies_bouldin,silhouette
abilities,1.0,0.4949927080868991,0.42965483736711985,0.5244854969534661,0.5129634430904848,-0.5187321752657506,0.774760176302826
v_measure,0.4949927080868991,1.0,0.9786089323912621,0.9711544694367019,0.8615135314847084,-0.8459568955990466,0.5860314376761153
mutual_info,0.42965483736711985,0.9786089323912621,1.0,0.9481428664030596,0.8383730356047866,-0.829881705183863,0.5602981691485832
adjusted_rand_score,0.5244854969534661,0.9711544694367019,0.9481428664030596,1.0,0.8373359265457425,-0.8189920600638997,0.5916707181846677
calinski_harabasz,0.5129634430904848,0.8615135314847084,0.8383730356047866,0.8373359265457425,1.0,-0.9830827067669173,0.5847161005963184
davies_bouldin,-0.5187321752657506,-0.8459568955990466,-0.829881705183863,-0.8189920600638997,-0.9830827067669173,1.0,-0.5794010889292196
silhouette,0.774760176302826,0.5860314376761153,0.5602981691485832,0.5916707181846677,0.5847161005963184,-0.5794010889292196,1.0
