,abilities,v_measure,mutual_info,adjusted_rand_score,calinski_harabasz,davies_bouldin,silhouette
abilities,1.0,0.49379355073737935,0.42709447437760467,0.5228974237068048,0.5135467980295566,-0.5167876588021778,0.7714544983147524
v_measure,0.49379355073737935,1.0,0.9770532183833539,0.9707655409347248,0.8615783508008986,-0.8456327990180954,0.5863555342570667
mutual_info,0.42709447437760467,0.9770532183833539,1.0,0.9460685810591819,0.8376600231266937,-0.8300113438162434,0.5597147953028709
adjusted_rand_score,0.5228974237068048,0.9707655409347248,0.9460685810591819,1.0,0.8371414685971718,-0.8187976021153289,0.5912818022875261
calinski_harabasz,0.5135467980295566,0.8615783508008986,0.8376600231266937,0.8371414685971718,1.0,-0.9825641690432979,0.5847161005963184
davies_bouldin,-0.5167876588021778,-0.8456327990180954,-0.8300113438162434,-0.8187976021153289,-0.9825641690432979,1.0,-0.5788825512056002
silhouette,0.7714544983147524,0.5863555342570667,0.5597147953028709,0.5912818022875261,0.5847161005963184,-0.5788825512056002,1.0
