,abilities,v_measure,mutual_info,adjusted_rand_score,calinski_harabasz,davies_bouldin,silhouette
abilities,1.0,0.8114601816094353,0.7524554061093096,0.852875482726229,0.8378874856486797,-0.7975576662143826,0.8326688237135998
v_measure,0.8114601816094353,1.0,0.9675082717182013,0.9695647635946143,0.8506210207702745,-0.8459033503809623,0.6889259993737605
mutual_info,0.7524554061093096,0.9675082717182013,1.0,0.926969282685735,0.832740139280713,-0.8399837176505718,0.6405243766592148
adjusted_rand_score,0.852875482726229,0.9695647635946143,0.926969282685735,1.0,0.8510385137250809,-0.844776119402985,0.7126395992067633
calinski_harabasz,0.8378874856486797,0.8506210207702745,0.832740139280713,0.8510385137250809,1.0,-0.9676860452979856,0.8255296941864106
davies_bouldin,-0.7975576662143826,-0.8459033503809623,-0.8399837176505718,-0.844776119402985,-0.9676860452979856,1.0,-0.7682079114914936
silhouette,0.8326688237135998,0.6889259993737605,0.6405243766592148,0.7126395992067633,0.8255296941864106,-0.7682079114914936,1.0
