,abilities,v_measure,mutual_info,adjusted_rand_score,calinski_harabasz,davies_bouldin,silhouette
abilities,1.0,0.7702802749867795,0.7904812268640931,0.7927551560021153,0.6755156002115283,-0.6044949762030671,0.4333685880486515
v_measure,0.7702802749867795,1.0,0.9969328397673188,0.9562665256478053,0.8798519301956637,-0.8160761501850873,0.47519830777366473
mutual_info,0.7904812268640931,0.9969328397673188,1.0,0.9613432046536224,0.8729772607086198,-0.8077207826546801,0.4585933368588049
adjusted_rand_score,0.7927551560021153,0.9562665256478053,0.9613432046536224,1.0,0.8457958751983078,-0.7554732945531465,0.4710206240084611
calinski_harabasz,0.6755156002115283,0.8798519301956637,0.8729772607086198,0.8457958751983078,1.0,-0.9285034373347435,0.48360655737704916
davies_bouldin,-0.6044949762030671,-0.8160761501850873,-0.8077207826546801,-0.7554732945531465,-0.9285034373347435,1.0,-0.4337916446324696
silhouette,0.4333685880486515,0.47519830777366473,0.4585933368588049,0.4710206240084611,0.48360655737704916,-0.4337916446324696,1.0
