,abilities,v_measure,mutual_info,adjusted_rand_score,calinski_harabasz,davies_bouldin,silhouette
abilities,1.0,0.670386039132734,0.6884188260179799,0.698783712321523,0.6265468006345849,-0.5921205711263882,0.398572184029614
v_measure,0.670386039132734,1.0,0.9941300898995241,0.9568482284505553,0.8470121628767848,-0.8019037546271813,0.3680592279217345
mutual_info,0.6884188260179799,0.9941300898995241,1.0,0.957218402961396,0.8360126916975146,-0.793918561607615,0.3442622950819672
adjusted_rand_score,0.698783712321523,0.9568482284505553,0.957218402961396,1.0,0.8062929666842941,-0.7254362771020624,0.35912215758857746
calinski_harabasz,0.6265468006345849,0.8470121628767848,0.8360126916975146,0.8062929666842941,1.0,-0.9145425700687467,0.4251718667371761
davies_bouldin,-0.5921205711263882,-0.8019037546271813,-0.793918561607615,-0.7254362771020624,-0.9145425700687467,1.0,-0.43331570597567426
silhouette,0.398572184029614,0.3680592279217345,0.3442622950819672,0.35912215758857746,0.4251718667371761,-0.43331570597567426,1.0
