,abilities,v_measure,mutual_info,adjusted_rand_score,calinski_harabasz,davies_bouldin,silhouette
abilities,1.0,0.7780010576414595,0.7962453728186145,0.8006874669487044,0.6801692226335272,-0.6083553675304072,0.4288207297726071
v_measure,0.7780010576414595,1.0,0.9958751983077737,0.9562136435748282,0.8796932839767319,-0.8153358011634056,0.4748281332628239
mutual_info,0.7962453728186145,0.9958751983077737,1.0,0.9601269169751454,0.8724484399788471,-0.8069804336329984,0.45769434161819145
adjusted_rand_score,0.8006874669487044,0.9562136435748282,0.9601269169751454,1.0,0.845214172395558,-0.7547329455314649,0.47033315705975676
calinski_harabasz,0.6801692226335272,0.8796932839767319,0.8724484399788471,0.845214172395558,1.0,-0.9279217345319937,0.4837123215230037
davies_bouldin,-0.6083553675304072,-0.8153358011634056,-0.8069804336329984,-0.7547329455314649,-0.9279217345319937,1.0,-0.433262823902697
silhouette,0.4288207297726071,0.4748281332628239,0.45769434161819145,0.47033315705975676,0.4837123215230037,-0.433262823902697,1.0
