,abilities,v_measure,mutual_info,adjusted_rand_score,calinski_harabasz,davies_bouldin,silhouette
abilities,1.0,0.4659707598557798,0.43504981379403784,0.4822715860376412,0.43132530120481927,-0.43561810266275186,0.7061253417029463
v_measure,0.4659707598557798,1.0,0.9926492922665695,0.9596014822914768,0.7551939901110915,-0.7492406448968464,0.5178802852187632
mutual_info,0.43504981379403784,0.9926492922665695,1.0,0.9518457768867828,0.7478029322770797,-0.7443807712525647,0.5072088126748614
adjusted_rand_score,0.4822715860376412,0.9596014822914768,0.9518457768867828,1.0,0.7275332092857217,-0.7204256440809598,0.5359428155966767
calinski_harabasz,0.43132530120481927,0.7551939901110915,0.7478029322770797,0.7275332092857217,1.0,-0.9943707603523337,0.45641389085754785
davies_bouldin,-0.43561810266275186,-0.7492406448968464,-0.7443807712525647,-0.7204256440809598,-0.9943707603523337,1.0,-0.45639364179406705
silhouette,0.7061253417029463,0.5178802852187632,0.5072088126748614,0.5359428155966767,0.45641389085754785,-0.45639364179406705,1.0
