,abilities,v_measure,mutual_info,adjusted_rand_score,calinski_harabasz,davies_bouldin,silhouette
abilities,1.0,0.4618398672581404,0.4325591285513435,0.4783431881751802,0.43476764199655765,-0.4391819378353751,0.7047889035132126
v_measure,0.4618398672581404,1.0,0.9934390377255331,0.9594799829900978,0.7548294995877703,-0.7494026406849892,0.5178600357452453
mutual_info,0.4325591285513435,0.9934390377255331,1.0,0.9523925237429884,0.7477826828035619,-0.7446440144082966,0.5072088126748614
adjusted_rand_score,0.4783431881751802,0.9594799829900978,0.9523925237429884,1.0,0.7272092177094363,-0.7207496356572453,0.5358010692820517
calinski_harabasz,0.43476764199655765,0.7548294995877703,0.7477826828035619,0.7272092177094363,1.0,-0.9944112584792953,0.45643413992102866
davies_bouldin,-0.4391819378353751,-0.7494026406849892,-0.7446440144082966,-0.7207496356572453,-0.9944112584792953,1.0,-0.456292396476663
silhouette,0.7047889035132126,0.5178600357452453,0.5072088126748614,0.5358010692820517,0.45643413992102866,-0.456292396476663,1.0
