,abilities,v_measure,mutual_info,adjusted_rand_score,calinski_harabasz,davies_bouldin,silhouette
abilities,1.0,0.4784748097530461,0.4489308278905173,0.4243479670398593,0.4373190239951402,-0.44011339475549255,0.5647058823529412
v_measure,0.4784748097530461,1.0,0.9929935402871434,0.9525140230443675,0.801129920786312,-0.7953284466234507,0.4708002592897847
mutual_info,0.4489308278905173,0.9929935402871434,1.0,0.9449405665917421,0.7935566176906397,-0.790610319293794,0.46126275726288196
adjusted_rand_score,0.4243479670398593,0.9525140230443675,0.9449405665917421,1.0,0.7639113884605216,-0.7572594364099111,0.49979750536733186
calinski_harabasz,0.4373190239951402,0.801129920786312,0.7935566176906397,0.7639113884605216,1.0,-0.9942087678444872,0.5603928318315278
davies_bouldin,-0.44011339475549255,-0.7953284466234507,-0.790610319293794,-0.7572594364099111,-0.9942087678444872,1.0,-0.5588741520704668
silhouette,0.5647058823529412,0.4708002592897847,0.46126275726288196,0.49979750536733186,0.5603928318315278,-0.5588741520704668,1.0
