,abilities,v_measure,mutual_info,adjusted_rand_score,calinski_harabasz,davies_bouldin,silhouette
abilities,1.0,0.4668212377435291,0.436042037996412,0.48257532814040877,0.43816948466133443,-0.4436772299281158,0.7030879821808241
v_measure,0.4668212377435291,1.0,0.9929327906364538,0.9595407326407873,0.7551939901110915,-0.7492811438438821,0.5179815325863524
mutual_info,0.436042037996412,0.9929327906364538,1.0,0.9519470263045987,0.7478434312241155,-0.7447857607229216,0.5071885632013435
adjusted_rand_score,0.48257532814040877,0.9595407326407873,0.9519470263045987,1.0,0.7275129598122039,-0.720526891448549,0.5361250608583372
calinski_harabasz,0.43816948466133443,0.7551939901110915,0.7478434312241155,0.7275129598122039,1.0,-0.9944112584792953,0.45643413992102866
davies_bouldin,-0.4436772299281158,-0.7492811438438821,-0.7447857607229216,-0.720526891448549,-0.9944112584792953,1.0,-0.45645438898450946
silhouette,0.7030879821808241,0.5179815325863524,0.5071885632013435,0.5361250608583372,0.45643413992102866,-0.45645438898450946,1.0
