,abilities,v_measure,mutual_info,adjusted_rand_score,calinski_harabasz,davies_bouldin,silhouette
abilities,1.0,0.7105007629352199,0.7476148641358795,0.7132904856583592,0.6631833664709237,-0.519705306638307,0.34692745179636564
v_measure,0.7105007629352199,1.0,0.9806568949307193,0.9893497325873523,0.7623649450532514,-0.7511444028297961,0.4452150860806708
mutual_info,0.7476148641358795,0.9806568949307193,1.0,0.9776359797167121,0.7309073534624929,-0.6870732571939396,0.3904841170758774
adjusted_rand_score,0.7132904856583592,0.9893497325873523,0.9776359797167121,1.0,0.751406420986113,-0.7331730398729983,0.4283842727454879
calinski_harabasz,0.6631833664709237,0.7623649450532514,0.7309073534624929,0.751406420986113,1.0,-0.8775296311709129,0.3562368027619796
davies_bouldin,-0.519705306638307,-0.7511444028297961,-0.6870732571939396,-0.7331730398729983,-0.8775296311709129,1.0,-0.4264884943203711
silhouette,0.34692745179636564,0.4452150860806708,0.3904841170758774,0.4283842727454879,0.3562368027619796,-0.4264884943203711,1.0
