,abilities,v_measure,mutual_info,adjusted_rand_score,calinski_harabasz,davies_bouldin,silhouette
abilities,1.0,0.6869499545321435,0.7352334860548642,0.6929917849601578,0.6308626562475917,-0.4796319415545383,0.30617592207271777
v_measure,0.6869499545321435,1.0,0.9826258173722296,0.9889952374346881,0.7589432961884065,-0.7496031195573435,0.4485134322837194
mutual_info,0.7352334860548642,0.9826258173722296,1.0,0.9792426875532675,0.7282591523734046,-0.6886171938569094,0.39692050415864766
adjusted_rand_score,0.6929917849601578,0.9889952374346881,0.9792426875532675,1.0,0.7490020190810869,-0.7299825834990212,0.42893913472357087
calinski_harabasz,0.6308626562475917,0.7589432961884065,0.7282591523734046,0.7490020190810869,1.0,-0.8791017401088146,0.35636010542377583
davies_bouldin,-0.4796319415545383,-0.7496031195573435,-0.6886171938569094,-0.7299825834990212,-0.8791017401088146,1.0,-0.42745950278201633
silhouette,0.30617592207271777,0.4485134322837194,0.39692050415864766,0.42893913472357087,0.35636010542377583,-0.42745950278201633,1.0
