,abilities,v_measure,mutual_info,adjusted_rand_score,calinski_harabasz,davies_bouldin,silhouette
abilities,1.0,0.6885683019682187,0.7368980784031463,0.694579306730784,0.6309859589093879,-0.47983230837995716,0.305158675112899
v_measure,0.6885683019682187,1.0,0.9825025142353199,0.9890414759328617,0.7583267828794255,-0.7493719270664756,0.4468642591821951
mutual_info,0.7368980784031463,0.9825025142353199,1.0,0.9793351649059497,0.7277659398257654,-0.6883243489067487,0.3951094893352852
adjusted_rand_score,0.694579306730784,0.9890414759328617,0.9793351649059497,1.0,0.7487091752593209,-0.7296897396772553,0.42869252939997843
calinski_harabasz,0.6309859589093879,0.7583267828794255,0.7277659398257654,0.7487091752593209,1.0,-0.8791325657742637,0.356190564263806
davies_bouldin,-0.47983230837995716,-0.7493719270664756,-0.6883243489067487,-0.7296897396772553,-0.8791325657742637,1.0,-0.427274548789322
silhouette,0.305158675112899,0.4468642591821951,0.3951094893352852,0.42869252939997843,0.356190564263806,-0.427274548789322,1.0
