,abilities,v_measure,mutual_info,adjusted_rand_score,calinski_harabasz,davies_bouldin,silhouette
abilities,1.0,0.8808414385885546,0.8850054609602525,0.8805926261026917,0.839583804569102,-0.7734675412802533,0.6454648269622257
v_measure,0.8808414385885546,1.0,0.9757560785485416,0.9983261705496494,0.9278669984166478,-0.8717484731961095,0.6104727437231395
mutual_info,0.8850054609602525,0.9757560785485416,1.0,0.9741019474414393,0.9227332458003278,-0.8371716148356886,0.572306703727196
adjusted_rand_score,0.8805926261026917,0.9983261705496494,0.9741019474414393,1.0,0.9250848224383623,-0.8695317801402398,0.6090477267586519
calinski_harabasz,0.839583804569102,0.9278669984166478,0.9227332458003278,0.9250848224383623,1.0,-0.8807735806378647,0.5517303777425921
davies_bouldin,-0.7734675412802533,-0.8717484731961095,-0.8371716148356886,-0.8695317801402398,-0.8807735806378647,1.0,-0.6054286360551911
silhouette,0.6454648269622257,0.6104727437231395,0.572306703727196,0.6090477267586519,0.5517303777425921,-0.6054286360551911,1.0
