,abilities,v_measure,mutual_info,adjusted_rand_score,calinski_harabasz,davies_bouldin,silhouette
abilities,1.0,0.8811128703913141,0.8855316508323665,0.8807509613209681,0.8433612304908392,-0.7742592173716354,0.6423885998642841
v_measure,0.8811128703913141,1.0,0.9736429564685399,0.9983261705496494,0.9281836688532006,-0.8719746663650758,0.6104501244062429
mutual_info,0.8855316508323665,0.9736429564685399,1.0,0.9721247727273483,0.9219227417033179,-0.837187695431884,0.5717094758527641
adjusted_rand_score,0.8807509613209681,0.9983261705496494,0.9721247727273483,1.0,0.9254014928749151,-0.869757973309206,0.6090703460755486
calinski_harabasz,0.8433612304908392,0.9281836688532006,0.9219227417033179,0.9254014928749151,1.0,-0.8805247681520018,0.5517303777425921
davies_bouldin,-0.7742592173716354,-0.8719746663650758,-0.837187695431884,-0.869757973309206,-0.8805247681520018,1.0,-0.6055191133227776
silhouette,0.6423885998642841,0.6104501244062429,0.5717094758527641,0.6090703460755486,0.5517303777425921,-0.6055191133227776,1.0
