,abilities,v_measure,mutual_info,adjusted_rand_score,calinski_harabasz,davies_bouldin,silhouette
abilities,1.0,0.8652315484804631,0.8630800513940174,0.8603247105643994,0.8293912807525325,-0.7907018813314037,0.6500316570188133
v_measure,0.8652315484804631,1.0,0.963756292207353,0.9970378075253257,0.9147747829232996,-0.8875949710564399,0.6151637120115774
mutual_info,0.8630800513940174,0.963756292207353,1.0,0.9599033068542987,0.907015416728698,-0.8461042512208548,0.5561104418542117
adjusted_rand_score,0.8603247105643994,0.9970378075253257,0.9599033068542987,1.0,0.9127396888567294,-0.8886351302460203,0.6146888567293777
calinski_harabasz,0.8293912807525325,0.9147747829232996,0.907015416728698,0.9127396888567294,1.0,-0.8613648697539797,0.5284008683068018
davies_bouldin,-0.7907018813314037,-0.8875949710564399,-0.8461042512208548,-0.8886351302460203,-0.8613648697539797,1.0,-0.6117492764109985
silhouette,0.6500316570188133,0.6151637120115774,0.5561104418542117,0.6146888567293777,0.5284008683068018,-0.6117492764109985,1.0
