,abilities,v_measure,mutual_info,adjusted_rand_score,calinski_harabasz,davies_bouldin,silhouette
abilities,1.0,0.8780366432933725,0.8807985596825453,0.8776294955892332,0.8372992535625424,-0.7718163311467994,0.6479755711377516
v_measure,0.8780366432933725,1.0,0.9720109391369031,0.9983261705496494,0.9281836688532006,-0.8720651436326623,0.6104501244062429
mutual_info,0.8807985596825453,0.9720109391369031,1.0,0.9701989226590415,0.920855448946273,-0.8350904440284868,0.5692336514172317
adjusted_rand_score,0.8776294955892332,0.9983261705496494,0.9701989226590415,1.0,0.9254014928749151,-0.8698032119429994,0.6090703460755486
calinski_harabasz,0.8372992535625424,0.9281836688532006,0.920855448946273,0.9254014928749151,1.0,-0.8811581090251075,0.5517303777425921
davies_bouldin,-0.7718163311467994,-0.8720651436326623,-0.8350904440284868,-0.8698032119429994,-0.8811581090251075,1.0,-0.6056774485410541
silhouette,0.6479755711377516,0.6104501244062429,0.5692336514172317,0.6090703460755486,0.5517303777425921,-0.6056774485410541,1.0
