,abilities,v_measure,mutual_info,adjusted_rand_score,calinski_harabasz,davies_bouldin,silhouette
abilities,1.0,0.8832986613603473,0.8733851169383436,0.8828238060781476,0.8469157018813314,-0.7868804269175108,0.6664933068017366
v_measure,0.8832986613603473,1.0,0.9604741548257298,0.997784008683068,0.9248371924746743,-0.8741633502170767,0.6093071635311144
mutual_info,0.8733851169383436,0.9604741548257298,1.0,0.958455684937194,0.9155008313541968,-0.8387082578420381,0.5605449636522488
adjusted_rand_score,0.8828238060781476,0.997784008683068,0.958455684937194,1.0,0.9222820188133141,-0.8731231910274964,0.6088096960926194
calinski_harabasz,0.8469157018813314,0.9248371924746743,0.9155008313541968,0.9222820188133141,1.0,-0.8822132778581766,0.5491136034732272
davies_bouldin,-0.7868804269175108,-0.8741633502170767,-0.8387082578420381,-0.8731231910274964,-0.8822132778581766,1.0,-0.607769536903039
silhouette,0.6664933068017366,0.6093071635311144,0.5605449636522488,0.6088096960926194,0.5491136034732272,-0.607769536903039,1.0
