,abilities,v_measure,mutual_info,adjusted_rand_score,calinski_harabasz,davies_bouldin,silhouette
abilities,1.0,0.7569903718970131,0.781660463256329,0.8083607616352395,0.6446522501461134,-0.5765480328524408,0.3706973453505183
v_measure,0.7569903718970131,1.0,0.9931096004183457,0.940078132209542,0.8800947429942477,-0.8208496108769879,0.48075917438247867
mutual_info,0.781660463256329,0.9931096004183457,1.0,0.9480143960134116,0.8707434864191455,-0.7958719123934911,0.45129041188593927
adjusted_rand_score,0.8083607616352395,0.940078132209542,0.9480143960134116,1.0,0.8046694761450676,-0.714048417361346,0.4296963917684334
calinski_harabasz,0.6446522501461134,0.8800947429942477,0.8707434864191455,0.8046694761450676,1.0,-0.9205758405364668,0.49687778768956287
davies_bouldin,-0.5765480328524408,-0.8208496108769879,-0.7958719123934911,-0.714048417361346,-0.9205758405364668,1.0,-0.472822910578609
silhouette,0.3706973453505183,0.48075917438247867,0.45129041188593927,0.4296963917684334,0.49687778768956287,-0.472822910578609,1.0
