,abilities,v_measure,mutual_info,adjusted_rand_score,calinski_harabasz,davies_bouldin,silhouette
abilities,1.0,0.7837521917007598,0.8023316620012919,0.8043618690208866,0.6755360054138854,-0.6212741087083576,0.4255129348795718
v_measure,0.7837521917007598,1.0,0.9952013288627765,0.9594573810329448,0.8828016856870405,-0.8324771601710296,0.4994616875326833
mutual_info,0.8023316620012919,0.9952013288627765,1.0,0.9614875880525393,0.8745578147589899,-0.8232489464455996,0.4833430742255991
adjusted_rand_score,0.8043618690208866,0.9594573810329448,0.9614875880525393,1.0,0.8396136454520287,-0.7623427358577625,0.4896797809837276
calinski_harabasz,0.6755360054138854,0.8828016856870405,0.8745578147589899,0.8396136454520287,1.0,-0.9346642468239564,0.5001384232058814
davies_bouldin,-0.6212741087083576,-0.8324771601710296,-0.8232489464455996,-0.7623427358577625,-0.9346642468239564,1.0,-0.46863945368974746
silhouette,0.4255129348795718,0.4994616875326833,0.4833430742255991,0.4896797809837276,0.5001384232058814,-0.46863945368974746,1.0
