,abilities,v_measure,mutual_info,adjusted_rand_score,calinski_harabasz,davies_bouldin,silhouette
abilities,1.0,0.6209518108350793,0.6764641324952609,0.7075925371645216,0.62338621171306,-0.37619475207023845,0.3498952409458246
v_measure,0.6209518108350793,1.0,0.9427716252618976,0.9196248628155242,0.8229272672852439,-0.7546443180684426,0.5817619475207024
mutual_info,0.6764641324952609,0.9427716252618976,1.0,0.8813528883567794,0.7651800858026538,-0.6702384515614087,0.45146163823206625
adjusted_rand_score,0.7075925371645216,0.9196248628155242,0.8813528883567794,1.0,0.7486580864012771,-0.6386311483587748,0.4505437493764342
calinski_harabasz,0.62338621171306,0.8229272672852439,0.7651800858026538,0.7486580864012771,1.0,-0.9119624862815524,0.7110645515314776
davies_bouldin,-0.37619475207023845,-0.7546443180684426,-0.6702384515614087,-0.6386311483587748,-0.9119624862815524,1.0,-0.7168113339319565
silhouette,0.3498952409458246,0.5817619475207024,0.45146163823206625,0.4505437493764342,0.7110645515314776,-0.7168113339319565,1.0
