,abilities,v_measure,mutual_info,adjusted_rand_score,calinski_harabasz,davies_bouldin,silhouette
abilities,1.0,0.7764311421452521,0.7953182195699653,0.7979636408379218,0.6738134055184718,-0.6165984804208066,0.4236057707096496
v_measure,0.7764311421452521,1.0,0.9970469716078625,0.9593958596081085,0.8828016856870405,-0.8300163031775816,0.49786213048694206
mutual_info,0.7953182195699653,0.9970469716078625,1.0,0.96357931649697,0.8764034575040758,-0.8212187394260051,0.48186656002953027
adjusted_rand_score,0.7979636408379218,0.9593958596081085,0.96357931649697,1.0,0.8396751668768648,-0.7596973145898059,0.48648066689224523
calinski_harabasz,0.6738134055184718,0.8828016856870405,0.8764034575040758,0.8396751668768648,1.0,-0.9333722969023963,0.5000769017810452
davies_bouldin,-0.6165984804208066,-0.8300163031775816,-0.8212187394260051,-0.7596973145898059,-0.9333722969023963,1.0,-0.4648866467747393
silhouette,0.4236057707096496,0.49786213048694206,0.48186656002953027,0.48648066689224523,0.5000769017810452,-0.4648866467747393,1.0
