,abilities,v_measure,mutual_info,adjusted_rand_score,calinski_harabasz,davies_bouldin,silhouette
abilities,1.0,0.49716496061134957,0.5145620076418699,0.5091655266757866,0.45346478607481483,-0.42833152507193734,0.23449219302797303
v_measure,0.49716496061134957,1.0,0.9970375961130242,0.9638662201047219,0.8672767583376574,-0.8204254917684797,0.18339544318128215
mutual_info,0.5145620076418699,0.9970375961130242,1.0,0.969281569885372,0.8611632624180385,-0.8148403226567291,0.16577197037596114
adjusted_rand_score,0.5091655266757866,0.9638662201047219,0.969281569885372,1.0,0.8454832775130903,-0.7823670927873956,0.19850936364922875
calinski_harabasz,0.45346478607481483,0.8672767583376574,0.8611632624180385,0.8454832775130903,1.0,-0.8754469550450493,0.27387140902872775
davies_bouldin,-0.42833152507193734,-0.8204254917684797,-0.8148403226567291,-0.7823670927873956,-0.8754469550450493,1.0,-0.3027029576866833
silhouette,0.23449219302797303,0.18339544318128215,0.16577197037596114,0.19850936364922875,0.27387140902872775,-0.3027029576866833,1.0
