,abilities,v_measure,mutual_info,adjusted_rand_score,calinski_harabasz,davies_bouldin,silhouette
abilities,1.0,0.5428960936712777,0.5601988782499152,0.5707748987039244,0.45134417352345896,-0.40410587342245646,0.24236163197416674
v_measure,0.5428960936712777,1.0,0.9979621680267937,0.9528090947686212,0.8039718854662956,-0.7131940185857824,0.3373649700457569
mutual_info,0.5601988782499152,0.9979621680267937,1.0,0.9582055757347044,0.7997830086324826,-0.7082881267984339,0.3241001934053493
adjusted_rand_score,0.5707748987039244,0.9528090947686212,0.9582055757347044,1.0,0.765536110193877,-0.6594367658851833,0.32991178829190054
calinski_harabasz,0.45134417352345896,0.8039718854662956,0.7997830086324826,0.765536110193877,1.0,-0.9035614887494693,0.3202509552337374
davies_bouldin,-0.40410587342245646,-0.7131940185857824,-0.7082881267984339,-0.6594367658851833,-0.9035614887494693,1.0,-0.32679843388839097
silhouette,0.24236163197416674,0.3373649700457569,0.3241001934053493,0.32991178829190054,0.3202509552337374,-0.32679843388839097,1.0
