,abilities,v_measure,mutual_info,adjusted_rand_score,calinski_harabasz,davies_bouldin,silhouette
abilities,1.0,0.546167272041134,0.5642435963960564,0.5738289541959526,0.4541629322137837,-0.4023869050426907,0.23607717345157792
v_measure,0.546167272041134,1.0,0.9972074154441247,0.952752488324921,0.8039718854662956,-0.7127977734798812,0.33711967545638943
mutual_info,0.5642435963960564,0.9972074154441247,1.0,0.9569036275296005,0.798726355016746,-0.7070616538515968,0.32230765602151046
adjusted_rand_score,0.5738289541959526,0.952752488324921,0.9569036275296005,1.0,0.7656493230812774,-0.658908439077315,0.32868531534506346
calinski_harabasz,0.4541629322137837,0.8039718854662956,0.798726355016746,0.7656493230812774,1.0,-0.9033350629746686,0.3203075616774376
davies_bouldin,-0.4023869050426907,-0.7127977734798812,-0.7070616538515968,-0.658908439077315,-0.9033350629746686,1.0,-0.32525119109391953
silhouette,0.23607717345157792,0.33711967545638943,0.32230765602151046,0.32868531534506346,0.3203075616774376,-0.32525119109391953,1.0
