,abilities,v_measure,mutual_info,adjusted_rand_score,calinski_harabasz,davies_bouldin,silhouette
abilities,1.0,0.47169206094627103,0.5031463748290014,0.5352799660361338,0.38389546676730035,-0.3189301382140667,0.14275201660455683
v_measure,0.47169206094627103,1.0,0.9956601726496532,0.9341855747912637,0.8030661823670928,-0.7078164064342658,0.3275154488419265
mutual_info,0.5031463748290014,0.9956601726496532,1.0,0.9487900372659087,0.7944431341100995,-0.6910231614698806,0.3017406481437804
adjusted_rand_score,0.5352799660361338,0.9341855747912637,0.9487900372659087,1.0,0.7373272324166235,-0.6211708099438653,0.2861927449407991
calinski_harabasz,0.38389546676730035,0.8030661823670928,0.7944431341100995,0.7373272324166235,1.0,-0.899051842068022,0.31926977687626773
davies_bouldin,-0.3189301382140667,-0.7078164064342658,-0.6910231614698806,-0.6211708099438653,-0.899051842068022,1.0,-0.3292513797820652
silhouette,0.14275201660455683,0.3275154488419265,0.3017406481437804,0.2861927449407991,0.31926977687626773,-0.3292513797820652,1.0
