,abilities,v_measure,mutual_info,adjusted_rand_score,calinski_harabasz,davies_bouldin,silhouette
abilities,1.0,0.9290859612614055,0.9228912352345899,0.9291659996798464,0.9000320153673763,-0.7956619177205059,0.7254282055386586
v_measure,0.9290859612614055,1.0,0.9596365183232562,0.9971986553545702,0.9312870177685288,-0.8540899631823275,0.7294301264607012
mutual_info,0.9228912352345899,0.9596365183232562,1.0,0.9573462163702174,0.923976115107082,-0.7987126705702671,0.6664979587022992
adjusted_rand_score,0.9291659996798464,0.9971986553545702,0.9573462163702174,1.0,0.9267648471266208,-0.8529294061149352,0.7251080518648951
calinski_harabasz,0.9000320153673763,0.9312870177685288,0.923976115107082,0.9267648471266208,1.0,-0.8429646230190492,0.6842484392508404
davies_bouldin,-0.7956619177205059,-0.8540899631823275,-0.7987126705702671,-0.8529294061149352,-0.8429646230190492,1.0,-0.7443172722906995
silhouette,0.7254282055386586,0.7294301264607012,0.6664979587022992,0.7251080518648951,0.6842484392508404,-0.7443172722906995,1.0
