,abilities,v_measure,mutual_info,adjusted_rand_score,calinski_harabasz,davies_bouldin,silhouette
abilities,1.0,0.9296250738016506,0.9212829718768833,0.9293050514000665,0.9317559053543213,-0.8079484769086145,0.6919815188911335
v_measure,0.9296250738016506,1.0,0.9342068404420444,0.9924793983518682,0.9239846789737306,-0.8411788825638413,0.7511725821183095
mutual_info,0.9212829718768833,0.9342068404420444,1.0,0.9297147865135477,0.9096719307433269,-0.7611147757910196,0.6588213028682712
adjusted_rand_score,0.9293050514000665,0.9924793983518682,0.9297147865135477,1.0,0.9143040013258111,-0.8300581041087933,0.738291680454549
calinski_harabasz,0.9317559053543213,0.9239846789737306,0.9096719307433269,0.9143040013258111,1.0,-0.8641518491109467,0.6687001220073204
davies_bouldin,-0.8079484769086145,-0.8411788825638413,-0.7611147757910196,-0.8300581041087933,-0.8641518491109467,1.0,-0.7358241494489669
silhouette,0.6919815188911335,0.7511725821183095,0.6588213028682712,0.738291680454549,0.6687001220073204,-0.7358241494489669,1.0
