,abilities,v_measure,mutual_info,adjusted_rand_score,calinski_harabasz,davies_bouldin,silhouette
abilities,1.0,0.9195202398800599,0.9100553042238996,0.9193603198400799,0.903608195902049,-0.8056571714142928,0.7342928535732134
v_measure,0.9195202398800599,1.0,0.937153774965265,0.9962418790604698,0.9271164417791105,-0.8709845077461269,0.7324937531234382
mutual_info,0.9100553042238996,0.937153774965265,1.0,0.9347267468677777,0.9149494765857746,-0.7949820794694857,0.6454891835143443
adjusted_rand_score,0.9193603198400799,0.9962418790604698,0.9347267468677777,1.0,0.9233183408295852,-0.871944027986007,0.7300149925037481
calinski_harabasz,0.903608195902049,0.9271164417791105,0.9149494765857746,0.9233183408295852,1.0,-0.8502348825587206,0.68143928035982
davies_bouldin,-0.8056571714142928,-0.8709845077461269,-0.7949820794694857,-0.871944027986007,-0.8502348825587206,1.0,-0.7482058970514742
silhouette,0.7342928535732134,0.7324937531234382,0.6454891835143443,0.7300149925037481,0.68143928035982,-0.7482058970514742,1.0
