,abilities,v_measure,mutual_info,adjusted_rand_score,calinski_harabasz,davies_bouldin,silhouette
abilities,1.0,0.9194402798600699,0.9142237991133161,0.9168815592203898,0.904367816091954,-0.8072563718140929,0.7378110944527736
v_measure,0.9194402798600699,1.0,0.9344886590322716,0.9935232383808096,0.9253173413293353,-0.8688655672163919,0.7354122938530735
mutual_info,0.9142237991133161,0.9344886590322716,1.0,0.9312615151678287,0.9146647752935506,-0.7986078624045766,0.6537271428257332
adjusted_rand_score,0.9168815592203898,0.9935232383808096,0.9312615151678287,1.0,0.9168415792103948,-0.8673063468265867,0.7263768115942029
calinski_harabasz,0.904367816091954,0.9253173413293353,0.9146647752935506,0.9168415792103948,1.0,-0.856151924037981,0.6901149425287356
davies_bouldin,-0.8072563718140929,-0.8688655672163919,-0.7986078624045766,-0.8673063468265867,-0.856151924037981,1.0,-0.7458070964517741
silhouette,0.7378110944527736,0.7354122938530735,0.6537271428257332,0.7263768115942029,0.6901149425287356,-0.7458070964517741,1.0
