,abilities,v_measure,mutual_info,adjusted_rand_score,calinski_harabasz,davies_bouldin,silhouette
abilities,1.0,0.9248668153067204,0.9135892139908246,0.9220881768394305,0.9002388829923237,-0.8128616978086969,0.7023358554659213
v_measure,0.9248668153067204,1.0,0.9339978596547147,0.9931234382808596,0.9260769615192403,-0.871944027986007,0.7079460269865068
mutual_info,0.9135892139908246,0.9339978596547147,1.0,0.9306450880077017,0.9142827593112014,-0.8011317353437457,0.6074740388941223
adjusted_rand_score,0.9220881768394305,0.9931234382808596,0.9306450880077017,1.0,0.9179610194902549,-0.8638280859570215,0.6985507246376812
calinski_harabasz,0.9002388829923237,0.9260769615192403,0.9142827593112014,0.9179610194902549,1.0,-0.8540329835082459,0.6572513743128435
davies_bouldin,-0.8128616978086969,-0.871944027986007,-0.8011317353437457,-0.8638280859570215,-0.8540329835082459,1.0,-0.7241779110444777
silhouette,0.7023358554659213,0.7079460269865068,0.6074740388941223,0.6985507246376812,0.6572513743128435,-0.7241779110444777,1.0
