,abilities,v_measure,mutual_info,adjusted_rand_score,calinski_harabasz,davies_bouldin,silhouette
abilities,1.0,0.6034925830391071,0.6232361272817667,0.6267457985952087,0.48177139816092696,-0.4215680475408335,0.2304947059221264
v_measure,0.6034925830391071,1.0,0.9970292865029707,0.9541248225458752,0.8235185866764814,-0.7302434407697566,0.3709711341290289
mutual_info,0.6232361272817667,0.9970292865029707,1.0,0.9584625900415374,0.8175245806824755,-0.7236184867763815,0.35674851464325147
adjusted_rand_score,0.6267457985952087,0.9541248225458752,0.9584625900415374,1.0,0.7890267627109733,-0.6777958883222042,0.3663704716336295
calinski_harabasz,0.48177139816092696,0.8235185866764814,0.8175245806824755,0.7890267627109733,1.0,-0.9027814290972186,0.3343235711656764
davies_bouldin,-0.4215680475408335,-0.7302434407697566,-0.7236184867763815,-0.6777958883222042,-0.9027814290972186,1.0,-0.3395026026604974
silhouette,0.2304947059221264,0.3709711341290289,0.35674851464325147,0.3663704716336295,0.3343235711656764,-0.3395026026604974,1.0
