,abilities,v_measure,mutual_info,adjusted_rand_score,calinski_harabasz,davies_bouldin,silhouette
abilities,1.0,0.6062358693937642,0.6255060728744939,0.6322361848677638,0.4864871970135128,-0.423444976076555,0.23329302276670696
v_measure,0.6062358693937642,1.0,0.9975024975024975,0.9541511120458489,0.8233345601766654,-0.7307429412692571,0.37162837162837165
mutual_info,0.6255060728744939,0.9975024975024975,1.0,0.9591198275408802,0.8174194226825806,-0.7238025132761975,0.35785267364214735
adjusted_rand_score,0.6322361848677638,0.9541511120458489,0.9591198275408802,1.0,0.788684999211315,-0.6781902308218097,0.367868973132131
calinski_harabasz,0.4864871970135128,0.8233345601766654,0.8174194226825806,0.788684999211315,1.0,-0.9025711130974289,0.3342184131657816
davies_bouldin,-0.423444976076555,-0.7307429412692571,-0.7238025132761975,-0.6781902308218097,-0.9025711130974289,1.0,-0.3410536831589463
silhouette,0.23329302276670696,0.37162837162837165,0.35785267364214735,0.367868973132131,0.3342184131657816,-0.3410536831589463,1.0
