,abilities,v_measure,mutual_info,adjusted_rand_score,calinski_harabasz,davies_bouldin,silhouette
abilities,1.0,0.7040499580031406,0.784537851951941,0.722918112210739,0.7678364922275378,-0.7240380284604804,0.6743234853741372
v_measure,0.7040499580031406,1.0,0.9245760751804648,0.9874374611985538,0.8785377789139247,-0.8341793570219966,0.6211518095168536
mutual_info,0.784537851951941,0.9245760751804648,1.0,0.9310521126246211,0.8399737063141365,-0.8024078199369439,0.5430498241001108
adjusted_rand_score,0.722918112210739,0.9874374611985538,0.9310521126246211,1.0,0.879657695163666,-0.8228097724865793,0.6283338811184555
calinski_harabasz,0.7678364922275378,0.8785377789139247,0.8399737063141365,0.879657695163666,1.0,-0.9209728663769492,0.5939329754470535
davies_bouldin,-0.7240380284604804,-0.8341793570219966,-0.8024078199369439,-0.8228097724865793,-0.9209728663769492,1.0,-0.5607250240416803
silhouette,0.6743234853741372,0.6211518095168536,0.5430498241001108,0.6283338811184555,0.5939329754470535,-0.5607250240416803,1.0
