,abilities,v_measure,mutual_info,adjusted_rand_score,calinski_harabasz,davies_bouldin,silhouette
abilities,1.0,0.708383546969531,0.7907752424110395,0.7209460857709771,0.7625777550548394,-0.7239406444387637,0.6710611206466299
v_measure,0.708383546969531,1.0,0.926602433415217,0.9877539592691329,0.8773935166587542,-0.8374173757440748,0.6209813874788495
mutual_info,0.7907752424110395,0.926602433415217,1.0,0.9269067603353733,0.8391753957927037,-0.8016701461526364,0.5438930717034104
adjusted_rand_score,0.7209460857709771,0.9877539592691329,0.9269067603353733,1.0,0.8785621249193538,-0.8226880424594335,0.628869493237897
calinski_harabasz,0.7625777550548394,0.8773935166587542,0.8391753957927037,0.8785621249193538,1.0,-0.930273040450888,0.5951989677293698
davies_bouldin,-0.7239406444387637,-0.8374173757440748,-0.8016701461526364,-0.8226880424594335,-0.930273040450888,1.0,-0.5638656587420419
silhouette,0.6710611206466299,0.6209813874788495,0.5438930717034104,0.628869493237897,0.5951989677293698,-0.5638656587420419,1.0
