,abilities,v_measure,mutual_info,adjusted_rand_score,calinski_harabasz,davies_bouldin,silhouette
abilities,1.0,0.9660181715517684,0.9187332753458587,0.9606796365689646,0.9396334890406036,-0.6599763872491146,0.7451876187054053
v_measure,0.9660181715517684,1.0,0.859411609222239,0.9830604178430266,0.9328576561778142,-0.7528874287767569,0.8145885734818541
mutual_info,0.9187332753458587,0.859411609222239,1.0,0.8510557139939776,0.8968833878235106,-0.5785289696237875,0.6049979545083423
adjusted_rand_score,0.9606796365689646,0.9830604178430266,0.8510557139939776,1.0,0.9090395770237667,-0.7392330989168934,0.7855346234792875
calinski_harabasz,0.9396334890406036,0.9328576561778142,0.8968833878235106,0.9090395770237667,1.0,-0.7371798162311997,0.779477439556491
davies_bouldin,-0.6599763872491146,-0.7528874287767569,-0.5785289696237875,-0.7392330989168934,-0.7371798162311997,1.0,-0.8670499461013295
silhouette,0.7451876187054053,0.8145885734818541,0.6049979545083423,0.7855346234792875,0.779477439556491,-0.8670499461013295,1.0
