,abilities,v_measure,mutual_info,adjusted_rand_score,calinski_harabasz,davies_bouldin,silhouette
abilities,1.0,0.9592569786535303,0.8820126199068582,0.9603858784893268,0.9184113300492611,-0.6663587848932676,0.7856116584564861
v_measure,0.9592569786535303,1.0,0.818863096400906,0.9906609195402298,0.8909072249589491,-0.7402504105090312,0.8469827586206896
mutual_info,0.8820126199068582,0.818863096400906,1.0,0.8104362242361908,0.8486172376244684,-0.5623116549417986,0.6138092070595027
adjusted_rand_score,0.9603858784893268,0.9906609195402298,0.8104362242361908,1.0,0.8795155993431856,-0.7398399014778325,0.8384646962233169
calinski_harabasz,0.9184113300492611,0.8909072249589491,0.8486172376244684,0.8795155993431856,1.0,-0.7034072249589491,0.7821223316912972
davies_bouldin,-0.6663587848932676,-0.7402504105090312,-0.5623116549417986,-0.7398399014778325,-0.7034072249589491,1.0,-0.8852627257799671
silhouette,0.7856116584564861,0.8469827586206896,0.6138092070595027,0.8384646962233169,0.7821223316912972,-0.8852627257799671,1.0
