,abilities,v_measure,mutual_info,adjusted_rand_score,calinski_harabasz,davies_bouldin,silhouette
abilities,1.0,0.9544825465169922,0.9006467776727544,0.9483315392895587,0.9213696242759752,-0.7083397406325286,0.7798964580450048
v_measure,0.9544825465169922,1.0,0.8296358381347898,0.9826746629760623,0.8926649238812856,-0.7751806858373058,0.8438669332103131
mutual_info,0.9006467776727544,0.8296358381347898,1.0,0.8212907569190143,0.8618758413410773,-0.5913086118606573,0.604681474926931
adjusted_rand_score,0.9483315392895587,0.9826746629760623,0.8212907569190143,1.0,0.8710338817981444,-0.7524219590958019,0.8184427700035881
calinski_harabasz,0.9213696242759752,0.8926649238812856,0.8618758413410773,0.8710338817981444,1.0,-0.7436055154031472,0.7829719616587216
davies_bouldin,-0.7083397406325286,-0.7751806858373058,-0.5913086118606573,-0.7524219590958019,-0.7436055154031472,1.0,-0.8770823722384541
silhouette,0.7798964580450048,0.8438669332103131,0.604681474926931,0.8184427700035881,0.7829719616587216,-0.8770823722384541,1.0
