,abilities,v_measure,mutual_info,adjusted_rand_score,calinski_harabasz,davies_bouldin,silhouette
abilities,1.0,0.9539699625813727,0.9056041867150889,0.9510994925419037,0.9175765031523913,-0.687118765697883,0.7628786713824389
v_measure,0.9539699625813727,1.0,0.8485256857940191,0.987697985545133,0.9006612332769491,-0.7576503152391204,0.831769952329694
mutual_info,0.9056041867150889,0.8485256857940191,1.0,0.8297063249830867,0.8627953110242865,-0.575644954035499,0.59870384118296
adjusted_rand_score,0.9510994925419037,0.987697985545133,0.8297063249830867,1.0,0.8849761648469937,-0.7748731354759342,0.8335127377108001
calinski_harabasz,0.9175765031523913,0.9006612332769491,0.8627953110242865,0.8849761648469937,1.0,-0.7357117227946076,0.7804090419806243
davies_bouldin,-0.687118765697883,-0.7576503152391204,-0.575644954035499,-0.7748731354759342,-0.7357117227946076,1.0,-0.874314418986109
silhouette,0.7628786713824389,0.831769952329694,0.59870384118296,0.8335127377108001,0.7804090419806243,-0.874314418986109,1.0
