,abilities,v_measure,mutual_info,adjusted_rand_score,calinski_harabasz,davies_bouldin,silhouette
abilities,1.0,0.9571018062397373,0.8761637284758336,0.9600779967159278,0.9329844006568144,-0.673747947454844,0.7878694581280788
v_measure,0.9571018062397373,1.0,0.8193753386672148,0.9908661740558292,0.9131773399014779,-0.7370689655172413,0.8315886699507389
mutual_info,0.8761637284758336,0.8193753386672148,1.0,0.8107946753719564,0.8710673345186499,-0.5725122558636309,0.6101111623028538
adjusted_rand_score,0.9600779967159278,0.9908661740558292,0.8107946753719564,1.0,0.9006568144499179,-0.7357348111658456,0.8240968801313628
calinski_harabasz,0.9329844006568144,0.9131773399014779,0.8710673345186499,0.9006568144499179,1.0,-0.7398399014778325,0.78438013136289
davies_bouldin,-0.673747947454844,-0.7370689655172413,-0.5725122558636309,-0.7357348111658456,-0.7398399014778325,1.0,-0.88126026272578
silhouette,0.7878694581280788,0.8315886699507389,0.6101111623028538,0.8240968801313628,0.78438013136289,-0.88126026272578,1.0
