,abilities,v_measure,mutual_info,adjusted_rand_score,calinski_harabasz,davies_bouldin,silhouette
abilities,1.0,0.49329579635620197,0.4443574940982294,0.5148637688801915,0.4753979463297324,-0.4768866664121846,0.7194335229224721
v_measure,0.49329579635620197,1.0,0.9863335305682274,0.967398980740967,0.8211289787208421,-0.8110130270060506,0.5375578567837521
mutual_info,0.4443574940982294,0.9863335305682274,1.0,0.9527781489187074,0.8067757793066473,-0.8036455602854666,0.5187383692539701
adjusted_rand_score,0.5148637688801915,0.967398980740967,0.9527781489187074,1.0,0.7959345329406067,-0.7838717376882515,0.5592785229185309
calinski_harabasz,0.4753979463297324,0.8211289787208421,0.8067757793066473,0.7959345329406067,1.0,-0.9891590640149636,0.5352139557964652
davies_bouldin,-0.4768866664121846,-0.8110130270060506,-0.8036455602854666,-0.7838717376882515,-0.9891590640149636,1.0,-0.5312822078863992
silhouette,0.7194335229224721,0.5375578567837521,0.5187383692539701,0.5592785229185309,0.5352139557964652,-0.5312822078863992,1.0
