,abilities,v_measure,mutual_info,adjusted_rand_score,calinski_harabasz,davies_bouldin,silhouette
abilities,1.0,0.5002815290498127,0.4524502554700626,0.4784081693042446,0.4992938122685804,-0.5044852464022598,0.7569569034622285
v_measure,0.5002815290498127,1.0,0.9867534500200416,0.9400278673818022,0.8053251900041489,-0.7966980009945531,0.4921505942752822
mutual_info,0.4524502554700626,0.9867534500200416,1.0,0.9255597335420206,0.7912392044088354,-0.787918118374168,0.4740945747994467
adjusted_rand_score,0.4784081693042446,0.9400278673818022,0.9255597335420206,1.0,0.8030347858423094,-0.7929188341275178,0.5410507231305575
calinski_harabasz,0.4992938122685804,0.8053251900041489,0.7912392044088354,0.8030347858423094,1.0,-0.9898843379012864,0.5739588502500286
davies_bouldin,-0.5044852464022598,-0.7966980009945531,-0.787918118374168,-0.7929188341275178,-0.9898843379012864,1.0,-0.5714013054929954
silhouette,0.7569569034622285,0.4921505942752822,0.4740945747994467,0.5410507231305575,0.5739588502500286,-0.5714013054929954,1.0
