,abilities,v_measure,mutual_info,adjusted_rand_score,calinski_harabasz,davies_bouldin,silhouette
abilities,1.0,0.12302435674532652,0.07687315093518603,0.060452775455771775,0.2329598596876014,-0.3237862548940636,0.5357752985097843
v_measure,0.12302435674532652,1.0,0.9969647236874495,0.9433829003378701,0.8093720188875817,-0.7713334036394199,0.4206648407385864
mutual_info,0.07687315093518603,0.9969647236874495,1.0,0.944391418775334,0.8029282126459518,-0.7643336447629476,0.39835450796486493
adjusted_rand_score,0.060452775455771775,0.9433829003378701,0.944391418775334,1.0,0.7351212075423303,-0.674823673410983,0.3857335103750501
calinski_harabasz,0.2329598596876014,0.8093720188875817,0.8029282126459518,0.7351212075423303,1.0,-0.9759216670825596,0.5165341708309843
davies_bouldin,-0.3237862548940636,-0.7713334036394199,-0.7643336447629476,-0.674823673410983,-0.9759216670825596,1.0,-0.5336896354266081
silhouette,0.5357752985097843,0.4206648407385864,0.39835450796486493,0.3857335103750501,0.5165341708309843,-0.5336896354266081,1.0
