,abilities,v_measure,mutual_info,adjusted_rand_score,calinski_harabasz,davies_bouldin,silhouette
abilities,1.0,0.4991935870729389,0.45056067203654493,0.5239681254235038,0.4740619154865061,-0.47566515249837765,0.7250066801542161
v_measure,0.4991935870729389,1.0,0.9862953560726079,0.9675898532190643,0.8209762851100528,-0.8110893738114453,0.5374815099783574
mutual_info,0.45056067203654493,0.9862953560726079,1.0,0.9531598938749022,0.8068139527093448,-0.8029584390369148,0.5187383692539701
adjusted_rand_score,0.5239681254235038,0.9675898532190643,0.9531598938749022,1.0,0.7960108797460013,-0.7839862578963435,0.5599274707643854
calinski_harabasz,0.4740619154865061,0.8209762851100528,0.8068139527093448,0.7960108797460013,1.0,-0.98919723632477,0.535442989655304
davies_bouldin,-0.47566515249837765,-0.8110893738114453,-0.8029584390369148,-0.7839862578963435,-0.98919723632477,1.0,-0.5308241401687216
silhouette,0.7250066801542161,0.5374815099783574,0.5187383692539701,0.5599274707643854,0.535442989655304,-0.5308241401687216,1.0
