,abilities,v_measure,mutual_info,adjusted_rand_score,calinski_harabasz,davies_bouldin,silhouette
abilities,1.0,0.8878978980423347,0.8759483445280905,0.899372607743649,0.8708836382490186,-0.8739056366195097,0.8874157469817051
v_measure,0.8878978980423347,1.0,0.9930571585686162,0.980042377454079,0.8254798462410272,-0.833183949477837,0.7966339058524334
mutual_info,0.8759483445280905,0.9930571585686162,1.0,0.9663108018110709,0.8289177598212064,-0.8367858255046832,0.7988827896886121
adjusted_rand_score,0.899372607743649,0.980042377454079,0.9663108018110709,1.0,0.8112560472524661,-0.8118189977061758,0.7899528169252433
calinski_harabasz,0.8708836382490186,0.8254798462410272,0.8289177598212064,0.8112560472524661,1.0,-0.9965039626694319,0.9807421672468706
davies_bouldin,-0.8739056366195097,-0.833183949477837,-0.8367858255046832,-0.8118189977061758,-0.9965039626694319,1.0,-0.9761795422561291
silhouette,0.8874157469817051,0.7966339058524334,0.7988827896886121,0.7899528169252433,0.9807421672468706,-0.9761795422561291,1.0
