,abilities,v_measure,mutual_info,adjusted_rand_score,calinski_harabasz,davies_bouldin,silhouette
abilities,1.0,0.8863274462286773,0.8743628774317966,0.8966319279032205,0.8702318346789126,-0.8743796755795867,0.8864972964965558
v_measure,0.8863274462286773,1.0,0.9931164358310698,0.9802201736704708,0.8253909527421409,-0.8335395234733821,0.7964264876883654
mutual_info,0.8743628774317966,0.9931164358310698,1.0,0.9663700746823234,0.828028712851322,-0.836356119469239,0.7976825762792682
adjusted_rand_score,0.8966319279032205,0.9802201736704708,0.9663700746823234,1.0,0.8110190154824831,-0.811996771533663,0.7906046542926967
calinski_harabasz,0.8702318346789126,0.8253909527421409,0.828028712851322,0.8110190154824831,1.0,-0.9960891785793645,0.9802385008517888
davies_bouldin,-0.8743796755795867,-0.8335395234733821,-0.836356119469239,-0.811996771533663,-0.9960891785793645,1.0,-0.9757055032960521
silhouette,0.8864972964965558,0.7964264876883654,0.7976825762792682,0.7906046542926967,0.9802385008517888,-0.9757055032960521,1.0
