,abilities,v_measure,mutual_info,adjusted_rand_score,calinski_harabasz,davies_bouldin,silhouette
abilities,1.0,0.8575322444341562,0.841536871566551,0.886204573745231,0.8834333111160483,-0.8784270162186181,0.9088498852106939
v_measure,0.8575322444341562,1.0,0.9896137404365017,0.9712753533895946,0.8480220490442423,-0.8475480206135924,0.8166324789021432
mutual_info,0.841536871566551,0.9896137404365017,1.0,0.9513467170097212,0.8481441322780848,-0.8483811640524896,0.8105005236054221
adjusted_rand_score,0.886204573745231,0.9712753533895946,0.9513467170097212,1.0,0.8212971134475224,-0.8161720606718477,0.8069291909261219
calinski_harabasz,0.8834333111160483,0.8480220490442423,0.8481441322780848,0.8212971134475224,1.0,-0.9971265644671554,0.9776049766718506
davies_bouldin,-0.8784270162186181,-0.8475480206135924,-0.8483811640524896,-0.8161720606718477,-0.9971265644671554,1.0,-0.9718581056061616
silhouette,0.9088498852106939,0.8166324789021432,0.8105005236054221,0.8069291909261219,0.9776049766718506,-0.9718581056061616,1.0
