,abilities,v_measure,mutual_info,adjusted_rand_score,calinski_harabasz,davies_bouldin,silhouette
abilities,1.0,0.8867274669736654,0.8748518532652331,0.8975652404975286,0.8712391674690764,-0.8752684986297311,0.8878305310717725
v_measure,0.8867274669736654,1.0,0.9934424607745643,0.9801905409677388,0.8252131657443684,-0.8337765728037455,0.7964561188546609
mutual_info,0.8748518532652331,0.9934424607745643,1.0,0.9665182568604546,0.8279101732553374,-0.8363857543682353,0.7978307507742489
adjusted_rand_score,0.8975652404975286,0.9801905409677388,0.9665182568604546,1.0,0.8110190154824831,-0.811996771533663,0.7907824281201838
calinski_harabasz,0.8712391674690764,0.8252131657443684,0.8279101732553374,0.8110190154824831,1.0,-0.9960891785793645,0.9800607362417598
davies_bouldin,-0.8752684986297311,-0.8337765728037455,-0.8363857543682353,-0.811996771533663,-0.9960891785793645,1.0,-0.9758240130360714
silhouette,0.8878305310717725,0.7964561188546609,0.7978307507742489,0.7907824281201838,0.9800607362417598,-0.9758240130360714,1.0
