,abilities,v_measure,mutual_info,adjusted_rand_score,calinski_harabasz,davies_bouldin,silhouette
kmeans_n_clusters_2,0.5363403558731079,0.585504646693597,0.511876260004778,0.5084488779971362,1223.6651196077444,0.5226923562505194,0.6178442642287579
optimal_clustering,0.5363403558731079,,,,,,
average_model,0.4643966853618622,,,,,,
kmeans_n_clusters_3,0.4630863070487976,0.5865055909910201,0.6442908353944742,0.5720828592151161,1232.4414451243435,0.7118372550705955,0.5028667705074241
kmeans_n_clusters_1,0.3978624939918518,0.0,0.0,0.0,,,
