,abilities,v_measure,mutual_info,adjusted_rand_score,calinski_harabasz,davies_bouldin,silhouette
abilities,1.0,0.9512991301394419,0.9602241636319037,0.053608578156513494,-0.35792592033511333,0.3631526312810159,-0.5939392795818631
v_measure,0.9512991301394419,1.0,0.9958676906239976,0.17325137639705337,-0.3896635658622186,0.35560503424722156,-0.6120535124629696
mutual_info,0.9602241636319037,0.9958676906239976,1.0,0.11120808003006416,-0.3949280147932902,0.35347283808517466,-0.6130158310847784
adjusted_rand_score,0.053608578156513494,0.17325137639705337,0.11120808003006416,1.0,0.2828083650548208,-0.13577631964983908,0.19605530695043125
calinski_harabasz,-0.35792592033511333,-0.3896635658622186,-0.3949280147932902,0.2828083650548208,1.0,-0.4832915070664377,0.7780629092212766
davies_bouldin,0.3631526312810159,0.35560503424722156,0.35347283808517466,-0.13577631964983908,-0.4832915070664377,1.0,-0.5459176934543465
silhouette,-0.5939392795818631,-0.6120535124629696,-0.6130158310847784,0.19605530695043125,0.7780629092212766,-0.5459176934543465,1.0
