,abilities,v_measure,mutual_info,adjusted_rand_score,calinski_harabasz,davies_bouldin,silhouette
abilities,1.0,0.949328833706903,0.9529925831538945,-0.1234054877762707,-0.33382023320825044,0.6413226886946886,-0.7830609212481426
v_measure,0.949328833706903,1.0,0.9979978090020977,-0.11529598429383005,-0.38333291359206184,0.681970433424837,-0.7970131211121465
mutual_info,0.9529925831538945,0.9979978090020977,1.0,-0.14556993905203244,-0.39132132021789673,0.68474934839776,-0.7896691978010137
adjusted_rand_score,-0.1234054877762707,-0.11529598429383005,-0.14556993905203244,1.0,0.45652475039193036,-0.38195257706426966,0.20369460921111784
calinski_harabasz,-0.33382023320825044,-0.38333291359206184,-0.39132132021789673,0.45652475039193036,1.0,-0.801999647417332,0.49293575440098725
davies_bouldin,0.6413226886946886,0.681970433424837,0.68474934839776,-0.38195257706426966,-0.801999647417332,1.0,-0.7765129574130506
silhouette,-0.7830609212481426,-0.7970131211121465,-0.7896691978010137,0.20369460921111784,0.49293575440098725,-0.7765129574130506,1.0
