,abilities,v_measure,mutual_info,adjusted_rand_score,calinski_harabasz,davies_bouldin,silhouette
abilities,1.0,0.6059667886293273,0.60502861431654,0.3140069424899146,0.29655690027207054,-0.07308377896613191,0.10892203771460737
v_measure,0.6059667886293273,1.0,0.9996247302748851,-0.14025705976170372,-0.3186978140538512,0.47274603621352845,-0.5399193170091003
mutual_info,0.60502861431654,0.9996247302748851,1.0,-0.15301623041561122,-0.3186978140538512,0.4719954967632986,-0.5395440472839854
adjusted_rand_score,0.3140069424899146,-0.14025705976170372,-0.15301623041561122,1.0,0.5297870344309973,-0.3676705131813491,0.5731306876817712
calinski_harabasz,0.29655690027207054,-0.3186978140538512,-0.3186978140538512,0.5297870344309973,1.0,-0.3483441223379304,0.8968008255933952
davies_bouldin,-0.07308377896613191,0.47274603621352845,0.4719954967632986,-0.3676705131813491,-0.3483441223379304,1.0,-0.49019607843137253
silhouette,0.10892203771460737,-0.5399193170091003,-0.5395440472839854,0.5731306876817712,0.8968008255933952,-0.49019607843137253,1.0
