,abilities,v_measure,mutual_info,adjusted_rand_score,calinski_harabasz,davies_bouldin,silhouette
abilities,1.0,0.9043876038915019,0.8934186911989237,0.9044198183106759,0.8663423748469815,-0.7795245151729915,0.7239224276786289
v_measure,0.9043876038915019,1.0,0.9448253342910259,0.9969396301784679,0.9198505250950325,-0.864151794343148,0.6979898202435411
mutual_info,0.8934186911989237,0.9448253342910259,1.0,0.9424497365121706,0.9069612145913103,-0.8045519416348025,0.6251539080084503
adjusted_rand_score,0.9044198183106759,0.9969396301784679,0.9424497365121706,1.0,0.9166935120159784,-0.8638296501514078,0.6968623155724503
calinski_harabasz,0.8663423748469815,0.9198505250950325,0.9069612145913103,0.9166935120159784,1.0,-0.8563236904838606,0.6380065717415115
davies_bouldin,-0.7795245151729915,-0.864151794343148,-0.8045519416348025,-0.8638296501514078,-0.8563236904838606,1.0,-0.6976354616326268
silhouette,0.7239224276786289,0.6979898202435411,0.6251539080084503,0.6968623155724503,0.6380065717415115,-0.6976354616326268,1.0
