,abilities,v_measure,mutual_info,adjusted_rand_score,calinski_harabasz,davies_bouldin,silhouette
abilities,1.0,0.9310933573867664,0.922808690613158,0.9306745699375041,0.9171122994652406,-0.7789768700470331,0.6803363185361768
v_measure,0.9310933573867664,1.0,0.9470863196069245,0.9968429869209459,0.9440757683138973,-0.8535210360157206,0.6749565105341151
mutual_info,0.922808690613158,0.9470863196069245,1.0,0.9439646791033955,0.933596950798929,-0.7986709141127201,0.6049998084689098
adjusted_rand_score,0.9306745699375041,0.9968429869209459,0.9439646791033955,1.0,0.9393402486953161,-0.8538431802074609,0.6752464403066812
calinski_harabasz,0.9171122994652406,0.9440757683138973,0.933596950798929,0.9393402486953161,1.0,-0.868532955350815,0.6363636363636364
davies_bouldin,-0.7789768700470331,-0.8535210360157206,-0.7986709141127201,-0.8538431802074609,-0.868532955350815,1.0,-0.7033051994072547
silhouette,0.6803363185361768,0.6749565105341151,0.6049998084689098,0.6752464403066812,0.6363636363636364,-0.7033051994072547,1.0
