,abilities,v_measure,mutual_info,adjusted_rand_score,calinski_harabasz,davies_bouldin,silhouette
abilities,1.0,0.9047741769215901,0.8881384147074486,0.9041943173764577,0.8679530958056826,-0.7820050254493911,0.7191224792216996
v_measure,0.9047741769215901,1.0,0.943620780249403,0.9968429869209459,0.9187230204239417,-0.8607370659107016,0.6942851620385284
mutual_info,0.8881384147074486,0.943620780249403,1.0,0.9405474130619478,0.9053816221907499,-0.8050280957119496,0.620723118165294
adjusted_rand_score,0.9041943173764577,0.9968429869209459,0.9405474130619478,1.0,0.9153082919914954,-0.8601572063655692,0.6928355131756975
calinski_harabasz,0.8679530958056826,0.9187230204239417,0.9053816221907499,0.9153082919914954,1.0,-0.8531666774048063,0.6340764126022808
davies_bouldin,-0.7820050254493911,-0.8607370659107016,-0.8050280957119496,-0.8601572063655692,-0.8531666774048063,1.0,-0.6983441788544552
silhouette,0.7191224792216996,0.6942851620385284,0.620723118165294,0.6928355131756975,0.6340764126022808,-0.6983441788544552,1.0
