,abilities,v_measure,mutual_info,adjusted_rand_score,calinski_harabasz,davies_bouldin,silhouette
abilities,1.0,0.9051630692926627,0.8847020631409723,0.932024799492784,0.8012232415902141,-0.8080066722268557,0.8164025576869613
v_measure,0.9051630692926627,1.0,0.9886528223350185,0.9620196867457061,0.7947563071547721,-0.8107153808055274,0.7779631355780192
mutual_info,0.8847020631409723,0.9886528223350185,1.0,0.9377607571045891,0.7985761935421419,-0.8144831994867758,0.778942721169919
adjusted_rand_score,0.932024799492784,0.9620196867457061,0.9377607571045891,1.0,0.7683560847029612,-0.7704134118465737,0.7680224640850781
calinski_harabasz,0.8012232415902141,0.7947563071547721,0.7985761935421419,0.7683560847029612,1.0,-0.9928273561301084,0.9849874895746455
davies_bouldin,-0.8080066722268557,-0.8107153808055274,-0.8144831994867758,-0.7704134118465737,-0.9928273561301084,1.0,-0.9768696135668613
silhouette,0.8164025576869613,0.7779631355780192,0.778942721169919,0.7680224640850781,0.9849874895746455,-0.9768696135668613,1.0
