,abilities,v_measure,mutual_info,adjusted_rand_score,calinski_harabasz,davies_bouldin,silhouette
abilities,1.0,0.869277597040586,0.8392082938547644,0.9267628342332811,0.8239021678710394,-0.8147304057809894,0.8546970539188438
v_measure,0.869277597040586,1.0,0.9801217809951172,0.9450189029501911,0.836617842083667,-0.8361731135055301,0.8128804542256167
mutual_info,0.8392082938547644,0.9801217809951172,1.0,0.907953646504436,0.8352885784236818,-0.836178159230736,0.7989825617357819
adjusted_rand_score,0.9267628342332811,0.9450189029501911,0.907953646504436,1.0,0.786153034017765,-0.7773701328775984,0.7987159179271174
calinski_harabasz,0.8239021678710394,0.836617842083667,0.8352885784236818,0.786153034017765,1.0,-0.9944413563090606,0.9788215675375208
davies_bouldin,-0.8147304057809894,-0.8361731135055301,-0.836178159230736,-0.7773701328775984,-0.9944413563090606,1.0,-0.9680377987770984
silhouette,0.8546970539188438,0.8128804542256167,0.7989825617357819,0.7987159179271174,0.9788215675375208,-0.9680377987770984,1.0
