,abilities,v_measure,mutual_info,adjusted_rand_score,calinski_harabasz,davies_bouldin,silhouette
abilities,1.0,0.8594830018338271,0.8744929740331131,0.8597122302158273,0.8147305684863874,-0.7599978840457046,0.5986563690224291
v_measure,0.8594830018338271,1.0,0.9825184208471577,0.9986246297079983,0.9097016504443504,-0.8701685710255325,0.5679221328819297
mutual_info,0.8744929740331131,0.9825184208471577,1.0,0.9814938969463787,0.9090794877870007,-0.8461860852227939,0.5403568687376394
adjusted_rand_score,0.8597122302158273,0.9986246297079983,0.9814938969463787,1.0,0.9078678233883481,-0.8685287064466074,0.5669875864014671
calinski_harabasz,0.8147305684863874,0.9097016504443504,0.9090794877870007,0.9078678233883481,1.0,-0.8752644942869234,0.48409507687967274
davies_bouldin,-0.7599978840457046,-0.8701685710255325,-0.8461860852227939,-0.8685287064466074,-0.8752644942869234,1.0,-0.5509063337565242
silhouette,0.5986563690224291,0.5679221328819297,0.5403568687376394,0.5669875864014671,0.48409507687967274,-0.5509063337565242,1.0
