,abilities,v_measure,mutual_info,adjusted_rand_score,calinski_harabasz,davies_bouldin,silhouette
abilities,1.0,0.8510467627484685,0.8671464905388,0.8506941689805633,0.8139891577416369,-0.7508219842214289,0.5979373264577549
v_measure,0.8510467627484685,1.0,0.9754890383579459,0.998148882718498,0.9105293313940677,-0.8706333465555997,0.5648287716514611
mutual_info,0.8671464905388,0.9754890383579459,1.0,0.9739352338911785,0.9035196405563098,-0.8406082165211701,0.5273753615160123
adjusted_rand_score,0.8506941689805633,0.998148882718498,0.9739352338911785,1.0,0.908431398475032,-0.8695050464983032,0.5640001762968839
calinski_harabasz,0.8139891577416369,0.9105293313940677,0.9035196405563098,0.908431398475032,1.0,-0.8760985499581295,0.48175767993300717
davies_bouldin,-0.7508219842214289,-0.8706333465555997,-0.8406082165211701,-0.8695050464983032,-0.8760985499581295,1.0,-0.5523645819560139
silhouette,0.5979373264577549,0.5648287716514611,0.5273753615160123,0.5640001762968839,0.48175767993300717,-0.5523645819560139,1.0
