,abilities,v_measure,mutual_info,adjusted_rand_score,calinski_harabasz,davies_bouldin,silhouette
abilities,1.0,0.8494674848356609,0.8579513385331662,0.8519184652278178,0.8518479334179715,-0.7714593031457188,0.5594583157003808
v_measure,0.8494674848356609,1.0,0.9679636669065675,0.9982190718013825,0.9033361546057271,-0.8685287064466074,0.5581182113133023
mutual_info,0.8579513385331662,0.9679636669065675,1.0,0.9659502770471089,0.8951637283040373,-0.836227921628481,0.5149156258992642
adjusted_rand_score,0.8519184652278178,0.9982190718013825,0.9659502770471089,1.0,0.901661024121879,-0.8687932007335308,0.5552793059669912
calinski_harabasz,0.8518479334179715,0.9033361546057271,0.8951637283040373,0.901661024121879,1.0,-0.8790026802087741,0.4737092678798138
davies_bouldin,-0.7714593031457188,-0.8685287064466074,-0.836227921628481,-0.8687932007335308,-0.8790026802087741,1.0,-0.5252327549724926
silhouette,0.5594583157003808,0.5581182113133023,0.5149156258992642,0.5552793059669912,0.4737092678798138,-0.5252327549724926,1.0
