,abilities,v_measure,mutual_info,adjusted_rand_score,calinski_harabasz,davies_bouldin,silhouette
abilities,1.0,0.8486176059741553,0.8701956804171075,0.8478066367336817,0.8136930393355039,-0.7482160880503191,0.5936471137926838
v_measure,0.8486176059741553,1.0,0.9679465782901086,0.9979902155229406,0.909189475076028,-0.8733483185684693,0.5666622592445678
mutual_info,0.8701956804171075,0.9679465782901086,1.0,0.9651228271956547,0.9010236773515516,-0.8372421995055747,0.5227998666937951
adjusted_rand_score,0.8478066367336817,0.9979902155229406,0.9651228271956547,1.0,0.9061042796068579,-0.8719203138084535,0.5657455154480144
calinski_harabasz,0.8136930393355039,0.909189475076028,0.9010236773515516,0.9061042796068579,1.0,-0.876539292168011,0.4807527876944775
davies_bouldin,-0.7482160880503191,-0.8733483185684693,-0.8372421995055747,-0.8719203138084535,-0.876539292168011,1.0,-0.5524703600863855
silhouette,0.5936471137926838,0.5666622592445678,0.5227998666937951,0.5657455154480144,0.4807527876944775,-0.5524703600863855,1.0
