,abilities,v_measure,mutual_info,adjusted_rand_score,calinski_harabasz,davies_bouldin,silhouette
abilities,1.0,0.8887032085561497,0.8519385026737968,0.9381684491978609,0.8409090909090909,-0.6654411764705882,0.7633689839572193
v_measure,0.8887032085561497,1.0,0.9779411764705882,0.9618983957219251,0.9060828877005348,-0.8181818181818182,0.714572192513369
mutual_info,0.8519385026737968,0.9779411764705882,1.0,0.94451871657754,0.8719919786096256,-0.7857620320855615,0.6798128342245989
adjusted_rand_score,0.9381684491978609,0.9618983957219251,0.94451871657754,1.0,0.856951871657754,-0.6895053475935828,0.679144385026738
calinski_harabasz,0.8409090909090909,0.9060828877005348,0.8719919786096256,0.856951871657754,1.0,-0.9181149732620321,0.7884358288770054
davies_bouldin,-0.6654411764705882,-0.8181818181818182,-0.7857620320855615,-0.6895053475935828,-0.9181149732620321,1.0,-0.6931818181818182
silhouette,0.7633689839572193,0.714572192513369,0.6798128342245989,0.679144385026738,0.7884358288770054,-0.6931818181818182,1.0
