,abilities,v_measure,mutual_info,adjusted_rand_score,calinski_harabasz,davies_bouldin,silhouette
abilities,1.0,0.7937834224598931,0.7272727272727273,0.7369652406417112,0.7881016042780749,-0.8074866310160428,0.8362299465240641
v_measure,0.7937834224598931,1.0,0.9712566844919787,0.9448529411764706,0.8973930481283422,-0.7733957219251337,0.6463903743315508
mutual_info,0.7272727272727273,0.9712566844919787,1.0,0.920120320855615,0.8913770053475936,-0.6981951871657754,0.6049465240641712
adjusted_rand_score,0.7369652406417112,0.9448529411764706,0.920120320855615,1.0,0.8008021390374331,-0.6106283422459893,0.5584893048128342
calinski_harabasz,0.7881016042780749,0.8973930481283422,0.8913770053475936,0.8008021390374331,1.0,-0.8318850267379679,0.7637032085561497
davies_bouldin,-0.8074866310160428,-0.7733957219251337,-0.6981951871657754,-0.6106283422459893,-0.8318850267379679,1.0,-0.669451871657754
silhouette,0.8362299465240641,0.6463903743315508,0.6049465240641712,0.5584893048128342,0.7637032085561497,-0.669451871657754,1.0
