,abilities,v_measure,mutual_info,adjusted_rand_score,calinski_harabasz,davies_bouldin,silhouette
abilities,1.0,0.8997326203208557,0.8629679144385026,0.9475267379679144,0.8499331550802139,-0.6788101604278075,0.7456550802139037
v_measure,0.8997326203208557,1.0,0.9779411764705882,0.9672459893048129,0.9090909090909091,-0.8231951871657754,0.7159090909090909
mutual_info,0.8629679144385026,0.9779411764705882,1.0,0.9491978609625669,0.875,-0.7907754010695187,0.6811497326203209
adjusted_rand_score,0.9475267379679144,0.9672459893048129,0.9491978609625669,1.0,0.8633021390374331,-0.703542780748663,0.6851604278074866
calinski_harabasz,0.8499331550802139,0.9090909090909091,0.875,0.8633021390374331,1.0,-0.9181149732620321,0.7907754010695187
davies_bouldin,-0.6788101604278075,-0.8231951871657754,-0.7907754010695187,-0.703542780748663,-0.9181149732620321,1.0,-0.69451871657754
silhouette,0.7456550802139037,0.7159090909090909,0.6811497326203209,0.6851604278074866,0.7907754010695187,-0.69451871657754,1.0
