,abilities,v_measure,mutual_info,adjusted_rand_score,calinski_harabasz,davies_bouldin,silhouette
abilities,1.0,0.9144385026737968,0.8880347593582888,0.9598930481283422,0.8392379679144385,-0.6704545454545454,0.7282754010695187
v_measure,0.9144385026737968,1.0,0.9752673796791443,0.9679144385026738,0.9094251336898396,-0.8211898395721925,0.7152406417112299
mutual_info,0.8880347593582888,0.9752673796791443,1.0,0.9525401069518716,0.8706550802139037,-0.7817513368983957,0.6801470588235294
adjusted_rand_score,0.9598930481283422,0.9679144385026738,0.9525401069518716,1.0,0.8619652406417112,-0.7042112299465241,0.6858288770053476
calinski_harabasz,0.8392379679144385,0.9094251336898396,0.8706550802139037,0.8619652406417112,1.0,-0.9131016042780749,0.7864304812834224
davies_bouldin,-0.6704545454545454,-0.8211898395721925,-0.7817513368983957,-0.7042112299465241,-0.9131016042780749,1.0,-0.6968582887700535
silhouette,0.7282754010695187,0.7152406417112299,0.6801470588235294,0.6858288770053476,0.7864304812834224,-0.6968582887700535,1.0
