,abilities,v_measure,mutual_info,adjusted_rand_score,calinski_harabasz,davies_bouldin,silhouette
abilities,1.0,0.910427807486631,0.8790106951871658,0.9568850267379679,0.8482620320855615,-0.6831550802139037,0.7302807486631016
v_measure,0.910427807486631,1.0,0.9759358288770054,0.9675802139037433,0.9090909090909091,-0.8248663101604278,0.713903743315508
mutual_info,0.8790106951871658,0.9759358288770054,1.0,0.9515374331550802,0.8729946524064172,-0.7834224598930482,0.6771390374331551
adjusted_rand_score,0.9568850267379679,0.9675802139037433,0.9515374331550802,1.0,0.8646390374331551,-0.7078877005347594,0.6861631016042781
calinski_harabasz,0.8482620320855615,0.9090909090909091,0.8729946524064172,0.8646390374331551,1.0,-0.9244652406417112,0.7894385026737968
davies_bouldin,-0.6831550802139037,-0.8248663101604278,-0.7834224598930482,-0.7078877005347594,-0.9244652406417112,1.0,-0.7012032085561497
silhouette,0.7302807486631016,0.713903743315508,0.6771390374331551,0.6861631016042781,0.7894385026737968,-0.7012032085561497,1.0
