,abilities,v_measure,mutual_info,adjusted_rand_score,calinski_harabasz,davies_bouldin,silhouette
abilities,1.0,0.9076031003413695,0.876528910832372,0.9402632080869731,0.743581918748808,-0.7515163074575625,0.7548731642189586
v_measure,0.9076031003413695,1.0,0.9814331210032399,0.9486514352565607,0.7614923914889696,-0.7815587708248345,0.741273416112528
mutual_info,0.876528910832372,0.9814331210032399,1.0,0.9128203904005546,0.7685703454292295,-0.7893683016486401,0.7449102851429276
adjusted_rand_score,0.9402632080869731,0.9486514352565607,0.9128203904005546,1.0,0.726416173946214,-0.7278657257295441,0.7261110051497235
calinski_harabasz,0.743581918748808,0.7614923914889696,0.7685703454292295,0.726416173946214,1.0,-0.9909975205035285,0.9871829105473965
davies_bouldin,-0.7515163074575625,-0.7815587708248345,-0.7893683016486401,-0.7278657257295441,-0.9909975205035285,1.0,-0.97543391188251
silhouette,0.7548731642189586,0.741273416112528,0.7449102851429276,0.7261110051497235,0.9871829105473965,-0.97543391188251,1.0
