,abilities,v_measure,mutual_info,adjusted_rand_score,calinski_harabasz,davies_bouldin,silhouette
abilities,1.0,0.9050089676515619,0.8757609559791063,0.9390425329010109,0.7421323669654778,-0.7498378790768644,0.7548731642189586
v_measure,0.9050089676515619,1.0,0.9820049115981155,0.9482699451551184,0.7614923914889696,-0.7815587708248345,0.7416549062139702
mutual_info,0.8757609559791063,0.9820049115981155,1.0,0.9136184977400995,0.7677601059956275,-0.788711507635532,0.7443281194621095
adjusted_rand_score,0.9390425329010109,0.9482699451551184,0.9136184977400995,1.0,0.7259584207514782,-0.7271790959374403,0.7263398817470914
calinski_harabasz,0.7421323669654778,0.7614923914889696,0.7677601059956275,0.7259584207514782,1.0,-0.9909975205035285,0.9868777417509059
davies_bouldin,-0.7498378790768644,-0.7815587708248345,-0.788711507635532,-0.7271790959374403,-0.9909975205035285,1.0,-0.9752050352851421
silhouette,0.7548731642189586,0.7416549062139702,0.7443281194621095,0.7263398817470914,0.9868777417509059,-0.9752050352851421,1.0
