,abilities,v_measure,mutual_info,adjusted_rand_score,calinski_harabasz,davies_bouldin,silhouette
abilities,1.0,0.9224460218812287,0.8918568792764299,0.9533455412445221,0.711157734121686,-0.7211520122067518,0.7270265115391951
v_measure,0.9224460218812287,1.0,0.9829422324102688,0.9501773928966544,0.7336919208817532,-0.7555886173194449,0.7222476544509038
mutual_info,0.8918568792764299,0.9829422324102688,1.0,0.914520172362454,0.7399450943885526,-0.7620774317999992,0.7246050950102741
adjusted_rand_score,0.9533455412445221,0.9501773928966544,0.914520172362454,1.0,0.699588006917822,-0.7021057455326088,0.7096589613769695
calinski_harabasz,0.711157734121686,0.7336919208817532,0.7399450943885526,0.699588006917822,1.0,-0.9899294297158115,0.9806217814228495
davies_bouldin,-0.7211520122067518,-0.7555886173194449,-0.7620774317999992,-0.7021057455326088,-0.9899294297158115,1.0,-0.9693305359526988
silhouette,0.7270265115391951,0.7222476544509038,0.7246050950102741,0.7096589613769695,0.9806217814228495,-0.9693305359526988,1.0
