,abilities,v_measure,mutual_info,adjusted_rand_score,calinski_harabasz,davies_bouldin,silhouette
abilities,1.0,0.6880059868018232,0.7370715913659278,0.7032945964165775,0.7163443400602391,-0.684282789800172,0.5794766496174755
v_measure,0.6880059868018232,1.0,0.9618494821879329,0.9904755425539152,0.8606955327820692,-0.8121702775080556,0.44253474262318404
mutual_info,0.7370715913659278,0.9618494821879329,1.0,0.9615587997955536,0.843566487416558,-0.7921280734289228,0.40425262155510455
adjusted_rand_score,0.7032945964165775,0.9904755425539152,0.9615587997955536,1.0,0.866954461960925,-0.7997018968513628,0.4513294039792441
calinski_harabasz,0.7163443400602391,0.8606955327820692,0.843566487416558,0.866954461960925,1.0,-0.9067716418556612,0.44049378745616585
davies_bouldin,-0.684282789800172,-0.8121702775080556,-0.7921280734289228,-0.7997018968513628,-0.9067716418556612,1.0,-0.44608476767127014
silhouette,0.5794766496174755,0.44253474262318404,0.40425262155510455,0.4513294039792441,0.44049378745616585,-0.44608476767127014,1.0
