,abilities,v_measure,mutual_info,adjusted_rand_score,calinski_harabasz,davies_bouldin,silhouette
abilities,1.0,0.7057211861112298,0.754428281628816,0.7213853884843151,0.7458600951865879,-0.675762345500901,0.4928365344497661
v_measure,0.7057211861112298,1.0,0.961447474624004,0.9915330760666604,0.8510102728076739,-0.803103488796393,0.4067623647867202
mutual_info,0.754428281628816,0.961447474624004,1.0,0.9630243525364948,0.8295766241918339,-0.7787443139159683,0.3685976430004914
adjusted_rand_score,0.7213853884843151,0.9915330760666604,0.9630243525364948,1.0,0.8490426005802877,-0.7884134877197941,0.4120219187649926
calinski_harabasz,0.7458600951865879,0.8510102728076739,0.8295766241918339,0.8490426005802877,1.0,-0.9126471188516225,0.36695755431723864
davies_bouldin,-0.675762345500901,-0.803103488796393,-0.7787443139159683,-0.7884134877197941,-0.9126471188516225,1.0,-0.3771128524513109
silhouette,0.4928365344497661,0.4067623647867202,0.3685976430004914,0.4120219187649926,0.36695755431723864,-0.3771128524513109,1.0
