,abilities,v_measure,mutual_info,adjusted_rand_score,calinski_harabasz,davies_bouldin,silhouette
abilities,1.0,0.6845425477305197,0.7339460321976139,0.701624724007199,0.7155650662691958,-0.6829468918726691,0.5823216174260463
v_measure,0.6845425477305197,1.0,0.9603312532083197,0.9903889565771327,0.8620438001348267,-0.8110199209593726,0.4431037361848982
mutual_info,0.7339460321976139,0.9603312532083197,1.0,0.9614939791822573,0.8440833946650669,-0.7921812862965323,0.4038679192771308
adjusted_rand_score,0.701624724007199,0.9903889565771327,0.9614939791822573,1.0,0.868067710233844,-0.7995905720240709,0.4516633784611198
calinski_harabasz,0.7155650662691958,0.8620438001348267,0.8440833946650669,0.868067710233844,1.0,-0.9024547124417864,0.44009796584801686
davies_bouldin,-0.6829468918726691,-0.8110199209593726,-0.7921812862965323,-0.7995905720240709,-0.9024547124417864,1.0,-0.444402525836637
silhouette,0.5823216174260463,0.4431037361848982,0.4038679192771308,0.4516633784611198,0.44009796584801686,-0.444402525836637,1.0
