,abilities,v_measure,mutual_info,adjusted_rand_score,calinski_harabasz,davies_bouldin,silhouette
abilities,1.0,0.6889460631211771,0.7380302247876043,0.7041233479086394,0.7152805694883387,-0.683491146583874,0.5809733500732889
v_measure,0.6889460631211771,1.0,0.9616330165765866,0.9905002814044246,0.86138822059633,-0.8133330034819932,0.44296767250709695
mutual_info,0.7380302247876043,0.9616330165765866,1.0,0.9611815311586357,0.8437025515151186,-0.7924373100165604,0.40404852540726377
adjusted_rand_score,0.7041233479086394,0.9905002814044246,0.9611815311586357,1.0,0.8672636975922914,-0.8007532979980085,0.45136651225500807
calinski_harabasz,0.7152805694883387,0.86138822059633,0.8437025515151186,0.8672636975922914,1.0,-0.9066108393273506,0.4405803734329484
davies_bouldin,-0.683491146583874,-0.8133330034819932,-0.7924373100165604,-0.8007532979980085,-0.9066108393273506,1.0,-0.44625793962483534
silhouette,0.5809733500732889,0.44296767250709695,0.40404852540726377,0.45136651225500807,0.4405803734329484,-0.44625793962483534,1.0
