,abilities,v_measure,mutual_info,adjusted_rand_score,calinski_harabasz,davies_bouldin,silhouette
abilities,1.0,0.8913216913394203,0.8838046695906545,0.890764496561855,0.855509263363177,-0.7956614788455937,0.6823483227170843
v_measure,0.8913216913394203,1.0,0.9573725266088462,0.9972646801828612,0.9249306672407461,-0.8827104993225018,0.6400015196221206
mutual_info,0.8838046695906545,0.9573725266088462,1.0,0.953652232838337,0.9153954235190738,-0.8403927774358051,0.5857621587539245
adjusted_rand_score,0.890764496561855,0.9972646801828612,0.953652232838337,1.0,0.9212075930451961,-0.8827611533931896,0.639520305950587
calinski_harabasz,0.855509263363177,0.9249306672407461,0.9153954235190738,0.9212075930451961,1.0,-0.8813428394139324,0.5806602758114149
davies_bouldin,-0.7956614788455937,-0.8827104993225018,-0.8403927774358051,-0.8827611533931896,-0.8813428394139324,1.0,-0.6348348044119696
silhouette,0.6823483227170843,0.6400015196221206,0.5857621587539245,0.639520305950587,0.5806602758114149,-0.6348348044119696,1.0
