,abilities,v_measure,mutual_info,adjusted_rand_score,calinski_harabasz,davies_bouldin,silhouette
abilities,1.0,0.8873752975135464,0.8897804724499545,0.8883121486808123,0.8492176026738238,-0.7851572390742898,0.6554666531625057
v_measure,0.8873752975135464,1.0,0.95909177160431,0.9955942674836684,0.9254063908441789,-0.8889198359244442,0.6212589254063908
mutual_info,0.8897804724499545,0.95909177160431,1.0,0.9574931584442425,0.9176039538787485,-0.8400458408034099,0.5604154118519191
adjusted_rand_score,0.8883121486808123,0.9955942674836684,0.9574931584442425,1.0,0.9198359244442194,-0.8829948852990328,0.6164733883627893
calinski_harabasz,0.8492176026738238,0.9254063908441789,0.9176039538787485,0.9198359244442194,1.0,-0.8843621815972046,0.5551222970577809
davies_bouldin,-0.7851572390742898,-0.8889198359244442,-0.8400458408034099,-0.8829948852990328,-0.8843621815972046,1.0,-0.6021167772319846
silhouette,0.6554666531625057,0.6212589254063908,0.5604154118519191,0.6164733883627893,0.5551222970577809,-0.6021167772319846,1.0
