,abilities,v_measure,mutual_info,adjusted_rand_score,calinski_harabasz,davies_bouldin,silhouette
abilities,1.0,0.8915365028693042,0.8966330119690376,0.8912578066608394,0.8536591545370475,-0.7872787848845311,0.6644244289894728
v_measure,0.8915365028693042,1.0,0.9763670490347008,0.9977957663512332,0.9282737303487503,-0.8770443000291365,0.6397218105119142
mutual_info,0.8966330119690376,0.9763670490347008,1.0,0.974511586903431,0.925379966358985,-0.843739632583113,0.6024278863601589
adjusted_rand_score,0.8912578066608394,0.9977957663512332,0.974511586903431,1.0,0.9250053839040272,-0.8756001469489099,0.6377202650147582
calinski_harabasz,0.8536591545370475,0.9282737303487503,0.925379966358985,0.9250053839040272,1.0,-0.8773990042944552,0.581803671189146
davies_bouldin,-0.7872787848845311,-0.8770443000291365,-0.843739632583113,-0.8756001469489099,-0.8773990042944552,1.0,-0.633109109565614
silhouette,0.6644244289894728,0.6397218105119142,0.6024278863601589,0.6377202650147582,0.581803671189146,-0.633109109565614,1.0
