,abilities,v_measure,mutual_info,adjusted_rand_score,calinski_harabasz,davies_bouldin,silhouette
abilities,1.0,0.8919165431535743,0.8964261129019966,0.8918912071346229,0.8536084824991449,-0.7869494166381636,0.6642217408378621
v_measure,0.8919165431535743,1.0,0.974234929747631,0.9978717744080873,0.9277923459886748,-0.8769176199343797,0.6397218105119142
mutual_info,0.8964261129019966,0.974234929747631,1.0,0.9720770995904111,0.923081661902948,-0.8403733012885674,0.5986709374427972
adjusted_rand_score,0.8918912071346229,0.9978717744080873,0.9720770995904111,1.0,0.9246506796387084,-0.8755494749110072,0.6377456010337096
calinski_harabasz,0.8536084824991449,0.9277923459886748,0.923081661902948,0.9246506796387084,1.0,-0.8770696360480877,0.5816769910943893
davies_bouldin,-0.7869494166381636,-0.8769176199343797,-0.8403733012885674,-0.8755494749110072,-0.8770696360480877,1.0,-0.6329570934519059
silhouette,0.6642217408378621,0.6397218105119142,0.5986709374427972,0.6377456010337096,0.5816769910943893,-0.6329570934519059,1.0
