,abilities,v_measure,mutual_info,adjusted_rand_score,calinski_harabasz,davies_bouldin,silhouette
abilities,1.0,0.9281663037423407,0.9241492539173152,0.9312300602623184,0.8840330176735707,-0.8023244037068922,0.6721020914569301
v_measure,0.9281663037423407,1.0,0.9591364622102768,0.9971894464982023,0.8900845698080722,-0.8302273763103256,0.6776472375550716
mutual_info,0.9241492539173152,0.9591364622102768,1.0,0.9572469754267859,0.8824664146063457,-0.785138823577538,0.6253694008580657
adjusted_rand_score,0.9312300602623184,0.9971894464982023,0.9572469754267859,1.0,0.8877044614371803,-0.8327847267939433,0.6745328404314579
calinski_harabasz,0.8840330176735707,0.8900845698080722,0.8824664146063457,0.8877044614371803,1.0,-0.8532182103610675,0.5733022737631033
davies_bouldin,-0.8023244037068922,-0.8302273763103256,-0.785138823577538,-0.8327847267939433,-0.8532182103610675,1.0,-0.640755557806249
silhouette,0.6721020914569301,0.6776472375550716,0.6253694008580657,0.6745328404314579,0.5733022737631033,-0.640755557806249,1.0
