,abilities,v_measure,mutual_info,adjusted_rand_score,calinski_harabasz,davies_bouldin,silhouette
abilities,1.0,0.6732415451628059,0.7072758980402775,0.7253362425246259,0.6407679627963274,-0.5312114286624356,0.46134305895093924
v_measure,0.6732415451628059,1.0,0.9795188686006419,0.9808088932066668,0.8439548013601,-0.7949816450202661,0.47591555913010936
mutual_info,0.7072758980402775,0.9795188686006419,1.0,0.9758080570796073,0.8120067845738539,-0.7496555952826508,0.4313858208776945
adjusted_rand_score,0.7253362425246259,0.9808088932066668,0.9758080570796073,1.0,0.8134082927878069,-0.7358316278995692,0.43304214876691166
calinski_harabasz,0.6407679627963274,0.8439548013601,0.8120067845738539,0.8134082927878069,1.0,-0.8849489166182244,0.37460881198289525
davies_bouldin,-0.5312114286624356,-0.7949816450202661,-0.7496555952826508,-0.7358316278995692,-0.8849489166182244,1.0,-0.44990802602345936
silhouette,0.46134305895093924,0.47591555913010936,0.4313858208776945,0.43304214876691166,0.37460881198289525,-0.44990802602345936,1.0
