,abilities,v_measure,mutual_info,adjusted_rand_score,calinski_harabasz,davies_bouldin,silhouette
abilities,1.0,0.7332834311469274,0.7612658167368748,0.7682255791175276,0.6482692169869166,-0.5287428630583139,0.432070648754967
v_measure,0.7332834311469274,1.0,0.9817803932186114,0.9910016802172338,0.8616966212503683,-0.7909682351348554,0.447996878458978
mutual_info,0.7612658167368748,0.9817803932186114,1.0,0.9801240653293942,0.8355616783060862,-0.7560579396236632,0.40832464026628656
adjusted_rand_score,0.7682255791175276,0.9910016802172338,0.9801240653293942,1.0,0.841088080013378,-0.7535097428710215,0.41778482071046913
calinski_harabasz,0.6482692169869166,0.8616966212503683,0.8355616783060862,0.841088080013378,1.0,-0.8738961132036407,0.36715533648141807
davies_bouldin,-0.5287428630583139,-0.7909682351348554,-0.7560579396236632,-0.7535097428710215,-0.8738961132036407,1.0,-0.4433145669259988
silhouette,0.432070648754967,0.447996878458978,0.40832464026628656,0.41778482071046913,0.36715533648141807,-0.4433145669259988,1.0
