,abilities,v_measure,mutual_info,adjusted_rand_score,calinski_harabasz,davies_bouldin,silhouette
abilities,1.0,0.6702474139784518,0.7045365865311876,0.72253322609672,0.6384745857189498,-0.5282650761671935,0.46209159174702774
v_measure,0.6702474139784518,1.0,0.9787066308857373,0.9808566718957787,0.844002580049212,-0.7945994155073699,0.47575629683306925
mutual_info,0.7045365865311876,0.9787066308857373,1.0,0.975441753796415,0.8119112271956298,-0.7495600379044267,0.4312265585806544
adjusted_rand_score,0.72253322609672,0.9808566718957787,0.975441753796415,1.0,0.813503850166031,-0.7359271852777932,0.4330580749966157
calinski_harabasz,0.6384745857189498,0.844002580049212,0.8119112271956298,0.813503850166031,1.0,-0.8849011379291124,0.37460881198289525
davies_bouldin,-0.5282650761671935,-0.7945994155073699,-0.7495600379044267,-0.7359271852777932,-0.8849011379291124,1.0,-0.4499876571719794
silhouette,0.46209159174702774,0.47575629683306925,0.4312265585806544,0.4330580749966157,0.37460881198289525,-0.4499876571719794,1.0
