,abilities,v_measure,mutual_info,adjusted_rand_score,calinski_harabasz,davies_bouldin,silhouette
abilities,1.0,0.33231245158563527,0.37430503878848276,0.19542405209822905,0.6824933866919894,-0.6602591060164146,0.8757512039612019
v_measure,0.33231245158563527,1.0,0.9962616309644476,0.9690159381023922,-0.06431897664696863,0.055839887761848325,0.17409943626039834
mutual_info,0.37430503878848276,0.9962616309644476,1.0,0.9490981632766821,-0.020217302537331956,0.013555090761607129,0.21138614512019765
adjusted_rand_score,0.19542405209822905,0.9690159381023922,0.9490981632766821,1.0,-0.18481512403569417,0.1679995660644512,0.048520244521299286
calinski_harabasz,0.6824933866919894,-0.06431897664696863,-0.020217302537331956,-0.18481512403569417,1.0,-0.9806145289289833,0.7848063487756901
davies_bouldin,-0.6602591060164146,0.055839887761848325,0.013555090761607129,0.1679995660644512,-0.9806145289289833,1.0,-0.7932171199891473
silhouette,0.8757512039612019,0.17409943626039834,0.21138614512019765,0.048520244521299286,0.7848063487756901,-0.7932171199891473,1.0
