,abilities,v_measure,mutual_info,adjusted_rand_score,calinski_harabasz,davies_bouldin,silhouette
abilities,1.0,0.5747244966698208,0.5955665555914091,0.5041346426962822,0.5311897978564645,-0.5023741690408358,0.8210554877221544
v_measure,0.5747244966698208,1.0,0.9969023893693384,0.9820120824499576,0.010765781520697416,0.010752214058163454,0.3042299961302564
mutual_info,0.5955665555914091,0.9969023893693384,1.0,0.9688814958065263,0.04567136607293475,-0.022479458594507926,0.3298570480269871
adjusted_rand_score,0.5041346426962822,0.9820120824499576,0.9688814958065263,1.0,-0.06918657114025757,0.08792982989705056,0.22159511058610196
calinski_harabasz,0.5311897978564645,0.010765781520697416,0.04567136607293475,-0.06918657114025757,1.0,-0.9884818884818884,0.7494505494505495
davies_bouldin,-0.5023741690408358,0.010752214058163454,-0.022479458594507926,0.08792982989705056,-0.9884818884818884,1.0,-0.7642382309048976
silhouette,0.8210554877221544,0.3042299961302564,0.3298570480269871,0.22159511058610196,0.7494505494505495,-0.7642382309048976,1.0
