,abilities,v_measure,mutual_info,adjusted_rand_score,calinski_harabasz,davies_bouldin,silhouette
abilities,1.0,0.626102353512017,0.644937839862228,0.5100602400803408,0.4624202957536291,-0.4282865282865283,0.7447157780491114
v_measure,0.626102353512017,1.0,0.9974924832583654,0.9511546498059754,0.0870078420948603,-0.06057851472845022,0.31733508851984016
mutual_info,0.644937839862228,0.9974924832583654,1.0,0.93294022926641,0.11782590003606798,-0.0896231447201722,0.3386637889304849
adjusted_rand_score,0.5100602400803408,0.9511546498059754,0.93294022926641,1.0,-0.04418907558131296,0.06215233504390379,0.19235204760640603
calinski_harabasz,0.4624202957536291,0.0870078420948603,0.11782590003606798,-0.04418907558131296,1.0,-0.9854700854700855,0.7470628137294804
davies_bouldin,-0.4282865282865283,-0.06057851472845022,-0.0896231447201722,0.06215233504390379,-0.9854700854700855,1.0,-0.7643060643060643
silhouette,0.7447157780491114,0.31733508851984016,0.3386637889304849,0.19235204760640603,0.7470628137294804,-0.7643060643060643,1.0
