,abilities,v_measure,mutual_info,adjusted_rand_score,calinski_harabasz,davies_bouldin,silhouette
abilities,1.0,0.9582099798343845,0.9180697952597207,0.9496288668640323,0.9183936156519501,-0.7395632213498091,0.8022911571630841
v_measure,0.9582099798343845,1.0,0.8723410239155497,0.9856695413395118,0.9158192817608444,-0.8148195820997983,0.8611575921397006
mutual_info,0.9180697952597207,0.8723410239155497,1.0,0.8616853573853513,0.8763530764957458,-0.654741096877815,0.6816606754804213
adjusted_rand_score,0.9496288668640323,0.9856695413395118,0.8616853573853513,1.0,0.8933367657785215,-0.7911357103016261,0.8379027759900459
calinski_harabasz,0.9183936156519501,0.9158192817608444,0.8763530764957458,0.8933367657785215,1.0,-0.7955120779165058,0.8107006478740293
davies_bouldin,-0.7395632213498091,-0.8148195820997983,-0.654741096877815,-0.7911357103016261,-0.7955120779165058,1.0,-0.8705110052773845
silhouette,0.8022911571630841,0.8611575921397006,0.6816606754804213,0.8379027759900459,0.8107006478740293,-0.8705110052773845,1.0
