,abilities,v_measure,mutual_info,adjusted_rand_score,calinski_harabasz,davies_bouldin,silhouette
abilities,1.0,0.8184581976112921,0.8688382193268187,0.8293159609120521,0.7082519001085776,-0.37318132464712267,0.6094462540716612
v_measure,0.8184581976112921,1.0,0.9420195439739414,0.9373507057546145,0.7345276872964169,-0.6285559174809989,0.6762214983713355
mutual_info,0.8688382193268187,0.9420195439739414,1.0,0.897828447339848,0.6957654723127036,-0.4767643865363735,0.5572204125950054
adjusted_rand_score,0.8293159609120521,0.9373507057546145,0.897828447339848,1.0,0.6902280130293159,-0.5362649294245385,0.6396308360477742
calinski_harabasz,0.7082519001085776,0.7345276872964169,0.6957654723127036,0.6902280130293159,1.0,-0.8181324647122693,0.8107491856677524
davies_bouldin,-0.37318132464712267,-0.6285559174809989,-0.4767643865363735,-0.5362649294245385,-0.8181324647122693,1.0,-0.7307274701411509
silhouette,0.6094462540716612,0.6762214983713355,0.5572204125950054,0.6396308360477742,0.8107491856677524,-0.7307274701411509,1.0
