,abilities,v_measure,mutual_info,adjusted_rand_score,calinski_harabasz,davies_bouldin,silhouette
abilities,1.0,0.8231270358306189,0.8728792858613756,0.8305103148751357,0.7115092290988057,-0.37817589576547234,0.6142236699239957
v_measure,0.8231270358306189,1.0,0.9414479223860004,0.9377850162866449,0.7340933767643866,-0.6288816503800218,0.6760043431053203
mutual_info,0.8728792858613756,0.9414479223860004,1.0,0.8987214639973388,0.6958929398041493,-0.47645158680926936,0.5564754745664324
adjusted_rand_score,0.8305103148751357,0.9377850162866449,0.8987214639973388,1.0,0.6922909880564604,-0.538870792616721,0.6414766558089033
calinski_harabasz,0.7115092290988057,0.7340933767643866,0.6958929398041493,0.6922909880564604,1.0,-0.8171552660152008,0.8099891422366993
davies_bouldin,-0.37817589576547234,-0.6288816503800218,-0.47645158680926936,-0.538870792616721,-0.8171552660152008,1.0,-0.7306188925081433
silhouette,0.6142236699239957,0.6760043431053203,0.5564754745664324,0.6414766558089033,0.8099891422366993,-0.7306188925081433,1.0
