,abilities,v_measure,mutual_info,adjusted_rand_score,calinski_harabasz,davies_bouldin,silhouette
abilities,1.0,0.8712269272529859,0.9065045118056686,0.8619978284473399,0.7355048859934853,-0.40162866449511403,0.5883821932681867
v_measure,0.8712269272529859,1.0,0.9478770823612459,0.9432138979370249,0.7423452768729641,-0.5946796959826276,0.641042345276873
mutual_info,0.9065045118056686,0.9478770823612459,1.0,0.8918449395615664,0.7076772764060305,-0.4624823569454172,0.5253556334590112
adjusted_rand_score,0.8619978284473399,0.9432138979370249,0.8918449395615664,1.0,0.7180238870792617,-0.5601520086862106,0.6109663409337677
calinski_harabasz,0.7355048859934853,0.7423452768729641,0.7076772764060305,0.7180238870792617,1.0,-0.8270358306188925,0.8026058631921824
davies_bouldin,-0.40162866449511403,-0.5946796959826276,-0.4624823569454172,-0.5601520086862106,-0.8270358306188925,1.0,-0.7234527687296417
silhouette,0.5883821932681867,0.641042345276873,0.5253556334590112,0.6109663409337677,0.8026058631921824,-0.7234527687296417,1.0
