,abilities,v_measure,mutual_info,adjusted_rand_score,calinski_harabasz,davies_bouldin,silhouette
abilities,1.0,0.7294245385450597,0.8109663409337676,0.778827361563518,0.7351791530944626,-0.39109663409337675,0.6263843648208469
v_measure,0.7294245385450597,1.0,0.9293159609120522,0.9380021715526602,0.758414766558089,-0.6398479913137893,0.6714440825190011
mutual_info,0.8109663409337676,0.9293159609120522,1.0,0.8883821932681868,0.7102062975027145,-0.46340933767643866,0.5363735070575462
adjusted_rand_score,0.778827361563518,0.9380021715526602,0.8883821932681868,1.0,0.7056460369163953,-0.5567861020629751,0.6469055374592834
calinski_harabasz,0.7351791530944626,0.758414766558089,0.7102062975027145,0.7056460369163953,1.0,-0.8051031487513572,0.8099891422366993
davies_bouldin,-0.39109663409337675,-0.6398479913137893,-0.46340933767643866,-0.5567861020629751,-0.8051031487513572,1.0,-0.7239956568946797
silhouette,0.6263843648208469,0.6714440825190011,0.5363735070575462,0.6469055374592834,0.8099891422366993,-0.7239956568946797,1.0
