,abilities,v_measure,mutual_info,adjusted_rand_score,calinski_harabasz,davies_bouldin,silhouette
abilities,1.0,0.8571428571428571,0.8375350140056023,0.9168067226890756,0.8050420168067227,-0.6064425770308123,0.7453781512605042
v_measure,0.8571428571428571,1.0,0.9801120448179271,0.9663865546218487,0.9210084033613445,-0.8448179271708683,0.6915966386554622
mutual_info,0.8375350140056023,0.9801120448179271,1.0,0.9526610644257703,0.8938375350140056,-0.8198879551820728,0.6644257703081232
adjusted_rand_score,0.9168067226890756,0.9663865546218487,0.9526610644257703,1.0,0.8781512605042017,-0.7327731092436974,0.6644257703081232
calinski_harabasz,0.8050420168067227,0.9210084033613445,0.8938375350140056,0.8781512605042017,1.0,-0.927170868347339,0.7551820728291316
davies_bouldin,-0.6064425770308123,-0.8448179271708683,-0.8198879551820728,-0.7327731092436974,-0.927170868347339,1.0,-0.6717086834733893
silhouette,0.7453781512605042,0.6915966386554622,0.6644257703081232,0.6644257703081232,0.7551820728291316,-0.6717086834733893,1.0
