,abilities,v_measure,mutual_info,adjusted_rand_score,calinski_harabasz,davies_bouldin,silhouette
abilities,1.0,0.8647058823529412,0.8338935574229692,0.9249299719887956,0.8095238095238095,-0.6039215686274509,0.7389355742296919
v_measure,0.8647058823529412,1.0,0.9756302521008403,0.9658263305322129,0.9201680672268907,-0.8417366946778712,0.6913165266106442
mutual_info,0.8338935574229692,0.9756302521008403,1.0,0.9428571428571428,0.8801120448179272,-0.8050420168067227,0.6504201680672269
adjusted_rand_score,0.9249299719887956,0.9658263305322129,0.9428571428571428,1.0,0.8784313725490196,-0.7299719887955182,0.6649859943977591
calinski_harabasz,0.8095238095238095,0.9201680672268907,0.8801120448179272,0.8784313725490196,1.0,-0.9249299719887956,0.7563025210084033
davies_bouldin,-0.6039215686274509,-0.8417366946778712,-0.8050420168067227,-0.7299719887955182,-0.9249299719887956,1.0,-0.6675070028011204
silhouette,0.7389355742296919,0.6913165266106442,0.6504201680672269,0.6649859943977591,0.7563025210084033,-0.6675070028011204,1.0
