,abilities,v_measure,mutual_info,adjusted_rand_score,calinski_harabasz,davies_bouldin,silhouette
abilities,1.0,0.3611646158640403,0.4153794871810602,0.13149971761626716,0.6899797544237899,-0.6651854968054058,0.8771330160649962
v_measure,0.3611646158640403,1.0,0.9944364521838093,0.9256125543352686,-0.06851215192091423,0.04918517757362121,0.18126598321505363
mutual_info,0.4153794871810602,0.9944364521838093,1.0,0.8904599214139031,-0.010481808867885795,-0.00551051181385715,0.22961342663038659
adjusted_rand_score,0.13149971761626716,0.9256125543352686,0.8904599214139031,1.0,-0.2670619640011233,0.22424107015227485,-0.01600031557078556
calinski_harabasz,0.6899797544237899,-0.06851215192091423,-0.010481808867885795,-0.2670619640011233,1.0,-0.9704730102805459,0.7848184471380117
davies_bouldin,-0.6651854968054058,0.04918517757362121,-0.00551051181385715,0.22424107015227485,-0.9704730102805459,1.0,-0.7911550495622223
silhouette,0.8771330160649962,0.18126598321505363,0.22961342663038659,-0.01600031557078556,0.7848184471380117,-0.7911550495622223,1.0
