,abilities,v_measure,mutual_info,adjusted_rand_score,calinski_harabasz,davies_bouldin,silhouette
abilities,1.0,0.6688056405514771,0.6942835669747693,0.5542764357077694,0.49241672200970743,-0.4591515406611571,0.7941437503047801
v_measure,0.6688056405514771,1.0,0.995533602818305,0.9618447095349368,0.018580003881171422,0.007547715660150316,0.3333223767755233
mutual_info,0.6942835669747693,0.995533602818305,1.0,0.9402069035072413,0.0623676365016661,-0.033926626141699404,0.367825666362178
adjusted_rand_score,0.5542764357077694,0.9618447095349368,0.9402069035072413,1.0,-0.11243770651905488,0.13239799636771882,0.20114133979908577
calinski_harabasz,0.49241672200970743,0.018580003881171422,0.0623676365016661,-0.11243770651905488,1.0,-0.9857999368886083,0.7485536972756915
davies_bouldin,-0.4591515406611571,0.007547715660150316,-0.033926626141699404,0.13239799636771882,-0.9857999368886083,1.0,-0.7671189649731777
silhouette,0.7941437503047801,0.3333223767755233,0.367825666362178,0.20114133979908577,0.7485536972756915,-0.7671189649731777,1.0
