,abilities,v_measure,mutual_info,adjusted_rand_score,calinski_harabasz,davies_bouldin,silhouette
abilities,1.0,0.38668411056342517,0.4328053300291765,0.19713125034376225,0.6883232981884153,-0.667131175558068,0.873267951515789
v_measure,0.38668411056342517,1.0,0.9962778306713268,0.9496479500101535,-0.07043170175404674,0.05499641747940592,0.17419257355597634
mutual_info,0.4328053300291765,0.9962778306713268,1.0,0.9261030448653258,-0.022213017789032757,0.008298646669555756,0.2153834176027173
adjusted_rand_score,0.19713125034376225,0.9496479500101535,0.9261030448653258,1.0,-0.23984696545426534,0.20612403247228922,0.006087219481736823
calinski_harabasz,0.6883232981884153,-0.07043170175404674,-0.022213017789032757,-0.23984696545426534,1.0,-0.9706307680172481,0.7842400021034365
davies_bouldin,-0.667131175558068,0.05499641747940592,0.008298646669555756,0.20612403247228922,-0.9706307680172481,1.0,-0.7907869481765835
silhouette,0.873267951515789,0.17419257355597634,0.2153834176027173,0.006087219481736823,0.7842400021034365,-0.7907869481765835,1.0
