,abilities,v_measure,mutual_info,adjusted_rand_score,calinski_harabasz,davies_bouldin,silhouette
abilities,1.0,0.5967429130469367,0.6158635398394482,0.5148751818621007,0.46678763016724517,-0.4345482276217524,0.77329862206795
v_measure,0.5967429130469367,1.0,0.9972433691925263,0.9725681522296595,-0.02840255370370154,0.05264991899519489,0.296044025039415
mutual_info,0.6158635398394482,0.9972433691925263,1.0,0.9592396104309568,0.005302702842758202,0.020302904432694554,0.31745163470070564
adjusted_rand_score,0.5148751818621007,0.9725681522296595,0.9592396104309568,1.0,-0.12878454211761706,0.1509017158813328,0.1898237339197386
calinski_harabasz,0.46678763016724517,-0.02840255370370154,0.005302702842758202,-0.12878454211761706,1.0,-0.9881929104870095,0.7501314820658462
davies_bouldin,-0.4345482276217524,0.05264991899519489,0.020302904432694554,0.1509017158813328,-0.9881929104870095,1.0,-0.765751551488377
silhouette,0.77329862206795,0.296044025039415,0.31745163470070564,0.1898237339197386,0.7501314820658462,-0.765751551488377,1.0
