,abilities,v_measure,mutual_info,adjusted_rand_score,calinski_harabasz,davies_bouldin,silhouette
abilities,1.0,0.5764047863096529,0.5970095150718179,0.4838207246743831,0.5320612209931124,-0.5027177051609439,0.8213524476896438
v_measure,0.5764047863096529,1.0,0.9973286536228331,0.9704748870810088,0.005859231450014257,0.012992513227271758,0.3047850395485911
mutual_info,0.5970095150718179,0.9973286536228331,1.0,0.9565372928841643,0.03694886686958122,-0.017189590328751548,0.32912288936984374
adjusted_rand_score,0.4838207246743831,0.9704748870810088,0.9565372928841643,1.0,-0.09481774982857703,0.10848214611247385,0.20301988782047925
calinski_harabasz,0.5320612209931124,0.005859231450014257,0.03694886686958122,-0.09481774982857703,1.0,-0.9885342293154137,0.7485370292594148
davies_bouldin,-0.5027177051609439,0.012992513227271758,-0.017189590328751548,0.10848214611247385,-0.9885342293154137,1.0,-0.7631807363852723
silhouette,0.8213524476896438,0.3047850395485911,0.32912288936984374,0.20301988782047925,0.7485370292594148,-0.7631807363852723,1.0
