,abilities,v_measure,mutual_info,adjusted_rand_score,calinski_harabasz,davies_bouldin,silhouette
abilities,1.0,0.5843880388857533,0.6076267215744452,0.48799644441448276,0.5291894162116758,-0.5003919921601568,0.8204955900881983
v_measure,0.5843880388857533,1.0,0.996487997692415,0.9686409442903603,0.009184330650304958,0.010990395671477733,0.3092711342457874
mutual_info,0.6076267215744452,0.996487997692415,1.0,0.9506215833929635,0.04714936863386815,-0.025608976844505544,0.338119725994013
adjusted_rand_score,0.48799644441448276,0.9686409442903603,0.9506215833929635,1.0,-0.09717647810078393,0.11240186636394524,0.20193414952984542
calinski_harabasz,0.5291894162116758,0.009184330650304958,0.04714936863386815,-0.09717647810078393,1.0,-0.9886042279154417,0.7482430351392972
davies_bouldin,-0.5003919921601568,0.010990395671477733,-0.025608976844505544,0.11240186636394524,-0.9886042279154417,1.0,-0.7629147417051659
silhouette,0.8204955900881983,0.3092711342457874,0.338119725994013,0.20193414952984542,0.7482430351392972,-0.7629147417051659,1.0
