,abilities,v_measure,mutual_info,adjusted_rand_score,calinski_harabasz,davies_bouldin,silhouette
abilities,1.0,0.5769592906871356,0.6009307153181018,0.4794299038900823,0.5343081839182379,-0.5051956642746337,0.8225354281704731
v_measure,0.5769592906871356,1.0,0.9969782161153655,0.9682909157630161,0.010654383574515357,0.009632346779588128,0.31079718918615823
mutual_info,0.6009307153181018,0.9969782161153655,1.0,0.9522883085288629,0.04801770692446664,-0.026841456998903404,0.33938721978916087
adjusted_rand_score,0.4794299038900823,0.9682909157630161,0.9522883085288629,1.0,-0.09496442169105568,0.11013380852612259,0.20400620236933772
calinski_harabasz,0.5343081839182379,0.010654383574515357,0.04801770692446664,-0.09496442169105568,1.0,-0.9886042279154417,0.7484110317793644
davies_bouldin,-0.5051956642746337,0.009632346779588128,-0.026841456998903404,0.11013380852612259,-0.9886042279154417,1.0,-0.7630267394652107
silhouette,0.8225354281704731,0.31079718918615823,0.33938721978916087,0.20400620236933772,0.7484110317793644,-0.7630267394652107,1.0
