,abilities,v_measure,mutual_info,adjusted_rand_score,calinski_harabasz,davies_bouldin,silhouette
abilities,1.0,0.9016685205784205,0.8344827586206897,0.9061179087875417,0.9310344827586207,-0.796218020022247,0.8473859844271413
v_measure,0.9016685205784205,1.0,0.9626251390433815,0.9746384872080089,0.9167964404894327,-0.7979977753058954,0.7223581757508343
mutual_info,0.8344827586206897,0.9626251390433815,1.0,0.9426028921023359,0.8598442714126807,-0.746384872080089,0.6627363737486096
adjusted_rand_score,0.9061179087875417,0.9746384872080089,0.9426028921023359,1.0,0.8896551724137931,-0.6934371523915461,0.7027808676307008
calinski_harabasz,0.9310344827586207,0.9167964404894327,0.8598442714126807,0.8896551724137931,1.0,-0.8771968854282536,0.8375973303670745
davies_bouldin,-0.796218020022247,-0.7979977753058954,-0.746384872080089,-0.6934371523915461,-0.8771968854282536,1.0,-0.753503893214683
silhouette,0.8473859844271413,0.7223581757508343,0.6627363737486096,0.7027808676307008,0.8375973303670745,-0.753503893214683,1.0
