,abilities,v_measure,mutual_info,adjusted_rand_score,calinski_harabasz,davies_bouldin,silhouette
abilities,1.0,0.7459399332591768,0.6649610678531702,0.6743047830923248,0.7704115684093437,-0.8509454949944383,0.8269187986651836
v_measure,0.7459399332591768,1.0,0.9768631813125696,0.9461624026696329,0.9038932146829811,-0.725027808676307,0.6480533926585095
mutual_info,0.6649610678531702,0.9768631813125696,1.0,0.9305895439377085,0.8981090100111234,-0.6400444938820912,0.607119021134594
adjusted_rand_score,0.6743047830923248,0.9461624026696329,0.9305895439377085,1.0,0.8055617352614015,-0.5617352614015573,0.560845383759733
calinski_harabasz,0.7704115684093437,0.9038932146829811,0.8981090100111234,0.8055617352614015,1.0,-0.7797552836484983,0.8011123470522803
davies_bouldin,-0.8509454949944383,-0.725027808676307,-0.6400444938820912,-0.5617352614015573,-0.7797552836484983,1.0,-0.6769744160177975
silhouette,0.8269187986651836,0.6480533926585095,0.607119021134594,0.560845383759733,0.8011123470522803,-0.6769744160177975,1.0
