,abilities,v_measure,mutual_info,adjusted_rand_score,calinski_harabasz,davies_bouldin,silhouette
abilities,1.0,0.8914349276974416,0.8447163515016686,0.9021134593993326,0.9199110122358176,-0.7971078976640712,0.860734149054505
v_measure,0.8914349276974416,1.0,0.9773081201334817,0.9652947719688543,0.9150166852057842,-0.7971078976640712,0.7254727474972191
mutual_info,0.8447163515016686,0.9773081201334817,1.0,0.9461624026696329,0.8771968854282536,-0.7579532814238042,0.6916573971078976
adjusted_rand_score,0.9021134593993326,0.9652947719688543,0.9461624026696329,1.0,0.8771968854282536,-0.675194660734149,0.703670745272525
calinski_harabasz,0.9199110122358176,0.9150166852057842,0.8771968854282536,0.8771968854282536,1.0,-0.9021134593993326,0.8344827586206897
davies_bouldin,-0.7971078976640712,-0.7971078976640712,-0.7579532814238042,-0.675194660734149,-0.9021134593993326,1.0,-0.7308120133481646
silhouette,0.860734149054505,0.7254727474972191,0.6916573971078976,0.703670745272525,0.8344827586206897,-0.7308120133481646,1.0
