,abilities,v_measure,mutual_info,adjusted_rand_score,calinski_harabasz,davies_bouldin,silhouette
abilities,1.0,0.9030033370411569,0.8527252502780868,0.8989988876529477,0.9163515016685205,-0.7971078976640712,0.8562847608453837
v_measure,0.9030033370411569,1.0,0.9701890989988876,0.9648498331479421,0.9141268075639599,-0.7757508342602892,0.7454949944382647
mutual_info,0.8527252502780868,0.9701890989988876,1.0,0.9430478309232481,0.8816462736373749,-0.7450500556173526,0.7130144605116796
adjusted_rand_score,0.8989988876529477,0.9648498331479421,0.9430478309232481,1.0,0.871412680756396,-0.6605116796440489,0.7112347052280311
calinski_harabasz,0.9163515016685205,0.9141268075639599,0.8816462736373749,0.871412680756396,1.0,-0.8901001112347052,0.835817575083426
davies_bouldin,-0.7971078976640712,-0.7757508342602892,-0.7450500556173526,-0.6605116796440489,-0.8901001112347052,1.0,-0.7348164627363738
silhouette,0.8562847608453837,0.7454949944382647,0.7130144605116796,0.7112347052280311,0.835817575083426,-0.7348164627363738,1.0
