,abilities,v_measure,mutual_info,adjusted_rand_score,calinski_harabasz,davies_bouldin,silhouette
abilities,1.0,0.9609587676781091,0.8634464004108544,0.9662704999668017,0.9237766416572605,-0.5542128676714694,0.699754332381648
v_measure,0.9609587676781091,1.0,0.7739547263496966,0.9885797755793108,0.9085054113272691,-0.6698758382577518,0.7947015470420291
mutual_info,0.8634464004108544,0.7739547263496966,1.0,0.7655311877520725,0.8599422083542427,-0.4297352450963879,0.48546537645826854
adjusted_rand_score,0.9662704999668017,0.9885797755793108,0.7655311877520725,1.0,0.8905783148529314,-0.6650952791979284,0.7803598698625589
calinski_harabasz,0.9237766416572605,0.9085054113272691,0.8599422083542427,0.8905783148529314,1.0,-0.6237965606533431,0.7273753402828498
davies_bouldin,-0.5542128676714694,-0.6698758382577518,-0.4297352450963879,-0.6650952791979284,-0.6237965606533431,1.0,-0.8933669743044951
silhouette,0.699754332381648,0.7947015470420291,0.48546537645826854,0.7803598698625589,0.7273753402828498,-0.8933669743044951,1.0
