,abilities,v_measure,mutual_info,adjusted_rand_score,calinski_harabasz,davies_bouldin,silhouette
abilities,1.0,0.9402213533037312,0.8840717534118091,0.9363774935383392,0.9260388362383193,-0.6050102723838557,0.7657896480880111
v_measure,0.9402213533037312,1.0,0.7783273333588264,0.9793226853999603,0.8964808801113394,-0.6935515938763338,0.8369673271919942
mutual_info,0.8840717534118091,0.7783273333588264,1.0,0.7653529703135463,0.8602742170489637,-0.4749423570720426,0.5704686259183798
adjusted_rand_score,0.9363774935383392,0.9793226853999603,0.7653529703135463,1.0,0.8683809397574392,-0.6812247332493869,0.8059513552919345
calinski_harabasz,0.9260388362383193,0.8964808801113394,0.8602742170489637,0.8683809397574392,1.0,-0.7022996885148121,0.7982636357611506
davies_bouldin,-0.6050102723838557,-0.6935515938763338,-0.4749423570720426,-0.6812247332493869,-0.7022996885148121,1.0,-0.8976738021074955
silhouette,0.7657896480880111,0.8369673271919942,0.5704686259183798,0.8059513552919345,0.7982636357611506,-0.8976738021074955,1.0
