,abilities,v_measure,mutual_info,adjusted_rand_score,calinski_harabasz,davies_bouldin,silhouette
abilities,1.0,0.9565159574468085,0.8622941546076477,0.9621010638297872,0.9127659574468086,-0.5674202127659574,0.7460106382978723
v_measure,0.9565159574468085,1.0,0.7755777201703239,0.9875,0.8940159574468085,-0.6775265957446809,0.836968085106383
mutual_info,0.8622941546076477,0.7755777201703239,1.0,0.7643492270996564,0.8453837734771243,-0.43547613487323783,0.5251687963895338
adjusted_rand_score,0.9621010638297872,0.9875,0.7643492270996564,1.0,0.8775265957446808,-0.6742021276595744,0.8220744680851064
calinski_harabasz,0.9127659574468086,0.8940159574468085,0.8453837734771243,0.8775265957446808,1.0,-0.6287234042553191,0.7651595744680851
davies_bouldin,-0.5674202127659574,-0.6775265957446809,-0.43547613487323783,-0.6742021276595744,-0.6287234042553191,1.0,-0.8642287234042553
silhouette,0.7460106382978723,0.836968085106383,0.5251687963895338,0.8220744680851064,0.7651595744680851,-0.8642287234042553,1.0
