,abilities,v_measure,mutual_info,adjusted_rand_score,calinski_harabasz,davies_bouldin,silhouette
abilities,1.0,0.7848068446979518,0.8030852994555354,0.8077521389681099,0.6757842883069743,-0.6127819548872181,0.4344049779621467
v_measure,0.7848068446979518,1.0,0.9933238268084003,0.9572854550168525,0.887995851698211,-0.8385403163080114,0.5155561317085818
mutual_info,0.8030852994555354,0.9933238268084003,1.0,0.9572854550168525,0.8768472906403941,-0.8270028519574799,0.4955276121337827
adjusted_rand_score,0.8077521389681099,0.9572854550168525,0.9572854550168525,1.0,0.8434016074669433,-0.7647135079077003,0.5011667098781436
calinski_harabasz,0.6757842883069743,0.887995851698211,0.8768472906403941,0.8434016074669433,1.0,-0.9340808918848846,0.5092040445942442
davies_bouldin,-0.6127819548872181,-0.8385403163080114,-0.8270028519574799,-0.7647135079077003,-0.9340808918848846,1.0,-0.4723230490018149
silhouette,0.4344049779621467,0.5155561317085818,0.4955276121337827,0.5011667098781436,0.5092040445942442,-0.4723230490018149,1.0
