,abilities,v_measure,mutual_info,adjusted_rand_score,calinski_harabasz,davies_bouldin,silhouette
abilities,1.0,0.6483383433533734,0.7256596526386105,0.7757181028724115,0.5962341349365398,-0.38744154976619904,0.3165497661990648
v_measure,0.6483383433533734,1.0,0.9306529726118904,0.892618570474282,0.8570891783567134,-0.7513360053440213,0.5986556446225785
mutual_info,0.7256596526386105,0.9306529726118904,1.0,0.8524549098196392,0.790497661990648,-0.6499665998663995,0.44355377421509684
adjusted_rand_score,0.7757181028724115,0.892618570474282,0.8524549098196392,1.0,0.738936205744823,-0.5713927855711423,0.4410487641950568
calinski_harabasz,0.5962341349365398,0.8570891783567134,0.790497661990648,0.738936205744823,1.0,-0.9205076820307281,0.7001920507682031
davies_bouldin,-0.38744154976619904,-0.7513360053440213,-0.6499665998663995,-0.5713927855711423,-0.9205076820307281,1.0,-0.7576820307281229
silhouette,0.3165497661990648,0.5986556446225785,0.44355377421509684,0.4410487641950568,0.7001920507682031,-0.7576820307281229,1.0
