,abilities,v_measure,mutual_info,adjusted_rand_score,calinski_harabasz,davies_bouldin,silhouette
abilities,1.0,0.7875291677469536,0.8052242675654654,0.8098262898625875,0.6802566761731916,-0.6197173969406274,0.43362717137671764
v_measure,0.7875291677469536,1.0,0.9945553539019963,0.957350272232305,0.887995851698211,-0.8385403163080114,0.5163987555094633
mutual_info,0.8052242675654654,0.9945553539019963,1.0,0.9592299714804252,0.8784677210267047,-0.8306326160228157,0.4994166450609282
adjusted_rand_score,0.8098262898625875,0.957350272232305,0.9592299714804252,1.0,0.8435960591133005,-0.7654913144931293,0.504731656728027
calinski_harabasz,0.6802566761731916,0.887995851698211,0.8784677210267047,0.8435960591133005,1.0,-0.9334975369458128,0.5090744101633394
davies_bouldin,-0.6197173969406274,-0.8385403163080114,-0.8306326160228157,-0.7654913144931293,-0.9334975369458128,1.0,-0.47549909255898365
silhouette,0.43362717137671764,0.5163987555094633,0.4994166450609282,0.504731656728027,0.5090744101633394,-0.47549909255898365,1.0
