,abilities,v_measure,mutual_info,adjusted_rand_score,calinski_harabasz,davies_bouldin,silhouette
abilities,1.0,0.7840938553279752,0.8019834067928442,0.8036686543946072,0.6807103966813586,-0.6177728804770547,0.4382291936738398
v_measure,0.7840938553279752,1.0,0.9953979777028779,0.9571558205859476,0.8880606689136634,-0.8391884884625357,0.516204303863106
mutual_info,0.8019834067928442,0.9953979777028779,1.0,0.9596188747731398,0.879115893181229,-0.829012185636505,0.49870365569095154
adjusted_rand_score,0.8036686543946072,0.9571558205859476,0.9596188747731398,1.0,0.8443738656987296,-0.7665932071558206,0.5049261083743842
calinski_harabasz,0.6807103966813586,0.8880606689136634,0.879115893181229,0.8443738656987296,1.0,-0.9347938812548613,0.5097873995333161
davies_bouldin,-0.6177728804770547,-0.8391884884625357,-0.829012185636505,-0.7665932071558206,-0.9347938812548613,1.0,-0.472647135079077
silhouette,0.4382291936738398,0.516204303863106,0.49870365569095154,0.5049261083743842,0.5097873995333161,-0.472647135079077,1.0
