,abilities,v_measure,mutual_info,adjusted_rand_score,calinski_harabasz,davies_bouldin,silhouette
abilities,1.0,0.08640685015294577,0.03176042444870339,0.029389913765225217,0.21367413756460418,-0.32685285451660834,0.5797929940315797
v_measure,0.08640685015294577,1.0,0.9957181048974454,0.9439379438875737,0.827732099302197,-0.7770824157153293,0.4397406034743766
mutual_info,0.03176042444870339,0.9957181048974454,1.0,0.9446375545399623,0.819151492547044,-0.7677912600271801,0.4128855178331441
adjusted_rand_score,0.029389913765225217,0.9439379438875737,0.9446375545399623,1.0,0.7577218998358435,-0.6812315058691878,0.38131335417247214
calinski_harabasz,0.21367413756460418,0.827732099302197,0.819151492547044,0.7577218998358435,1.0,-0.9676403931549694,0.5486527324832093
davies_bouldin,-0.32685285451660834,-0.7770824157153293,-0.7677912600271801,-0.6812315058691878,-0.9676403931549694,1.0,-0.5744541539701327
silhouette,0.5797929940315797,0.4397406034743766,0.4128855178331441,0.38131335417247214,0.5486527324832093,-0.5744541539701327,1.0
