,abilities,v_measure,mutual_info,adjusted_rand_score,calinski_harabasz,davies_bouldin,silhouette
abilities,1.0,0.47080007111013905,0.41600141078729,0.4576544366025438,0.5271839037042633,-0.5312130140263404,0.6833622925637732
v_measure,0.47080007111013905,1.0,0.9828745561236054,0.9665550154884529,0.776624947470745,-0.7644362748621701,0.46299327667076257
mutual_info,0.41600141078729,0.9828745561236054,1.0,0.9477673961769965,0.7579390072319794,-0.7522476022535952,0.4414364507349359
adjusted_rand_score,0.4576544366025438,0.9665550154884529,0.9477673961769965,1.0,0.7559243506024629,-0.7429801817578193,0.478304667055088
calinski_harabasz,0.5271839037042633,0.776624947470745,0.7579390072319794,0.7559243506024629,1.0,-0.9863513887839641,0.5406310594041953
davies_bouldin,-0.5312130140263404,-0.7644362748621701,-0.7522476022535952,-0.7429801817578193,-0.9863513887839641,1.0,-0.5371055878723779
silhouette,0.6833622925637732,0.46299327667076257,0.4414364507349359,0.478304667055088,0.5406310594041953,-0.5371055878723779,1.0
