,abilities,v_measure,mutual_info,adjusted_rand_score,calinski_harabasz,davies_bouldin,silhouette
abilities,1.0,0.4878933256228959,0.42941865327354295,0.5252143697321728,0.4771725718314825,-0.47908639923446905,0.7488856991765506
v_measure,0.4878933256228959,1.0,0.9826735166717034,0.966152916288909,0.842418061770265,-0.8292725927925034,0.5806922780808484
mutual_info,0.42941865327354295,0.9826735166717034,1.0,0.9473154024377959,0.8242360146401044,-0.8202571178997092,0.5582291395211486
adjusted_rand_score,0.5252143697321728,0.966152916288909,0.9473154024377959,1.0,0.8160263922516939,-0.8005137315423049,0.577720696970933
calinski_harabasz,0.4771725718314825,0.842418061770265,0.8242360146401044,0.8160263922516939,1.0,-0.9861499332678603,0.5756843192062653
davies_bouldin,-0.47908639923446905,-0.8292725927925034,-0.8202571178997092,-0.8005137315423049,-0.9861499332678603,1.0,-0.5712019339729546
silhouette,0.7488856991765506,0.5806922780808484,0.5582291395211486,0.577720696970933,0.5756843192062653,-0.5712019339729546,1.0
