,abilities,v_measure,mutual_info,adjusted_rand_score,calinski_harabasz,davies_bouldin,silhouette
abilities,1.0,0.08640685015294577,0.03176042444870339,0.029389913765225217,0.21367682798002052,-0.32685285451660834,0.5797929940315797
v_measure,0.08640685015294577,1.0,0.9957181048974454,0.9439379438875737,0.8277425214488636,-0.7770824157153293,0.4397406034743766
mutual_info,0.03176042444870339,0.9957181048974454,1.0,0.9446375545399623,0.8191618066535099,-0.7677912600271801,0.4128855178331441
adjusted_rand_score,0.029389913765225217,0.9439379438875737,0.9446375545399623,1.0,0.7577314404695572,-0.6812315058691878,0.38131335417247214
calinski_harabasz,0.21367682798002052,0.8277425214488636,0.8191618066535099,0.7577314404695572,1.0,-0.9676525769160034,0.5486596406836426
davies_bouldin,-0.32685285451660834,-0.7770824157153293,-0.7677912600271801,-0.6812315058691878,-0.9676525769160034,1.0,-0.5744541539701327
silhouette,0.5797929940315797,0.4397406034743766,0.4128855178331441,0.38131335417247214,0.5486596406836426,-0.5744541539701327,1.0
