,abilities,v_measure,mutual_info,adjusted_rand_score,calinski_harabasz,davies_bouldin,silhouette
abilities,1.0,0.4894546648501396,0.43092962671926266,0.5250632723876009,0.47289164211427565,-0.47329455314648333,0.7569439198207046
v_measure,0.4894546648501396,1.0,0.9834290319331117,0.9663543870252845,0.842468427551789,-0.8292725927925034,0.5810952043330403
mutual_info,0.43092962671926266,0.9834290319331117,1.0,0.948624962224237,0.8245382093292484,-0.8191490707061814,0.5584809684287686
adjusted_rand_score,0.5250632723876009,0.9663543870252845,0.948624962224237,1.0,0.81597602647017,-0.8006648288868768,0.577871794315505
calinski_harabasz,0.47289164211427565,0.842468427551789,0.8245382093292484,0.81597602647017,1.0,-0.9860492055098083,0.5757346830852912
davies_bouldin,-0.47329455314648333,-0.8292725927925034,-0.8191490707061814,-0.8006648288868768,-0.9860492055098083,1.0,-0.5712522978519805
silhouette,0.7569439198207046,0.5810952043330403,0.5584809684287686,0.577871794315505,0.5757346830852912,-0.5712522978519805,1.0
