,abilities,v_measure,mutual_info,adjusted_rand_score,calinski_harabasz,davies_bouldin,silhouette
abilities,1.0,0.48618088905108026,0.4282098745169672,0.524962540824553,0.4734960086625872,-0.4785323965651834,0.7513535292488227
v_measure,0.48618088905108026,1.0,0.981565427621638,0.9661025486048151,0.842216598644169,-0.8297258848262193,0.5808433754254204
mutual_info,0.4282098745169672,0.981565427621638,1.0,0.9466606225445754,0.8236819910433405,-0.8171848052267457,0.5575743843613368
adjusted_rand_score,0.524962540824553,0.9661025486048151,0.9466606225445754,1.0,0.816076758033218,-0.8012188524836408,0.5778214285339809
calinski_harabasz,0.4734960086625872,0.842216598644169,0.8236819910433405,0.816076758033218,1.0,-0.9866535720581199,0.5757346830852912
davies_bouldin,-0.4785323965651834,-0.8297258848262193,-0.8171848052267457,-0.8012188524836408,-0.9866535720581199,1.0,-0.5712522978519805
silhouette,0.7513535292488227,0.5808433754254204,0.5575743843613368,0.5778214285339809,0.5757346830852912,-0.5712522978519805,1.0
