,abilities,v_measure,mutual_info,adjusted_rand_score,calinski_harabasz,davies_bouldin,silhouette
abilities,1.0,0.7258119658119658,0.318974358974359,0.7251282051282051,0.7278632478632479,-0.7176068376068376,0.8085470085470086
v_measure,0.7258119658119658,1.0,0.770940170940171,0.9856410256410256,0.9774358974358974,-0.811965811965812,0.8386324786324786
mutual_info,0.318974358974359,0.770940170940171,1.0,0.7353846153846154,0.7251282051282051,-0.6553846153846153,0.5965811965811966
adjusted_rand_score,0.7251282051282051,0.9856410256410256,0.7353846153846154,1.0,0.9924786324786324,-0.8037606837606838,0.8434188034188034
calinski_harabasz,0.7278632478632479,0.9774358974358974,0.7251282051282051,0.9924786324786324,1.0,-0.8085470085470086,0.8536752136752137
davies_bouldin,-0.7176068376068376,-0.811965811965812,-0.6553846153846153,-0.8037606837606838,-0.8085470085470086,1.0,-0.8317948717948718
silhouette,0.8085470085470086,0.8386324786324786,0.5965811965811966,0.8434188034188034,0.8536752136752137,-0.8317948717948718,1.0
