,abilities,v_measure,mutual_info,adjusted_rand_score,calinski_harabasz,davies_bouldin,silhouette
abilities,1.0,0.7716239316239316,0.3641025641025641,0.7634188034188034,0.7538461538461538,-0.7873504273504274,0.8085470085470086
v_measure,0.7716239316239316,1.0,0.7552136752136752,0.9883760683760684,0.9767521367521368,-0.8051282051282052,0.8475213675213675
mutual_info,0.3641025641025641,0.7552136752136752,1.0,0.7271794871794872,0.7223931623931624,-0.6307692307692307,0.6013675213675214
adjusted_rand_score,0.7634188034188034,0.9883760683760684,0.7271794871794872,1.0,0.989059829059829,-0.8058119658119658,0.8427350427350427
calinski_harabasz,0.7538461538461538,0.9767521367521368,0.7223931623931624,0.989059829059829,1.0,-0.8071794871794872,0.8625641025641025
davies_bouldin,-0.7873504273504274,-0.8051282051282052,-0.6307692307692307,-0.8058119658119658,-0.8071794871794872,1.0,-0.8420512820512821
silhouette,0.8085470085470086,0.8475213675213675,0.6013675213675214,0.8427350427350427,0.8625641025641025,-0.8420512820512821,1.0
