,abilities,v_measure,mutual_info,adjusted_rand_score,calinski_harabasz,davies_bouldin,silhouette
abilities,1.0,0.734017094017094,0.3176068376068376,0.721025641025641,0.7230769230769231,-0.721025641025641,0.7982905982905983
v_measure,0.734017094017094,1.0,0.7654700854700854,0.989059829059829,0.9794871794871794,-0.8126495726495726,0.8441025641025641
mutual_info,0.3176068376068376,0.7654700854700854,1.0,0.7353846153846154,0.7305982905982906,-0.6656410256410257,0.6143589743589744
adjusted_rand_score,0.721025641025641,0.989059829059829,0.7353846153846154,1.0,0.9911111111111112,-0.8044444444444444,0.8427350427350427
calinski_harabasz,0.7230769230769231,0.9794871794871794,0.7305982905982906,0.9911111111111112,1.0,-0.8133333333333334,0.8570940170940171
davies_bouldin,-0.721025641025641,-0.8126495726495726,-0.6656410256410257,-0.8044444444444444,-0.8133333333333334,1.0,-0.8331623931623932
silhouette,0.7982905982905983,0.8441025641025641,0.6143589743589744,0.8427350427350427,0.8570940170940171,-0.8331623931623932,1.0
