,abilities,v_measure,mutual_info,adjusted_rand_score,calinski_harabasz,davies_bouldin,silhouette
abilities,1.0,0.13512361812975995,0.09177528164832613,0.06340502514407277,0.2423521283709961,-0.32312788472851395,0.5196095778610201
v_measure,0.13512361812975995,1.0,0.9973466708289896,0.9420154689736127,0.7862908421805588,-0.7541827130131266,0.42384287001498844
mutual_info,0.09177528164832613,0.9973466708289896,1.0,0.9430257625227655,0.7792535693699425,-0.746452263260831,0.4028623126125291
adjusted_rand_score,0.06340502514407277,0.9420154689736127,0.9430257625227655,1.0,0.7162496792485428,-0.6635579391065112,0.38390107825061076
calinski_harabasz,0.2423521283709961,0.7862908421805588,0.7792535693699425,0.7162496792485428,1.0,-0.9797165301473917,0.47937485442483974
davies_bouldin,-0.32312788472851395,-0.7541827130131266,-0.746452263260831,-0.6635579391065112,-0.9797165301473917,1.0,-0.4937612554669411
silhouette,0.5196095778610201,0.42384287001498844,0.4028623126125291,0.38390107825061076,0.47937485442483974,-0.4937612554669411,1.0
