,abilities,v_measure,mutual_info,adjusted_rand_score,calinski_harabasz,davies_bouldin,silhouette
abilities,1.0,0.1390476650268939,0.09697154855205885,0.07264307939309743,0.23808605054987458,-0.3232683773876133,0.5218020451475979
v_measure,0.1390476650268939,1.0,0.9970574994857211,0.9469715241265094,0.786612964397633,-0.7544879372556655,0.42471601198952386
mutual_info,0.09697154855205885,0.9970574994857211,1.0,0.9487233085867536,0.779518760628812,-0.7462998550893404,0.40361131018965035
adjusted_rand_score,0.07264307939309743,0.9469715241265094,0.9487233085867536,1.0,0.7280225745551259,-0.6766675511860348,0.3932984429027349
calinski_harabasz,0.23808605054987458,0.786612964397633,0.779518760628812,0.7280225745551259,1.0,-0.9796128368383819,0.47794070358222396
davies_bouldin,-0.3232683773876133,-0.7544879372556655,-0.7462998550893404,-0.6766675511860348,-0.9796128368383819,1.0,-0.4939867515595858
silhouette,0.5218020451475979,0.42471601198952386,0.40361131018965035,0.3932984429027349,0.47794070358222396,-0.4939867515595858,1.0
