,abilities,v_measure,mutual_info,adjusted_rand_score,calinski_harabasz,davies_bouldin,silhouette
abilities,1.0,0.4903970609759787,0.44788526329661843,0.5110419733134592,0.480223808605055,-0.48221750594893564,0.7035822239372307
v_measure,0.4903970609759787,1.0,0.9893878732333221,0.9656874567877414,0.7959707050365844,-0.7879957233236636,0.5277154733866425
mutual_info,0.44788526329661843,0.9893878732333221,1.0,0.9542392230636888,0.7844905902320976,-0.782239587329257,0.5122478677256952
adjusted_rand_score,0.5110419733134592,0.9656874567877414,0.9542392230636888,1.0,0.77709443783705,-0.7672864966175305,0.5430222931259583
calinski_harabasz,0.480223808605055,0.7959707050365844,0.7844905902320976,0.77709443783705,1.0,-0.9912213004051708,0.49524085150170427
davies_bouldin,-0.48221750594893564,-0.7879957233236636,-0.782239587329257,-0.7672864966175305,-0.9912213004051708,1.0,-0.49212167985079425
silhouette,0.7035822239372307,0.5277154733866425,0.5122478677256952,0.5430222931259583,0.49524085150170427,-0.49212167985079425,1.0
