,abilities,v_measure,mutual_info,adjusted_rand_score,calinski_harabasz,davies_bouldin,silhouette
abilities,1.0,0.06335372767779712,0.021419095533464605,-0.01260642703030278,0.1770924614823635,-0.2714175456650373,0.4821520452791356
v_measure,0.06335372767779712,1.0,0.9972823476693612,0.9420476290019135,0.7862908421805588,-0.7544721462867815,0.4236177552465902
mutual_info,0.021419095533464605,0.9972823476693612,1.0,0.9430579241025797,0.7793018094126183,-0.7472402029613864,0.40263718698379897
adjusted_rand_score,-0.01260642703030278,0.9420476290019135,0.9430579241025797,1.0,0.7162818377255548,-0.6634614613486263,0.3837402819874692
calinski_harabasz,0.1770924614823635,0.7862908421805588,0.7793018094126183,0.7162818377255548,1.0,-0.9786874837033323,0.47725244613396706
davies_bouldin,-0.2714175456650373,-0.7544721462867815,-0.7472402029613864,-0.6634614613486263,-0.9786874837033323,1.0,-0.4933753537432467
silhouette,0.4821520452791356,0.4236177552465902,0.40263718698379897,0.3837402819874692,0.47725244613396706,-0.4933753537432467,1.0
