,abilities,v_measure,mutual_info,adjusted_rand_score,calinski_harabasz,davies_bouldin,silhouette
abilities,1.0,0.781455938697318,0.8045653653729677,0.7250574712643678,-0.01946360153256705,0.05471264367816092,0.13808429118773946
v_measure,0.781455938697318,1.0,0.9828084891280848,0.9690421455938697,-0.45318007662835247,0.45440613026819926,-0.2842911877394636
mutual_info,0.8045653653729677,0.9828084891280848,1.0,0.9432675535290294,-0.39479152887181906,0.40035197294043623,-0.246667477155045
adjusted_rand_score,0.7250574712643678,0.9690421455938697,0.9432675535290294,1.0,-0.5751724137931035,0.5714942528735633,-0.37226053639846746
calinski_harabasz,-0.01946360153256705,-0.45318007662835247,-0.39479152887181906,-0.5751724137931035,1.0,-0.968735632183908,0.8363218390804598
davies_bouldin,0.05471264367816092,0.45440613026819926,0.40035197294043623,0.5714942528735633,-0.968735632183908,1.0,-0.8740229885057471
silhouette,0.13808429118773946,-0.2842911877394636,-0.246667477155045,-0.37226053639846746,0.8363218390804598,-0.8740229885057471,1.0
