,abilities,v_measure,mutual_info,adjusted_rand_score,calinski_harabasz,davies_bouldin,silhouette
abilities,1.0,-0.056465187452180564,-0.020116833091896942,-0.2162203519510329,0.7420045906656465,-0.8108645753634277,0.7811782708492732
v_measure,-0.056465187452180564,1.0,0.9930958748495995,0.9329762815608263,-0.4723794950267789,0.25478194338179033,-0.37230298393267025
mutual_info,-0.020116833091896942,0.9930958748495995,1.0,0.9153926874870052,-0.43381720217258674,0.1927223322926005,-0.353349869804999
adjusted_rand_score,-0.2162203519510329,0.9329762815608263,0.9153926874870052,1.0,-0.6529456771231829,0.4019892884468248,-0.4650344299923489
calinski_harabasz,0.7420045906656465,-0.4723794950267789,-0.43381720217258674,-0.6529456771231829,1.0,-0.7955623565416986,0.8280030604437644
davies_bouldin,-0.8108645753634277,0.25478194338179033,0.1927223322926005,0.4019892884468248,-0.7955623565416986,1.0,-0.7331293037490436
silhouette,0.7811782708492732,-0.37230298393267025,-0.353349869804999,-0.4650344299923489,0.8280030604437644,-0.7331293037490436,1.0
