,abilities,v_measure,mutual_info,adjusted_rand_score,calinski_harabasz,davies_bouldin,silhouette
abilities,1.0,0.8209505916439837,0.838964135343822,0.8197395747859499,0.768175156045747,-0.7605016099733463,0.5142577428682991
v_measure,0.8209505916439837,1.0,0.9885049226636716,0.9982117694993521,0.8901822750140059,-0.8636757191119965,0.4692011250007074
mutual_info,0.838964135343822,0.9885049226636716,1.0,0.9863814072424,0.8886940351561107,-0.8476733799249311,0.4513914260688874
adjusted_rand_score,0.8197395747859499,0.9982117694993521,0.9863814072424,1.0,0.8893900209947315,-0.8649320076282744,0.4703555522859358
calinski_harabasz,0.768175156045747,0.8901822750140059,0.8886940351561107,0.8893900209947315,1.0,-0.8741108363372965,0.3721273718104702
davies_bouldin,-0.7605016099733463,-0.8636757191119965,-0.8476733799249311,-0.8649320076282744,-0.8741108363372965,1.0,-0.43694506850167786
silhouette,0.5142577428682991,0.4692011250007074,0.4513914260688874,0.4703555522859358,0.3721273718104702,-0.43694506850167786,1.0
