,abilities,v_measure,mutual_info,adjusted_rand_score,calinski_harabasz,davies_bouldin,silhouette
abilities,1.0,0.8148728715246929,0.8371428784808277,0.8154161314236239,0.7654475386365308,-0.7511756483750304,0.48769459739348425
v_measure,0.8148728715246929,1.0,0.9813085169875027,0.9985739427653061,0.8898766913208572,-0.8676143533792463,0.44312464985201827
mutual_info,0.8371428784808277,0.9813085169875027,1.0,0.9799377765930891,0.8853227040795145,-0.8444383893403514,0.4090413949693357
adjusted_rand_score,0.8154161314236239,0.9985739427653061,0.9799377765930891,1.0,0.8898087838334908,-0.8665391514959454,0.4432378289976289
calinski_harabasz,0.7654475386365308,0.8898766913208572,0.8853227040795145,0.8898087838334908,1.0,-0.8745748708343001,0.34369677043308
davies_bouldin,-0.7511756483750304,-0.8676143533792463,-0.8444383893403514,-0.8665391514959454,-0.8745748708343001,1.0,-0.4090011374504134
silhouette,0.48769459739348425,0.44312464985201827,0.4090413949693357,0.4432378289976289,0.34369677043308,-0.4090011374504134,1.0
