,abilities,v_measure,mutual_info,adjusted_rand_score,calinski_harabasz,davies_bouldin,silhouette
abilities,1.0,0.7786362337608993,0.807486981964719,0.780022462567871,0.7351878622966698,-0.7289300293966258,0.49569844714281597
v_measure,0.7786362337608993,1.0,0.9789874761937286,0.9985741686894234,0.8887625255319992,-0.8650326187202598,0.46861756601542387
mutual_info,0.807486981964719,0.9789874761937286,1.0,0.9775148631671191,0.8834148907667732,-0.8450929686973894,0.4422766669571337
adjusted_rand_score,0.780022462567871,0.9985741686894234,0.9775148631671191,1.0,0.8888191061395617,-0.864331019186484,0.4688099400811366
calinski_harabasz,0.7351878622966698,0.8887625255319992,0.8834148907667732,0.8888191061395617,1.0,-0.8747871154640459,0.37090285675487583
davies_bouldin,-0.7289300293966258,-0.8650326187202598,-0.8450929686973894,-0.864331019186484,-0.8747871154640459,1.0,-0.4380640379316393
silhouette,0.49569844714281597,0.46861756601542387,0.4422766669571337,0.4688099400811366,0.37090285675487583,-0.4380640379316393,1.0
