,abilities,v_measure,mutual_info,adjusted_rand_score,calinski_harabasz,davies_bouldin,silhouette
abilities,1.0,0.7592668024439918,0.7884742618663468,0.756438108169269,0.7696877121520707,-0.7037338764426341,0.4411292147544693
v_measure,0.7592668024439918,1.0,0.9806704198397578,0.9973636569359584,0.925786377008373,-0.8632269744286037,0.4166214075582711
mutual_info,0.7884742618663468,0.9806704198397578,1.0,0.9788073516024787,0.921658158135547,-0.8413989905764088,0.38340698502497816
adjusted_rand_score,0.756438108169269,0.9973636569359584,0.9788073516024787,1.0,0.9240552161122426,-0.8585879158180584,0.41469789545145963
calinski_harabasz,0.7696877121520707,0.925786377008373,0.921658158135547,0.9240552161122426,1.0,-0.8673794976238968,0.3441502602398733
davies_bouldin,-0.7037338764426341,-0.8632269744286037,-0.8413989905764088,-0.8585879158180584,-0.8673794976238968,1.0,-0.4276306856754922
silhouette,0.4411292147544693,0.4166214075582711,0.38340698502497816,0.41469789545145963,0.3441502602398733,-0.4276306856754922,1.0
