,abilities,v_measure,mutual_info,adjusted_rand_score,calinski_harabasz,davies_bouldin,silhouette
abilities,1.0,0.4824644426832306,0.44747219827752094,0.4962405028399487,0.46829486303170514,-0.47139702402860295,0.7162311372837689
v_measure,0.4824644426832306,1.0,0.9911662635398044,0.9625880744557788,0.7798065044627766,-0.771919447121144,0.5238846388223707
mutual_info,0.44747219827752094,0.9911662635398044,1.0,0.9529393206436008,0.7704209062262338,-0.7662670560263074,0.5106080922972892
adjusted_rand_score,0.4962405028399487,0.9625880744557788,0.9529393206436008,1.0,0.7609827276074136,-0.7515971293708709,0.5383179537575582
calinski_harabasz,0.46829486303170514,0.7798065044627766,0.7704209062262338,0.7609827276074136,1.0,-0.9923497555076503,0.47707555602292445
davies_bouldin,-0.47139702402860295,-0.771919447121144,-0.7662670560263074,-0.7515971293708709,-0.9923497555076503,1.0,-0.47686524002313474
silhouette,0.7162311372837689,0.5238846388223707,0.5106080922972892,0.5383179537575582,0.47707555602292445,-0.47686524002313474,1.0
