,abilities,v_measure,mutual_info,adjusted_rand_score,calinski_harabasz,davies_bouldin,silhouette
abilities,1.0,0.14584675251185558,0.1052168027246955,0.07738619486591201,0.24963358769130894,-0.3250082155767335,0.5235491291488662
v_measure,0.14584675251185558,1.0,0.9973773984941445,0.9417649301310618,0.7720165370557872,-0.7446005812781926,0.43375442024639016
mutual_info,0.1052168027246955,0.9973773984941445,1.0,0.9431375257356518,0.7658928394224419,-0.7375561157514355,0.4153460893165266
adjusted_rand_score,0.07738619486591201,0.9417649301310618,0.9431375257356518,1.0,0.7093140190623238,-0.6640726672729986,0.39894574961534973
calinski_harabasz,0.24963358769130894,0.7720165370557872,0.7658928394224419,0.7093140190623238,1.0,-0.9834309337646927,0.46392071035697785
davies_bouldin,-0.3250082155767335,-0.7446005812781926,-0.7375561157514355,-0.6640726672729986,-0.9834309337646927,1.0,-0.4786986526454157
silhouette,0.5235491291488662,0.43375442024639016,0.4153460893165266,0.39894574961534973,0.46392071035697785,-0.4786986526454157,1.0
