,abilities,v_measure,mutual_info,adjusted_rand_score,calinski_harabasz,davies_bouldin,silhouette
abilities,1.0,0.47788994942508367,0.44021610552321905,0.4934537425792385,0.4601188285398812,-0.4665071770334928,0.7136810557863189
v_measure,0.47788994942508367,1.0,0.9903775370701441,0.9625617835734567,0.779990535800748,-0.7723137999882256,0.5243052818805911
mutual_info,0.44021610552321905,0.9903775370701441,1.0,0.9522557577032286,0.7702105846971236,-0.7657938325858094,0.5107395432529831
adjusted_rand_score,0.4934537425792385,0.9625617835734567,0.9522557577032286,1.0,0.7607986962694422,-0.7520966430025076,0.5380287616550317
calinski_harabasz,0.4601188285398812,0.779990535800748,0.7702105846971236,0.7607986962694422,1.0,-0.9927703875072296,0.477207003522793
davies_bouldin,-0.4665071770334928,-0.7723137999882256,-0.7657938325858094,-0.7520966430025076,-0.9927703875072296,1.0,-0.4768915295231085
silhouette,0.7136810557863189,0.5243052818805911,0.5107395432529831,0.5380287616550317,0.477207003522793,-0.4768915295231085,1.0
