,abilities,v_measure,mutual_info,adjusted_rand_score,calinski_harabasz,davies_bouldin,silhouette
abilities,1.0,0.4774561612712939,0.4419381130428088,0.49533349124566095,0.46550817603449185,-0.4717387875282612,0.711683053788317
v_measure,0.4774561612712939,1.0,0.9911662635398044,0.9626669471027448,0.7799116652273316,-0.7722612196059481,0.5242527014983135
mutual_info,0.4419381130428088,0.9911662635398044,1.0,0.9530707750552109,0.7706049375642052,-0.7665299579376951,0.5111601863112035
adjusted_rand_score,0.49533349124566095,0.9626669471027448,0.9530707750552109,1.0,0.7607986962694422,-0.7519914822379525,0.5380550518461704
calinski_harabasz,0.46550817603449185,0.7799116652273316,0.7706049375642052,0.7607986962694422,1.0,-0.9928755455071244,0.477207003522793
davies_bouldin,-0.4717387875282612,-0.7722612196059481,-0.7665299579376951,-0.7519914822379525,-0.9928755455071244,1.0,-0.47715442452284557
silhouette,0.711683053788317,0.5242527014983135,0.5111601863112035,0.5380550518461704,0.477207003522793,-0.47715442452284557,1.0
