,abilities,v_measure,mutual_info,adjusted_rand_score,calinski_harabasz,davies_bouldin,silhouette
abilities,1.0,0.3833241318989098,0.34943607552102873,0.41550332585277044,0.4452126820547873,-0.4517061885482938,0.6914138493085862
v_measure,0.3833241318989098,1.0,0.9912451361867705,0.9580134609317489,0.7802271475209969,-0.7727738783331541,0.4743407736213491
mutual_info,0.34943607552102873,0.9912451361867705,1.0,0.9483384162372489,0.770526066990789,-0.7662276207395992,0.46253647780003904
adjusted_rand_score,0.41550332585277044,0.9580134609317489,0.9483384162372489,1.0,0.7890869419347641,-0.7785577203836846,0.528577437940642
calinski_harabasz,0.4452126820547873,0.7802271475209969,0.770526066990789,0.7890869419347641,1.0,-0.9927703875072296,0.5695883064304117
davies_bouldin,-0.4517061885482938,-0.7727738783331541,-0.7662276207395992,-0.7785577203836846,-0.9927703875072296,1.0,-0.5656185919343814
silhouette,0.6914138493085862,0.4743407736213491,0.46253647780003904,0.528577437940642,0.5695883064304117,-0.5656185919343814,1.0
