,abilities,v_measure,mutual_info,adjusted_rand_score,calinski_harabasz,davies_bouldin,silhouette
abilities,1.0,0.9069004385165468,0.8942352020510157,0.9089593093641598,0.8046513124034997,-0.8106664951106536,0.8326685537828101
v_measure,0.9069004385165468,1.0,0.9926877038549069,0.978186731870536,0.8044716138477984,-0.8138973819470269,0.808959308898455
mutual_info,0.8942352020510157,0.9926877038549069,1.0,0.9635671913190098,0.8072681863407275,-0.8168239405641665,0.8105821347751189
adjusted_rand_score,0.9089593093641598,0.978186731870536,0.9635671913190098,1.0,0.7897699892015616,-0.7913463121942653,0.8039729810643922
calinski_harabasz,0.8046513124034997,0.8044716138477984,0.8072681863407275,0.7897699892015616,1.0,-0.9957218219248585,0.9547092125579002
davies_bouldin,-0.8106664951106536,-0.8138973819470269,-0.8168239405641665,-0.7913463121942653,-0.9957218219248585,1.0,-0.9491765311374164
silhouette,0.8326685537828101,0.808959308898455,0.8105821347751189,0.8039729810643922,0.9547092125579002,-0.9491765311374164,1.0
