,abilities,v_measure,mutual_info,adjusted_rand_score,calinski_harabasz,davies_bouldin,silhouette
abilities,1.0,0.8839141402770704,0.8703125944415255,0.8943728242837139,0.8648974669393703,-0.8695295537915979,0.8815279454296596
v_measure,0.8839141402770704,1.0,0.9927199983422997,0.9789598988449583,0.822544457582145,-0.8317771322790856,0.794492567910604
mutual_info,0.8703125944415255,0.9927199983422997,1.0,0.9636976576759599,0.8255365223364706,-0.8347382857048761,0.795888183371486
adjusted_rand_score,0.8943728242837139,0.9789598988449583,0.9636976576759599,1.0,0.807527445085119,-0.8085890076747619,0.7885479927248344
calinski_harabasz,0.8648974669393703,0.822544457582145,0.8255365223364706,0.807527445085119,1.0,-0.9957539886773031,0.9809572825527535
davies_bouldin,-0.8695295537915979,-0.8317771322790856,-0.8347382857048761,-0.8085890076747619,-0.9957539886773031,1.0,-0.9761966031909418
silhouette,0.8815279454296596,0.794492567910604,0.795888183371486,0.7885479927248344,0.9809572825527535,-0.9761966031909418,1.0
