,abilities,v_measure,mutual_info,adjusted_rand_score,calinski_harabasz,davies_bouldin,silhouette
abilities,1.0,0.8801923776410915,0.8676683724446066,0.893192329212979,0.8656716417910447,-0.8691456510550695,0.8822053525476068
v_measure,0.8801923776410915,1.0,0.9926234678095943,0.9783808134778241,0.8228983231628639,-0.8312624187071307,0.7946212463035928
mutual_info,0.8676683724446066,0.9926234678095943,1.0,0.9637459213895759,0.826276524285678,-0.8348508946971467,0.7966925333162767
adjusted_rand_score,0.893192329212979,0.9783808134778241,0.9637459213895759,1.0,0.8077847935916991,-0.8083959962948268,0.7878081157684166
calinski_harabasz,0.8656716417910447,0.8228983231628639,0.826276524285678,0.8077847935916991,1.0,-0.9962043232115285,0.9815684508492023
davies_bouldin,-0.8691456510550695,-0.8312624187071307,-0.8348508946971467,-0.8083959962948268,-0.9962043232115285,1.0,-0.9766147709727226
silhouette,0.8822053525476068,0.7946212463035928,0.7966925333162767,0.7878081157684166,0.9815684508492023,-0.9766147709727226,1.0
