,abilities,v_measure,mutual_info,adjusted_rand_score,calinski_harabasz,davies_bouldin,silhouette
abilities,1.0,0.8849772981509508,0.8869580502191412,0.8858722116207146,0.8469697966703955,-0.7791932618279923,0.665197078370731
v_measure,0.8849772981509508,1.0,0.9574715119853918,0.9954464696979667,0.9226689478186484,-0.8851615450417846,0.6343225636638811
mutual_info,0.8869580502191412,0.9574715119853918,1.0,0.9558359584389993,0.9145514213405397,-0.8343433478275262,0.5710983665460387
adjusted_rand_score,0.8858722116207146,0.9954464696979667,0.9558359584389993,1.0,0.9168520102651839,-0.879213002566296,0.6293215766269659
calinski_harabasz,0.8469697966703955,0.9226689478186484,0.9145514213405397,0.9168520102651839,1.0,-0.8801079160360598,0.5653615845232611
davies_bouldin,-0.7791932618279923,-0.8851615450417846,-0.8343433478275262,-0.879213002566296,-0.8801079160360598,1.0,-0.6137921958281239
silhouette,0.665197078370731,0.6343225636638811,0.5710983665460387,0.6293215766269659,0.5653615845232611,-0.6137921958281239,1.0
