,abilities,v_measure,mutual_info,adjusted_rand_score,calinski_harabasz,davies_bouldin,silhouette
abilities,1.0,0.8885377159713443,0.8911532012268037,0.8885113780025284,0.8490307627475769,-0.7764433206911083,0.6708807416772019
v_measure,0.8885377159713443,1.0,0.9693011519111581,0.998130004214075,0.9255425621576064,-0.872445217024863,0.6527602191319005
mutual_info,0.8911532012268037,0.9693011519111581,1.0,0.9676120371378386,0.9182714110640796,-0.8319813993239593,0.6077250207474788
adjusted_rand_score,0.8885113780025284,0.998130004214075,0.9676120371378386,1.0,0.9226190476190477,-0.8709439528023599,0.650653181626633
calinski_harabasz,0.8490307627475769,0.9255425621576064,0.9182714110640796,0.9226190476190477,1.0,-0.8720238095238095,0.5922355667930889
davies_bouldin,-0.7764433206911083,-0.872445217024863,-0.8319813993239593,-0.8709439528023599,-0.8720238095238095,1.0,-0.6450168563000421
silhouette,0.6708807416772019,0.6527602191319005,0.6077250207474788,0.650653181626633,0.5922355667930889,-0.6450168563000421,1.0
