,abilities,v_measure,mutual_info,adjusted_rand_score,calinski_harabasz,davies_bouldin,silhouette
abilities,1.0,0.885951174573929,0.8813320629231022,0.8846088043692835,0.8486016977034941,-0.7841679278805027,0.6605645851154833
v_measure,0.885951174573929,1.0,0.9521196167201141,0.9957886424952294,0.9217477133644798,-0.8834506810554714,0.6297953543462526
mutual_info,0.8813320629231022,0.9521196167201141,1.0,0.9503535522612052,0.9120273175857797,-0.8326598536189941,0.5600533068423428
adjusted_rand_score,0.8846088043692835,0.9957886424952294,0.9503535522612052,1.0,0.9171678620780417,-0.8818714219911825,0.6249259722313615
calinski_harabasz,0.8486016977034941,0.9217477133644798,0.9120273175857797,0.9171678620780417,1.0,-0.8823451997104692,0.5678883990261235
davies_bouldin,-0.7841679278805027,-0.8834506810554714,-0.8326598536189941,-0.8818714219911825,-0.8823451997104692,1.0,-0.6180298743172995
silhouette,0.6605645851154833,0.6297953543462526,0.5600533068423428,0.6249259722313615,0.5678883990261235,-0.6180298743172995,1.0
