,abilities,v_measure,mutual_info,adjusted_rand_score,calinski_harabasz,davies_bouldin,silhouette
abilities,1.0,0.8921723556679308,0.8950950732482975,0.8921723556679308,0.8478455541508639,-0.7775495153813737,0.6820743784239359
v_measure,0.8921723556679308,1.0,0.9756673712624111,0.998130004214075,0.9251738305941846,-0.8722081753055204,0.6522334597555837
mutual_info,0.8950950732482975,0.9756673712624111,1.0,0.9742932290857191,0.9226571942154081,-0.8379624696712185,0.6142151271702343
adjusted_rand_score,0.8921723556679308,0.998130004214075,0.9742932290857191,1.0,0.9222503160556258,-0.8706805731142014,0.6501000842815002
calinski_harabasz,0.8478455541508639,0.9251738305941846,0.9226571942154081,0.9222503160556258,1.0,-0.8723135271807838,0.5921038769490097
davies_bouldin,-0.7775495153813737,-0.8722081753055204,-0.8379624696712185,-0.8706805731142014,-0.8723135271807838,1.0,-0.645043194268858
silhouette,0.6820743784239359,0.6522334597555837,0.6142151271702343,0.6501000842815002,0.5921038769490097,-0.645043194268858,1.0
