,abilities,v_measure,mutual_info,adjusted_rand_score,calinski_harabasz,davies_bouldin,silhouette
abilities,1.0,0.8183002552958006,0.6988419971021482,0.9558620689655173,0.03509578544061303,-0.07279693486590039,0.07157088122605364
v_measure,0.8183002552958006,1.0,0.9309399281517575,0.7920913503219138,0.19449766322726558,-0.2794083846046534,0.16660280530184216
mutual_info,0.6988419971021482,0.9309399281517575,1.0,0.6543395423020553,0.21729474481700523,-0.30415126004753135,0.17862364616313142
adjusted_rand_score,0.9558620689655173,0.7920913503219138,0.6543395423020553,1.0,0.05409961685823755,-0.06421455938697318,0.11816091954022989
calinski_harabasz,0.03509578544061303,0.19449766322726558,0.21729474481700523,0.05409961685823755,1.0,-0.9595402298850575,0.9705747126436781
davies_bouldin,-0.07279693486590039,-0.2794083846046534,-0.30415126004753135,-0.06421455938697318,-0.9595402298850575,1.0,-0.9252107279693487
silhouette,0.07157088122605364,0.16660280530184216,0.17862364616313142,0.11816091954022989,0.9705747126436781,-0.9252107279693487,1.0
