,abilities,v_measure,mutual_info,adjusted_rand_score,calinski_harabasz,davies_bouldin,silhouette
abilities,1.0,0.8225917718997119,0.7043664397669873,0.9540229885057471,0.03386973180076629,-0.07310344827586207,0.06850574712643678
v_measure,0.8225917718997119,1.0,0.9327815501659055,0.7957697931252663,0.19204536802503056,-0.28063453220577095,0.16690934220212153
mutual_info,0.7043664397669873,0.9327815501659055,1.0,0.6558741097089551,0.21606709089148543,-0.3044581735289113,0.17831673268175147
adjusted_rand_score,0.9540229885057471,0.7957697931252663,0.6558741097089551,1.0,0.05409961685823755,-0.06421455938697318,0.11816091954022989
calinski_harabasz,0.03386973180076629,0.19204536802503056,0.21606709089148543,0.05409961685823755,1.0,-0.9595402298850575,0.9705747126436781
davies_bouldin,-0.07310344827586207,-0.28063453220577095,-0.3044581735289113,-0.06421455938697318,-0.9595402298850575,1.0,-0.9252107279693487
silhouette,0.06850574712643678,0.16690934220212153,0.17831673268175147,0.11816091954022989,0.9705747126436781,-0.9252107279693487,1.0
