,abilities,v_measure,mutual_info,adjusted_rand_score,calinski_harabasz,davies_bouldin,silhouette
abilities,1.0,0.6395286574693849,0.47553428310477525,0.9605202754399388,0.1403213465952563,-0.08890589135424637,0.26579954093343533
v_measure,0.6395286574693849,1.0,0.8904888504935604,0.6975285046052779,0.42834187897985365,-0.42589333662055473,0.36712831999738077
mutual_info,0.47553428310477525,0.8904888504935604,1.0,0.49314666396050766,0.42070617574519087,-0.42560701215722074,0.29022140627489507
adjusted_rand_score,0.9605202754399388,0.6975285046052779,0.49314666396050766,1.0,0.15470543228768172,-0.1063504208110176,0.29273144605967866
calinski_harabasz,0.1403213465952563,0.42834187897985365,0.42070617574519087,0.15470543228768172,1.0,-0.9693955623565417,0.9357306809487376
davies_bouldin,-0.08890589135424637,-0.42589333662055473,-0.42560701215722074,-0.1063504208110176,-0.9693955623565417,1.0,-0.8763580719204285
silhouette,0.26579954093343533,0.36712831999738077,0.29022140627489507,0.29273144605967866,0.9357306809487376,-0.8763580719204285,1.0
