,abilities,v_measure,mutual_info,adjusted_rand_score,calinski_harabasz,davies_bouldin,silhouette
abilities,1.0,0.830200907323396,0.8888253485750218,0.8176203728412946,0.7387823567534596,-0.4792421181045328,0.5820212725401243
v_measure,0.830200907323396,1.0,0.9476914892776269,0.953566390911517,0.7700430787998933,-0.694712363234341,0.672448629484198
mutual_info,0.8888253485750218,0.9476914892776269,1.0,0.922375998716403,0.7238171510615017,-0.5441686698499244,0.5671203646057328
adjusted_rand_score,0.8176203728412946,0.953566390911517,0.922375998716403,1.0,0.7383248827722924,-0.62258396553696,0.632724638786169
calinski_harabasz,0.7387823567534596,0.7700430787998933,0.7238171510615017,0.7383248827722924,1.0,-0.8590980138004651,0.7505241889367542
davies_bouldin,-0.4792421181045328,-0.694712363234341,-0.5441686698499244,-0.62258396553696,-0.8590980138004651,1.0,-0.7002782966718768
silhouette,0.5820212725401243,0.672448629484198,0.5671203646057328,0.632724638786169,0.7505241889367542,-0.7002782966718768,1.0
