,abilities,v_measure,mutual_info,adjusted_rand_score,calinski_harabasz,davies_bouldin,silhouette
abilities,1.0,0.7689756395105029,0.8425527048149136,0.7920780755594525,0.7575387899813198,-0.47832717014219817,0.5881209256223552
v_measure,0.7689756395105029,1.0,0.9407571194388319,0.9562349891349929,0.7772101711715146,-0.6999733140177652,0.6570470054515649
mutual_info,0.8425527048149136,0.9407571194388319,1.0,0.9225344058556669,0.7283367008501391,-0.5338340131904998,0.5439746864397087
adjusted_rand_score,0.7920780755594525,0.9562349891349929,0.9225344058556669,1.0,0.7403072700240174,-0.6352407456825893,0.6236514048263505
calinski_harabasz,0.7575387899813198,0.7772101711715146,0.7283367008501391,0.7403072700240174,1.0,-0.8517021844382601,0.7504479432732263
davies_bouldin,-0.47832717014219817,-0.6999733140177652,-0.5338340131904998,-0.6352407456825893,-0.8517021844382601,1.0,-0.696770996149594
silhouette,0.5881209256223552,0.6570470054515649,0.5439746864397087,0.6236514048263505,0.7504479432732263,-0.696770996149594,1.0
