,abilities,v_measure,mutual_info,adjusted_rand_score,calinski_harabasz,davies_bouldin,silhouette
abilities,1.0,0.8306583813045633,0.8901216236941206,0.8177728641683504,0.7374861804734856,-0.4796995920857001,0.5798863939613434
v_measure,0.8306583813045633,1.0,0.9473102318896567,0.9524989516221265,0.769509359155198,-0.6944836262437574,0.6726773664747817
mutual_info,0.8901216236941206,0.9473102318896567,1.0,0.9216897354180565,0.7236646481063136,-0.5441686698499244,0.567349119038515
adjusted_rand_score,0.8177728641683504,0.9524989516221265,0.9216897354180565,1.0,0.7386298654264039,-0.6206778239487629,0.6321909191414739
calinski_harabasz,0.7374861804734856,0.769509359155198,0.7236646481063136,0.7386298654264039,1.0,-0.8589455224734093,0.7512103999085052
davies_bouldin,-0.4796995920857001,-0.6944836262437574,-0.5441686698499244,-0.6206778239487629,-0.8589455224734093,1.0,-0.6998970683542374
silhouette,0.5798863939613434,0.6726773664747817,0.567349119038515,0.6321909191414739,0.7512103999085052,-0.6998970683542374,1.0
