,abilities,v_measure,mutual_info,adjusted_rand_score,calinski_harabasz,davies_bouldin,silhouette
abilities,1.0,0.7414308762064704,0.7830984852503153,0.7422233963261031,0.670462586446019,-0.5067505731618722,0.3945523676538574
v_measure,0.7414308762064704,1.0,0.9784650511239588,0.9871687218726118,0.7419592229528922,-0.7334868054834844,0.5058825749356077
mutual_info,0.7830984852503153,0.9784650511239588,1.0,0.9747194324128061,0.7080728933332239,-0.6625876847527035,0.4463701935600495
adjusted_rand_score,0.7422233963261031,0.9871687218726118,0.9747194324128061,1.0,0.7297695087318734,-0.7112018945004764,0.4873526997575266
calinski_harabasz,0.670462586446019,0.7419592229528922,0.7080728933332239,0.7297695087318734,1.0,-0.8722721740525139,0.4157994546706796
davies_bouldin,-0.5067505731618722,-0.7334868054834844,-0.6625876847527035,-0.7112018945004764,-0.8722721740525139,1.0,-0.48161636365351773
silhouette,0.3945523676538574,0.5058825749356077,0.4463701935600495,0.4873526997575266,0.4157994546706796,-0.48161636365351773,1.0
