,abilities,v_measure,mutual_info,adjusted_rand_score,calinski_harabasz,davies_bouldin,silhouette
abilities,1.0,0.7261028111090742,0.7693331006166336,0.7284049042212183,0.669767573516399,-0.5041961307909164,0.38555342224496253
v_measure,0.7261028111090742,1.0,0.976243265937674,0.9874328952458228,0.7464313007708202,-0.7353548886226189,0.5022030172373126
mutual_info,0.7693331006166336,0.976243265937674,1.0,0.973997792265381,0.7105603305941071,-0.6602353029974243,0.43910332009321545
adjusted_rand_score,0.7284049042212183,0.9874328952458228,0.973997792265381,1.0,0.7344114122897227,-0.7144285835589814,0.48671113585115716
calinski_harabasz,0.669767573516399,0.7464313007708202,0.7105603305941071,0.7344114122897227,1.0,-0.8716306101461445,0.41759205970318236
davies_bouldin,-0.5041961307909164,-0.7353548886226189,-0.6602353029974243,-0.7144285835589814,-0.8716306101461445,1.0,-0.4814087988602806
silhouette,0.38555342224496253,0.5022030172373126,0.43910332009321545,0.48671113585115716,0.41759205970318236,-0.4814087988602806,1.0
