,abilities,v_measure,mutual_info,adjusted_rand_score,calinski_harabasz,davies_bouldin,silhouette
abilities,1.0,0.7458652149710825,0.7892611498824714,0.7339019350699588,0.7163910143314055,-0.5748695643969771,0.38560821201800155
v_measure,0.7458652149710825,1.0,0.979771485894651,0.9897727165514053,0.8364200734024587,-0.7968695455274505,0.34573690218980857
mutual_info,0.7892611498824714,0.979771485894651,1.0,0.9717517857356597,0.8016020531859545,-0.7250091991969057,0.2942097765386191
adjusted_rand_score,0.7339019350699588,0.9897727165514053,0.9717517857356597,1.0,0.8317781698446094,-0.7870385221386722,0.3305469332301799
calinski_harabasz,0.7163910143314055,0.8364200734024587,0.8016020531859545,0.8317781698446094,1.0,-0.8699134832202734,0.38572142917794905
davies_bouldin,-0.5748695643969771,-0.7968695455274505,-0.7250091991969057,-0.7870385221386722,-0.8699134832202734,1.0,-0.4549725920125294
silhouette,0.38560821201800155,0.34573690218980857,0.2942097765386191,0.3305469332301799,0.38572142917794905,-0.4549725920125294,1.0
