,abilities,v_measure,mutual_info,adjusted_rand_score,calinski_harabasz,davies_bouldin,silhouette
abilities,1.0,0.7368078421752791,0.7786452559514135,0.7377701880348332,0.6694436320064912,-0.505335358662528,0.3955901916200432
v_measure,0.7368078421752791,1.0,0.9785593992023253,0.9866969837061638,0.742015831532866,-0.7333924578501948,0.5056561406157126
mutual_info,0.7786452559514135,0.9785593992023253,1.0,0.9748703893381927,0.7080728933332239,-0.6627480764859267,0.44687023837539225
adjusted_rand_score,0.7377701880348332,0.9866969837061638,0.9748703893381927,1.0,0.7302412468983216,-0.7098055495277901,0.4864092234246304
calinski_harabasz,0.6694436320064912,0.742015831532866,0.7080728933332239,0.7302412468983216,1.0,-0.8733099980186997,0.4177052768631299
davies_bouldin,-0.505335358662528,-0.7333924578501948,-0.6627480764859267,-0.7098055495277901,-0.8733099980186997,1.0,-0.48223905803322925
silhouette,0.3955901916200432,0.5056561406157126,0.44687023837539225,0.4864092234246304,0.4177052768631299,-0.48223905803322925,1.0
