,abilities,v_measure,mutual_info,adjusted_rand_score,calinski_harabasz,davies_bouldin,silhouette
abilities,1.0,0.8469380298158433,0.8894329143525285,0.824904998538439,0.7771850336159017,-0.538146740719088,0.4445703010815551
v_measure,0.8469380298158433,1.0,0.9804516223326513,0.9797573808827829,0.8249415375621163,-0.6773238819058754,0.4717553346974569
mutual_info,0.8894329143525285,0.9804516223326513,1.0,0.9638263665594855,0.8021777258111663,-0.6129055831628178,0.41994299912306343
adjusted_rand_score,0.824904998538439,0.9797573808827829,0.9638263665594855,1.0,0.8136144402221572,-0.6526600409237066,0.4471645717626425
calinski_harabasz,0.7771850336159017,0.8249415375621163,0.8021777258111663,0.8136144402221572,1.0,-0.8634536685179772,0.5359543992984508
davies_bouldin,-0.538146740719088,-0.6773238819058754,-0.6129055831628178,-0.6526600409237066,-0.8634536685179772,1.0,-0.5899225372698041
silhouette,0.4445703010815551,0.4717553346974569,0.41994299912306343,0.4471645717626425,0.5359543992984508,-0.5899225372698041,1.0
