,abilities,v_measure,mutual_info,adjusted_rand_score,calinski_harabasz,davies_bouldin,silhouette
abilities,1.0,0.7825197310727857,0.8368060947997373,0.7773677287342882,0.7208053200818474,-0.5380736626717334,0.4968941829874306
v_measure,0.7825197310727857,1.0,0.9675439157806103,0.9763592516807951,0.7713753288512131,-0.7269073370359544,0.6136729026600409
mutual_info,0.8368060947997373,0.9675439157806103,1.0,0.9574407834437708,0.7311525427130425,-0.6249326305857654,0.5345159905586079
adjusted_rand_score,0.7773677287342882,0.9763592516807951,0.9574407834437708,1.0,0.7539096755334698,-0.6887971353405437,0.5826878105817013
calinski_harabasz,0.7208053200818474,0.7713753288512131,0.7311525427130425,0.7539096755334698,1.0,-0.8883002046185325,0.5832724349605378
davies_bouldin,-0.5380736626717334,-0.7269073370359544,-0.6249326305857654,-0.6887971353405437,-0.8883002046185325,1.0,-0.5993496053785443
silhouette,0.4968941829874306,0.6136729026600409,0.5345159905586079,0.5826878105817013,0.5832724349605378,-0.5993496053785443,1.0
