,abilities,v_measure,mutual_info,adjusted_rand_score,calinski_harabasz,davies_bouldin,silhouette
abilities,1.0,0.785223618824905,0.8395465466090066,0.7795966091786027,0.7191976030400468,-0.5377813504823151,0.49704033908213974
v_measure,0.785223618824905,1.0,0.9677996912828087,0.9762861736334405,0.7707907044723765,-0.7259938614440222,0.6111882490499854
mutual_info,0.8395465466090066,0.9677996912828087,1.0,0.9569657717968308,0.7311525427130425,-0.6249326305857654,0.534442911843694
adjusted_rand_score,0.7795966091786027,0.9762861736334405,0.9569657717968308,1.0,0.7532154340836013,-0.6879932768196434,0.582395498392283
calinski_harabasz,0.7191976030400468,0.7707907044723765,0.7311525427130425,0.7532154340836013,1.0,-0.8883002046185325,0.5831993569131833
davies_bouldin,-0.5377813504823151,-0.7259938614440222,-0.6249326305857654,-0.6879932768196434,-0.8883002046185325,1.0,-0.5992399883075125
silhouette,0.49704033908213974,0.6111882490499854,0.534442911843694,0.582395498392283,0.5831993569131833,-0.5992399883075125,1.0
