,abilities,v_measure,mutual_info,adjusted_rand_score,calinski_harabasz,davies_bouldin,silhouette
abilities,1.0,0.9651944311089774,0.9691310609697552,-0.08751800288046087,-0.34320691310609697,0.6394143062890062,-0.7626980316850697
v_measure,0.9651944311089774,1.0,0.9971675468074892,-0.10763322131541046,-0.3884781565050408,0.6671147383581373,-0.7800288046087374
mutual_info,0.9691310609697552,0.9971675468074892,1.0,-0.1414306289006241,-0.3912145943350936,0.6727796447431589,-0.7827172347575612
adjusted_rand_score,-0.08751800288046087,-0.10763322131541046,-0.1414306289006241,1.0,0.5059529524723956,-0.4539606337013922,0.29169467114738357
calinski_harabasz,-0.34320691310609697,-0.3884781565050408,-0.3912145943350936,0.5059529524723956,1.0,-0.771003360537686,0.5218915026404225
davies_bouldin,0.6394143062890062,0.6671147383581373,0.6727796447431589,-0.4539606337013922,-0.771003360537686,1.0,-0.7974555928948632
silhouette,-0.7626980316850697,-0.7800288046087374,-0.7827172347575612,0.29169467114738357,0.5218915026404225,-0.7974555928948632,1.0
