,abilities,v_measure,mutual_info,adjusted_rand_score,calinski_harabasz,davies_bouldin,silhouette
abilities,1.0,0.8704629755114359,0.837172821342998,0.9340431097925332,0.8057170989876612,-0.7955629403981661,0.8392565925105387
v_measure,0.8704629755114359,1.0,0.977992562906779,0.9395617940000709,0.8318742042988174,-0.8313818435815911,0.8095025642098432
mutual_info,0.837172821342998,0.977992562906779,1.0,0.8982795444077487,0.8304018195160262,-0.8313866925090403,0.7941154051796637
adjusted_rand_score,0.9340431097925332,0.9395617940000709,0.8982795444077487,1.0,0.7765589181958215,-0.766896933795398,0.79425204249596
calinski_harabasz,0.8057170989876612,0.8318742042988174,0.8304018195160262,0.7765589181958215,1.0,-0.9938459644912151,0.9787685774946921
davies_bouldin,-0.7955629403981661,-0.8313818435815911,-0.8313866925090403,-0.766896933795398,-0.9938459644912151,1.0,-0.9668297486076495
silhouette,0.8392565925105387,0.8095025642098432,0.7941154051796637,0.79425204249596,0.9787685774946921,-0.9668297486076495,1.0
