,abilities,v_measure,mutual_info,adjusted_rand_score,calinski_harabasz,davies_bouldin,silhouette
abilities,1.0,0.8841483174555518,0.8604418982951649,0.9101291398193316,0.7646588075964172,-0.7725999569084921,0.7673674166641017
v_measure,0.8841483174555518,1.0,0.9865123166875934,0.9589926728649714,0.7329731769004297,-0.7507657306045349,0.7390374209829708
mutual_info,0.8604418982951649,0.9865123166875934,1.0,0.9309601809869935,0.7379263029000509,-0.7556616592578257,0.7414672160617595
adjusted_rand_score,0.9101291398193316,0.9589926728649714,0.9309601809869935,1.0,0.7053300744328062,-0.7073617501152818,0.7293715700087683
calinski_harabasz,0.7646588075964172,0.7329731769004297,0.7379263029000509,0.7053300744328062,1.0,-0.9918741727969467,0.9819631259811012
davies_bouldin,-0.7725999569084921,-0.7507657306045349,-0.7556616592578257,-0.7073617501152818,-0.9918741727969467,1.0,-0.9728523500261627
silhouette,0.7673674166641017,0.7390374209829708,0.7414672160617595,0.7293715700087683,0.9819631259811012,-0.9728523500261627,1.0
