,abilities,v_measure,mutual_info,adjusted_rand_score,calinski_harabasz,davies_bouldin,silhouette
abilities,1.0,0.6708742889702396,0.6847000708866526,0.5650300275639036,0.4419238254100639,-0.4056157909368919,0.75240478176258
v_measure,0.6708742889702396,1.0,0.9960065860430811,0.965535459417002,-0.08366118510967925,0.10598751666271097,0.2451725923220843
mutual_info,0.6847000708866526,0.9960065860430811,1.0,0.953495918342471,-0.04689154688034505,0.07174267528636769,0.26726790281236434
adjusted_rand_score,0.5650300275639036,0.965535459417002,0.953495918342471,1.0,-0.22008451991319497,0.23682161958319792,0.10742882578885615
calinski_harabasz,0.4419238254100639,-0.08366118510967925,-0.04689154688034505,-0.22008451991319497,1.0,-0.98426466499861,0.764915207117042
davies_bouldin,-0.4056157909368919,0.10598751666271097,0.07174267528636769,0.23682161958319792,-0.98426466499861,1.0,-0.7855991103697526
silhouette,0.75240478176258,0.2451725923220843,0.26726790281236434,0.10742882578885615,0.764915207117042,-0.7855991103697526,1.0
