,abilities,v_measure,mutual_info,adjusted_rand_score,calinski_harabasz,davies_bouldin,silhouette
abilities,1.0,0.2899948591266975,0.3500355575528971,0.0616487854640899,0.7309060589216231,-0.7095608671484158,0.8795997776542523
v_measure,0.2899948591266975,1.0,0.9934077137396184,0.9249051419456497,-0.18298055761823534,0.13189165211887083,0.057370783977523584
mutual_info,0.3500355575528971,0.9934077137396184,1.0,0.8866113347559517,-0.117568557948041,0.07278848264727308,0.10619274999896393
adjusted_rand_score,0.0616487854640899,0.9249051419456497,0.8866113347559517,1.0,-0.3863472127821685,0.30399132850349475,-0.12791150167075824
calinski_harabasz,0.7309060589216231,-0.18298055761823534,-0.117568557948041,-0.3863472127821685,1.0,-0.9531406336853808,0.798721511951084
davies_bouldin,-0.7095608671484158,0.13189165211887083,0.07278848264727308,0.30399132850349475,-0.9531406336853808,1.0,-0.7938299055030572
silhouette,0.8795997776542523,0.057370783977523584,0.10619274999896393,-0.12791150167075824,0.798721511951084,-0.7938299055030572,1.0
