,abilities,v_measure,mutual_info,adjusted_rand_score,calinski_harabasz,davies_bouldin,silhouette
abilities,1.0,0.6665276526647316,0.6998462513333428,0.5822837621389677,0.4672782874617737,-0.42490964692799554,0.7389491242702252
v_measure,0.6665276526647316,1.0,0.9936106277196736,0.9740851963074185,-0.0778769430239817,0.10593043660170305,0.22145299935237922
mutual_info,0.6998462513333428,0.9936106277196736,1.0,0.9588047403570014,-0.015480367430829828,0.043990972195523614,0.26901314769186657
adjusted_rand_score,0.5822837621389677,0.9740851963074185,0.9588047403570014,1.0,-0.18970167163606821,0.21430756045299926,0.10973948379709238
calinski_harabasz,0.4672782874617737,-0.0778769430239817,-0.015480367430829828,-0.18970167163606821,1.0,-0.9801501251042536,0.7756463719766472
davies_bouldin,-0.42490964692799554,0.10593043660170305,0.043990972195523614,0.21430756045299926,-0.9801501251042536,1.0,-0.8008340283569642
silhouette,0.7389491242702252,0.22145299935237922,0.26901314769186657,0.10973948379709238,0.7756463719766472,-0.8008340283569642,1.0
