,abilities,v_measure,mutual_info,adjusted_rand_score,calinski_harabasz,davies_bouldin,silhouette
abilities,1.0,0.6593913812100874,0.6874368693144948,0.5431216645407104,0.4443147067000278,-0.40878509869335555,0.7584097859327217
v_measure,0.6593913812100874,1.0,0.993459923611434,0.9484630685723068,-0.09255835334999078,0.11438421918950498,0.23366188091118129
mutual_info,0.6874368693144948,0.993459923611434,1.0,0.9191660583035823,-0.036818030042226405,0.06397932809302985,0.2733940492326774
adjusted_rand_score,0.5431216645407104,0.9484630685723068,0.9191660583035823,1.0,-0.24922153063439612,0.25784030288971327,0.08796708198652714
calinski_harabasz,0.4443147067000278,-0.09255835334999078,-0.036818030042226405,-0.24922153063439612,1.0,-0.9843202668890743,0.764915207117042
davies_bouldin,-0.40878509869335555,0.11438421918950498,0.06397932809302985,0.25784030288971327,-0.9843202668890743,1.0,-0.7848206839032527
silhouette,0.7584097859327217,0.23366188091118129,0.2733940492326774,0.08796708198652714,0.764915207117042,-0.7848206839032527,1.0
