,abilities,v_measure,mutual_info,adjusted_rand_score,calinski_harabasz,davies_bouldin,silhouette
abilities,1.0,0.8995601173020528,0.8640029325513197,0.9490469208211144,0.8508064516129032,-0.6693548387096774,0.7745601173020528
v_measure,0.8995601173020528,1.0,0.9736070381231672,0.9633431085043989,0.9145894428152492,-0.8185483870967742,0.718475073313783
mutual_info,0.8640029325513197,0.9736070381231672,1.0,0.9457478005865103,0.875366568914956,-0.7730938416422287,0.6785190615835777
adjusted_rand_score,0.9490469208211144,0.9633431085043989,0.9457478005865103,1.0,0.8691348973607038,-0.6935483870967742,0.6884164222873901
calinski_harabasz,0.8508064516129032,0.9145894428152492,0.875366568914956,0.8691348973607038,1.0,-0.9197214076246334,0.8038856304985337
davies_bouldin,-0.6693548387096774,-0.8185483870967742,-0.7730938416422287,-0.6935483870967742,-0.9197214076246334,1.0,-0.7140762463343109
silhouette,0.7745601173020528,0.718475073313783,0.6785190615835777,0.6884164222873901,0.8038856304985337,-0.7140762463343109,1.0
