,abilities,v_measure,mutual_info,adjusted_rand_score,calinski_harabasz,davies_bouldin,silhouette
abilities,1.0,0.9028592375366569,0.8786656891495601,0.9578445747800587,0.8947947214076246,-0.7049120234604106,0.7294721407624634
v_measure,0.9028592375366569,1.0,0.9699413489736071,0.967008797653959,0.9395161290322581,-0.8317448680351907,0.6946480938416423
mutual_info,0.8786656891495601,0.9699413489736071,1.0,0.9468475073313783,0.9013929618768328,-0.7866568914956011,0.6422287390029325
adjusted_rand_score,0.9578445747800587,0.967008797653959,0.9468475073313783,1.0,0.9039589442815249,-0.7272727272727273,0.6748533724340176
calinski_harabasz,0.8947947214076246,0.9395161290322581,0.9013929618768328,0.9039589442815249,1.0,-0.908357771260997,0.7917888563049853
davies_bouldin,-0.7049120234604106,-0.8317448680351907,-0.7866568914956011,-0.7272727272727273,-0.908357771260997,1.0,-0.7012463343108505
silhouette,0.7294721407624634,0.6946480938416423,0.6422287390029325,0.6748533724340176,0.7917888563049853,-0.7012463343108505,1.0
