,abilities,v_measure,mutual_info,adjusted_rand_score,calinski_harabasz,davies_bouldin,silhouette
abilities,1.0,0.9282812718868189,0.6215156184339543,0.95097352570388,0.8529205771116403,-0.37162067516458885,0.7442218798151001
v_measure,0.9282812718868189,1.0,0.7136853901106598,0.9596582154363357,0.8223840874071999,-0.4010365597422608,0.6842695055329878
mutual_info,0.6215156184339543,0.7136853901106598,1.0,0.7050007003782043,0.5158985852360275,-0.06121305504972685,0.32595601624877435
adjusted_rand_score,0.95097352570388,0.9596582154363357,0.7050007003782043,1.0,0.7758789746463091,-0.33660176495307464,0.6646589158145398
calinski_harabasz,0.8529205771116403,0.8223840874071999,0.5158985852360275,0.7758789746463091,1.0,-0.6783863286174534,0.9069897744782183
davies_bouldin,-0.37162067516458885,-0.4010365597422608,-0.06121305504972685,-0.33660176495307464,-0.6783863286174534,1.0,-0.8209833309987393
silhouette,0.7442218798151001,0.6842695055329878,0.32595601624877435,0.6646589158145398,0.9069897744782183,-0.8209833309987393,1.0
