,abilities,v_measure,mutual_info,adjusted_rand_score,calinski_harabasz,davies_bouldin,silhouette
abilities,1.0,0.9288415744502031,0.6170331979268805,0.9439697436615773,0.8529205771116403,-0.3676985572208993,0.7450623336601765
v_measure,0.9288415744502031,1.0,0.726572349068497,0.9635803333800252,0.8321893822664239,-0.4203669981790167,0.701919036279591
mutual_info,0.6170331979268805,0.726572349068497,1.0,0.7055610029415884,0.5313069057290937,-0.1068777139655414,0.3483681187841434
adjusted_rand_score,0.9439697436615773,0.9635803333800252,0.7055610029415884,1.0,0.7775598823364617,-0.3419246393052248,0.6713825465751506
calinski_harabasz,0.8529205771116403,0.8321893822664239,0.5313069057290937,0.7775598823364617,1.0,-0.6817481439977587,0.9086706821683709
davies_bouldin,-0.3676985572208993,-0.4203669981790167,-0.1068777139655414,-0.3419246393052248,-0.6817481439977587,1.0,-0.8190222720268945
silhouette,0.7450623336601765,0.701919036279591,0.3483681187841434,0.6713825465751506,0.9086706821683709,-0.8190222720268945,1.0
