,abilities,v_measure,mutual_info,adjusted_rand_score,calinski_harabasz,davies_bouldin,silhouette
abilities,1.0,0.9350049026474296,0.5988233646168931,0.9251996077882056,0.802773497688752,-0.3758229443899706,0.7083625157585096
v_measure,0.9350049026474296,1.0,0.7139655413923519,0.9719848718307886,0.7719568567026194,-0.4214876033057851,0.6559742260820843
mutual_info,0.5988233646168931,0.7139655413923519,1.0,0.7346967362375683,0.4797590698977448,-0.09258999859924359,0.3220338983050847
adjusted_rand_score,0.9251996077882056,0.9719848718307886,0.7346967362375683,1.0,0.6909931362935986,-0.32483541112200587,0.5915394312928982
calinski_harabasz,0.802773497688752,0.7719568567026194,0.4797590698977448,0.6909931362935986,1.0,-0.657655133772237,0.8697296540131672
davies_bouldin,-0.3758229443899706,-0.4214876033057851,-0.09258999859924359,-0.32483541112200587,-0.657655133772237,1.0,-0.8265863566325816
silhouette,0.7083625157585096,0.6559742260820843,0.3220338983050847,0.5915394312928982,0.8697296540131672,-0.8265863566325816,1.0
