,abilities,v_measure,mutual_info,adjusted_rand_score,calinski_harabasz,davies_bouldin,silhouette
abilities,1.0,0.9282812718868189,0.6142316851099594,0.9257599103515899,0.8588037540271747,-0.3733015828547416,0.7489844516038661
v_measure,0.9282812718868189,1.0,0.7251715926600364,0.9725451743941729,0.8335901386748844,-0.421207452024093,0.7016388849978988
mutual_info,0.6142316851099594,0.7251715926600364,1.0,0.7125647849838913,0.53214735957417,-0.11584255497968904,0.3556520521081384
adjusted_rand_score,0.9257599103515899,0.9725451743941729,0.7125647849838913,1.0,0.7879254797590699,-0.4041182238408741,0.6912732875752906
calinski_harabasz,0.8588037540271747,0.8335901386748844,0.53214735957417,0.7879254797590699,1.0,-0.6814679927160667,0.9100714385768315
davies_bouldin,-0.3733015828547416,-0.421207452024093,-0.11584255497968904,-0.4041182238408741,-0.6814679927160667,1.0,-0.820142877153663
silhouette,0.7489844516038661,0.7016388849978988,0.3556520521081384,0.6912732875752906,0.9100714385768315,-0.820142877153663,1.0
