,abilities,v_measure,mutual_info,adjusted_rand_score,calinski_harabasz,davies_bouldin,silhouette
abilities,1.0,0.8603456119929,0.8479471517193518,0.8823084321481337,0.8946809712027103,-0.8911123658949746,0.9203839638622248
v_measure,0.8603456119929,1.0,0.9919231871229888,0.9777827993228703,0.8472441888237269,-0.8470634795386348,0.8142082726428377
mutual_info,0.8479471517193518,0.9919231871229888,1.0,0.9626341414625189,0.8467047052114312,-0.8470661441955535,0.8085615974182664
adjusted_rand_score,0.8823084321481337,0.9777827993228703,0.9626341414625189,1.0,0.8264611227813256,-0.8229149033392269,0.808041110328896
calinski_harabasz,0.8946809712027103,0.8472441888237269,0.8467047052114312,0.8264611227813256,1.0,-0.9977413890457368,0.9756070016939582
davies_bouldin,-0.8911123658949746,-0.8470634795386348,-0.8470661441955535,-0.8229149033392269,-0.9977413890457368,1.0,-0.9712252964426877
silhouette,0.9203839638622248,0.8142082726428377,0.8085615974182664,0.808041110328896,0.9756070016939582,-0.9712252964426877,1.0
