,abilities,v_measure,mutual_info,adjusted_rand_score,calinski_harabasz,davies_bouldin,silhouette
abilities,1.0,0.8878120467798346,0.8789340684631665,0.896538093709602,0.8861531511181387,-0.888570137790829,0.9001129433024622
v_measure,0.8878120467798346,1.0,0.9944866273447627,0.9847613684162814,0.8300350216738669,-0.8359765104726428,0.799661136921189
mutual_info,0.8789340684631665,0.9944866273447627,1.0,0.9741179765458774,0.8321999223127633,-0.8383339908067611,0.8008291889650065
adjusted_rand_score,0.896538093709602,0.9847613684162814,0.9741179765458774,1.0,0.8191223822855314,-0.819551591073701,0.794578416583094
calinski_harabasz,0.8861531511181387,0.8300350216738669,0.8321999223127633,0.8191223822855314,1.0,-0.997334538061893,0.9786085385136661
davies_bouldin,-0.888570137790829,-0.8359765104726428,-0.8383339908067611,-0.819551591073701,-0.997334538061893,1.0,-0.9751298847978315
silhouette,0.9001129433024622,0.799661136921189,0.8008291889650065,0.794578416583094,0.9786085385136661,-0.9751298847978315,1.0
