,abilities,v_measure,mutual_info,adjusted_rand_score,calinski_harabasz,davies_bouldin,silhouette
abilities,1.0,0.9487389949090766,0.9597221000791487,-0.10706677871878582,-0.4135373611233254,0.40269105619558526,-0.599527062019367
v_measure,0.9487389949090766,1.0,0.9964822794828951,0.062440149312133014,-0.5143200539383813,0.3948934423826694,-0.6519801835077537
mutual_info,0.9597221000791487,0.9964822794828951,1.0,0.0032343801912857635,-0.5031806056342157,0.3940530980369165,-0.6515893256725198
adjusted_rand_score,-0.10706677871878582,0.062440149312133014,0.0032343801912857635,1.0,0.0800386953076184,-0.17162735250677688,0.24165998945827255
calinski_harabasz,-0.4135373611233254,-0.5143200539383813,-0.5031806056342157,0.0800386953076184,1.0,-0.3842816521560695,0.7370699342381692
davies_bouldin,0.40269105619558526,0.3948934423826694,0.3940530980369165,-0.17162735250677688,-0.3842816521560695,1.0,-0.5108414192047998
silhouette,-0.599527062019367,-0.6519801835077537,-0.6515893256725198,0.24165998945827255,0.7370699342381692,-0.5108414192047998,1.0
