,abilities,v_measure,mutual_info,adjusted_rand_score,calinski_harabasz,davies_bouldin,silhouette
abilities,1.0,0.9266083361441512,0.9143915513780203,0.9301884173136591,0.8505339176594038,-0.856181717177952,0.8651009196963151
v_measure,0.9266083361441512,1.0,0.992962318893681,0.979074719916052,0.8356403253930766,-0.844189312323712,0.8333719118934315
mutual_info,0.9143915513780203,0.992962318893681,1.0,0.9649967663145622,0.8384134659163339,-0.8470715414686406,0.8351416084883677
adjusted_rand_score,0.9301884173136591,0.979074719916052,0.9649967663145622,1.0,0.8215360400959635,-0.8225545114631511,0.8285573199758174
calinski_harabasz,0.8505339176594038,0.8356403253930766,0.8384134659163339,0.8215360400959635,1.0,-0.9959261773964571,0.9723782482562805
davies_bouldin,-0.856181717177952,-0.844189312323712,-0.8470715414686406,-0.8225545114631511,-0.9959261773964571,1.0,-0.9678106289735201
silhouette,0.8651009196963151,0.8333719118934315,0.8351416084883677,0.8285573199758174,0.9723782482562805,-0.9678106289735201,1.0
