,abilities,v_measure,mutual_info,adjusted_rand_score,calinski_harabasz,davies_bouldin,silhouette
abilities,1.0,0.8853445713504711,0.8722951276341318,0.895255439149703,0.8696685389790754,-0.8741127090920313,0.8859638293932474
v_measure,0.8853445713504711,1.0,0.9930153131339003,0.9798132576625277,0.8269018602747292,-0.8357600900496106,0.7982129244707145
mutual_info,0.8722951276341318,0.9930153131339003,1.0,0.9651702256061995,0.8297731325065213,-0.8386016556328346,0.7995524187279872
adjusted_rand_score,0.895255439149703,0.9798132576625277,0.9651702256061995,1.0,0.8124937319433896,-0.8135122426045153,0.7925093182137278
calinski_harabasz,0.8696685389790754,0.8269018602747292,0.8297731325065213,0.8124937319433896,1.0,-0.9959261773964571,0.9808345163878773
davies_bouldin,-0.8741127090920313,-0.8357600900496106,-0.8386016556328346,-0.8135122426045153,-0.9959261773964571,1.0,-0.9762668971051169
silhouette,0.8859638293932474,0.7982129244707145,0.7995524187279872,0.7925093182137278,0.9808345163878773,-0.9762668971051169,1.0
