,abilities,v_measure,mutual_info,adjusted_rand_score,calinski_harabasz,davies_bouldin,silhouette
abilities,1.0,0.8841254073222209,0.8721031822037942,0.895888150317978,0.8691130177149559,-0.873279427195852,0.8863033146102093
v_measure,0.8841254073222209,1.0,0.9930693909163878,0.9790415931818761,0.8272105093958052,-0.8357600900496106,0.7978734104375308
mutual_info,0.8721031822037942,0.9930693909163878,1.0,0.965239951609634,0.8295660809339079,-0.8383636671907422,0.7990523475483617
adjusted_rand_score,0.895888150317978,0.9790415931818761,0.965239951609634,1.0,0.8124937319433896,-0.8135122426045153,0.7924784542542999
calinski_harabasz,0.8691130177149559,0.8272105093958052,0.8295660809339079,0.8124937319433896,1.0,-0.9959261773964571,0.9808962409727795
davies_bouldin,-0.873279427195852,-0.8357600900496106,-0.8383636671907422,-0.8135122426045153,-0.9959261773964571,1.0,-0.9761743102277637
silhouette,0.8863033146102093,0.7978734104375308,0.7990523475483617,0.7924784542542999,0.9808962409727795,-0.9761743102277637,1.0
