,abilities,v_measure,mutual_info,adjusted_rand_score,calinski_harabasz,davies_bouldin,silhouette
abilities,1.0,0.8831377301347776,0.8708442864210663,0.8958264223991219,0.8689587062527004,-0.8729090796864392,0.8863650391951114
v_measure,0.8831377301347776,1.0,0.9931696710449142,0.9794119921325889,0.8269635900989444,-0.835883549698041,0.7981511946464992
mutual_info,0.8708442864210663,0.9931696710449142,1.0,0.9651702256061995,0.8297731325065213,-0.8386016556328346,0.7995832876899673
adjusted_rand_score,0.8958264223991219,0.9794119921325889,0.9651702256061995,1.0,0.8124937319433896,-0.8135122426045153,0.7926636380108681
calinski_harabasz,0.8689587062527004,0.8269635900989444,0.8297731325065213,0.8124937319433896,1.0,-0.9959261773964571,0.980711067218073
davies_bouldin,-0.8729090796864392,-0.835883549698041,-0.8386016556328346,-0.8135122426045153,-0.9959261773964571,1.0,-0.976297759397568
silhouette,0.8863650391951114,0.7981511946464992,0.7995832876899673,0.7926636380108681,0.980711067218073,-0.976297759397568,1.0
