,abilities,v_measure,mutual_info,adjusted_rand_score,calinski_harabasz,davies_bouldin,silhouette
abilities,1.0,0.6397945925665399,0.664411223040112,0.5323438216344409,0.5072450175849942,-0.47416178194607267,0.8126846424384525
v_measure,0.6397945925665399,1.0,0.9963995696958761,0.964736919392942,-0.0003400044563758413,0.021326486418884665,0.31585241568155736
mutual_info,0.664411223040112,0.9963995696958761,1.0,0.9464456667151653,0.036892841267349,-0.014154373620371979,0.3475502659378329
adjusted_rand_score,0.5323438216344409,0.964736919392942,0.9464456667151653,1.0,-0.12184841955351153,0.13679662843744564,0.1927674121330546
calinski_harabasz,0.5072450175849942,-0.0003400044563758413,0.036892841267349,-0.12184841955351153,1.0,-0.9864712778429073,0.7457209847596717
davies_bouldin,-0.47416178194607267,0.021326486418884665,-0.014154373620371979,0.13679662843744564,-0.9864712778429073,1.0,-0.7633294255568581
silhouette,0.8126846424384525,0.31585241568155736,0.3475502659378329,0.1927674121330546,0.7457209847596717,-0.7633294255568581,1.0
