,abilities,v_measure,mutual_info,adjusted_rand_score,calinski_harabasz,davies_bouldin,silhouette
abilities,1.0,0.35180886850302134,0.4004503114846,0.14873950103304925,0.6947801521527623,-0.6721565133807688,0.885944038729794
v_measure,0.35180886850302134,1.0,0.9961652487328092,0.9326408470722816,-0.06754824059694799,0.049436121242160645,0.18185974598758314
mutual_info,0.4004503114846,0.9961652487328092,1.0,0.9077732612706222,-0.019324805661101632,0.0020989928478987816,0.22508473584031907
adjusted_rand_score,0.14873950103304925,0.9326408470722816,0.9077732612706222,1.0,-0.24765689618727918,0.20906527911596787,0.00491187349722948
calinski_harabasz,0.6947801521527623,-0.06754824059694799,-0.019324805661101632,-0.24765689618727918,1.0,-0.9729922985851435,0.7818049678228557
davies_bouldin,-0.6721565133807688,0.049436121242160645,0.0020989928478987816,0.20906527911596787,-0.9729922985851435,1.0,-0.7887678908438734
silhouette,0.885944038729794,0.18185974598758314,0.22508473584031907,0.00491187349722948,0.7818049678228557,-0.7887678908438734,1.0
