,abilities,v_measure,mutual_info,adjusted_rand_score,calinski_harabasz,davies_bouldin,silhouette
abilities,1.0,0.6429484270067158,0.6657596024425815,0.5262707453976739,0.5084173505275498,-0.4755216881594373,0.8125439624853459
v_measure,0.6429484270067158,1.0,0.9966506316020579,0.9515345157561353,0.012462921969914458,0.011900155973154445,0.3260525493728326
mutual_info,0.6657596024425815,0.9966506316020579,1.0,0.9341954176928802,0.05363522937688292,-0.0282488259710267,0.35633641564366114
adjusted_rand_score,0.5262707453976739,0.9515345157561353,0.9341954176928802,1.0,-0.12189531589510819,0.13646835404626903,0.19478395482171082
calinski_harabasz,0.5084173505275498,0.012462921969914458,0.05363522937688292,-0.12189531589510819,1.0,-0.9864009378663541,0.745767878077374
davies_bouldin,-0.4755216881594373,0.011900155973154445,-0.0282488259710267,0.13646835404626903,-0.9864009378663541,1.0,-0.7634466588511137
silhouette,0.8125439624853459,0.3260525493728326,0.35633641564366114,0.19478395482171082,0.745767878077374,-0.7634466588511137,1.0
