,abilities,v_measure,mutual_info,adjusted_rand_score,calinski_harabasz,davies_bouldin,silhouette
abilities,1.0,0.6222916091308895,0.6517177039662991,0.5162371416237943,0.46569816854784896,-0.43641423771929216,0.7515357550262882
v_measure,0.6222916091308895,1.0,0.9954750123227273,0.9588122858476689,0.010859943742234437,0.0111682146513814,0.27804274457003786
mutual_info,0.6517177039662991,0.9954750123227273,1.0,0.9344942918759228,0.05986642305917004,-0.035132091365456426,0.3149375664642032
adjusted_rand_score,0.5162371416237943,0.9588122858476689,0.9344942918759228,1.0,-0.10547268962956803,0.12026088552836091,0.1679459913032654
calinski_harabasz,0.46569816854784896,0.010859943742234437,0.05986642305917004,-0.10547268962956803,1.0,-0.9887268371732544,0.7614140773620799
davies_bouldin,-0.43641423771929216,0.0111682146513814,-0.035132091365456426,0.12026088552836091,-0.9887268371732544,1.0,-0.7753470020432608
silhouette,0.7515357550262882,0.27804274457003786,0.3149375664642032,0.1679459913032654,0.7614140773620799,-0.7753470020432608,1.0
