,abilities,v_measure,mutual_info,adjusted_rand_score,calinski_harabasz,davies_bouldin,silhouette
abilities,1.0,0.6083709147007882,0.6357376897101483,0.504053727568294,0.5206087507926442,-0.48936095258225887,0.8299689988022264
v_measure,0.6083709147007882,1.0,0.9946113650394003,0.9651236023197822,-0.0010040868119627325,0.023481538953444254,0.3079375712266759
mutual_info,0.6357376897101483,0.9946113650394003,1.0,0.9401388027820745,0.0446841285780443,-0.019799888959744733,0.3412154428963931
adjusted_rand_score,0.504053727568294,0.9651236023197822,0.9401388027820745,1.0,-0.11551249606070657,0.13167455708025644,0.19220081502376962
calinski_harabasz,0.5206087507926442,-0.0010040868119627325,0.0446841285780443,-0.11551249606070657,1.0,-0.9869301768477419,0.7447509335587966
davies_bouldin,-0.48936095258225887,0.023481538953444254,-0.019799888959744733,0.13167455708025644,-0.9869301768477419,1.0,-0.7612555485098288
silhouette,0.8299689988022264,0.3079375712266759,0.3412154428963931,0.19220081502376962,0.7447509335587966,-0.7612555485098288,1.0
