,abilities,v_measure,mutual_info,adjusted_rand_score,calinski_harabasz,davies_bouldin,silhouette
abilities,1.0,0.9190217391304348,0.8832205081480691,0.9551630434782609,0.6631340579710145,-0.6739130434782609,0.6980072463768116
v_measure,0.9190217391304348,1.0,0.9790001405593248,0.9391304347826087,0.7199275362318841,-0.7434782608695653,0.7264492753623188
mutual_info,0.8832205081480691,0.9790001405593248,1.0,0.897945380680547,0.7265025571024053,-0.7509684991563684,0.7270462447036045
adjusted_rand_score,0.9551630434782609,0.9391304347826087,0.897945380680547,1.0,0.6783514492753623,-0.6798007246376812,0.7091485507246377
calinski_harabasz,0.6631340579710145,0.7199275362318841,0.7265025571024053,0.6783514492753623,1.0,-0.9878623188405797,0.978713768115942
davies_bouldin,-0.6739130434782609,-0.7434782608695653,-0.7509684991563684,-0.6798007246376812,-0.9878623188405797,1.0,-0.9645833333333333
silhouette,0.6980072463768116,0.7264492753623188,0.7270462447036045,0.7091485507246377,0.978713768115942,-0.9645833333333333,1.0
