,abilities,v_measure,mutual_info,adjusted_rand_score,calinski_harabasz,davies_bouldin,silhouette
abilities,1.0,0.8989038899098574,0.8628198262372858,0.9394927536231884,0.7003623188405798,-0.7093297101449275,0.7144021739130435
v_measure,0.8989038899098574,1.0,0.9779540773052297,0.9390343366729398,0.73095389375014,-0.754778515643347,0.7093939697555268
mutual_info,0.8628198262372858,0.9779540773052297,1.0,0.8964862021901427,0.7393462401383148,-0.7640409573581091,0.7136999833559231
adjusted_rand_score,0.9394927536231884,0.9390343366729398,0.8964862021901427,1.0,0.6894021739130435,-0.6911231884057971,0.6914855072463768
calinski_harabasz,0.7003623188405798,0.73095389375014,0.7393462401383148,0.6894021739130435,1.0,-0.9893115942028986,0.9851449275362318
davies_bouldin,-0.7093297101449275,-0.754778515643347,-0.7640409573581091,-0.6911231884057971,-0.9893115942028986,1.0,-0.971195652173913
silhouette,0.7144021739130435,0.7093939697555268,0.7136999833559231,0.6914855072463768,0.9851449275362318,-0.971195652173913,1.0
