,abilities,v_measure,mutual_info,adjusted_rand_score,calinski_harabasz,davies_bouldin,silhouette
abilities,1.0,0.7048072257361516,0.7662309470267804,0.7166571606125871,0.741957452604517,-0.7123155896449276,0.6336905907090381
v_measure,0.7048072257361516,1.0,0.9479732864641053,0.9897334615941227,0.8706382109322459,-0.8128527526411223,0.5220185751134342
mutual_info,0.7662309470267804,0.9479732864641053,1.0,0.9478200538953727,0.8453415170952173,-0.7862363101668672,0.4679892907502691
adjusted_rand_score,0.7166571606125871,0.9897334615941227,0.9478200538953727,1.0,0.8719321693382935,-0.7983978751840911,0.5307357685857546
calinski_harabasz,0.741957452604517,0.8706382109322459,0.8453415170952173,0.8719321693382935,1.0,-0.9096782981041807,0.5246405434625305
davies_bouldin,-0.7123155896449276,-0.8128527526411223,-0.7862363101668672,-0.7983978751840911,-0.9096782981041807,1.0,-0.5213375443734092
silhouette,0.6336905907090381,0.5220185751134342,0.4679892907502691,0.5307357685857546,0.5246405434625305,-0.5213375443734092,1.0
