,abilities,v_measure,mutual_info,adjusted_rand_score,calinski_harabasz,davies_bouldin,silhouette
abilities,1.0,0.7038197311631154,0.7654137066602066,0.7158228979560565,0.7436430036860788,-0.7136095480509751,0.63346925571853
v_measure,0.7038197311631154,1.0,0.9481775965557487,0.9899377708161302,0.8698039482757153,-0.8118993096050873,0.521797240122926
mutual_info,0.7654137066602066,0.9481775965557487,1.0,0.9481946223967189,0.8445583284105841,-0.7850274754579769,0.46781903234056627
adjusted_rand_score,0.7158228979560565,0.9899377708161302,0.9481946223967189,1.0,0.8716938085792848,-0.7973763290740535,0.530531459363747
calinski_harabasz,0.7436430036860788,0.8698039482757153,0.8445583284105841,0.8716938085792848,1.0,-0.9096612723356801,0.5244021827035218
davies_bouldin,-0.7136095480509751,-0.8118993096050873,-0.7850274754579769,-0.7973763290740535,-0.9096612723356801,1.0,-0.5210481063088985
silhouette,0.63346925571853,0.521797240122926,0.46781903234056627,0.530531459363747,0.5244021827035218,-0.5210481063088985,1.0
