,abilities,v_measure,mutual_info,adjusted_rand_score,calinski_harabasz,davies_bouldin,silhouette
abilities,1.0,0.7010445308975134,0.7611795452417234,0.7154313052805421,0.7465544100996859,-0.7180362478611378,0.6343545956805625
v_measure,0.7010445308975134,1.0,0.9479351999250866,0.9896823842886209,0.8704168759417378,-0.8081195889979484,0.5219164205024305
mutual_info,0.7611795452417234,0.9479351999250866,1.0,0.9505231167371817,0.8454741250883212,-0.7849304923000961,0.4679277085869463
adjusted_rand_score,0.7154313052805421,0.9896823842886209,0.9505231167371817,1.0,0.871727860116286,-0.7950778503264692,0.5306336139747508
calinski_harabasz,0.7465544100996859,0.8704168759417378,0.8454741250883212,0.871727860116286,1.0,-0.9038554852769667,0.5238573581115018
davies_bouldin,-0.7180362478611378,-0.8081195889979484,-0.7849304923000961,-0.7950778503264692,-0.9038554852769667,1.0,-0.5180175195157871
silhouette,0.6343545956805625,0.5219164205024305,0.4679277085869463,0.5306336139747508,0.5238573581115018,-0.5180175195157871,1.0
