,abilities,v_measure,mutual_info,adjusted_rand_score,calinski_harabasz,davies_bouldin,silhouette
abilities,1.0,0.6481899109792285,0.49169041182145107,0.7464688427299703,0.7137091988130564,-0.5717507418397626,0.7300890207715134
v_measure,0.6481899109792285,1.0,0.30235042948074264,0.9273590504451038,0.7768545994065282,-0.6738278931750742,0.9126409495548962
mutual_info,0.49169041182145107,0.30235042948074264,1.0,0.3099477704649466,0.3993352354822215,-0.38698955638289007,0.20192307834579631
adjusted_rand_score,0.7464688427299703,0.9273590504451038,0.3099477704649466,1.0,0.7569139465875371,-0.6524629080118695,0.8651632047477745
calinski_harabasz,0.7137091988130564,0.7768545994065282,0.3993352354822215,0.7569139465875371,1.0,-0.9306824925816024,0.8331157270029673
davies_bouldin,-0.5717507418397626,-0.6738278931750742,-0.38698955638289007,-0.6524629080118695,-0.9306824925816024,1.0,-0.6887833827893175
silhouette,0.7300890207715134,0.9126409495548962,0.20192307834579631,0.8651632047477745,0.8331157270029673,-0.6887833827893175,1.0
