,abilities,v_measure,mutual_info,adjusted_rand_score,calinski_harabasz,davies_bouldin,silhouette
abilities,1.0,0.6493768545994065,0.4444444475759326,0.7683086053412463,0.7277151335311572,-0.6066468842729971,0.7379228486646884
v_measure,0.6493768545994065,1.0,0.2730294416198304,0.9154896142433234,0.7797032640949555,-0.6676557863501483,0.914540059347181
mutual_info,0.4444444475759326,0.2730294416198304,1.0,0.25700380048127514,0.39969136084085605,-0.3747625857364368,0.18981481615222123
adjusted_rand_score,0.7683086053412463,0.9154896142433234,0.25700380048127514,1.0,0.7709198813056379,-0.6531750741839762,0.8782195845697329
calinski_harabasz,0.7277151335311572,0.7797032640949555,0.39969136084085605,0.7709198813056379,1.0,-0.9351928783382789,0.832166172106825
davies_bouldin,-0.6066468842729971,-0.6676557863501483,-0.3747625857364368,-0.6531750741839762,-0.9351928783382789,1.0,-0.6887833827893175
silhouette,0.7379228486646884,0.914540059347181,0.18981481615222123,0.8782195845697329,0.832166172106825,-0.6887833827893175,1.0
