,abilities,v_measure,mutual_info,adjusted_rand_score,calinski_harabasz,davies_bouldin,silhouette
abilities,1.0,0.6634635917147128,0.8131286170680966,0.7092462096946401,0.7938073884262226,-0.7171898355754858,0.7232543241511852
v_measure,0.6634635917147128,1.0,0.7446240579117739,0.9675421738202007,0.8810164424514201,-0.8247277386290839,0.818236173393124
mutual_info,0.8131286170680966,0.7446240579117739,1.0,0.7536355678756044,0.7394990285484581,-0.7120374128766903,0.5519656624291234
adjusted_rand_score,0.7092462096946401,0.9675421738202007,0.7536355678756044,1.0,0.8812726884475763,-0.8117446081571642,0.8088404868673927
calinski_harabasz,0.7938073884262226,0.8810164424514201,0.7394990285484581,0.8812726884475763,1.0,-0.9491778774289985,0.8020072603032244
davies_bouldin,-0.7171898355754858,-0.8247277386290839,-0.7120374128766903,-0.8117446081571642,-0.9491778774289985,1.0,-0.7142002989536622
silhouette,0.7232543241511852,0.818236173393124,0.5519656624291234,0.8088404868673927,0.8020072603032244,-0.7142002989536622,1.0
