,abilities,v_measure,mutual_info,adjusted_rand_score,calinski_harabasz,davies_bouldin,silhouette
abilities,1.0,0.6616698697416186,0.831212096085689,0.6914798206278027,0.7792867819773649,-0.7109545163356823,0.7164210975870169
v_measure,0.6616698697416186,1.0,0.7359699331902474,0.9693358957932949,0.885201793721973,-0.8288276745675849,0.8224215246636771
mutual_info,0.831212096085689,0.7359699331902474,1.0,0.7381054076946294,0.740667977099888,-0.7114119763898532,0.5504399082495304
adjusted_rand_score,0.6914798206278027,0.9693358957932949,0.7381054076946294,1.0,0.8808456117873158,-0.8038863976083707,0.8093529788597054
calinski_harabasz,0.7792867819773649,0.885201793721973,0.740667977099888,0.8808456117873158,1.0,-0.9492632927610506,0.8015801836429639
davies_bouldin,-0.7109545163356823,-0.8288276745675849,-0.7114119763898532,-0.8038863976083707,-0.9492632927610506,1.0,-0.7129190689728806
silhouette,0.7164210975870169,0.8224215246636771,0.5504399082495304,0.8093529788597054,0.8015801836429639,-0.7129190689728806,1.0
