,abilities,v_measure,mutual_info,adjusted_rand_score,calinski_harabasz,davies_bouldin,silhouette
abilities,1.0,0.6633781763826607,0.8224390870781205,0.7035233824471493,0.7874866538543669,-0.72060644885757,0.7224001708306641
v_measure,0.6633781763826607,1.0,0.7428302976346134,0.9699338031176596,0.8800768737988469,-0.8242152466367713,0.8189194960495408
mutual_info,0.8224390870781205,0.7428302976346134,1.0,0.7468021953911832,0.7386021484098777,-0.705204040392269,0.5495312734815483
adjusted_rand_score,0.7035233824471493,0.9699338031176596,0.7468021953911832,1.0,0.875208199871877,-0.8009822763185992,0.8079009182148196
calinski_harabasz,0.7874866538543669,0.8800768737988469,0.7386021484098777,0.875208199871877,1.0,-0.9531923980354473,0.8021780909673286
davies_bouldin,-0.72060644885757,-0.8242152466367713,-0.705204040392269,-0.8009822763185992,-0.9531923980354473,1.0,-0.7136878069613496
silhouette,0.7224001708306641,0.8189194960495408,0.5495312734815483,0.8079009182148196,0.8021780909673286,-0.7136878069613496,1.0
