,abilities,v_measure,mutual_info,adjusted_rand_score,calinski_harabasz,davies_bouldin,silhouette
abilities,1.0,0.9636717482971132,0.9407800598035633,0.9647259163152774,0.9148556600713591,-0.7052384041518002,0.7742458644177749
v_measure,0.9636717482971132,1.0,0.917806287594925,0.993512812195913,0.9161530976321764,-0.778138177100227,0.8432533246837496
mutual_info,0.9407800598035633,0.917806287594925,1.0,0.9114701048683432,0.9010869409163964,-0.6640319497457671,0.7165609484790415
adjusted_rand_score,0.9647259163152774,0.993512812195913,0.9114701048683432,1.0,0.906422315926046,-0.7757054816736945,0.8330360038923127
calinski_harabasz,0.9148556600713591,0.9161530976321764,0.9010869409163964,0.906422315926046,1.0,-0.7630554654557249,0.7975997405124878
davies_bouldin,-0.7052384041518002,-0.778138177100227,-0.6640319497457671,-0.7757054816736945,-0.7630554654557249,1.0,-0.855822251054168
silhouette,0.7742458644177749,0.8432533246837496,0.7165609484790415,0.8330360038923127,0.7975997405124878,-0.855822251054168,1.0
