,abilities,v_measure,mutual_info,adjusted_rand_score,calinski_harabasz,davies_bouldin,silhouette
abilities,1.0,0.35949506037321627,0.06485304280597168,0.9352360043907794,-0.5373216245883644,0.6295279912184413,-0.31668496158068055
v_measure,0.35949506037321627,1.0,0.8035182083248356,0.4615806805708013,-0.024149286498353458,0.02854006586169045,-0.12897914379802414
mutual_info,0.06485304280597168,0.8035182083248356,1.0,0.09233314568985798,-0.03847214403744083,0.029678511114597208,-0.2676562020890526
adjusted_rand_score,0.9352360043907794,0.4615806805708013,0.09233314568985798,1.0,-0.5098792535675082,0.5960482985729967,-0.2579582875960483
calinski_harabasz,-0.5373216245883644,-0.024149286498353458,-0.03847214403744083,-0.5098792535675082,1.0,-0.9451152579582875,0.889132821075741
davies_bouldin,0.6295279912184413,0.02854006586169045,0.029678511114597208,0.5960482985729967,-0.9451152579582875,1.0,-0.7826564215148188
silhouette,-0.31668496158068055,-0.12897914379802414,-0.2676562020890526,-0.2579582875960483,0.889132821075741,-0.7826564215148188,1.0
