,abilities,v_measure,mutual_info,adjusted_rand_score,calinski_harabasz,davies_bouldin,silhouette
abilities,1.0,0.6818932305998899,0.46277001765597625,0.9240506329113924,-0.732526141992295,0.6642817831590534,-0.6714364336818932
v_measure,0.6818932305998899,1.0,0.8742437163107537,0.6296092460099064,-0.4452394056136489,0.29279031370390757,-0.49036873968079253
mutual_info,0.46277001765597625,0.8742437163107537,1.0,0.3750698593636041,-0.39851172557382936,0.24379540858634266,-0.4616668710107892
adjusted_rand_score,0.9240506329113924,0.6296092460099064,0.3750698593636041,1.0,-0.693450742982939,0.6736378646119978,-0.5745734727572922
calinski_harabasz,-0.732526141992295,-0.4452394056136489,-0.39851172557382936,-0.693450742982939,1.0,-0.9273527793065492,0.9515685195376995
davies_bouldin,0.6642817831590534,0.29279031370390757,0.24379540858634266,0.6736378646119978,-0.9273527793065492,1.0,-0.8701155751238305
silhouette,-0.6714364336818932,-0.49036873968079253,-0.4616668710107892,-0.5745734727572922,0.9515685195376995,-0.8701155751238305,1.0
