,abilities,v_measure,mutual_info,adjusted_rand_score,calinski_harabasz,davies_bouldin,silhouette
abilities,1.0,0.8212669683257918,0.834027149321267,0.8500452488687783,0.7273303167420815,-0.6409049773755656,0.4846153846153846
v_measure,0.8212669683257918,1.0,0.9914027149321267,0.960633484162896,0.8945701357466064,-0.8465158371040724,0.5648868778280542
mutual_info,0.834027149321267,0.9914027149321267,1.0,0.9587330316742081,0.8799095022624435,-0.8326696832579186,0.5411764705882353
adjusted_rand_score,0.8500452488687783,0.960633484162896,0.9587330316742081,1.0,0.849683257918552,-0.7655203619909502,0.5542986425339367
calinski_harabasz,0.7273303167420815,0.8945701357466064,0.8799095022624435,0.849683257918552,1.0,-0.9365610859728507,0.5715837104072398
davies_bouldin,-0.6409049773755656,-0.8465158371040724,-0.8326696832579186,-0.7655203619909502,-0.9365610859728507,1.0,-0.5244343891402715
silhouette,0.4846153846153846,0.5648868778280542,0.5411764705882353,0.5542986425339367,0.5715837104072398,-0.5244343891402715,1.0
