,abilities,v_measure,mutual_info,adjusted_rand_score,calinski_harabasz,davies_bouldin,silhouette
abilities,1.0,0.82289592760181,0.8412669683257918,0.8499547511312218,0.7313122171945702,-0.6516742081447964,0.4858823529411765
v_measure,0.82289592760181,1.0,0.9915837104072398,0.9609954751131222,0.8946606334841629,-0.8459728506787331,0.5656108597285068
mutual_info,0.8412669683257918,0.9915837104072398,1.0,0.9617194570135746,0.878552036199095,-0.8284162895927601,0.5418099547511313
adjusted_rand_score,0.8499547511312218,0.9609954751131222,0.9617194570135746,1.0,0.8485972850678734,-0.7648868778280543,0.5541176470588235
calinski_harabasz,0.7313122171945702,0.8946606334841629,0.878552036199095,0.8485972850678734,1.0,-0.9337556561085972,0.5704977375565611
davies_bouldin,-0.6516742081447964,-0.8459728506787331,-0.8284162895927601,-0.7648868778280543,-0.9337556561085972,1.0,-0.5236199095022624
silhouette,0.4858823529411765,0.5656108597285068,0.5418099547511313,0.5541176470588235,0.5704977375565611,-0.5236199095022624,1.0
