,abilities,v_measure,mutual_info,adjusted_rand_score,calinski_harabasz,davies_bouldin,silhouette
abilities,1.0,0.9698389707761779,0.9744398057425236,-0.17386118129666453,-0.447559001448411,0.393541790917611,-0.6345379082023881
v_measure,0.9698389707761779,1.0,0.9983203300916516,-0.05784012416142186,-0.47355737046458696,0.3763069170754269,-0.6770895458805487
mutual_info,0.9744398057425236,0.9983203300916516,1.0,-0.09066731584142076,-0.4704901471536898,0.37528450930512786,-0.6753855329300502
adjusted_rand_score,-0.17386118129666453,-0.05784012416142186,-0.09066731584142076,1.0,0.23406262365827912,-0.2977086693737831,0.2838328820118258
calinski_harabasz,-0.447559001448411,-0.47355737046458696,-0.4704901471536898,0.23406262365827912,1.0,-0.47879112452683215,0.8166238634842197
davies_bouldin,0.393541790917611,0.3763069170754269,0.37528450930512786,-0.2977086693737831,-0.47879112452683215,1.0,-0.5488747428766173
silhouette,-0.6345379082023881,-0.6770895458805487,-0.6753855329300502,0.2838328820118258,0.8166238634842197,-0.5488747428766173,1.0
