,abilities,v_measure,mutual_info,adjusted_rand_score,calinski_harabasz,davies_bouldin,silhouette
abilities,1.0,0.69973276000489,0.7141872927096509,0.6018977752414988,0.3963768115942029,-0.35905797101449277,0.6900362318840579
v_measure,0.69973276000489,1.0,0.9944857801526804,0.9535457882536793,-0.14521900754632816,0.15948725064585823,0.1810934473394323
mutual_info,0.7141872927096509,0.9944857801526804,1.0,0.9400253213774061,-0.10355738444286527,0.11922038208985716,0.20284716952683998
adjusted_rand_score,0.6018977752414988,0.9535457882536793,0.9400253213774061,1.0,-0.2939058366725928,0.29598931155114716,0.0504563264067296
calinski_harabasz,0.3963768115942029,-0.14521900754632816,-0.10355738444286527,-0.2939058366725928,1.0,-0.9816123188405798,0.7875905797101449
davies_bouldin,-0.35905797101449277,0.15948725064585823,0.11922038208985716,0.29598931155114716,-0.9816123188405798,1.0,-0.8120471014492754
silhouette,0.6900362318840579,0.1810934473394323,0.20284716952683998,0.0504563264067296,0.7875905797101449,-0.8120471014492754,1.0
