,abilities,v_measure,mutual_info,adjusted_rand_score,calinski_harabasz,davies_bouldin,silhouette
abilities,1.0,0.7096525861598014,0.7276200775010189,0.6028942197486334,0.39519927536231886,-0.3601449275362319,0.6866847826086957
v_measure,0.7096525861598014,1.0,0.9933091577334007,0.9616090257980572,-0.11668252134726805,0.1371110217850079,0.19028853733690723
mutual_info,0.7276200775010189,0.9933091577334007,1.0,0.9447001211925092,-0.06822572297765164,0.0935835548556485,0.21769630622988712
adjusted_rand_score,0.6028942197486334,0.9616090257980572,0.9447001211925092,1.0,-0.26618656220139125,0.2797744418441371,0.03682315383184126
calinski_harabasz,0.39519927536231886,-0.11668252134726805,-0.06822572297765164,-0.26618656220139125,1.0,-0.9818840579710145,0.7842391304347827
davies_bouldin,-0.3601449275362319,0.1371110217850079,0.0935835548556485,0.2797744418441371,-0.9818840579710145,1.0,-0.810054347826087
silhouette,0.6866847826086957,0.19028853733690723,0.21769630622988712,0.03682315383184126,0.7842391304347827,-0.810054347826087,1.0
