,abilities,v_measure,mutual_info,adjusted_rand_score,calinski_harabasz,davies_bouldin,silhouette
abilities,1.0,0.7015898964083209,0.7230856913728694,0.5778472282738386,0.40144927536231884,-0.36231884057971014,0.6860507246376811
v_measure,0.7015898964083209,1.0,0.9942133431751936,0.9442141762641184,-0.128731259964649,0.14299950306417905,0.1885219929531559
mutual_info,0.7230856913728694,0.9942133431751936,1.0,0.9260411734357407,-0.077951788289522,0.09543078566370136,0.21696656740572254
adjusted_rand_score,0.5778472282738386,0.9442141762641184,0.9260411734357407,1.0,-0.30278325137252005,0.3013338775439605,0.02735693101406165
calinski_harabasz,0.40144927536231884,-0.128731259964649,-0.077951788289522,-0.30278325137252005,1.0,-0.98125,0.7883152173913044
davies_bouldin,-0.36231884057971014,0.14299950306417905,0.09543078566370136,0.3013338775439605,-0.98125,1.0,-0.8131340579710145
silhouette,0.6860507246376811,0.1885219929531559,0.21696656740572254,0.02735693101406165,0.7883152173913044,-0.8131340579710145,1.0
