,abilities,v_measure,mutual_info,adjusted_rand_score,calinski_harabasz,davies_bouldin,silhouette
abilities,1.0,0.6885257520072088,0.7192843908513805,0.7383997003108262,0.6696736830382003,-0.5416780568801952,0.49532748129473825
v_measure,0.6885257520072088,1.0,0.9748504085289919,0.9808239427350687,0.8623454727697962,-0.803278356569369,0.5109194180360235
mutual_info,0.7192843908513805,0.9748504085289919,1.0,0.9709018011724326,0.8259777865524608,-0.7529791736273527,0.4621996780366309
adjusted_rand_score,0.7383997003108262,0.9808239427350687,0.9709018011724326,1.0,0.831424839777663,-0.7416800818070447,0.4673834907713959
calinski_harabasz,0.6696736830382003,0.8623454727697962,0.8259777865524608,0.831424839777663,1.0,-0.8905527037835759,0.437070335834118
davies_bouldin,-0.5416780568801952,-0.803278356569369,-0.7529791736273527,-0.7416800818070447,-0.8905527037835759,1.0,-0.5018072472131945
silhouette,0.49532748129473825,0.5109194180360235,0.4621996780366309,0.4673834907713959,0.437070335834118,-0.5018072472131945,1.0
