,abilities,v_measure,mutual_info,adjusted_rand_score,calinski_harabasz,davies_bouldin,silhouette
abilities,1.0,0.6887282446921605,0.7189806518239529,0.7382579554313601,0.6692281991313064,-0.5429335115268961,0.495874211544108
v_measure,0.6887282446921605,1.0,0.9752958924358858,0.9808036934665735,0.8621834786218348,-0.8033796029118448,0.5108181716935476
mutual_info,0.7189806518239529,0.9752958924358858,1.0,0.9707803055614616,0.8259777865524608,-0.7529184258218672,0.46209843169415504
adjusted_rand_score,0.7382579554313601,0.9808036934665735,0.9707803055614616,1.0,0.8312425963612065,-0.7421053164454434,0.4673429922344055
calinski_harabasz,0.6692281991313064,0.8621834786218348,0.8259777865524608,0.8312425963612065,1.0,-0.8903097125616337,0.437070335834118
davies_bouldin,-0.5429335115268961,-0.8033796029118448,-0.7529184258218672,-0.7421053164454434,-0.8903097125616337,1.0,-0.5018072472131945
silhouette,0.495874211544108,0.5108181716935476,0.46209843169415504,0.4673429922344055,0.437070335834118,-0.5018072472131945,1.0
