,abilities,v_measure,mutual_info,adjusted_rand_score,calinski_harabasz,davies_bouldin,silhouette
abilities,1.0,0.6903886847087649,0.7212688191639077,0.7402018852068969,0.6692686976682968,-0.5438244793406838,0.4953477305632334
v_measure,0.6903886847087649,1.0,0.9761058631756928,0.9807631949295832,0.8620619830108638,-0.8031973594953882,0.5106156790085958
mutual_info,0.7212688191639077,0.9761058631756928,1.0,0.9714282821533072,0.826241027042898,-0.7536676487561886,0.4622806751106116
adjusted_rand_score,0.7402018852068969,0.9807631949295832,0.9714282821533072,1.0,0.8315058368516437,-0.7422470613249096,0.46740374003989105
calinski_harabasz,0.6692686976682968,0.8620619830108638,0.826241027042898,0.8315058368516437,1.0,-0.8904312081726048,0.43702983729712763
davies_bouldin,-0.5438244793406838,-0.8031973594953882,-0.7536676487561886,-0.7422470613249096,-0.8904312081726048,1.0,-0.5019287428241654
silhouette,0.4953477305632334,0.5106156790085958,0.4622806751106116,0.46740374003989105,0.43702983729712763,-0.5019287428241654,1.0
