,abilities,v_measure,mutual_info,adjusted_rand_score,calinski_harabasz,davies_bouldin,silhouette
abilities,1.0,0.4266299846279903,0.4013686437994187,0.4481768757069062,0.3995961962301373,-0.4020929981659294,0.6532836027927192
v_measure,0.4266299846279903,1.0,0.9948520741979485,0.9563659342945877,0.7237551392913236,-0.71893097841314,0.4979828689268751
mutual_info,0.4013686437994187,0.9948520741979485,1.0,0.950663142238423,0.7182219963032472,-0.7159871613916285,0.48941343298991
adjusted_rand_score,0.4481768757069062,0.9563659342945877,0.950663142238423,1.0,0.6938854147484488,-0.6881673199056177,0.5301028410359314
calinski_harabasz,0.3995961962301373,0.7237551392913236,0.7182219963032472,0.6938854147484488,1.0,-0.9953917050691244,0.45125841900035446
davies_bouldin,-0.4020929981659294,-0.71893097841314,-0.7159871613916285,-0.6881673199056177,-0.9953917050691244,1.0,-0.4510734707088143
silhouette,0.6532836027927192,0.4979828689268751,0.48941343298991,0.5301028410359314,0.45125841900035446,-0.4510734707088143,1.0
