,abilities,v_measure,mutual_info,adjusted_rand_score,calinski_harabasz,davies_bouldin,silhouette
abilities,1.0,0.3500585679032344,0.3257374927177064,0.38752658677270113,0.48618282138618746,-0.4905753433102662,0.6685880739176672
v_measure,0.3500585679032344,1.0,0.9946825727100383,0.9300719779288236,0.8217610432220451,-0.8173453347045205,0.426651459623438
mutual_info,0.3257374927177064,0.9946825727100383,1.0,0.9243692298207488,0.8160275578170918,-0.8138004378143613,0.41913011317823035
adjusted_rand_score,0.38752658677270113,0.9300719779288236,0.9243692298207488,1.0,0.7889322155001348,-0.7832834993686417,0.44212570517874217
calinski_harabasz,0.48618282138618746,0.8217610432220451,0.8160275578170918,0.7889322155001348,1.0,-0.9954841792148945,0.5703342940369588
davies_bouldin,-0.4905753433102662,-0.8173453347045205,-0.8138004378143613,-0.7832834993686417,-0.9954841792148945,1.0,-0.5705963041166408
silhouette,0.6685880739176672,0.426651459623438,0.41913011317823035,0.44212570517874217,0.5703342940369588,-0.5705963041166408,1.0
