,abilities,v_measure,mutual_info,adjusted_rand_score,calinski_harabasz,davies_bouldin,silhouette
abilities,1.0,0.42286159058736444,0.3976464877224815,0.44286721620999164,0.4002126905352712,-0.40398871815421605,0.6553950957878026
v_measure,0.42286159058736444,1.0,0.9948520741979485,0.9563659342945877,0.7237089013276349,-0.7189772163768287,0.4978749803449349
mutual_info,0.3976464877224815,0.9948520741979485,1.0,0.950663142238423,0.7182374089578101,-0.7156789083003708,0.48945967095359866
adjusted_rand_score,0.44286721620999164,0.9563659342945877,0.950663142238423,1.0,0.6938237641301973,-0.6882597958329951,0.5299795397994282
calinski_harabasz,0.4002126905352712,0.7237089013276349,0.7182374089578101,0.6938237641301973,1.0,-0.9956537151488063,0.4512738313579828
davies_bouldin,-0.40398871815421605,-0.7189772163768287,-0.7156789083003708,-0.6882597958329951,-0.9956537151488063,1.0,-0.4512121819274694
silhouette,0.6553950957878026,0.4978749803449349,0.48945967095359866,0.5299795397994282,0.4512738313579828,-0.4512121819274694,1.0
