,abilities,v_measure,mutual_info,adjusted_rand_score,calinski_harabasz,davies_bouldin,silhouette
abilities,1.0,0.7384160032659727,0.7404572361706471,0.22933251684017147,0.15452133088385384,0.038783425188814044,-0.47917942437232086
v_measure,0.7384160032659727,1.0,0.9984690753214942,-0.09144723412941416,-0.2815880791998367,0.5522555623596652,-0.8401714635639926
mutual_info,0.7404572361706471,0.9984690753214942,1.0,-0.11481935088793631,-0.2823025107164728,0.5492957746478874,-0.8360889977546438
adjusted_rand_score,0.22933251684017147,-0.09144723412941416,-0.11481935088793631,1.0,0.5302102469891815,-0.4181465605225556,0.20626658501735048
calinski_harabasz,0.15452133088385384,-0.2815880791998367,-0.2823025107164728,0.5302102469891815,1.0,-0.8827311696264544,0.45448050622576036
davies_bouldin,0.038783425188814044,0.5522555623596652,0.5492957746478874,-0.4181465605225556,-0.8827311696264544,1.0,-0.7077975096958563
silhouette,-0.47917942437232086,-0.8401714635639926,-0.8360889977546438,0.20626658501735048,0.45448050622576036,-0.7077975096958563,1.0
