,abilities,v_measure,mutual_info,adjusted_rand_score,calinski_harabasz,davies_bouldin,silhouette
abilities,1.0,0.8441121997849206,0.8697042582259942,0.8441868801529454,0.8092812761381288,-0.759678575696021,0.5477058190942765
v_measure,0.8441121997849206,1.0,0.9707987386498796,0.9982972876090334,0.9066047317481181,-0.8702802007408292,0.5207462062373044
mutual_info,0.8697042582259942,0.9707987386498796,1.0,0.969272784228387,0.8988694361152083,-0.8427532102816908,0.4839743971813401
adjusted_rand_score,0.8441868801529454,0.9982972876090334,0.969272784228387,1.0,0.9064404349384634,-0.8694437806189509,0.5197006810849564
calinski_harabasz,0.8092812761381288,0.9066047317481181,0.8988694361152083,0.9064404349384634,1.0,-0.8710419404946828,0.43829907993786593
davies_bouldin,-0.759678575696021,-0.8702802007408292,-0.8427532102816908,-0.8694437806189509,-0.8710419404946828,1.0,-0.5096038953279962
silhouette,0.5477058190942765,0.5207462062373044,0.4839743971813401,0.5197006810849564,0.43829907993786593,-0.5096038953279962,1.0
