,abilities,v_measure,mutual_info,adjusted_rand_score,calinski_harabasz,davies_bouldin,silhouette
abilities,1.0,0.803139907280912,0.8330493674851006,0.8037669929004949,0.7780116906676222,-0.7182743200973476,0.5189357461199078
v_measure,0.803139907280912,1.0,0.9758078544402571,0.998118743141251,0.9065194508521646,-0.8743589169335513,0.5207572805386964
mutual_info,0.8330493674851006,0.9758078544402571,1.0,0.9735653397221428,0.901431116289466,-0.8467436573637186,0.48729844824623764
adjusted_rand_score,0.8037669929004949,0.998118743141251,0.9735653397221428,1.0,0.9057878509626511,-0.8737019700939882,0.519831582719312
calinski_harabasz,0.7780116906676222,0.9065194508521646,0.901431116289466,0.9057878509626511,1.0,-0.8772703858816152,0.44007226415235196
davies_bouldin,-0.7182743200973476,-0.8743589169335513,-0.8467436573637186,-0.8737019700939882,-0.8772703858816152,1.0,-0.5112614125850111
silhouette,0.5189357461199078,0.5207572805386964,0.48729844824623764,0.519831582719312,0.44007226415235196,-0.5112614125850111,1.0
