,abilities,v_measure,mutual_info,adjusted_rand_score,calinski_harabasz,davies_bouldin,silhouette
abilities,1.0,0.8026770583712197,0.8358853339721883,0.804632968279919,0.7762050868588236,-0.7217232910050541,0.5208170029786567
v_measure,0.8026770583712197,1.0,0.975304236373482,0.9973274208117773,0.906414936582234,-0.8771808022216747,0.523190969967078
mutual_info,0.8358853339721883,0.975304236373482,1.0,0.9738835782453984,0.9019608912241582,-0.8501068695491089,0.4906280231076739
adjusted_rand_score,0.804632968279919,0.9973274208117773,0.9738835782453984,1.0,0.905145834733078,-0.8734332191141669,0.5201152643091234
calinski_harabasz,0.7762050868588236,0.906414936582234,0.9019608912241582,0.905145834733078,1.0,-0.8801370629997088,0.4428792188304853
davies_bouldin,-0.7217232910050541,-0.8771808022216747,-0.8501068695491089,-0.8734332191141669,-0.8801370629997088,1.0,-0.5117690533246736
silhouette,0.5208170029786567,0.523190969967078,0.4906280231076739,0.5201152643091234,0.4428792188304853,-0.5117690533246736,1.0
