,abilities,v_measure,mutual_info,adjusted_rand_score,calinski_harabasz,davies_bouldin,silhouette
abilities,1.0,0.85462719560282,0.8710519527885786,0.855583104313538,0.8097442944198829,-0.7659069183892938,0.5493637232644283
v_measure,0.85462719560282,1.0,0.9851099993787045,0.9986557533755527,0.9082178276974548,-0.8703698171824591,0.5216274345799976
mutual_info,0.8710519527885786,0.9851099993787045,1.0,0.9839582000885485,0.9056433275741086,-0.849220120788803,0.49813075534397117
adjusted_rand_score,0.855583104313538,0.9986557533755527,0.9839582000885485,1.0,0.908158083403035,-0.8692346755884813,0.5203578683235751
calinski_harabasz,0.8097442944198829,0.9082178276974548,0.9056433275741086,0.908158083403035,1.0,-0.8760604612259529,0.44334747281634607
davies_bouldin,-0.7659069183892938,-0.8703698171824591,-0.849220120788803,-0.8692346755884813,-0.8760604612259529,1.0,-0.5093201099295017
silhouette,0.5493637232644283,0.5216274345799976,0.49813075534397117,0.5203578683235751,0.44334747281634607,-0.5093201099295017,1.0
