,abilities,v_measure,mutual_info,adjusted_rand_score,calinski_harabasz,davies_bouldin,silhouette
abilities,1.0,0.6107515734912995,0.6311588300629396,0.6415253609774157,0.487449092928545,-0.4099666790077749,0.24297667530544242
v_measure,0.6107515734912995,1.0,0.9976008885597927,0.9552758237689745,0.830788596815994,-0.7316549426138467,0.38547204738985563
mutual_info,0.6311588300629396,0.9976008885597927,1.0,0.9613180303591262,0.8253980007404665,-0.7253165494261384,0.37161051462421324
adjusted_rand_score,0.6415253609774157,0.9552758237689745,0.9613180303591262,1.0,0.7971714179933358,-0.6816882636060718,0.38253980007404664
calinski_harabasz,0.487449092928545,0.830788596815994,0.8253980007404665,0.7971714179933358,1.0,-0.90510181414291,0.3642947056645687
davies_bouldin,-0.4099666790077749,-0.7316549426138467,-0.7253165494261384,-0.6816882636060718,-0.90510181414291,1.0,-0.3680858941132914
silhouette,0.24297667530544242,0.38547204738985563,0.37161051462421324,0.38253980007404664,0.3642947056645687,-0.3680858941132914,1.0
