,abilities,v_measure,mutual_info,adjusted_rand_score,calinski_harabasz,davies_bouldin,silhouette
abilities,1.0,0.683346908552388,0.7173491299518697,0.7437097371343947,0.5699962976675306,-0.48934468715290635,0.30011106997408366
v_measure,0.683346908552388,1.0,0.9947871158830063,0.9367937800814513,0.8286560533135876,-0.7253757867456497,0.37084042947056645
mutual_info,0.7173491299518697,0.9947871158830063,1.0,0.9513365420214736,0.8194446501295817,-0.7039022584228064,0.34279155868196964
adjusted_rand_score,0.7437097371343947,0.9367937800814513,0.9513365420214736,1.0,0.7660422065901518,-0.6396890040725657,0.32949278045168456
calinski_harabasz,0.5699962976675306,0.8286560533135876,0.8194446501295817,0.7660422065901518,1.0,-0.8976082932247316,0.36159940762680487
davies_bouldin,-0.48934468715290635,-0.7253757867456497,-0.7039022584228064,-0.6396890040725657,-0.8976082932247316,1.0,-0.3695668271010737
silhouette,0.30011106997408366,0.37084042947056645,0.34279155868196964,0.32949278045168456,0.36159940762680487,-0.3695668271010737,1.0
