,abilities,v_measure,mutual_info,adjusted_rand_score,calinski_harabasz,davies_bouldin,silhouette
abilities,1.0,0.6078785634950018,0.6269529803776379,0.6311338847554345,0.5696112550907071,-0.48700481303221027,0.13957793409848204
v_measure,0.6078785634950018,1.0,0.9968900407256571,0.9553421351030886,0.8060570159200297,-0.7472639763050722,0.3096482784154017
mutual_info,0.6269529803776379,0.9968900407256571,1.0,0.9538908100284463,0.8039540910773787,-0.7439466864124399,0.2950758978156238
adjusted_rand_score,0.6311338847554345,0.9553421351030886,0.9538908100284463,1.0,0.7723715096213937,-0.6834260157611703,0.31677391169999636
calinski_harabasz,0.5696112550907071,0.8060570159200297,0.8039540910773787,0.7723715096213937,1.0,-0.9046575342465754,0.34978156238430214
davies_bouldin,-0.48700481303221027,-0.7472639763050722,-0.7439466864124399,-0.6834260157611703,-0.9046575342465754,1.0,-0.3280414661236579
silhouette,0.13957793409848204,0.3096482784154017,0.2950758978156238,0.31677391169999636,0.34978156238430214,-0.3280414661236579,1.0
