,abilities,v_measure,mutual_info,adjusted_rand_score,calinski_harabasz,davies_bouldin,silhouette
abilities,1.0,0.6095141700404858,0.4522267206477733,0.6360323886639676,0.6149797570850203,-0.6236842105263158,0.8040485829959514
v_measure,0.6095141700404858,1.0,0.9331983805668016,0.9803643724696356,0.9625506072874493,-0.9163967611336032,0.6860323886639677
mutual_info,0.4522267206477733,0.9331983805668016,1.0,0.908502024291498,0.8902834008097166,-0.8661943319838057,0.6129554655870445
adjusted_rand_score,0.6360323886639676,0.9803643724696356,0.908502024291498,1.0,0.9657894736842105,-0.9149797570850202,0.6921052631578948
calinski_harabasz,0.6149797570850203,0.9625506072874493,0.8902834008097166,0.9657894736842105,1.0,-0.9473684210526315,0.6993927125506073
davies_bouldin,-0.6236842105263158,-0.9163967611336032,-0.8661943319838057,-0.9149797570850202,-0.9473684210526315,1.0,-0.6908906882591093
silhouette,0.8040485829959514,0.6860323886639677,0.6129554655870445,0.6921052631578948,0.6993927125506073,-0.6908906882591093,1.0
