,abilities,v_measure,mutual_info,adjusted_rand_score,calinski_harabasz,davies_bouldin,silhouette
abilities,1.0,0.9023232671183067,0.8748554859053234,0.9023232671183067,0.901404677153902,-0.7812224901442951,0.7219734374401959
v_measure,0.9023232671183067,1.0,0.9294583033192452,0.9964021893060818,0.9092126918513416,-0.8250086117809163,0.7228154782409002
mutual_info,0.8748554859053234,0.9294583033192452,1.0,0.925462038005348,0.8913400803251492,-0.7532767988556058,0.6286240615644291
adjusted_rand_score,0.9023232671183067,0.9964021893060818,0.925462038005348,1.0,0.9016725992268535,-0.8214108010869982,0.7223944578405481
calinski_harabasz,0.901404677153902,0.9092126918513416,0.8913400803251492,0.9016725992268535,1.0,-0.8166647529375741,0.6533853867646496
davies_bouldin,-0.7812224901442951,-0.8250086117809163,-0.7532767988556058,-0.8214108010869982,-0.8166647529375741,1.0,-0.7534351437210548
silhouette,0.7219734374401959,0.7228154782409002,0.6286240615644291,0.7223944578405481,0.6533853867646496,-0.7534351437210548,1.0
