,abilities,v_measure,mutual_info,adjusted_rand_score,calinski_harabasz,davies_bouldin,silhouette
abilities,1.0,0.9200443985149462,0.9032151495730882,0.9201209476786466,0.8947448999119685,-0.7926283155356528,0.7269874076625713
v_measure,0.9200443985149462,1.0,0.9356491949807801,0.9964021893060818,0.9241397787729169,-0.8606039729015961,0.7275998009721744
mutual_info,0.9032151495730882,0.9356491949807801,1.0,0.9329399530361803,0.909248496882339,-0.790483784403107,0.6397269595993448
adjusted_rand_score,0.9201209476786466,0.9964021893060818,0.9329399530361803,1.0,0.9195851035327439,-0.8605274237378957,0.7245378344241589
calinski_harabasz,0.8947448999119685,0.9241397787729169,0.909248496882339,0.9195851035327439,1.0,-0.8379836950281319,0.6674321583036705
davies_bouldin,-0.7926283155356528,-0.8606039729015961,-0.790483784403107,-0.8605274237378957,-0.8379836950281319,1.0,-0.7324606728671489
silhouette,0.7269874076625713,0.7275998009721744,0.6397269595993448,0.7245378344241589,0.6674321583036705,-0.7324606728671489,1.0
