,abilities,v_measure,mutual_info,adjusted_rand_score,calinski_harabasz,davies_bouldin,silhouette
abilities,1.0,0.7769468106512845,0.8309144721137854,0.7764102220135488,0.7079280971225435,-0.525152592393856,0.4863169897377423
v_measure,0.7769468106512845,1.0,0.9683661577756497,0.9773626668455295,0.7546783821852572,-0.7093701790864578,0.6045341739888658
mutual_info,0.8309144721137854,0.9683661577756497,1.0,0.9600992697640236,0.7145743726722806,-0.6109783602263862,0.5303049358370694
adjusted_rand_score,0.7764102220135488,0.9773626668455295,0.9600992697640236,1.0,0.7356294855456436,-0.6685223690388356,0.57629619692803
calinski_harabasz,0.7079280971225435,0.7546783821852572,0.7145743726722806,0.7356294855456436,1.0,-0.8914414112281173,0.5623448923469045
davies_bouldin,-0.525152592393856,-0.7093701790864578,-0.6109783602263862,-0.6685223690388356,-0.8914414112281173,1.0,-0.5861895499362801
silhouette,0.4863169897377423,0.6045341739888658,0.5303049358370694,0.57629619692803,0.5623448923469045,-0.5861895499362801,1.0
