,abilities,v_measure,mutual_info,adjusted_rand_score,calinski_harabasz,davies_bouldin,silhouette
abilities,1.0,0.8400965859547924,0.8861500281184433,0.8168555905828694,0.7698034744114294,-0.533838620967201,0.4550271647997854
v_measure,0.8400965859547924,1.0,0.9753754056232353,0.9825273324837347,0.8335569119323898,-0.7120531222751358,0.5339392313367765
mutual_info,0.8861500281184433,0.9753754056232353,1.0,0.9580870455015589,0.7985176614881027,-0.6277468957469259,0.4690830126515788
adjusted_rand_score,0.8168555905828694,0.9825273324837347,0.9580870455015589,1.0,0.8263800389026762,-0.7020591588973103,0.5183781608424441
calinski_harabasz,0.7698034744114294,0.8335569119323898,0.7985176614881027,0.8263800389026762,1.0,-0.8449594204842712,0.5424240391709706
davies_bouldin,-0.533838620967201,-0.7120531222751358,-0.6277468957469259,-0.7020591588973103,-0.8449594204842712,1.0,-0.6340800858541821
silhouette,0.4550271647997854,0.5339392313367765,0.4690830126515788,0.5183781608424441,0.5424240391709706,-0.6340800858541821,1.0
