,abilities,v_measure,mutual_info,adjusted_rand_score,calinski_harabasz,davies_bouldin,silhouette
abilities,1.0,0.7014071616519849,0.8747783321904258,0.710864508256111,0.9201464363345155,-0.8489875300308889,0.7734812950463333
v_measure,0.7014071616519849,1.0,0.7183418199118868,0.9928307211226786,0.69744117759219,-0.7216184265720932,0.785760591846852
mutual_info,0.8747783321904258,0.7183418199118868,1.0,0.7040787151843945,0.859905041164431,-0.8120816900193097,0.6681539968600688
adjusted_rand_score,0.710864508256111,0.9928307211226786,0.7040787151843945,1.0,0.703085077984975,-0.7281012851313732,0.797429737253556
calinski_harabasz,0.9201464363345155,0.69744117759219,0.859905041164431,0.703085077984975,1.0,-0.865842962285017,0.7742439842886016
davies_bouldin,-0.8489875300308889,-0.7216184265720932,-0.8120816900193097,-0.7281012851313732,-0.865842962285017,1.0,-0.7541089882927201
silhouette,0.7734812950463333,0.785760591846852,0.6681539968600688,0.797429737253556,0.7742439842886016,-0.7541089882927201,1.0
