,abilities,v_measure,mutual_info,adjusted_rand_score,calinski_harabasz,davies_bouldin,silhouette
abilities,1.0,0.6777760829774253,0.8304764811698914,0.7073672971323978,0.7975899938987188,-0.7262812690665039,0.7290268456375839
v_measure,0.6777760829774253,1.0,0.775868972627542,0.9731543624161074,0.8880414887126297,-0.838849908480781,0.8123093349603416
mutual_info,0.8304764811698914,0.775868972627542,1.0,0.7795298111890403,0.765877934053453,-0.7365530918264511,0.5760100674107452
adjusted_rand_score,0.7073672971323978,0.9731543624161074,0.7795298111890403,1.0,0.8850671140939598,-0.8182580841976815,0.8017083587553386
calinski_harabasz,0.7975899938987188,0.8880414887126297,0.765877934053453,0.8850671140939598,1.0,-0.950503355704698,0.7982763880414887
davies_bouldin,-0.7262812690665039,-0.838849908480781,-0.7365530918264511,-0.8182580841976815,-0.950503355704698,1.0,-0.7140024405125076
silhouette,0.7290268456375839,0.8123093349603416,0.5760100674107452,0.8017083587553386,0.7982763880414887,-0.7140024405125076,1.0
