,abilities,v_measure,mutual_info,adjusted_rand_score,calinski_harabasz,davies_bouldin,silhouette
abilities,1.0,0.9351495905064349,0.5002507103459802,0.9117499582149423,0.790071870299181,-0.34581313722212936,0.7115159618920274
v_measure,0.9351495905064349,1.0,0.6523483202406819,0.9735918435567441,0.7355841551061341,-0.30636804278789903,0.6042119338124686
mutual_info,0.5002507103459802,0.6523483202406819,1.0,0.6844392445261575,0.39862945010864115,0.06836035433728899,0.20942670900885843
adjusted_rand_score,0.9117499582149423,0.9735918435567441,0.6844392445261575,1.0,0.643657028246699,-0.21477519638977102,0.533678756476684
calinski_harabasz,0.790071870299181,0.7355841551061341,0.39862945010864115,0.643657028246699,1.0,-0.5985291659702491,0.8509109142570617
davies_bouldin,-0.34581313722212936,-0.30636804278789903,0.06836035433728899,-0.21477519638977102,-0.5985291659702491,1.0,-0.8054487715193047
silhouette,0.7115159618920274,0.6042119338124686,0.20942670900885843,0.533678756476684,0.8509109142570617,-0.8054487715193047,1.0
