,abilities,v_measure,mutual_info,adjusted_rand_score,calinski_harabasz,davies_bouldin,silhouette
abilities,1.0,0.9344810295838208,0.5370215610897543,0.9388266755808123,0.8462309877987632,-0.3224135049306368,0.7392612401805114
v_measure,0.9344810295838208,1.0,0.6603710513120508,0.9625605883336119,0.8037773692127695,-0.30469664048136386,0.6566939662376734
mutual_info,0.5370215610897543,0.6603710513120508,1.0,0.64465986963062,0.43974594684940665,0.055657696807621594,0.2401805114491058
adjusted_rand_score,0.9388266755808123,0.9625605883336119,0.64465986963062,1.0,0.7412669229483537,-0.23984623098779875,0.6296172488718035
calinski_harabasz,0.8462309877987632,0.8037773692127695,0.43974594684940665,0.7412669229483537,1.0,-0.6239344810295838,0.9030586662209594
davies_bouldin,-0.3224135049306368,-0.30469664048136386,0.055657696807621594,-0.23984623098779875,-0.6239344810295838,1.0,-0.7967574795253217
silhouette,0.7392612401805114,0.6566939662376734,0.2401805114491058,0.6296172488718035,0.9030586662209594,-0.7967574795253217,1.0
