,abilities,v_measure,mutual_info,adjusted_rand_score,calinski_harabasz,davies_bouldin,silhouette
abilities,1.0,0.94584656526826,0.543038609393281,0.94584656526826,0.8458967073374561,-0.3250877486210931,0.7359184355674411
v_measure,0.94584656526826,1.0,0.6603710513120508,0.9655691124853752,0.8041116496740766,-0.29399966571953867,0.6500083570115327
mutual_info,0.543038609393281,0.6603710513120508,1.0,0.6419856259401638,0.4370717031589504,0.08240013371218452,0.23082065853250877
adjusted_rand_score,0.94584656526826,0.9655691124853752,0.6419856259401638,1.0,0.7409326424870466,-0.2475346815978606,0.6276115661039612
calinski_harabasz,0.8458967073374561,0.8041116496740766,0.4370717031589504,0.7409326424870466,1.0,-0.6246030419521978,0.9023901052983453
davies_bouldin,-0.3250877486210931,-0.29399966571953867,0.08240013371218452,-0.2475346815978606,-0.6246030419521978,1.0,-0.798763162293164
silhouette,0.7359184355674411,0.6500083570115327,0.23082065853250877,0.6276115661039612,0.9023901052983453,-0.798763162293164,1.0
