,abilities,v_measure,mutual_info,adjusted_rand_score,calinski_harabasz,davies_bouldin,silhouette
abilities,1.0,0.6980750899856307,0.787278236992986,0.7178790422398953,0.7601616184609256,-0.7199277269558537,0.7089729545163539
v_measure,0.6980750899856307,1.0,0.912475636301555,0.9852323976724665,0.8745465151019363,-0.8337435445090982,0.6741737682994494
mutual_info,0.787278236992986,0.912475636301555,1.0,0.9164876438703069,0.8304713397544424,-0.798062285706156,0.5836048314814551
adjusted_rand_score,0.7178790422398953,0.9852323976724665,0.9164876438703069,1.0,0.8754854955967506,-0.8209392650343581,0.6811734410789739
calinski_harabasz,0.7601616184609256,0.8745465151019363,0.8304713397544424,0.8754854955967506,1.0,-0.9215809017058145,0.6404558323493007
davies_bouldin,-0.7199277269558537,-0.8337435445090982,-0.798062285706156,-0.8209392650343581,-0.9215809017058145,1.0,-0.5963237490930302
silhouette,0.7089729545163539,0.6741737682994494,0.5836048314814551,0.6811734410789739,0.6404558323493007,-0.5963237490930302,1.0
