,abilities,v_measure,mutual_info,adjusted_rand_score,calinski_harabasz,davies_bouldin,silhouette
abilities,1.0,0.696083313178449,0.7905987466143962,0.7108509155059825,0.753161945681401,-0.7182773976013317,0.705416210217815
v_measure,0.696083313178449,1.0,0.9140897871148994,0.9853462134900198,0.8729530936561909,-0.8381539074392864,0.6736900510748481
mutual_info,0.7905987466143962,0.9140897871148994,1.0,0.9139332892525139,0.8287415438012452,-0.7989927228696148,0.5838508433248443
adjusted_rand_score,0.7108509155059825,0.9853462134900198,0.9139332892525139,1.0,0.8737213504246752,-0.8238131144275775,0.6807466317631493
calinski_harabasz,0.753161945681401,0.8729530936561909,0.8287415438012452,0.8737213504246752,1.0,-0.9312267922434521,0.6419638919318812
davies_bouldin,-0.7182773976013317,-0.8381539074392864,-0.7989927228696148,-0.8238131144275775,-0.9312267922434521,1.0,-0.6001081250266755
silhouette,0.705416210217815,0.6736900510748481,0.5838508433248443,0.6807466317631493,0.6419638919318812,-0.6001081250266755,1.0
