,abilities,v_measure,mutual_info,adjusted_rand_score,calinski_harabasz,davies_bouldin,silhouette
abilities,1.0,0.6647882439637609,0.701186296183912,0.7207074428887251,0.6416836447180199,-0.5458840868698253,0.44124149291256665
v_measure,0.6647882439637609,1.0,0.9797852818356525,0.9801031687546058,0.8491193087404453,-0.8023610328434985,0.4444492609129134
mutual_info,0.701186296183912,0.9797852818356525,1.0,0.9767364572947823,0.818573265710116,-0.7583336945684686,0.3996850029621281
adjusted_rand_score,0.7207074428887251,0.9801031687546058,0.9767364572947823,1.0,0.8194691288453481,-0.7450402415940584,0.39909257734044246
calinski_harabasz,0.6416836447180199,0.8491193087404453,0.818573265710116,0.8194691288453481,1.0,-0.8910803820422789,0.3444015778750704
davies_bouldin,-0.5458840868698253,-0.8023610328434985,-0.7583336945684686,-0.7450402415940584,-0.8910803820422789,1.0,-0.4177612091262445
silhouette,0.44124149291256665,0.4444492609129134,0.3996850029621281,0.39909257734044246,0.3444015778750704,-0.4177612091262445,1.0
