,abilities,v_measure,mutual_info,adjusted_rand_score,calinski_harabasz,davies_bouldin,silhouette
abilities,1.0,0.6808584422806654,0.7199008767255372,0.740007296980918,0.662247540887255,-0.5673001549741342,0.4165056154231787
v_measure,0.6808584422806654,1.0,0.9794673949166992,0.9806233473492566,0.846157180632017,-0.8026644703570448,0.4424552429667519
mutual_info,0.7199008767255372,0.9794673949166992,1.0,0.9787738234571647,0.8169404828991287,-0.7587238285144566,0.40047972025951134
adjusted_rand_score,0.740007296980918,0.9806233473492566,0.9787738234571647,1.0,0.8152354530611066,-0.7460805987833601,0.39725750285375755
calinski_harabasz,0.662247540887255,0.846157180632017,0.8169404828991287,0.8152354530611066,1.0,-0.889736587339431,0.3422775152802462
davies_bouldin,-0.5673001549741342,-0.8026644703570448,-0.7587238285144566,-0.7460805987833601,-0.889736587339431,1.0,-0.41803574782897684
silhouette,0.4165056154231787,0.4424552429667519,0.40047972025951134,0.39725750285375755,0.3422775152802462,-0.41803574782897684,1.0
