,abilities,v_measure,mutual_info,adjusted_rand_score,calinski_harabasz,davies_bouldin,silhouette
abilities,1.0,0.6666811160720736,0.7030213706705969,0.7222968774834916,0.6415680494747641,-0.5476324649240684,0.4411114482639039
v_measure,0.6666811160720736,1.0,0.9802187639978615,0.9800742699437918,0.849307151010736,-0.8022743364110567,0.4445070585345413
mutual_info,0.7030213706705969,0.9802187639978615,1.0,0.9768520525380381,0.8187900067912205,-0.7585070874333522,0.3998294970161978
adjusted_rand_score,0.7222968774834916,0.9800742699437918,0.9768520525380381,1.0,0.819483578250755,-0.7448668487291747,0.3990781279350355
calinski_harabasz,0.6415680494747641,0.849307151010736,0.8187900067912205,0.819483578250755,1.0,-0.8912682243125696,0.34450272371291923
davies_bouldin,-0.5476324649240684,-0.8022743364110567,-0.7585070874333522,-0.7448668487291747,-0.8912682243125696,1.0,-0.41771786091002355
silhouette,0.4411114482639039,0.4445070585345413,0.3998294970161978,0.3990781279350355,0.34450272371291923,-0.41771786091002355,1.0
