,abilities,v_measure,mutual_info,adjusted_rand_score,calinski_harabasz,davies_bouldin,silhouette
abilities,1.0,0.7070322646218478,0.782267445143367,0.7226394425685214,0.7627979988480954,-0.7254175654157585,0.6686580311465968
v_measure,0.7070322646218478,1.0,0.9312245197574225,0.9871935312651752,0.8730420445177246,-0.8278241425651335,0.6062067329952907
mutual_info,0.782267445143367,0.9312245197574225,1.0,0.9333250516663091,0.8383493884741782,-0.798123073100769,0.5347434753639227
adjusted_rand_score,0.7226394425685214,0.9871935312651752,0.9333250516663091,1.0,0.8742391218421439,-0.8150854329241437,0.6153767970276344
calinski_harabasz,0.7627979988480954,0.8730420445177246,0.8383493884741782,0.8742391218421439,1.0,-0.9163401054783228,0.5838688183943354
davies_bouldin,-0.7254175654157585,-0.8278241425651335,-0.798123073100769,-0.8150854329241437,-0.9163401054783228,1.0,-0.5584365718415792
silhouette,0.6686580311465968,0.6062067329952907,0.5347434753639227,0.6153767970276344,0.5838688183943354,-0.5584365718415792,1.0
