,abilities,v_measure,mutual_info,adjusted_rand_score,calinski_harabasz,davies_bouldin,silhouette
abilities,1.0,0.705089837265243,0.782644539445669,0.7176252696247275,0.7630238624942123,-0.7278794791584321,0.6629436808998408
v_measure,0.705089837265243,1.0,0.9304731305591117,0.9880743994850308,0.87137065353646,-0.8297213971925149,0.6062519057245142
mutual_info,0.782644539445669,0.9304731305591117,1.0,0.9296487235956831,0.8360503001313428,-0.796828856515072,0.5340237271185153
adjusted_rand_score,0.7176252696247275,0.9880743994850308,0.9296487235956831,1.0,0.8730420445177246,-0.815491987487154,0.614834724276954
calinski_harabasz,0.7630238624942123,0.87137065353646,0.8360503001313428,0.8730420445177246,1.0,-0.9247874058430925,0.5854498639171533
davies_bouldin,-0.7278794791584321,-0.8297213971925149,-0.796828856515072,-0.815491987487154,-0.9247874058430925,1.0,-0.5614857310641566
silhouette,0.6629436808998408,0.6062519057245142,0.5340237271185153,0.614834724276954,0.5854498639171533,-0.5614857310641566,1.0
