,abilities,v_measure,mutual_info,adjusted_rand_score,calinski_harabasz,davies_bouldin,silhouette
abilities,1.0,0.7054738054636416,0.7808896769020542,0.7216908152548307,0.7641757670894082,-0.7267049881986245,0.6674835401867892
v_measure,0.7054738054636416,1.0,0.9316310743204328,0.9881421585788659,0.8731775627053947,-0.8266270652407142,0.606545528464466
mutual_info,0.7808896769020542,0.9316310743204328,1.0,0.9357643790443709,0.8382590430157314,-0.7974680685270302,0.5350370981038747
adjusted_rand_score,0.7216908152548307,0.9881421585788659,0.9357643790443709,1.0,0.8744423991236491,-0.8126686919106935,0.6147895515477306
calinski_harabasz,0.7641757670894082,0.8731775627053947,0.8382590430157314,0.8744423991236491,1.0,-0.9165885554890513,0.583823645665112
davies_bouldin,-0.7267049881986245,-0.8266270652407142,-0.7974680685270302,-0.8126686919106935,-0.9165885554890513,1.0,-0.5582332945600741
silhouette,0.6674835401867892,0.606545528464466,0.5350370981038747,0.6147895515477306,0.583823645665112,-0.5582332945600741,1.0
