,abilities,v_measure,mutual_info,adjusted_rand_score,calinski_harabasz,davies_bouldin,silhouette
abilities,1.0,0.7104202193136003,0.7890591032159086,0.7211939152333736,0.7376593750352912,-0.6611141853662944,0.6685225129589267
v_measure,0.7104202193136003,1.0,0.930823221187417,0.9886616449649347,0.9070571096229206,-0.8303086426724187,0.5732080542976206
mutual_info,0.7890591032159086,0.930823221187417,1.0,0.9319525457948535,0.8731599067317075,-0.7934182962006135,0.5027753152307464
adjusted_rand_score,0.7211939152333736,0.9886616449649347,0.9319525457948535,1.0,0.9069667641644739,-0.8148369829134152,0.583462263831325
calinski_harabasz,0.7376593750352912,0.9070571096229206,0.8731599067317075,0.9069667641644739,1.0,-0.894883059097223,0.5267027295621634
davies_bouldin,-0.6611141853662944,-0.8303086426724187,-0.7934182962006135,-0.8148369829134152,-0.894883059097223,1.0,-0.533794848050232
silhouette,0.6685225129589267,0.5732080542976206,0.5027753152307464,0.583462263831325,0.5267027295621634,-0.533794848050232,1.0
