,abilities,v_measure,mutual_info,adjusted_rand_score,calinski_harabasz,davies_bouldin,silhouette
abilities,1.0,0.7047962145252911,0.782271862325215,0.7173994059786107,0.7603360851054218,-0.7256886017910987,0.6665349128730985
v_measure,0.7047962145252911,1.0,0.9320428917634485,0.987713017651244,0.8714835853595184,-0.8316638245491197,0.605980869349174
mutual_info,0.782271862325215,0.9320428917634485,1.0,0.9316024551665483,0.8367053084036561,-0.7989858665152757,0.5349949462809107
adjusted_rand_score,0.7173994059786107,0.987713017651244,0.9316024551665483,1.0,0.8733808399868999,-0.8172763102914771,0.614834724276954
calinski_harabasz,0.7603360851054218,0.8714835853595184,0.8367053084036561,0.8733808399868999,1.0,-0.9240872285401304,0.5848626184372494
davies_bouldin,-0.7256886017910987,-0.8316638245491197,-0.7989858665152757,-0.8172763102914771,-0.9240872285401304,1.0,-0.5620729765440603
silhouette,0.6665349128730985,0.605980869349174,0.5349949462809107,0.614834724276954,0.5848626184372494,-0.5620729765440603,1.0
