,abilities,v_measure,mutual_info,adjusted_rand_score,calinski_harabasz,davies_bouldin,silhouette
abilities,1.0,0.7038372392480041,0.6899748903620391,0.8029873808910636,0.5737831573525625,-0.04764357455575586,0.5480298738089107
v_measure,0.7038372392480041,1.0,0.8871289697096094,0.8617048673705897,0.5235642544424414,-0.2948750965748133,0.5418490857584342
mutual_info,0.6899748903620391,0.8871289697096094,1.0,0.7623462767717938,0.4852231031885336,-0.06052411318965255,0.3385487097353118
adjusted_rand_score,0.8029873808910636,0.8617048673705897,0.7623462767717938,1.0,0.45351532320370846,-0.16018542364151428,0.49729590522791656
calinski_harabasz,0.5737831573525625,0.5235642544424414,0.4852231031885336,0.45351532320370846,1.0,-0.6095802214782384,0.8738089106361061
davies_bouldin,-0.04764357455575586,-0.2948750965748133,-0.06052411318965255,-0.16018542364151428,-0.6095802214782384,1.0,-0.6760236930208602
silhouette,0.5480298738089107,0.5418490857584342,0.3385487097353118,0.49729590522791656,0.8738089106361061,-0.6760236930208602,1.0
