,abilities,v_measure,mutual_info,adjusted_rand_score,calinski_harabasz,davies_bouldin,silhouette
abilities,1.0,0.5606489827453001,0.5019314962657739,0.7522534123100695,0.6268349214524852,-0.20267834148853978,0.6822044810713366
v_measure,0.5606489827453001,1.0,0.8547514808138038,0.8673705897501931,0.5845995364408962,-0.31496265773886173,0.5385011588977595
mutual_info,0.5019314962657739,0.8547514808138038,1.0,0.7406644347154262,0.5189286634045841,-0.02652588204996137,0.298223023435488
adjusted_rand_score,0.7522534123100695,0.8673705897501931,0.7406644347154262,1.0,0.5132629410249807,-0.2096317280453258,0.539788823074942
calinski_harabasz,0.6268349214524852,0.5845995364408962,0.5189286634045841,0.5132629410249807,1.0,-0.5840844707700231,0.8704609837754314
davies_bouldin,-0.20267834148853978,-0.31496265773886173,-0.02652588204996137,-0.2096317280453258,-0.5840844707700231,1.0,-0.6623744527427247
silhouette,0.6822044810713366,0.5385011588977595,0.298223023435488,0.539788823074942,0.8704609837754314,-0.6623744527427247,1.0
