,abilities,v_measure,mutual_info,adjusted_rand_score,calinski_harabasz,davies_bouldin,silhouette
abilities,1.0,0.6811477282388946,0.6984058437202236,0.5879940745836405,0.4506349206349206,-0.41195767195767197,0.7549206349206349
v_measure,0.6811477282388946,1.0,0.9956159140692126,0.9704322065085161,-0.04873467140866358,0.0753773500777864,0.27272366605890563
mutual_info,0.6984058437202236,0.9956159140692126,1.0,0.9566827646419122,-0.009404979687454646,0.03777887615298683,0.29550181248977214
adjusted_rand_score,0.5879940745836405,0.9704322065085161,0.9566827646419122,1.0,-0.16945341047056095,0.19247050135415003,0.148499920838604
calinski_harabasz,0.4506349206349206,-0.04873467140866358,-0.009404979687454646,-0.16945341047056095,1.0,-0.9848148148148148,0.7667724867724868
davies_bouldin,-0.41195767195767197,0.0753773500777864,0.03777887615298683,0.19247050135415003,-0.9848148148148148,1.0,-0.784973544973545
silhouette,0.7549206349206349,0.27272366605890563,0.29550181248977214,0.148499920838604,0.7667724867724868,-0.784973544973545,1.0
