,abilities,v_measure,mutual_info,adjusted_rand_score,calinski_harabasz,davies_bouldin,silhouette
abilities,1.0,0.6681041924058484,0.6953278235640129,0.5470659830929367,0.4498412698412698,-0.41375661375661377,0.7608994708994709
v_measure,0.6681041924058484,1.0,0.9937768625605441,0.9463017113116415,-0.06519122168889634,0.08865900319784563,0.2560289984916599
mutual_info,0.6953278235640129,0.9937768625605441,1.0,0.9174162694430775,-0.011677948442064502,0.040303486459914224,0.2939877179224492
adjusted_rand_score,0.5470659830929367,0.9463017113116415,0.9174162694430775,1.0,-0.22765754833710805,0.23776390318484486,0.10466162245457286
calinski_harabasz,0.4498412698412698,-0.06519122168889634,-0.011677948442064502,-0.22765754833710805,1.0,-0.9840740740740741,0.7626984126984127
davies_bouldin,-0.41375661375661377,0.08865900319784563,0.040303486459914224,0.23776390318484486,-0.9840740740740741,1.0,-0.7827513227513228
silhouette,0.7608994708994709,0.2560289984916599,0.2939877179224492,0.10466162245457286,0.7626984126984127,-0.7827513227513228,1.0
