,abilities,v_measure,mutual_info,adjusted_rand_score,calinski_harabasz,davies_bouldin,silhouette
abilities,1.0,0.3206510337792426,0.3760352010919592,0.12299292131259447,0.7277802082421909,-0.7069209904628576,0.8878992037798582
v_measure,0.3206510337792426,1.0,0.9946246779373266,0.9429524037798331,-0.0907770391994832,0.0565628283579583,0.14390969603573364
mutual_info,0.3760352010919592,0.9946246779373266,1.0,0.9133218030658823,-0.03240716813582347,0.001575713199472778,0.1909939477005393
adjusted_rand_score,0.12299292131259447,0.9429524037798331,0.9133218030658823,1.0,-0.2736890006271578,0.2177576721531891,-0.030065714117108323
calinski_harabasz,0.7277802082421909,-0.0907770391994832,-0.03240716813582347,-0.2736890006271578,1.0,-0.9655962901391197,0.7964826319013038
davies_bouldin,-0.7069209904628576,0.0565628283579583,0.001575713199472778,0.2177576721531891,-0.9655962901391197,1.0,-0.7990725347799458
silhouette,0.8878992037798582,0.14390969603573364,0.1909939477005393,-0.030065714117108323,0.7964826319013038,-0.7990725347799458,1.0
