,abilities,v_measure,mutual_info,adjusted_rand_score,calinski_harabasz,davies_bouldin,silhouette
abilities,1.0,0.5848983953315068,0.6062981585892437,0.47488776303483743,0.4416732300691345,-0.40740351798372276,0.7533560864618886
v_measure,0.5848983953315068,1.0,0.9963126156340019,0.9544121894591983,-0.08117900342782201,0.10102742729309803,0.24033395775494265
mutual_info,0.6062981585892437,0.9963126156340019,1.0,0.9370897733064877,-0.040572872238223825,0.06327686292075323,0.2647397432055434
adjusted_rand_score,0.47488776303483743,0.9544121894591983,0.9370897733064877,1.0,-0.21845327179853333,0.22804484242152798,0.10477215647672626
calinski_harabasz,0.4416732300691345,-0.08117900342782201,-0.040572872238223825,-0.21845327179853333,1.0,-0.985648026603658,0.7397742189551063
davies_bouldin,-0.40740351798372276,0.10102742729309803,0.06327686292075323,0.22804484242152798,-0.985648026603658,1.0,-0.7581167410518946
silhouette,0.7533560864618886,0.24033395775494265,0.2647397432055434,0.10477215647672626,0.7397742189551063,-0.7581167410518946,1.0
