,abilities,v_measure,mutual_info,adjusted_rand_score,calinski_harabasz,davies_bouldin,silhouette
abilities,1.0,0.6694556300801046,0.6892144920060869,0.574866755846263,0.5118228756454012,-0.47548787958344274,0.8076485516758555
v_measure,0.6694556300801046,1.0,0.9963647909346918,0.9698301142044234,0.033309994876390706,-0.006073866643251485,0.3311920194725111
mutual_info,0.6892144920060869,0.9963647909346918,1.0,0.9558312187515214,0.07417727908372576,-0.0460060309102182,0.35916589477927774
adjusted_rand_score,0.574866755846263,0.9698301142044234,0.9558312187515214,1.0,-0.08452429936307902,0.10642115140350393,0.21151203841446406
calinski_harabasz,0.5118228756454012,0.033309994876390706,0.07417727908372576,-0.08452429936307902,1.0,-0.9858230506694671,0.7624573378839591
davies_bouldin,-0.47548787958344274,-0.006073866643251485,-0.0460060309102182,0.10642115140350393,-0.9858230506694671,1.0,-0.7802747877833202
silhouette,0.8076485516758555,0.3311920194725111,0.35916589477927774,0.21151203841446406,0.7624573378839591,-0.7802747877833202,1.0
