,abilities,v_measure,mutual_info,adjusted_rand_score,calinski_harabasz,davies_bouldin,silhouette
abilities,1.0,0.678747409312066,0.6996008784015413,0.5866779864908803,0.5042137412789668,-0.4678434221183971,0.8025098670987888
v_measure,0.678747409312066,1.0,0.9954186587541569,0.9691999338150699,0.03576054625983511,-0.007264134458067338,0.3305093658728373
mutual_info,0.6996008784015413,0.9954186587541569,1.0,0.9509955590250909,0.07824178752666965,-0.047828051936365454,0.3582548842662041
adjusted_rand_score,0.5866779864908803,0.9691999338150699,0.9509955590250909,1.0,-0.08095358967782988,0.10498586613786456,0.2148552028746728
calinski_harabasz,0.5042137412789668,0.03576054625983511,0.07824178752666965,-0.08095358967782988,1.0,-0.9858930602957907,0.7607070972258686
davies_bouldin,-0.4678434221183971,-0.007264134458067338,-0.047828051936365454,0.10498586613786456,-0.9858930602957907,1.0,-0.7781394941804498
silhouette,0.8025098670987888,0.3305093658728373,0.3582548842662041,0.2148552028746728,0.7607070972258686,-0.7781394941804498,1.0
