,abilities,v_measure,mutual_info,adjusted_rand_score,calinski_harabasz,davies_bouldin,silhouette
abilities,1.0,0.55234521575985,0.3772983114446529,0.5782363977485929,0.549718574108818,-0.5452157598499062,0.774671669793621
v_measure,0.55234521575985,1.0,0.9339587242026266,0.9780487804878049,0.9617260787992495,-0.9180112570356472,0.6808630393996248
mutual_info,0.3772983114446529,0.9339587242026266,1.0,0.9078799249530957,0.8902439024390244,-0.874859287054409,0.6058161350844278
adjusted_rand_score,0.5782363977485929,0.9780487804878049,0.9078799249530957,1.0,0.9617260787992495,-0.9136960600375235,0.6879924953095685
calinski_harabasz,0.549718574108818,0.9617260787992495,0.8902439024390244,0.9617260787992495,1.0,-0.949343339587242,0.6853658536585366
davies_bouldin,-0.5452157598499062,-0.9180112570356472,-0.874859287054409,-0.9136960600375235,-0.949343339587242,1.0,-0.6772983114446529
silhouette,0.774671669793621,0.6808630393996248,0.6058161350844278,0.6879924953095685,0.6853658536585366,-0.6772983114446529,1.0
