,abilities,v_measure,mutual_info,adjusted_rand_score,calinski_harabasz,davies_bouldin,silhouette
abilities,1.0,0.006944444444444444,-0.09553303303303304,-0.06850600600600601,0.21340090090090091,-0.46996996996997,0.6691066066066066
v_measure,0.006944444444444444,1.0,0.9872372372372372,0.9335585585585585,0.9029654654654654,-0.7227852852852853,0.3447822822822823
mutual_info,-0.09553303303303304,0.9872372372372372,1.0,0.9294294294294294,0.8795045045045045,-0.6987612612612613,0.2969219219219219
adjusted_rand_score,-0.06850600600600601,0.9335585585585585,0.9294294294294294,1.0,0.8498498498498499,-0.6182432432432432,0.29185435435435436
calinski_harabasz,0.21340090090090091,0.9029654654654654,0.8795045045045045,0.8498498498498499,1.0,-0.8815690690690691,0.612987987987988
davies_bouldin,-0.46996996996997,-0.7227852852852853,-0.6987612612612613,-0.6182432432432432,-0.8815690690690691,1.0,-0.6816816816816816
silhouette,0.6691066066066066,0.3447822822822823,0.2969219219219219,0.29185435435435436,0.612987987987988,-0.6816816816816816,1.0
