,abilities,v_measure,mutual_info,adjusted_rand_score,calinski_harabasz,davies_bouldin,silhouette
abilities,1.0,0.5195121951219512,0.32138836772983115,0.5499061913696061,0.5045028142589119,-0.4954971857410882,0.7424015009380863
v_measure,0.5195121951219512,1.0,0.9309568480300188,0.9774859287054409,0.9606003752345216,-0.9176360225140713,0.6782363977485929
mutual_info,0.32138836772983115,0.9309568480300188,1.0,0.9046904315196999,0.8894934333958724,-0.8682926829268293,0.6054409005628518
adjusted_rand_score,0.5499061913696061,0.9774859287054409,0.9046904315196999,1.0,0.9617260787992495,-0.9135084427767355,0.6874296435272045
calinski_harabasz,0.5045028142589119,0.9606003752345216,0.8894934333958724,0.9617260787992495,1.0,-0.950281425891182,0.6857410881801126
davies_bouldin,-0.4954971857410882,-0.9176360225140713,-0.8682926829268293,-0.9135084427767355,-0.950281425891182,1.0,-0.6763602251407129
silhouette,0.7424015009380863,0.6782363977485929,0.6054409005628518,0.6874296435272045,0.6857410881801126,-0.6763602251407129,1.0
