,abilities,v_measure,mutual_info,adjusted_rand_score,calinski_harabasz,davies_bouldin,silhouette
abilities,1.0,0.6022514071294559,0.44296435272045026,0.6288930581613509,0.599437148217636,-0.60187617260788,0.7969981238273921
v_measure,0.6022514071294559,1.0,0.9354596622889306,0.977298311444653,0.9606003752345216,-0.9165103189493433,0.6786116322701689
mutual_info,0.44296435272045026,0.9354596622889306,1.0,0.9073170731707317,0.8902439024390244,-0.875797373358349,0.6067542213883678
adjusted_rand_score,0.6288930581613509,0.977298311444653,0.9073170731707317,1.0,0.9613508442776736,-0.9116322701688555,0.6870544090056285
calinski_harabasz,0.599437148217636,0.9606003752345216,0.8902439024390244,0.9613508442776736,1.0,-0.9470919324577861,0.6849906191369606
davies_bouldin,-0.60187617260788,-0.9165103189493433,-0.875797373358349,-0.9116322701688555,-0.9470919324577861,1.0,-0.675797373358349
silhouette,0.7969981238273921,0.6786116322701689,0.6067542213883678,0.6870544090056285,0.6849906191369606,-0.675797373358349,1.0
