,abilities,v_measure,mutual_info,adjusted_rand_score,calinski_harabasz,davies_bouldin,silhouette
abilities,1.0,0.008445945945945946,-0.09403153153153153,-0.0656906906906907,0.21978228228228228,-0.47184684684684686,0.6704204204204204
v_measure,0.008445945945945946,1.0,0.9872372372372372,0.9335585585585585,0.9018393393393394,-0.7227852852852853,0.3447822822822823
mutual_info,-0.09403153153153153,0.9872372372372372,1.0,0.9294294294294294,0.8783783783783784,-0.6987612612612613,0.2969219219219219
adjusted_rand_score,-0.0656906906906907,0.9335585585585585,0.9294294294294294,1.0,0.847972972972973,-0.6182432432432432,0.29185435435435436
calinski_harabasz,0.21978228228228228,0.9018393393393394,0.8783783783783784,0.847972972972973,1.0,-0.8843843843843844,0.6184309309309309
davies_bouldin,-0.47184684684684686,-0.7227852852852853,-0.6987612612612613,-0.6182432432432432,-0.8843843843843844,1.0,-0.6816816816816816
silhouette,0.6704204204204204,0.3447822822822823,0.2969219219219219,0.29185435435435436,0.6184309309309309,-0.6816816816816816,1.0
