,abilities,v_measure,mutual_info,adjusted_rand_score,calinski_harabasz,davies_bouldin,silhouette
abilities,1.0,0.6822161000413538,0.7303845907425636,0.698047050189587,0.7092650082416462,-0.6689129763700645,0.5877429538293076
v_measure,0.6822161000413538,1.0,0.9628281369219926,0.9900750776112622,0.8528735096599083,-0.8091199785658953,0.43796049834293405
mutual_info,0.7303845907425636,0.9628281369219926,1.0,0.9638998421564573,0.8363319723453454,-0.789048803359563,0.40168560595029384
adjusted_rand_score,0.698047050189587,0.9900750776112622,0.9638998421564573,1.0,0.8589076760887419,-0.7972380292272656,0.4461380752406968
calinski_harabasz,0.7092650082416462,0.8528735096599083,0.8363319723453454,0.8589076760887419,1.0,-0.8994227935394813,0.4275929150964826
davies_bouldin,-0.6689129763700645,-0.8091199785658953,-0.789048803359563,-0.7972380292272656,-0.8994227935394813,1.0,-0.4291422280984804
silhouette,0.5877429538293076,0.43796049834293405,0.40168560595029384,0.4461380752406968,0.4275929150964826,-0.4291422280984804,1.0
