,abilities,v_measure,mutual_info,adjusted_rand_score,calinski_harabasz,davies_bouldin,silhouette
abilities,1.0,0.6830548258770218,0.7306488203958446,0.696649173796807,0.709136869572308,-0.6696585104462138,0.5807302739255281
v_measure,0.6830548258770218,1.0,0.9634949341435302,0.9902032162806004,0.8515921229665266,-0.810611046718194,0.4375644333649797
mutual_info,0.7306488203958446,0.9634949341435302,1.0,0.9628658879348414,0.8351695075710257,-0.789802462020316,0.4019954743637033
adjusted_rand_score,0.696649173796807,0.9902032162806004,0.9628658879348414,1.0,0.8583135786218103,-0.7985660118004065,0.4460099365713587
calinski_harabasz,0.709136869572308,0.8515921229665266,0.8351695075710257,0.8583135786218103,1.0,-0.903418390228844,0.4280239269842564
davies_bouldin,-0.6696585104462138,-0.810611046718194,-0.789802462020316,-0.7985660118004065,-0.903418390228844,1.0,-0.4309711163790342
silhouette,0.5807302739255281,0.4375644333649797,0.4019954743637033,0.4460099365713587,0.4280239269842564,-0.4309711163790342,1.0
