,abilities,v_measure,mutual_info,adjusted_rand_score,calinski_harabasz,davies_bouldin,silhouette
abilities,1.0,0.7490558492913316,0.8077042697827342,0.7355489403296752,0.6815213044830497,-0.5400245849439433,0.4896402600672383
v_measure,0.7490558492913316,1.0,0.9720679492306097,0.9841530783015654,0.7851038936034715,-0.7041809214910917,0.5215710667792243
mutual_info,0.8077042697827342,0.9720679492306097,1.0,0.9600420609884333,0.7426578397831786,-0.6133647309725863,0.4560210897350454
adjusted_rand_score,0.7355489403296752,0.9841530783015654,0.9600420609884333,1.0,0.773374209505191,-0.6869122199019564,0.5048947734778809
calinski_harabasz,0.6815213044830497,0.7851038936034715,0.7426578397831786,0.773374209505191,1.0,-0.9096577361117282,0.5375660905496068
davies_bouldin,-0.5400245849439433,-0.7041809214910917,-0.6133647309725863,-0.6869122199019564,-0.9096577361117282,1.0,-0.5283837620888316
silhouette,0.4896402600672383,0.5215710667792243,0.4560210897350454,0.5048947734778809,0.5375660905496068,-0.5283837620888316,1.0
