,abilities,v_measure,mutual_info,adjusted_rand_score,calinski_harabasz,davies_bouldin,silhouette
abilities,1.0,0.7689960826922733,0.8204531990521327,0.769618116000693,0.6957738761011557,-0.5152064928570405,0.46467369170637435
v_measure,0.7689960826922733,1.0,0.9701942373323081,0.9796507753143466,0.7614668029205729,-0.716295670976437,0.5792420135957702
mutual_info,0.8204531990521327,0.9701942373323081,1.0,0.9637517494951042,0.7208625528740831,-0.6220184981028212,0.5060092860825494
adjusted_rand_score,0.769618116000693,0.9796507753143466,0.9637517494951042,1.0,0.7445239258897232,-0.6809881370240369,0.5497697012781209
calinski_harabasz,0.6957738761011557,0.7614668029205729,0.7208625528740831,0.7445239258897232,1.0,-0.8971875416537077,0.5277024925578709
davies_bouldin,-0.5152064928570405,-0.716295670976437,-0.6220184981028212,-0.6809881370240369,-0.8971875416537077,1.0,-0.557263666118689
silhouette,0.46467369170637435,0.5792420135957702,0.5060092860825494,0.5497697012781209,0.5277024925578709,-0.557263666118689,1.0
