,abilities,v_measure,mutual_info,adjusted_rand_score,calinski_harabasz,davies_bouldin,silhouette
abilities,1.0,0.753439670620992,0.8083559188993054,0.7540913197375632,0.6928066823654863,-0.504302365190089,0.4551324773033575
v_measure,0.753439670620992,1.0,0.9664104500821966,0.9795915344855675,0.7676574695279987,-0.719376194072955,0.574769331022941
mutual_info,0.8083559188993054,0.9664104500821966,1.0,0.960871432591342,0.7255076198516017,-0.6188741280490514,0.49686764117830007
adjusted_rand_score,0.7540913197375632,0.9795915344855675,0.960871432591342,1.0,0.7497667392366819,-0.6873269057034108,0.5508064157817568
calinski_harabasz,0.6928066823654863,0.7676574695279987,0.7255076198516017,0.7497667392366819,1.0,-0.8948771493313191,0.5276136313147021
davies_bouldin,-0.504302365190089,-0.719376194072955,-0.6188741280490514,-0.6873269057034108,-0.8948771493313191,1.0,-0.5561973312006635
silhouette,0.4551324773033575,0.574769331022941,0.49686764117830007,0.5508064157817568,0.5276136313147021,-0.5561973312006635,1.0
