,abilities,v_measure,mutual_info,adjusted_rand_score,calinski_harabasz,davies_bouldin,silhouette
abilities,1.0,0.8471760797342193,0.8475002025767766,0.8662993274451017,0.7855927396483268,-0.6473543472976258,0.5788023660967506
v_measure,0.8471760797342193,1.0,0.9857385949274775,0.9615914431569564,0.9141074467223077,-0.867595818815331,0.6382789077060206
mutual_info,0.8475002025767766,0.9857385949274775,1.0,0.9526780649866299,0.8920670934284094,-0.843934851308646,0.6138076330929422
adjusted_rand_score,0.8662993274451017,0.9615914431569564,0.9526780649866299,1.0,0.8687302487642816,-0.7766793614780002,0.628393161008022
calinski_harabasz,0.7855927396483268,0.9141074467223077,0.8920670934284094,0.8687302487642816,1.0,-0.9359857385949275,0.6729600518596548
davies_bouldin,-0.6473543472976258,-0.867595818815331,-0.843934851308646,-0.7766793614780002,-0.9359857385949275,1.0,-0.6115387731950409
silhouette,0.5788023660967506,0.6382789077060206,0.6138076330929422,0.628393161008022,0.6729600518596548,-0.6115387731950409,1.0
