,abilities,v_measure,mutual_info,adjusted_rand_score,calinski_harabasz,davies_bouldin,silhouette
abilities,1.0,0.8492828782108419,0.8530102909002512,0.8688923101855603,0.7862409853334413,-0.6525403127785431,0.579612673203144
v_measure,0.8492828782108419,1.0,0.9873592091402642,0.9627258731059072,0.9137833238797505,-0.8687302487642816,0.638116846284742
mutual_info,0.8530102909002512,0.9873592091402642,1.0,0.9564054776760392,0.89320152337736,-0.8440969127299246,0.6131593874078276
adjusted_rand_score,0.8688923101855603,0.9627258731059072,0.9564054776760392,1.0,0.8684061259217243,-0.7774896685843935,0.6280690381654647
calinski_harabasz,0.7862409853334413,0.9137833238797505,0.89320152337736,0.8684061259217243,1.0,-0.9389028441779435,0.6727979904383762
davies_bouldin,-0.6525403127785431,-0.8687302487642816,-0.8440969127299246,-0.7774896685843935,-0.9389028441779435,1.0,-0.6144558787780569
silhouette,0.579612673203144,0.638116846284742,0.6131593874078276,0.6280690381654647,0.6727979904383762,-0.6144558787780569,1.0
