,abilities,v_measure,mutual_info,adjusted_rand_score,calinski_harabasz,davies_bouldin,silhouette
abilities,1.0,0.8411798071469087,0.8518758609513005,0.8606271777003485,0.7833238797504254,-0.6486508386678551,0.5802609188882587
v_measure,0.8411798071469087,1.0,0.9941657888339681,0.9619155659995138,0.9142695081435864,-0.8648407746535937,0.6373065391783486
mutual_info,0.8518758609513005,0.9941657888339681,1.0,0.9625638116846285,0.9032493314966372,-0.8491208167895632,0.6209383356292034
adjusted_rand_score,0.8606271777003485,0.9619155659995138,0.9625638116846285,1.0,0.8703508629770683,-0.7760311157928855,0.6295275909569726
calinski_harabasz,0.7833238797504254,0.9142695081435864,0.9032493314966372,0.8703508629770683,1.0,-0.9343651243821408,0.6723118061745401
davies_bouldin,-0.6486508386678551,-0.8648407746535937,-0.8491208167895632,-0.7760311157928855,-0.9343651243821408,1.0,-0.6120249574588769
silhouette,0.5802609188882587,0.6373065391783486,0.6209383356292034,0.6295275909569726,0.6723118061745401,-0.6120249574588769,1.0
