,abilities,v_measure,mutual_info,adjusted_rand_score,calinski_harabasz,davies_bouldin,silhouette
abilities,1.0,0.8175188396402236,0.8071469086783891,0.8930394619560813,0.7178510655538449,-0.6094319747184183,0.5365043351430192
v_measure,0.8175188396402236,1.0,0.9854144720849202,0.9385787213353861,0.9097317883477838,-0.8408556843043513,0.6003565351268131
mutual_info,0.8071469086783891,0.9854144720849202,1.0,0.9361478000162061,0.8962806903816547,-0.7899683980228507,0.5601653026497042
adjusted_rand_score,0.8930394619560813,0.9385787213353861,0.9361478000162061,1.0,0.8209221294870755,-0.7063447046430598,0.5389352564621992
calinski_harabasz,0.7178510655538449,0.9097317883477838,0.8962806903816547,0.8209221294870755,1.0,-0.8943359533263107,0.6595089538935256
davies_bouldin,-0.6094319747184183,-0.8408556843043513,-0.7899683980228507,-0.7063447046430598,-0.8943359533263107,1.0,-0.6107284660886476
silhouette,0.5365043351430192,0.6003565351268131,0.5601653026497042,0.5389352564621992,0.6595089538935256,-0.6107284660886476,1.0
