,abilities,v_measure,mutual_info,adjusted_rand_score,calinski_harabasz,davies_bouldin,silhouette
abilities,1.0,0.9058346839546191,0.7366288492706645,0.9317666126418153,0.8515397082658023,-0.4807131280388979,0.7499189627228525
v_measure,0.9058346839546191,1.0,0.8345218800648299,0.9709886547811993,0.8907617504051863,-0.640356564019449,0.7683954619124798
mutual_info,0.7366288492706645,0.8345218800648299,1.0,0.8231766612641815,0.7035656401944894,-0.4298217179902755,0.5487844408427877
adjusted_rand_score,0.9317666126418153,0.9709886547811993,0.8231766612641815,1.0,0.8450567260940033,-0.5573743922204214,0.73387358184765
calinski_harabasz,0.8515397082658023,0.8907617504051863,0.7035656401944894,0.8450567260940033,1.0,-0.8092382495948136,0.8858995137763371
davies_bouldin,-0.4807131280388979,-0.640356564019449,-0.4298217179902755,-0.5573743922204214,-0.8092382495948136,1.0,-0.8377633711507293
silhouette,0.7499189627228525,0.7683954619124798,0.5487844408427877,0.73387358184765,0.8858995137763371,-0.8377633711507293,1.0
