,abilities,v_measure,mutual_info,adjusted_rand_score,calinski_harabasz,davies_bouldin,silhouette
abilities,1.0,0.9024311183144247,0.7385737439222042,0.9291734197730956,0.8515397082658023,-0.4787682333873582,0.7494327390599675
v_measure,0.9024311183144247,1.0,0.83354943273906,0.9713128038897894,0.8886547811993517,-0.6377633711507293,0.766288492706645
mutual_info,0.7385737439222042,0.83354943273906,1.0,0.8194489465153971,0.7035656401944894,-0.43030794165316044,0.5499189627228526
adjusted_rand_score,0.9291734197730956,0.9713128038897894,0.8194489465153971,1.0,0.8432739059967586,-0.5559157212317666,0.7322528363047002
calinski_harabasz,0.8515397082658023,0.8886547811993517,0.7035656401944894,0.8432739059967586,1.0,-0.8087520259319287,0.8854132901134522
davies_bouldin,-0.4787682333873582,-0.6377633711507293,-0.43030794165316044,-0.5559157212317666,-0.8087520259319287,1.0,-0.8371150729335495
silhouette,0.7494327390599675,0.766288492706645,0.5499189627228526,0.7322528363047002,0.8854132901134522,-0.8371150729335495,1.0
