,abilities,v_measure,mutual_info,adjusted_rand_score,calinski_harabasz,davies_bouldin,silhouette
abilities,1.0,0.9085899513776338,0.7518638573743922,0.926580226904376,0.8158833063209077,-0.48427876823338734,0.7236628849270664
v_measure,0.9085899513776338,1.0,0.8371150729335495,0.9777957860615883,0.8559157212317666,-0.6411669367909238,0.7414910858995137
mutual_info,0.7518638573743922,0.8371150729335495,1.0,0.8515397082658023,0.6884927066450567,-0.4288492706645057,0.5426256077795786
adjusted_rand_score,0.926580226904376,0.9777957860615883,0.8515397082658023,1.0,0.7980551053484602,-0.5465153970826581,0.6893030794165316
calinski_harabasz,0.8158833063209077,0.8559157212317666,0.6884927066450567,0.7980551053484602,1.0,-0.7959481361426256,0.8609400324149109
davies_bouldin,-0.48427876823338734,-0.6411669367909238,-0.4288492706645057,-0.5465153970826581,-0.7959481361426256,1.0,-0.8431118314424635
silhouette,0.7236628849270664,0.7414910858995137,0.5426256077795786,0.6893030794165316,0.8609400324149109,-0.8431118314424635,1.0
