,abilities,v_measure,mutual_info,adjusted_rand_score,calinski_harabasz,davies_bouldin,silhouette
abilities,1.0,0.9061588330632091,0.7549432739059968,0.9170178282009724,0.8565640194489466,-0.4807131280388979,0.7285251215559158
v_measure,0.9061588330632091,1.0,0.8361426256077796,0.9782820097244732,0.8993517017828201,-0.6583468395461912,0.7658022690437601
mutual_info,0.7549432739059968,0.8361426256077796,1.0,0.8280388978930308,0.719935170178282,-0.4547811993517018,0.5487844408427877
adjusted_rand_score,0.9170178282009724,0.9782820097244732,0.8280388978930308,1.0,0.8677471636952998,-0.6103727714748785,0.7387358184764992
calinski_harabasz,0.8565640194489466,0.8993517017828201,0.719935170178282,0.8677471636952998,1.0,-0.8111831442463533,0.8860615883306321
davies_bouldin,-0.4807131280388979,-0.6583468395461912,-0.4547811993517018,-0.6103727714748785,-0.8111831442463533,1.0,-0.833711507293355
silhouette,0.7285251215559158,0.7658022690437601,0.5487844408427877,0.7387358184764992,0.8860615883306321,-0.833711507293355,1.0
