,abilities,v_measure,mutual_info,adjusted_rand_score,calinski_harabasz,davies_bouldin,silhouette
abilities,1.0,0.8474775495916783,0.8408033445901085,0.853164417794676,0.8807764345309042,-0.8826834667120722,0.9014643282819683
v_measure,0.8474775495916783,1.0,0.9958568090714024,0.988389769879634,0.8246072696997516,-0.829554266206531,0.7745242517085704
mutual_info,0.8408033445901085,0.9958568090714024,1.0,0.9804651357187159,0.8261911921983297,-0.8313003363912594,0.7753381769980368
adjusted_rand_score,0.853164417794676,0.988389769879634,0.9804651357187159,1.0,0.8161969111877736,-0.8169376235495425,0.7701790914709823
calinski_harabasz,0.8807764345309042,0.8246072696997516,0.8261911921983297,0.8161969111877736,1.0,-0.9979737783075089,0.9643793631874681
davies_bouldin,-0.8826834667120722,-0.829554266206531,-0.8313003363912594,-0.8169376235495425,-0.9979737783075089,1.0,-0.9615528690618083
silhouette,0.9014643282819683,0.7745242517085704,0.7753381769980368,0.7701790914709823,0.9643793631874681,-0.9615528690618083,1.0
