,abilities,v_measure,mutual_info,adjusted_rand_score,calinski_harabasz,davies_bouldin,silhouette
abilities,1.0,0.8517689200553906,0.8447337883509439,0.8563571434919557,0.8814234633066576,-0.8839434701174868,0.9020773029116295
v_measure,0.8517689200553906,1.0,0.9961676710622961,0.9884578900608862,0.8246242989476236,-0.8298097049246091,0.7743539592298517
mutual_info,0.8447337883509439,0.9961676710622961,1.0,0.9807590065600997,0.8259322177867585,-0.8312201595079357,0.7750112975087564
adjusted_rand_score,0.8563571434919557,0.9884578900608862,0.9807590065600997,1.0,0.8162650226693156,-0.8173462924387942,0.770655871841776
calinski_harabasz,0.8814234633066576,0.8246242989476236,0.8259322177867585,0.8162650226693156,1.0,-0.9977353992848629,0.9640899029456836
davies_bouldin,-0.8839434701174868,-0.8298097049246091,-0.8312201595079357,-0.8173462924387942,-0.9977353992848629,1.0,-0.96128043589307
silhouette,0.9020773029116295,0.7743539592298517,0.7750112975087564,0.770655871841776,0.9640899029456836,-0.96128043589307,1.0
