,abilities,v_measure,mutual_info,adjusted_rand_score,calinski_harabasz,davies_bouldin,silhouette
abilities,1.0,0.8218636991800456,0.8124989474973664,0.8372572147994259,0.8881927300587384,-0.8853324253000766,0.9211032604069124
v_measure,0.8218636991800456,1.0,0.9937752808428432,0.9833162370022661,0.837563328953468,-0.8378102320247419,0.7860372121482879
mutual_info,0.8124989474973664,0.9937752808428432,1.0,0.9716759905295754,0.8372584199721363,-0.8379821322005943,0.7819327486719112
adjusted_rand_score,0.8372572147994259,0.9833162370022661,0.9716759905295754,1.0,0.8219334361090715,-0.8194390654666973,0.779886690024816
calinski_harabasz,0.8881927300587384,0.837563328953468,0.8372584199721363,0.8219334361090715,1.0,-0.9983314888907806,0.9625776794075083
davies_bouldin,-0.8853324253000766,-0.8378102320247419,-0.8379821322005943,-0.8194390654666973,-0.9983314888907806,1.0,-0.9590704009534349
silhouette,0.9211032604069124,0.7860372121482879,0.7819327486719112,0.779886690024816,0.9625776794075083,-0.9590704009534349,1.0
