,abilities,v_measure,mutual_info,adjusted_rand_score,calinski_harabasz,davies_bouldin,silhouette
abilities,1.0,0.7052736493418931,0.7409198839152229,0.7600914607334447,0.6893852783396359,-0.5713071263154809,0.46434887970372973
v_measure,0.7052736493418931,1.0,0.9766071585612524,0.9806720800476847,0.8600728949862712,-0.8087141754365393,0.49550024917186997
mutual_info,0.7409198839152229,0.9766071585612524,1.0,0.9751414416791253,0.82591192018683,-0.7583716862584157,0.44957445353188913
adjusted_rand_score,0.7600914607334447,0.9806720800476847,0.9751414416791253,1.0,0.827573065986574,-0.7464505222837823,0.45045388366116534
calinski_harabasz,0.6893852783396359,0.8600728949862712,0.82591192018683,0.827573065986574,1.0,-0.8924750095271597,0.4224293768748962
davies_bouldin,-0.5713071263154809,-0.8087141754365393,-0.7583716862584157,-0.7464505222837823,-0.8924750095271597,1.0,-0.48850389392118354
silhouette,0.46434887970372973,0.49550024917186997,0.44957445353188913,0.45045388366116534,0.4224293768748962,-0.48850389392118354,1.0
