,abilities,v_measure,mutual_info,adjusted_rand_score,calinski_harabasz,davies_bouldin,silhouette
abilities,1.0,0.689248478097304,0.7218460215558096,0.7416234280186439,0.6753730249465013,-0.5480510851190651,0.4781070755039623
v_measure,0.689248478097304,1.0,0.9764117296436353,0.9798708214854552,0.8641964451479885,-0.8084601178436374,0.49823625401850713
mutual_info,0.7218460215558096,0.9764117296436353,1.0,0.971838692971399,0.8291560402192713,-0.7580785428819903,0.4491835956966552
adjusted_rand_score,0.7416234280186439,0.9798708214854552,0.971838692971399,1.0,0.8331427901386568,-0.7458251497474081,0.45340486031718114
calinski_harabasz,0.6753730249465013,0.8641964451479885,0.8291560402192713,0.8331427901386568,1.0,-0.8939016406257634,0.42551715377324384
davies_bouldin,-0.5480510851190651,-0.8084601178436374,-0.7580785428819903,-0.7458251497474081,-0.8939016406257634,1.0,-0.48780034981776255
silhouette,0.4781070755039623,0.49823625401850713,0.4491835956966552,0.45340486031718114,0.42551715377324384,-0.48780034981776255,1.0
