,abilities,v_measure,mutual_info,adjusted_rand_score,calinski_harabasz,davies_bouldin,silhouette
abilities,1.0,0.6891507636384956,0.72092750564301,0.7417993140444992,0.6753534820547397,-0.550357146346945,0.47908422009204704
v_measure,0.6891507636384956,1.0,0.9753759563802656,0.9798121928101701,0.864939075034933,-0.8080301742248801,0.49841214004436235
mutual_info,0.72092750564301,0.9753759563802656,1.0,0.9712719491103099,0.8288238110593225,-0.7581762573407987,0.44889045232022984
adjusted_rand_score,0.7417993140444992,0.9798121928101701,0.9712719491103099,1.0,0.8334163906233205,-0.7461182931238335,0.45342440320894284
calinski_harabasz,0.6753534820547397,0.864939075034933,0.8288238110593225,0.8334163906233205,1.0,-0.894370670028044,0.42545852509795873
davies_bouldin,-0.550357146346945,-0.8080301742248801,-0.7581762573407987,-0.7461182931238335,-0.894370670028044,1.0,-0.48832800789532826
silhouette,0.47908422009204704,0.49841214004436235,0.44889045232022984,0.45342440320894284,0.42545852509795873,-0.48832800789532826,1.0
