,abilities,v_measure,mutual_info,adjusted_rand_score,calinski_harabasz,davies_bouldin,silhouette
abilities,1.0,0.6909491402833942,0.7399110363028983,0.7010750567117072,0.7152250386297136,-0.6863596015386133,0.5954499128776671
v_measure,0.6909491402833942,1.0,0.9606172884205133,0.9913600946838939,0.8664825590952427,-0.8173258375250683,0.45473912614656276
mutual_info,0.7399110363028983,0.9606172884205133,1.0,0.9611433117825287,0.8481008912854174,-0.796399370091328,0.4138620306496728
adjusted_rand_score,0.7010750567117072,0.9913600946838939,0.9611433117825287,1.0,0.8703751191767761,-0.8042805010356051,0.46418121445244437
calinski_harabasz,0.7152250386297136,0.8664825590952427,0.8481008912854174,0.8703751191767761,1.0,-0.908761547818654,0.45408159910576323
davies_bouldin,-0.6863596015386133,-0.8173258375250683,-0.796399370091328,-0.8042805010356051,-0.908761547818654,1.0,-0.45785580431995265
silhouette,0.5954499128776671,0.45473912614656276,0.4138620306496728,0.46418121445244437,0.45408159910576323,-0.45785580431995265,1.0
