,abilities,v_measure,mutual_info,adjusted_rand_score,calinski_harabasz,davies_bouldin,silhouette
abilities,1.0,0.6921218138637986,0.741691241986209,0.7018203696009576,0.7146750655102092,-0.6851783054851952,0.5932096959288262
v_measure,0.6921218138637986,1.0,0.9601799006020143,0.9910444817043101,0.8672189893809383,-0.8186277410658513,0.4556070618404182
mutual_info,0.741691241986209,0.9601799006020143,1.0,0.9598905868017398,0.8480116251728517,-0.7967373293878344,0.41375818627442923
adjusted_rand_score,0.7018203696009576,0.9910444817043101,0.9598905868017398,1.0,0.8704145707992241,-0.8047407699641648,0.46464148338100403
calinski_harabasz,0.7146750655102092,0.8672189893809383,0.8480116251728517,0.8704145707992241,1.0,-0.908958805930894,0.4541079001873952
davies_bouldin,-0.6851783054851952,-0.8186277410658513,-0.7967373293878344,-0.8047407699641648,-0.908958805930894,1.0,-0.4576585462077128
silhouette,0.5932096959288262,0.4556070618404182,0.41375818627442923,0.46464148338100403,0.4541079001873952,-0.4576585462077128,1.0
