,abilities,v_measure,mutual_info,adjusted_rand_score,calinski_harabasz,davies_bouldin,silhouette
abilities,1.0,0.7712417106633296,0.7937485156835163,0.8225031513180731,0.771314784705603,-0.5732110561025959,0.5271378724492592
v_measure,0.7712417106633296,1.0,0.9576170554814666,0.9830468221925867,0.9201300717952465,-0.8398582363579897,0.593160269643216
mutual_info,0.7937485156835163,0.9576170554814666,1.0,0.9561555746359999,0.8676629094429931,-0.767039953232613,0.5175286358903158
adjusted_rand_score,0.8225031513180731,0.9830468221925867,0.9561555746359999,1.0,0.8928003799850198,-0.7842123531668463,0.5492062332158059
calinski_harabasz,0.771314784705603,0.9201300717952465,0.8676629094429931,0.8928003799850198,1.0,-0.9229068854016332,0.578143553956046
davies_bouldin,-0.5732110561025959,-0.8398582363579897,-0.767039953232613,-0.7842123531668463,-0.9229068854016332,1.0,-0.5951332687845959
silhouette,0.5271378724492592,0.593160269643216,0.5175286358903158,0.5492062332158059,0.578143553956046,-0.5951332687845959,1.0
