,abilities,v_measure,mutual_info,adjusted_rand_score,calinski_harabasz,davies_bouldin,silhouette
abilities,1.0,0.7691225634374029,0.7855276859277663,0.8212608925994264,0.750488682657703,-0.5738321854619193,0.5642960229452493
v_measure,0.7691225634374029,1.0,0.9606130912146733,0.9775662690220867,0.8979155629441532,-0.8058057326586163,0.6305741792871628
mutual_info,0.7855276859277663,0.9606130912146733,1.0,0.9535249091141599,0.8465445112259997,-0.7365315405834962,0.5606057838104459
adjusted_rand_score,0.8212608925994264,0.9775662690220867,0.9535249091141599,1.0,0.8655437622170664,-0.7343393193152962,0.5857432543524727
calinski_harabasz,0.750488682657703,0.8979155629441532,0.8465445112259997,0.8655437622170664,1.0,-0.8998885620855331,0.5967043606934727
davies_bouldin,-0.5738321854619193,-0.8058057326586163,-0.7365315405834962,-0.7343393193152962,-0.8998885620855331,1.0,-0.6355432141617494
silhouette,0.5642960229452493,0.6305741792871628,0.5606057838104459,0.5857432543524727,0.5967043606934727,-0.6355432141617494,1.0
