,abilities,v_measure,mutual_info,adjusted_rand_score,calinski_harabasz,davies_bouldin,silhouette
abilities,1.0,0.7676245455707996,0.7827874093425163,0.8211147445148796,0.7515482562706662,-0.5718957233416759,0.5650633003891192
v_measure,0.7676245455707996,1.0,0.95856701803102,0.9774931949798134,0.8975136557116499,-0.8051480662781564,0.630208809075796
mutual_info,0.7827874093425163,0.95856701803102,1.0,0.9518442061418733,0.8453753265496264,-0.7334258937868795,0.5599115804088493
adjusted_rand_score,0.8211147445148796,0.9774931949798134,0.9518442061418733,1.0,0.8651418549845631,-0.7337547269771095,0.5854874952045159
calinski_harabasz,0.7515482562706662,0.8975136557116499,0.8453753265496264,0.8651418549845631,1.0,-0.8995597288953031,0.596667823672336
davies_bouldin,-0.5718957233416759,-0.8051480662781564,-0.7334258937868795,-0.7337547269771095,-0.8995597288953031,1.0,-0.6351778439503827
silhouette,0.5650633003891192,0.630208809075796,0.5599115804088493,0.5854874952045159,0.596667823672336,-0.6351778439503827,1.0
