,abilities,v_measure,mutual_info,adjusted_rand_score,calinski_harabasz,davies_bouldin,silhouette
abilities,1.0,0.768355285993533,0.7837993368797075,0.8215897257896564,0.7511463490381629,-0.5739052595041926,0.5638575786916092
v_measure,0.768355285993533,1.0,0.959215177657233,0.9776028060432232,0.8976963408173332,-0.8049288441513364,0.630318420139206
mutual_info,0.7837993368797075,0.959215177657233,1.0,0.9524009609721655,0.8454561232392314,-0.7341268029207311,0.5596426646926385
adjusted_rand_score,0.8215897257896564,0.9776028060432232,0.9524009609721655,1.0,0.8654341511536564,-0.7342297082518863,0.585706717331336
calinski_harabasz,0.7511463490381629,0.8976963408173332,0.8454561232392314,0.8654341511536564,1.0,-0.8998154880432598,0.5967043606934727
davies_bouldin,-0.5739052595041926,-0.8049288441513364,-0.7341268029207311,-0.7342297082518863,-0.8998154880432598,1.0,-0.6355432141617494
silhouette,0.5638575786916092,0.630318420139206,0.5596426646926385,0.585706717331336,0.5967043606934727,-0.6355432141617494,1.0
