,abilities,v_measure,mutual_info,adjusted_rand_score,calinski_harabasz,davies_bouldin,silhouette
abilities,1.0,0.5451129476989067,0.6178926306507952,0.5433833778191867,0.4673772598892143,-0.32412139545953855,0.10470341267936671
v_measure,0.5451129476989067,1.0,0.9836776081800787,0.9904229631840256,0.7530996500176348,-0.7481754795301012,0.42615100789495103
mutual_info,0.6178926306507952,0.9836776081800787,1.0,0.9813511671261806,0.7231365580244452,-0.6904578612382051,0.37566936050217553
adjusted_rand_score,0.5433833778191867,0.9904229631840256,0.9813511671261806,1.0,0.7438481781925717,-0.7302965354458884,0.40861119400960416
calinski_harabasz,0.4673772598892143,0.7530996500176348,0.7231365580244452,0.7438481781925717,1.0,-0.8776960850809843,0.3251851650885808
davies_bouldin,-0.32412139545953855,-0.7481754795301012,-0.6904578612382051,-0.7302965354458884,-0.8776960850809843,1.0,-0.3952901597981497
silhouette,0.10470341267936671,0.42615100789495103,0.37566936050217553,0.40861119400960416,0.3251851650885808,-0.3952901597981497,1.0
