,abilities,v_measure,mutual_info,adjusted_rand_score,calinski_harabasz,davies_bouldin,silhouette
abilities,1.0,0.6422537312963602,0.7097025807983179,0.6435966914382605,0.5586035927607231,-0.44300049852563045,0.32724140387001394
v_measure,0.6422537312963602,1.0,0.9748059320911616,0.9924713095851759,0.8148620418351014,-0.7450012208687159,0.3300822051602051
mutual_info,0.7097025807983179,0.9748059320911616,1.0,0.9712314876730735,0.7674406774531959,-0.6605736067674343,0.27249203889315005
adjusted_rand_score,0.6435966914382605,0.9924713095851759,0.9712314876730735,1.0,0.8141566510214602,-0.7348001844868282,0.31229821753167475
calinski_harabasz,0.5586035927607231,0.8148620418351014,0.7674406774531959,0.8141566510214602,1.0,-0.8742912178843701,0.31642204074988467
davies_bouldin,-0.44300049852563045,-0.7450012208687159,-0.6605736067674343,-0.7348001844868282,-0.8742912178843701,1.0,-0.3771263463468895
silhouette,0.32724140387001394,0.3300822051602051,0.27249203889315005,0.31229821753167475,0.31642204074988467,-0.3771263463468895,1.0
