,abilities,v_measure,mutual_info,adjusted_rand_score,calinski_harabasz,davies_bouldin,silhouette
abilities,1.0,0.5466371849480453,0.6193216694793661,0.5447109254184866,0.4682167177622833,-0.32426273094766545,0.10369244960525245
v_measure,0.5466371849480453,1.0,0.9837183039419544,0.9902601806885699,0.7531267804335441,-0.7481483491141919,0.4260696166472232
mutual_info,0.6193216694793661,0.9837183039419544,1.0,0.9812969061103464,0.7231365580244452,-0.6904036002223707,0.37566936050217553
adjusted_rand_score,0.5447109254184866,0.9902601806885699,0.9812969061103464,1.0,0.7437803521527985,-0.7300523617027049,0.408543367969831
calinski_harabasz,0.4682167177622833,0.7531267804335441,0.7231365580244452,0.7437803521527985,1.0,-0.8776960850809843,0.3250359478010798
davies_bouldin,-0.32426273094766545,-0.7481483491141919,-0.6904036002223707,-0.7300523617027049,-0.8776960850809843,1.0,-0.3953579858379229
silhouette,0.10369244960525245,0.4260696166472232,0.37566936050217553,0.408543367969831,0.3250359478010798,-0.3953579858379229,1.0
