,abilities,v_measure,mutual_info,adjusted_rand_score,calinski_harabasz,davies_bouldin,silhouette
abilities,1.0,0.5462068030104952,0.6190812097841022,0.5444229660653598,0.4669786685765502,-0.3247532811143985,0.10525994506295636
v_measure,0.5462068030104952,1.0,0.9836943989401643,0.9905043544317534,0.7527605198187688,-0.7477820884994167,0.4249030087631243
mutual_info,0.6190812097841022,0.9836943989401643,1.0,0.98117123603314,0.7231846114858871,-0.6904784514383833,0.3756935306991361
adjusted_rand_score,0.5444229660653598,0.9905043544317534,0.98117123603314,1.0,0.7435904392414335,-0.7299981008708863,0.4084077158902846
calinski_harabasz,0.4669786685765502,0.7527605198187688,0.7231846114858871,0.7435904392414335,1.0,-0.8776960850809843,0.3251851650885808
davies_bouldin,-0.3247532811143985,-0.7477820884994167,-0.6904784514383833,-0.7299981008708863,-0.8776960850809843,1.0,-0.3952901597981497
silhouette,0.10525994506295636,0.4249030087631243,0.3756935306991361,0.4084077158902846,0.3251851650885808,-0.3952901597981497,1.0
