,abilities,v_measure,mutual_info,adjusted_rand_score,calinski_harabasz,davies_bouldin,silhouette
abilities,1.0,0.6677496261115277,0.714997405649292,0.6722736383067169,0.6208816736846038,-0.48476791546412495,0.27133220967969074
v_measure,0.6677496261115277,1.0,0.9821481863316964,0.9906535717192545,0.7559619088960634,-0.7491114788789712,0.4219729238449225
mutual_info,0.714997405649292,0.9821481863316964,1.0,0.9801134051385008,0.7249247130958517,-0.6888412599365148,0.3693806126047912
adjusted_rand_score,0.6722736383067169,0.9906535717192545,0.9801134051385008,1.0,0.7454760031471283,-0.7325890555902222,0.4076887598686888
calinski_harabasz,0.6208816736846038,0.7559619088960634,0.7249247130958517,0.7454760031471283,1.0,-0.8762174774139287,0.3250766434249437
davies_bouldin,-0.48476791546412495,-0.7491114788789712,-0.6888412599365148,-0.7325890555902222,-0.8762174774139287,1.0,-0.39424563878564256
silhouette,0.27133220967969074,0.4219729238449225,0.3693806126047912,0.4076887598686888,0.3250766434249437,-0.39424563878564256,1.0
