,abilities,v_measure,mutual_info,adjusted_rand_score,calinski_harabasz,davies_bouldin,silhouette
abilities,1.0,0.686265094951144,0.8242962607880374,0.7042710008882913,0.7772549396201954,-0.729767363695292,0.7034067174033083
v_measure,0.686265094951144,1.0,0.8561070764676597,0.978248865627926,0.8877391784505317,-0.8405877127697885,0.7287110172136461
mutual_info,0.8242962607880374,0.8561070764676597,1.0,0.8560830683048826,0.8138527099800105,-0.7762319189083365,0.5767480943936338
adjusted_rand_score,0.7042710008882913,0.978248865627926,0.8560830683048826,1.0,0.8899959186613209,-0.8211413343576693,0.728903080210309
calinski_harabasz,0.7772549396201954,0.8877391784505317,0.8138527099800105,0.8899959186613209,1.0,-0.946126329436055,0.7356252850935107
davies_bouldin,-0.729767363695292,-0.8405877127697885,-0.7762319189083365,-0.8211413343576693,-0.946126329436055,1.0,-0.6661464960507046
silhouette,0.7034067174033083,0.7287110172136461,0.5767480943936338,0.728903080210309,0.7356252850935107,-0.6661464960507046,1.0
