,abilities,v_measure,mutual_info,adjusted_rand_score,calinski_harabasz,davies_bouldin,silhouette
abilities,1.0,0.7705752424853548,0.9038523888117953,0.7733122058964755,0.9186113511956209,-0.8291078459617786,0.7463747239028138
v_measure,0.7705752424853548,1.0,0.8273568725213349,0.9941899548641122,0.7662537213099011,-0.731489484298473,0.7766253721309901
mutual_info,0.9038523888117953,0.8273568725213349,1.0,0.8152558868934655,0.8662528977537725,-0.7985209920866699,0.7076915702012928
adjusted_rand_score,0.7733122058964755,0.9941899548641122,0.8152558868934655,1.0,0.7679343128781331,-0.7354748871602804,0.789157783539806
calinski_harabasz,0.9186113511956209,0.7662537213099011,0.8662528977537725,0.7679343128781331,1.0,-0.8937866128877365,0.7593392874291751
davies_bouldin,-0.8291078459617786,-0.731489484298473,-0.7985209920866699,-0.7354748871602804,-0.8937866128877365,1.0,-0.7252953039469894
silhouette,0.7463747239028138,0.7766253721309901,0.7076915702012928,0.789157783539806,0.7593392874291751,-0.7252953039469894,1.0
