,abilities,v_measure,mutual_info,adjusted_rand_score,calinski_harabasz,davies_bouldin,silhouette
abilities,1.0,0.6803111420545939,0.8174539343965715,0.6966364967709409,0.7763426403860466,-0.7290951432069719,0.7009098984466905
v_measure,0.6803111420545939,1.0,0.8599003661864373,0.9788250546179147,0.8886514776846806,-0.8446210356997095,0.7297193479461264
mutual_info,0.8174539343965715,0.8599003661864373,1.0,0.8638377048818773,0.8132284977478066,-0.7800252086271141,0.5806614249262968
adjusted_rand_score,0.6966364967709409,0.9788250546179147,0.8638377048818773,1.0,0.8865387847213886,-0.8230619643242983,0.7279427652269944
calinski_harabasz,0.7763426403860466,0.8886514776846806,0.8132284977478066,0.8865387847213886,1.0,-0.9446858569610832,0.7364895685784938
davies_bouldin,-0.7290951432069719,-0.8446210356997095,-0.7800252086271141,-0.8230619643242983,-0.9446858569610832,1.0,-0.6668187165390248
silhouette,0.7009098984466905,0.7297193479461264,0.5806614249262968,0.7279427652269944,0.7364895685784938,-0.6668187165390248,1.0
