,abilities,v_measure,mutual_info,adjusted_rand_score,calinski_harabasz,davies_bouldin,silhouette
abilities,1.0,0.8092870742542839,0.8662470911783372,0.7967526972709964,0.7503702136661731,-0.5376560186164586,0.5421514702771314
v_measure,0.8092870742542839,1.0,0.96112756505183,0.9671038713771949,0.7913581552781891,-0.7502115506663846,0.639464776814047
mutual_info,0.8662470911783372,0.96112756505183,1.0,0.9438332980748889,0.7522741696636345,-0.6335942458218743,0.5524116775967844
adjusted_rand_score,0.7967526972709964,0.9671038713771949,0.9438332980748889,1.0,0.7685635709752485,-0.6989105140681193,0.6064099851914534
calinski_harabasz,0.7503702136661731,0.7913581552781891,0.7522741696636345,0.7685635709752485,1.0,-0.8815845144912207,0.6711444891051407
davies_bouldin,-0.5376560186164586,-0.7502115506663846,-0.6335942458218743,-0.6989105140681193,-0.8815845144912207,1.0,-0.6595620901205839
silhouette,0.5421514702771314,0.639464776814047,0.5524116775967844,0.6064099851914534,0.6711444891051407,-0.6595620901205839,1.0
