,abilities,v_measure,mutual_info,adjusted_rand_score,calinski_harabasz,davies_bouldin,silhouette
abilities,1.0,0.808599534588534,0.8655445519128685,0.7958536069388619,0.7522741696636345,-0.538132007615824,0.5443727522741697
v_measure,0.808599534588534,1.0,0.9614840476306861,0.9659403427120795,0.7933678866088428,-0.7519039559974614,0.6430611381425851
mutual_info,0.8655445519128685,0.9614840476306861,1.0,0.9430524521192972,0.7539236557097516,-0.6349777208313769,0.5562004998436761
adjusted_rand_score,0.7958536069388619,0.9659403427120795,0.9430524521192972,1.0,0.7685635709752485,-0.6990162894013117,0.6064099851914534
calinski_harabasz,0.7522741696636345,0.7933678866088428,0.7539236557097516,0.7685635709752485,1.0,-0.8822720541569706,0.6718320287708907
davies_bouldin,-0.538132007615824,-0.7519039559974614,-0.6349777208313769,-0.6990162894013117,-0.8822720541569706,1.0,-0.6598265284535646
silhouette,0.5443727522741697,0.6430611381425851,0.5562004998436761,0.6064099851914534,0.6718320287708907,-0.6598265284535646,1.0
