,abilities,v_measure,mutual_info,adjusted_rand_score,calinski_harabasz,davies_bouldin,silhouette
abilities,1.0,0.7749629786333827,0.8261956076934329,0.742913052676116,0.7594140046541147,-0.49174952401100064,0.5289824412946901
v_measure,0.7749629786333827,1.0,0.9676719864393877,0.9741379310344828,0.8455151258726465,-0.7466151893378464,0.5744658345673789
mutual_info,0.8261956076934329,0.9676719864393877,1.0,0.9451150983888644,0.8160674856261991,-0.6515846677196871,0.48964049137571947
adjusted_rand_score,0.742913052676116,0.9741379310344828,0.9451150983888644,1.0,0.8331922995557436,-0.7186376137084832,0.545536280939285
calinski_harabasz,0.7594140046541147,0.8455151258726465,0.8160674856261991,0.8331922995557436,1.0,-0.8535011635286651,0.6424264861434313
davies_bouldin,-0.49174952401100064,-0.7466151893378464,-0.6515846677196871,-0.7186376137084832,-0.8535011635286651,1.0,-0.6686587687751216
silhouette,0.5289824412946901,0.5744658345673789,0.48964049137571947,0.545536280939285,0.6424264861434313,-0.6686587687751216,1.0
