,abilities,v_measure,mutual_info,adjusted_rand_score,calinski_harabasz,davies_bouldin,silhouette
abilities,1.0,0.6519543706236234,0.6873795982773924,0.7063019823136856,0.6237351655215491,-0.5386173115487031,0.4360629869489464
v_measure,0.6519543706236234,1.0,0.9815904533350867,0.9805516289161379,0.8530392189092344,-0.8079884282849534,0.41669351392221965
mutual_info,0.6873795982773924,0.9815904533350867,1.0,0.978552878135376,0.8245044215786186,-0.766658996022223,0.3735099773168086
adjusted_rand_score,0.7063019823136856,0.9805516289161379,0.978552878135376,1.0,0.8247279660738355,-0.7533646733949176,0.37084059305039613
calinski_harabasz,0.6237351655215491,0.8530392189092344,0.8245044215786186,0.8247279660738355,1.0,-0.8920017094579046,0.31595384463657583
davies_bouldin,-0.5386173115487031,-0.8079884282849534,-0.766658996022223,-0.7533646733949176,-0.8920017094579046,1.0,-0.39152503369604524
silhouette,0.4360629869489464,0.41669351392221965,0.3735099773168086,0.37084059305039613,0.31595384463657583,-0.39152503369604524,1.0
