,abilities,v_measure,mutual_info,adjusted_rand_score,calinski_harabasz,davies_bouldin,silhouette
abilities,1.0,0.6516519280712713,0.687300700220257,0.7064992274565239,0.6232880765311154,-0.539958578520004,0.4353397547585391
v_measure,0.6516519280712713,1.0,0.9808277721161116,0.9805516289161379,0.8531181169663697,-0.8077780334659259,0.41681186100792267
mutual_info,0.687300700220257,0.9808277721161116,1.0,0.9783424833163483,0.8243334757881587,-0.76636970314606,0.37349682764061937
adjusted_rand_score,0.7064992274565239,0.9805516289161379,0.9783424833163483,1.0,0.8247542654262139,-0.7530885301949439,0.37084059305039613
calinski_harabasz,0.6232880765311154,0.8531181169663697,0.8243334757881587,0.8247542654262139,1.0,-0.8922778526578783,0.31607219172227885
davies_bouldin,-0.539958578520004,-0.8077780334659259,-0.76636970314606,-0.7530885301949439,-0.8922778526578783,1.0,-0.39152503369604524
silhouette,0.4353397547585391,0.41681186100792267,0.37349682764061937,0.37084059305039613,0.31607219172227885,-0.39152503369604524,1.0
