,abilities,v_measure,mutual_info,adjusted_rand_score,calinski_harabasz,davies_bouldin,silhouette
abilities,1.0,0.6513713513673101,0.6867003300590424,0.7059952858294036,0.6224090943493127,-0.5397565329478949,0.43663643327246454
v_measure,0.6513713513673101,1.0,0.9811137154913974,0.9805910779447056,0.8530786679378021,-0.8076202373516552,0.4167198132745981
mutual_info,0.6867003300590424,0.9811137154913974,1.0,0.978240501798579,0.8242046885369121,-0.766543168889276,0.3733468337139531
adjusted_rand_score,0.7059952858294036,0.9805910779447056,0.978240501798579,1.0,0.8247674151024031,-0.7534698708044314,0.37084059305039613
calinski_harabasz,0.6224090943493127,0.8530786679378021,0.8242046885369121,0.8247674151024031,1.0,-0.8922910023340676,0.3160458923699004
davies_bouldin,-0.5397565329478949,-0.8076202373516552,-0.766543168889276,-0.7534698708044314,-0.8922910023340676,1.0,-0.39169597948650514
silhouette,0.43663643327246454,0.4167198132745981,0.3733468337139531,0.37084059305039613,0.3160458923699004,-0.39169597948650514,1.0
