,abilities,v_measure,mutual_info,adjusted_rand_score,calinski_harabasz,davies_bouldin,silhouette
abilities,1.0,0.9026877742946109,0.8748172233806234,0.9344573008255362,0.7205776173285199,-0.7298194945848375,0.7526353790613718
v_measure,0.9026877742946109,1.0,0.9837492736568071,0.951045164085346,0.7230816441907999,-0.7430820052114052,0.7203740140887324
mutual_info,0.8748172233806234,0.9837492736568071,1.0,0.9186739757187884,0.7285990629072222,-0.7490385489106662,0.7233627988250678
adjusted_rand_score,0.9344573008255362,0.951045164085346,0.9186739757187884,1.0,0.6900846586802706,-0.69246737317009,0.7091102728641316
calinski_harabasz,0.7205776173285199,0.7230816441907999,0.7285990629072222,0.6900846586802706,1.0,-0.9904693140794224,0.9711191335740073
davies_bouldin,-0.7298194945848375,-0.7430820052114052,-0.7490385489106662,-0.69246737317009,-0.9904693140794224,1.0,-0.9604332129963898
silhouette,0.7526353790613718,0.7203740140887324,0.7233627988250678,0.7091102728641316,0.9711191335740073,-0.9604332129963898,1.0
