,abilities,v_measure,mutual_info,adjusted_rand_score,calinski_harabasz,davies_bouldin,silhouette
abilities,1.0,0.9055527498515268,0.880044845591902,0.9383393501805054,0.7513357400722022,-0.7583393501805055,0.7662815884476535
v_measure,0.9055527498515268,1.0,0.9838014007622743,0.9496714588985951,0.7631597969205635,-0.782294752562909,0.747996247166252
mutual_info,0.880044845591902,0.9838014007622743,1.0,0.9186515404350464,0.7674389760681187,-0.7875187911595951,0.7487315224397288
adjusted_rand_score,0.9383393501805054,0.9496714588985951,0.9186515404350464,1.0,0.7286642599277978,-0.7298194945848375,0.7328519855595668
calinski_harabasz,0.7513357400722022,0.7631597969205635,0.7674389760681187,0.7286642599277978,1.0,-0.9914801444043321,0.9859205776173285
davies_bouldin,-0.7583393501805055,-0.782294752562909,-0.7875187911595951,-0.7298194945848375,-0.9914801444043321,1.0,-0.9748736462093863
silhouette,0.7662815884476535,0.747996247166252,0.7487315224397288,0.7328519855595668,0.9859205776173285,-0.9748736462093863,1.0
