,abilities,v_measure,mutual_info,adjusted_rand_score,calinski_harabasz,davies_bouldin,silhouette
abilities,1.0,0.9106072664362973,0.8826652796617578,0.9415162454873646,0.7492418772563176,-0.7584837545126354,0.7649819494584837
v_measure,0.9106072664362973,1.0,0.9837836296227076,0.9509711917346789,0.7624377231227392,-0.7824391673224739,0.746335477431256
mutual_info,0.8826652796617578,0.9837836296227076,1.0,0.9186710602690477,0.7679307109663114,-0.788515761062756,0.7490791387727254
adjusted_rand_score,0.9415162454873646,0.9509711917346789,0.9186710602690477,1.0,0.7285198555956679,-0.7309025270758123,0.7342238267148015
calinski_harabasz,0.7492418772563176,0.7624377231227392,0.7679307109663114,0.7285198555956679,1.0,-0.9904693140794224,0.9849819494584837
davies_bouldin,-0.7584837545126354,-0.7824391673224739,-0.788515761062756,-0.7309025270758123,-0.9904693140794224,1.0,-0.9739350180505415
silhouette,0.7649819494584837,0.746335477431256,0.7490791387727254,0.7342238267148015,0.9849819494584837,-0.9739350180505415,1.0
