,abilities,v_measure,mutual_info,adjusted_rand_score,calinski_harabasz,davies_bouldin,silhouette
abilities,1.0,0.5984555984555985,0.3912483912483912,0.6082368082368083,0.5945945945945946,-0.5804375804375804,0.7778635778635778
v_measure,0.5984555984555985,1.0,0.9137709137709138,0.9904761904761905,0.9724581724581725,-0.9101673101673101,0.720978120978121
mutual_info,0.3912483912483912,0.9137709137709138,1.0,0.8962676962676963,0.8774774774774775,-0.8512226512226512,0.6247104247104247
adjusted_rand_score,0.6082368082368083,0.9904761904761905,0.8962676962676963,1.0,0.9837837837837838,-0.9127413127413128,0.7225225225225225
calinski_harabasz,0.5945945945945946,0.9724581724581725,0.8774774774774775,0.9837837837837838,1.0,-0.9279279279279279,0.7279279279279279
davies_bouldin,-0.5804375804375804,-0.9101673101673101,-0.8512226512226512,-0.9127413127413128,-0.9279279279279279,1.0,-0.7171171171171171
silhouette,0.7778635778635778,0.720978120978121,0.6247104247104247,0.7225225225225225,0.7279279279279279,-0.7171171171171171,1.0
