,abilities,v_measure,mutual_info,adjusted_rand_score,calinski_harabasz,davies_bouldin,silhouette
abilities,1.0,0.6216216216216216,0.4144144144144144,0.6244530244530244,0.6175032175032175,-0.6157014157014157,0.7884169884169884
v_measure,0.6216216216216216,1.0,0.9132561132561132,0.9915057915057915,0.9742599742599742,-0.9127413127413128,0.7250965250965251
mutual_info,0.4144144144144144,0.9132561132561132,1.0,0.8975546975546975,0.88005148005148,-0.857915057915058,0.6303732303732303
adjusted_rand_score,0.6244530244530244,0.9915057915057915,0.8975546975546975,1.0,0.9814671814671815,-0.916087516087516,0.7204633204633205
calinski_harabasz,0.6175032175032175,0.9742599742599742,0.88005148005148,0.9814671814671815,1.0,-0.9276705276705277,0.7292149292149293
davies_bouldin,-0.6157014157014157,-0.9127413127413128,-0.857915057915058,-0.916087516087516,-0.9276705276705277,1.0,-0.7158301158301158
silhouette,0.7884169884169884,0.7250965250965251,0.6303732303732303,0.7204633204633205,0.7292149292149293,-0.7158301158301158,1.0
