,abilities,v_measure,mutual_info,adjusted_rand_score,calinski_harabasz,davies_bouldin,silhouette
abilities,1.0,0.6638352638352638,0.46872586872586874,0.6532818532818533,0.6545688545688546,-0.6687258687258687,0.8018018018018018
v_measure,0.6638352638352638,1.0,0.9063063063063063,0.9868725868725868,0.9590733590733591,-0.9011583011583012,0.7027027027027027
mutual_info,0.46872586872586874,0.9063063063063063,1.0,0.8877734877734877,0.8607464607464608,-0.8344916344916344,0.6038610038610038
adjusted_rand_score,0.6532818532818533,0.9868725868725868,0.8877734877734877,1.0,0.9534105534105534,-0.8875160875160876,0.6936936936936937
calinski_harabasz,0.6545688545688546,0.9590733590733591,0.8607464607464608,0.9534105534105534,1.0,-0.9328185328185328,0.7271557271557272
davies_bouldin,-0.6687258687258687,-0.9011583011583012,-0.8344916344916344,-0.8875160875160876,-0.9328185328185328,1.0,-0.7178893178893179
silhouette,0.8018018018018018,0.7027027027027027,0.6038610038610038,0.6936936936936937,0.7271557271557272,-0.7178893178893179,1.0
