,abilities,v_measure,mutual_info,adjusted_rand_score,calinski_harabasz,davies_bouldin,silhouette
abilities,1.0,0.7818619992940518,0.8221984201365644,0.8434255528913448,0.7282099343955014,-0.5653062963278521,0.4698328850156404
v_measure,0.7818619992940518,1.0,0.9673072943925802,0.9797952750155187,0.9251451453888192,-0.8429630350904953,0.4950035905987171
mutual_info,0.8221984201365644,0.9673072943925802,1.0,0.9659927701164814,0.8827639090057084,-0.7799632420063536,0.42935040592022783
adjusted_rand_score,0.8434255528913448,0.9797952750155187,0.9659927701164814,1.0,0.8935722197202984,-0.7817646271254519,0.4505531956328582
calinski_harabasz,0.7282099343955014,0.9251451453888192,0.8827639090057084,0.8935722197202984,1.0,-0.9356613395976096,0.4665952604096934
davies_bouldin,-0.5653062963278521,-0.8429630350904953,-0.7799632420063536,-0.7817646271254519,-0.9356613395976096,1.0,-0.4859723219610755
silhouette,0.4698328850156404,0.4950035905987171,0.42935040592022783,0.4505531956328582,0.4665952604096934,-0.4859723219610755,1.0
