,abilities,v_measure,mutual_info,adjusted_rand_score,calinski_harabasz,davies_bouldin,silhouette
abilities,1.0,0.7088328728441193,0.7359510217991942,0.757835416692024,0.6814469504253947,-0.5486556554972675,0.5245803868109398
v_measure,0.7088328728441193,1.0,0.9724436762862255,0.9803064789006682,0.8699107827505204,-0.797831034944437,0.5552039338356114
mutual_info,0.7359510217991942,0.9724436762862255,1.0,0.966528317043781,0.830255967088207,-0.742718387516888,0.5031585097189596
adjusted_rand_score,0.757835416692024,0.9803064789006682,0.966528317043781,1.0,0.838897747051449,-0.7335167175841965,0.5129200696211006
calinski_harabasz,0.6814469504253947,0.8699107827505204,0.830255967088207,0.838897747051449,1.0,-0.8909188281259509,0.4860696941296754
davies_bouldin,-0.5486556554972675,-0.797831034944437,-0.742718387516888,-0.7335167175841965,-0.8909188281259509,1.0,-0.5497754354361665
silhouette,0.5245803868109398,0.5552039338356114,0.5031585097189596,0.5129200696211006,0.4860696941296754,-0.5497754354361665,1.0
