,abilities,v_measure,mutual_info,adjusted_rand_score,calinski_harabasz,davies_bouldin,silhouette
abilities,1.0,0.7087111576333694,0.7352450735768449,0.7580788471135238,0.6828588468700934,-0.5507978432064655,0.5242639272629901
v_measure,0.7087111576333694,1.0,0.9725410484548254,0.9803064789006682,0.8699107827505204,-0.7972954880171375,0.5550335325405616
mutual_info,0.7352450735768449,0.9725410484548254,1.0,0.9666013461702309,0.830280310130357,-0.7429131318540878,0.5029881084239097
adjusted_rand_score,0.7580788471135238,0.9803064789006682,0.9666013461702309,1.0,0.838897747051449,-0.7329811706568969,0.5128226974525006
calinski_harabasz,0.6828588468700934,0.8699107827505204,0.830280310130357,0.838897747051449,1.0,-0.8906510546623011,0.48602100804537546
davies_bouldin,-0.5507978432064655,-0.7972954880171375,-0.7429131318540878,-0.7329811706568969,-0.8906510546623011,1.0,-0.5495320050146667
silhouette,0.5242639272629901,0.5550335325405616,0.5029881084239097,0.5128226974525006,0.48602100804537546,-0.5495320050146667,1.0
