,abilities,v_measure,mutual_info,adjusted_rand_score,calinski_harabasz,davies_bouldin,silhouette
abilities,1.0,0.7213451965092078,0.7494614101924317,0.7739505105953091,0.6963205491790309,-0.5716598303289963,0.5086843802870045
v_measure,0.7213451965092078,1.0,0.9713238963473265,0.9811828284180674,0.8650178312783748,-0.7968573132584379,0.5515281344709648
mutual_info,0.7494614101924317,0.9713238963473265,1.0,0.9699850290290778,0.8273591450723597,-0.7425479862218382,0.5027690210445599
adjusted_rand_score,0.7739505105953091,0.9811828284180674,0.9699850290290778,1.0,0.8320573522073054,-0.7329811706568969,0.5086356942027045
calinski_harabasz,0.6963205491790309,0.8650178312783748,0.8273591450723597,0.8320573522073054,1.0,-0.8887766404167529,0.48219915042782896
davies_bouldin,-0.5716598303289963,-0.7968573132584379,-0.7425479862218382,-0.7329811706568969,-0.8887766404167529,1.0,-0.5501892671527161
silhouette,0.5086843802870045,0.5515281344709648,0.5027690210445599,0.5086356942027045,0.48219915042782896,-0.5501892671527161,1.0
