,abilities,v_measure,mutual_info,adjusted_rand_score,calinski_harabasz,davies_bouldin,silhouette
abilities,1.0,0.9677688710754843,0.9696476285905143,0.2472679449444242,-0.45428356713426854,0.4364562458249833,-0.6607381429525718
v_measure,0.9677688710754843,1.0,0.997745490981964,0.32099950944790295,-0.4838009352037408,0.43912825651302606,-0.6878757515030061
mutual_info,0.9696476285905143,0.997745490981964,1.0,0.2807101777684822,-0.48881095524382095,0.4394205076820307,-0.6878757515030061
adjusted_rand_score,0.2472679449444242,0.32099950944790295,0.2807101777684822,1.0,0.1636206122815025,-0.14249480727654196,0.04298224555851156
calinski_harabasz,-0.45428356713426854,-0.4838009352037408,-0.48881095524382095,0.1636206122815025,1.0,-0.4202571810287241,0.8183867735470942
davies_bouldin,0.4364562458249833,0.43912825651302606,0.4394205076820307,-0.14249480727654196,-0.4202571810287241,1.0,-0.573062792251169
silhouette,-0.6607381429525718,-0.6878757515030061,-0.6878757515030061,0.04298224555851156,0.8183867735470942,-0.573062792251169,1.0
