,abilities,v_measure,mutual_info,adjusted_rand_score,calinski_harabasz,davies_bouldin,silhouette
abilities,1.0,0.9570415332249032,0.9659954056909069,-0.055351543535997486,-0.4523717701504049,0.42014453629336507,-0.6301748855614615
v_measure,0.9570415332249032,1.0,0.9959757876557286,0.09314687196075917,-0.4554569996143463,0.3912037425174802,-0.6623350492127634
mutual_info,0.9659954056909069,0.9959757876557286,1.0,0.043328805966985004,-0.4592800013414041,0.39264575194084406,-0.6456345679840373
adjusted_rand_score,-0.055351543535997486,0.09314687196075917,0.043328805966985004,1.0,0.32221607409504016,-0.2569881115518623,0.2441772726359271
calinski_harabasz,-0.4523717701504049,-0.4554569996143463,-0.4592800013414041,0.32221607409504016,1.0,-0.409010882140881,0.7772598467445799
davies_bouldin,0.42014453629336507,0.3912037425174802,0.39264575194084406,-0.2569881115518623,-0.409010882140881,1.0,-0.5378527473633026
silhouette,-0.6301748855614615,-0.6623350492127634,-0.6456345679840373,0.2441772726359271,0.7772598467445799,-0.5378527473633026,1.0
