,abilities,v_measure,mutual_info,adjusted_rand_score,calinski_harabasz,davies_bouldin,silhouette
abilities,1.0,0.45229533515252635,0.42346928812636453,0.4703922297601371,0.4283369161618136,-0.43265585303889,0.6950947820988861
v_measure,0.45229533515252635,1.0,0.9930620700437773,0.9596622889305816,0.7408880378205479,-0.7350641991671267,0.5176376322589481
mutual_info,0.42346928812636453,0.9930620700437773,1.0,0.9521966854283928,0.7339111572860803,-0.7306279193875073,0.5074165999913667
adjusted_rand_score,0.4703922297601371,0.9596622889305816,0.9521966854283928,1.0,0.7151693409483927,-0.7084660635721395,0.5373956888985749
calinski_harabasz,0.4283369161618136,0.7408880378205479,0.7339111572860803,0.7151693409483927,1.0,-0.994547586476451,0.45114324799687316
davies_bouldin,-0.43265585303889,-0.7350641991671267,-0.7306279193875073,-0.7084660635721395,-0.994547586476451,1.0,-0.4509282782880594
silhouette,0.6950947820988861,0.5176376322589481,0.5074165999913667,0.5373956888985749,0.45114324799687316,-0.4509282782880594,1.0
