,abilities,v_measure,mutual_info,adjusted_rand_score,calinski_harabasz,davies_bouldin,silhouette
abilities,1.0,0.4554613145547218,0.42571674264026865,0.474906681870675,0.4274965800273598,-0.4314442055892124,0.6915966386554622
v_measure,0.4554613145547218,1.0,0.993277048155097,0.9597013758599124,0.7410052963169255,-0.735005569918938,0.5176180891762185
mutual_info,0.42571674264026865,0.993277048155097,1.0,0.9523921200750469,0.7340088726997283,-0.731526901193069,0.5075924877359331
adjusted_rand_score,0.474906681870675,0.9597013758599124,0.9523921200750469,1.0,0.7152670563620407,-0.7082315465793843,0.5374934043122229
calinski_harabasz,0.4274965800273598,0.7410052963169255,0.7340088726997283,0.7152670563620407,1.0,-0.9944303302716435,0.4510650771936682
davies_bouldin,-0.4314442055892124,-0.735005569918938,-0.731526901193069,-0.7082315465793843,-0.9944303302716435,1.0,-0.45104553449286694
silhouette,0.6915966386554622,0.5176180891762185,0.5075924877359331,0.5374934043122229,0.4510650771936682,-0.45104553449286694,1.0
