,abilities,v_measure,mutual_info,adjusted_rand_score,calinski_harabasz,davies_bouldin,silhouette
abilities,1.0,0.45662412797713303,0.4268013837317615,0.47307940363545725,0.42837600156341604,-0.4324017979284737,0.6920656634746922
v_measure,0.45662412797713303,1.0,0.9935311131957474,0.9597404627892433,0.7410248393996551,-0.735005569918938,0.5178721492517033
mutual_info,0.4268013837317615,0.9935311131957474,1.0,0.952822076297686,0.7340870450306467,-0.7309992379593697,0.5076511169841219
adjusted_rand_score,0.47307940363545725,0.9597404627892433,0.952822076297686,1.0,0.7152670563620407,-0.708290175827573,0.537591119725871
calinski_harabasz,0.42837600156341604,0.7410248393996551,0.7340870450306467,0.7152670563620407,1.0,-0.9944107875708423,0.45114324799687316
davies_bouldin,-0.4324017979284737,-0.735005569918938,-0.7309992379593697,-0.708290175827573,-0.9944107875708423,1.0,-0.4507719366816494
silhouette,0.6920656634746922,0.5178721492517033,0.5076511169841219,0.537591119725871,0.45114324799687316,-0.4507719366816494,1.0
