,abilities,v_measure,mutual_info,adjusted_rand_score,calinski_harabasz,davies_bouldin,silhouette
abilities,1.0,0.14535380831314926,0.11317030291805928,0.06176681830907001,0.2166231837324969,-0.2802939250920959,0.4998973998182511
v_measure,0.14535380831314926,1.0,0.9982800750321899,0.9199288603983036,0.7353094938995743,-0.714505577402183,0.444240324943354
mutual_info,0.11317030291805928,0.9982800750321899,1.0,0.9208247832697024,0.7307453658500609,-0.709510665198913,0.42913053124459505
adjusted_rand_score,0.06176681830907001,0.9199288603983036,0.9208247832697024,1.0,0.6364786759312253,-0.5933757751937933,0.3927630905101661
calinski_harabasz,0.2166231837324969,0.7353094938995743,0.7307453658500609,0.6364786759312253,1.0,-0.987101691437282,0.4397248360839954
davies_bouldin,-0.2802939250920959,-0.714505577402183,-0.709510665198913,-0.5933757751937933,-0.987101691437282,1.0,-0.4521541152444327
silhouette,0.4998973998182511,0.444240324943354,0.42913053124459505,0.3927630905101661,0.4397248360839954,-0.4521541152444327,1.0
