,abilities,v_measure,mutual_info,adjusted_rand_score,calinski_harabasz,davies_bouldin,silhouette
abilities,1.0,0.938248502994012,0.395384542464629,0.9655688622754491,0.7597305389221557,-0.25112275449101795,0.6732784431137725
v_measure,0.938248502994012,1.0,0.4004989693820819,0.9633233532934131,0.7571107784431138,-0.17103293413173654,0.6403443113772455
mutual_info,0.395384542464629,0.4004989693820819,1.0,0.34778103038679803,0.6459914614198218,0.45793791783963,-0.1392697791367947
adjusted_rand_score,0.9655688622754491,0.9633233532934131,0.34778103038679803,1.0,0.6953592814371258,-0.15868263473053892,0.6085329341317365
calinski_harabasz,0.7597305389221557,0.7571107784431138,0.6459914614198218,0.6953592814371258,1.0,-0.16953592814371257,0.5550149700598802
davies_bouldin,-0.25112275449101795,-0.17103293413173654,0.45793791783963,-0.15868263473053892,-0.16953592814371257,1.0,-0.8158682634730539
silhouette,0.6732784431137725,0.6403443113772455,-0.1392697791367947,0.6085329341317365,0.5550149700598802,-0.8158682634730539,1.0
