,abilities,v_measure,mutual_info,adjusted_rand_score,calinski_harabasz,davies_bouldin,silhouette
abilities,1.0,0.7557603686635944,0.7771697388632872,0.7841781874039938,0.6598502304147466,-0.5928859447004609,0.4093221966205837
v_measure,0.7557603686635944,1.0,0.995583717357911,0.954589093701997,0.8723598310291859,-0.8043394777265745,0.45324500768049153
mutual_info,0.7771697388632872,0.995583717357911,1.0,0.9582373271889401,0.8649193548387096,-0.7977630568356375,0.43644393241167434
adjusted_rand_score,0.7841781874039938,0.954589093701997,0.9582373271889401,1.0,0.8412058371735791,-0.7490399385560675,0.4447004608294931
calinski_harabasz,0.6598502304147466,0.8723598310291859,0.8649193548387096,0.8412058371735791,1.0,-0.9250192012288786,0.4603014592933948
davies_bouldin,-0.5928859447004609,-0.8043394777265745,-0.7977630568356375,-0.7490399385560675,-0.9250192012288786,1.0,-0.42242703533026116
silhouette,0.4093221966205837,0.45324500768049153,0.43644393241167434,0.4447004608294931,0.4603014592933948,-0.42242703533026116,1.0
