,abilities,v_measure,mutual_info,adjusted_rand_score,calinski_harabasz,davies_bouldin,silhouette
abilities,1.0,0.7591205837173579,0.7794258832565284,0.7851382488479263,0.6563460061443932,-0.5856854838709677,0.4122983870967742
v_measure,0.7591205837173579,1.0,0.9945756528417818,0.9544450844854071,0.8722638248847926,-0.8048195084485407,0.45434907834101385
mutual_info,0.7794258832565284,0.9945756528417818,1.0,0.9558851766513057,0.8623271889400922,-0.794162826420891,0.4346678187403994
adjusted_rand_score,0.7851382488479263,0.9544450844854071,0.9558851766513057,1.0,0.841349846390169,-0.7491839477726574,0.4472926267281106
calinski_harabasz,0.6563460061443932,0.8722638248847926,0.8623271889400922,0.841349846390169,1.0,-0.9250672043010753,0.4608774961597542
davies_bouldin,-0.5856854838709677,-0.8048195084485407,-0.794162826420891,-0.7491839477726574,-0.9250672043010753,1.0,-0.42151497695852536
silhouette,0.4122983870967742,0.45434907834101385,0.4346678187403994,0.4472926267281106,0.4608774961597542,-0.42151497695852536,1.0
