,abilities,v_measure,mutual_info,adjusted_rand_score,calinski_harabasz,davies_bouldin,silhouette
abilities,1.0,0.7339189708141322,0.7645929339477726,0.7919546850998463,0.6146793394777266,-0.5384504608294931,0.34456605222734255
v_measure,0.7339189708141322,1.0,0.9950076804915514,0.936491935483871,0.8687115975422427,-0.7969470046082949,0.4344758064516129
mutual_info,0.7645929339477726,0.9950076804915514,1.0,0.9497407834101382,0.8604550691244239,-0.7743855606758833,0.4040898617511521
adjusted_rand_score,0.7919546850998463,0.936491935483871,0.9497407834101382,1.0,0.8098118279569892,-0.7071332565284179,0.3870487711213518
calinski_harabasz,0.6146793394777266,0.8687115975422427,0.8604550691244239,0.8098118279569892,1.0,-0.9125384024577573,0.4555011520737327
davies_bouldin,-0.5384504608294931,-0.7969470046082949,-0.7743855606758833,-0.7071332565284179,-0.9125384024577573,1.0,-0.42535522273425497
silhouette,0.34456605222734255,0.4344758064516129,0.4040898617511521,0.3870487711213518,0.4555011520737327,-0.42535522273425497,1.0
