,abilities,v_measure,mutual_info,adjusted_rand_score,calinski_harabasz,davies_bouldin,silhouette
abilities,1.0,0.9484756236085238,0.9168804631519123,0.9521105002498977,0.9376618656004362,-0.7149347994002454,0.7619155799900041
v_measure,0.9484756236085238,1.0,0.8422224827815771,0.9916397837248399,0.923576718615112,-0.793084647189786,0.8292516697714571
mutual_info,0.9168804631519123,0.8422224827815771,1.0,0.8375134981042075,0.889906667427174,-0.6282151305993731,0.6356672131470551
adjusted_rand_score,0.9521105002498977,0.9916397837248399,0.8375134981042075,1.0,0.9113998818665091,-0.7893588986323776,0.824526330137671
calinski_harabasz,0.9376618656004362,0.923576718615112,0.889906667427174,0.9113998818665091,1.0,-0.8017174792130493,0.792812031441683
davies_bouldin,-0.7149347994002454,-0.793084647189786,-0.6282151305993731,-0.7893588986323776,-0.8017174792130493,1.0,-0.8647825889408878
silhouette,0.7619155799900041,0.8292516697714571,0.6356672131470551,0.824526330137671,0.792812031441683,-0.8647825889408878,1.0
