,abilities,v_measure,mutual_info,adjusted_rand_score,calinski_harabasz,davies_bouldin,silhouette
abilities,1.0,0.960743332273161,0.8944845877450521,0.9562906083874778,0.9230314871189059,-0.7157526466445545,0.7881775637239311
v_measure,0.960743332273161,1.0,0.8356766916536724,0.9843700304420919,0.8958607842246353,-0.7807260666091145,0.8444272797491935
mutual_info,0.8944845877450521,0.8356766916536724,1.0,0.8256921734699334,0.8615081974134373,-0.6101548222191288,0.631497874850424
adjusted_rand_score,0.9562906083874778,0.9843700304420919,0.8256921734699334,1.0,0.8755963469489754,-0.7610068608296606,0.8205279658321596
calinski_harabasz,0.9230314871189059,0.8958607842246353,0.8615081974134373,0.8755963469489754,1.0,-0.7442864282793402,0.7836339679222136
davies_bouldin,-0.7157526466445545,-0.7807260666091145,-0.6101548222191288,-0.7610068608296606,-0.7442864282793402,1.0,-0.8784133763460402
silhouette,0.7881775637239311,0.8444272797491935,0.631497874850424,0.8205279658321596,0.7836339679222136,-0.8784133763460402,1.0
