,abilities,v_measure,mutual_info,adjusted_rand_score,calinski_harabasz,davies_bouldin,silhouette
abilities,1.0,0.960743332273161,0.8999103428618223,0.9622881548457449,0.9292107774092416,-0.723658503339543,0.7814530419373893
v_measure,0.960743332273161,1.0,0.8371780796083396,0.9917306556408741,0.9010404834385933,-0.7877232041437594,0.8413376346040257
mutual_info,0.8999103428618223,0.8371780796083396,1.0,0.830950643256169,0.8645604835686188,-0.6128987909838443,0.6305279306572682
adjusted_rand_score,0.9622881548457449,0.9917306556408741,0.830950643256169,1.0,0.8912263165068836,-0.7879958198918624,0.8334317779090372
calinski_harabasz,0.9292107774092416,0.9010404834385933,0.8645604835686188,0.8912263165068836,1.0,-0.7510109500658821,0.7813621700213549
davies_bouldin,-0.723658503339543,-0.7877232041437594,-0.6128987909838443,-0.7879958198918624,-0.7510109500658821,1.0,-0.8756872188650098
silhouette,0.7814530419373893,0.8413376346040257,0.6305279306572682,0.8334317779090372,0.7813621700213549,-0.8756872188650098,1.0
