,abilities,v_measure,mutual_info,adjusted_rand_score,calinski_harabasz,davies_bouldin,silhouette
abilities,1.0,0.9656648451730419,0.9366664027942483,0.9670309653916211,0.9123861566484517,-0.6742258652094718,0.7707650273224044
v_measure,0.9656648451730419,1.0,0.8985214092061404,0.9925318761384335,0.9119307832422586,-0.757103825136612,0.8471766848816029
mutual_info,0.9366664027942483,0.8985214092061404,1.0,0.892684765608924,0.892730723432524,-0.6292545207329792,0.7023274602571857
adjusted_rand_score,0.9670309653916211,0.9925318761384335,0.892684765608924,1.0,0.8990892531876138,-0.7539162112932605,0.8359744990892531
calinski_harabasz,0.9123861566484517,0.9119307832422586,0.892730723432524,0.8990892531876138,1.0,-0.7394353369763206,0.802367941712204
davies_bouldin,-0.6742258652094718,-0.757103825136612,-0.6292545207329792,-0.7539162112932605,-0.7394353369763206,1.0,-0.8667577413479053
silhouette,0.7707650273224044,0.8471766848816029,0.7023274602571857,0.8359744990892531,0.802367941712204,-0.8667577413479053,1.0
