,abilities,v_measure,mutual_info,adjusted_rand_score,calinski_harabasz,davies_bouldin,silhouette
abilities,1.0,0.7475534349286723,0.794907218642811,0.7478212181703101,0.6852816592823409,-0.5029943035201324,0.4400652417352354
v_measure,0.7475534349286723,1.0,0.9741405018712339,0.9824480257071913,0.7546375188665466,-0.7227713131116412,0.5541165587419057
mutual_info,0.794907218642811,0.9741405018712339,1.0,0.968407471215846,0.7172982941019332,-0.6400058425908646,0.48703982083659686
adjusted_rand_score,0.7478212181703101,0.9824480257071913,0.968407471215846,1.0,0.7403476313355081,-0.6937046594284045,0.5290666536832368
calinski_harabasz,0.6852816592823409,0.7546375188665466,0.7172982941019332,0.7403476313355081,1.0,-0.8876771020984469,0.48407906908807635
davies_bouldin,-0.5029943035201324,-0.7227713131116412,-0.6400058425908646,-0.6937046594284045,-0.8876771020984469,1.0,-0.5249768732654949
silhouette,0.4400652417352354,0.5541165587419057,0.48703982083659686,0.5290666536832368,0.48407906908807635,-0.5249768732654949,1.0
