,abilities,v_measure,mutual_info,adjusted_rand_score,calinski_harabasz,davies_bouldin,silhouette
abilities,1.0,0.7469204927211646,0.7947854982467305,0.748089001411948,0.685257315351283,-0.5044792833146696,0.43901845269974193
v_measure,0.7469204927211646,1.0,0.9741161577920179,0.9830809679146989,0.7543210477627927,-0.7226252495252934,0.5541409026729637
mutual_info,0.7947854982467305,0.9741161577920179,1.0,0.9693082021468411,0.7164705954085863,-0.6394215846896785,0.4854331116083353
adjusted_rand_score,0.748089001411948,0.9830809679146989,0.9693082021468411,1.0,0.7407371342324358,-0.6944106334290862,0.5293587808559326
calinski_harabasz,0.685257315351283,0.7543210477627927,0.7164705954085863,0.7407371342324358,1.0,-0.8876284142363309,0.4842981644675982
davies_bouldin,-0.5044792833146696,-0.7226252495252934,-0.6394215846896785,-0.6944106334290862,-0.8876284142363309,1.0,-0.524855153610205
silhouette,0.43901845269974193,0.5541409026729637,0.4854331116083353,0.5293587808559326,0.4842981644675982,-0.524855153610205,1.0
