,abilities,v_measure,mutual_info,adjusted_rand_score,calinski_harabasz,davies_bouldin,silhouette
abilities,1.0,0.726451667887181,0.7776350944389989,0.7291416886405584,0.6844703032790431,-0.495986269948508,0.42830972972779274
v_measure,0.726451667887181,1.0,0.9706168752130094,0.9839816933638444,0.7604070305272895,-0.7247431715273382,0.5506597205316714
mutual_info,0.7776350944389989,0.9706168752130094,1.0,0.9668435658990214,0.7206047032474804,-0.6369589561322362,0.47667851404644823
adjusted_rand_score,0.7291416886405584,0.9839816933638444,0.9668435658990214,1.0,0.7473343395491504,-0.6992794196406836,0.5309654803057597
calinski_harabasz,0.6844703032790431,0.7604070305272895,0.7206047032474804,0.7473343395491504,1.0,-0.8851940211305321,0.4842738205365402
davies_bouldin,-0.495986269948508,-0.7247431715273382,-0.6369589561322362,-0.6992794196406836,-0.8851940211305321,1.0,-0.5236379570573056
silhouette,0.42830972972779274,0.5506597205316714,0.47667851404644823,0.5309654803057597,0.4842738205365402,-0.5236379570573056,1.0
