,abilities,v_measure,mutual_info,adjusted_rand_score,calinski_harabasz,davies_bouldin,silhouette
abilities,1.0,0.3613303030707363,0.33536777422683917,0.3567847324469196,0.3106060606060606,-0.31487912836227444,0.5991487912836228
v_measure,0.3613303030707363,1.0,0.9941263598753767,0.9579651667603044,0.7665755852580842,-0.7630004173517115,0.42124841472063534
mutual_info,0.33536777422683917,0.9941263598753767,1.0,0.9516148254081754,0.7601573076356913,-0.7591698803091693,0.413076602363212
adjusted_rand_score,0.3567847324469196,0.9579651667603044,0.9516148254081754,1.0,0.757841960801088,-0.7524962335506069,0.4000357518094905
calinski_harabasz,0.3106060606060606,0.7665755852580842,0.7601573076356913,0.757841960801088,1.0,-0.9953524004085802,0.5628872999659517
davies_bouldin,-0.31487912836227444,-0.7630004173517115,-0.7591698803091693,-0.7524962335506069,-0.9953524004085802,1.0,-0.5625808648280558
silhouette,0.5991487912836228,0.42124841472063534,0.413076602363212,0.4000357518094905,0.5628872999659517,-0.5625808648280558,1.0
