,abilities,v_measure,mutual_info,adjusted_rand_score,calinski_harabasz,davies_bouldin,silhouette
abilities,1.0,0.4225064374985766,0.3961694793516924,0.44773680076533956,0.41424923391215523,-0.4193564862104188,0.6652877085461355
v_measure,0.4225064374985766,1.0,0.9938880612896361,0.9544073207065333,0.7420059161944882,-0.7368815306726962,0.5081058076101044
mutual_info,0.3961694793516924,0.9938880612896361,1.0,0.9478697595233029,0.735843033939044,-0.7330510099338152,0.4988785087635555
adjusted_rand_score,0.44773680076533956,0.9544073207065333,0.9478697595233029,1.0,0.7157540807306902,-0.7099657382808255,0.5388521207408561
calinski_harabasz,0.41424923391215523,0.7420059161944882,0.735843033939044,0.7157540807306902,1.0,-0.9953013278855976,0.4539836567926456
davies_bouldin,-0.4193564862104188,-0.7368815306726962,-0.7330510099338152,-0.7099657382808255,-0.9953013278855976,1.0,-0.4537963908750426
silhouette,0.6652877085461355,0.5081058076101044,0.4988785087635555,0.5388521207408561,0.4539836567926456,-0.4537963908750426,1.0
