,abilities,v_measure,mutual_info,adjusted_rand_score,calinski_harabasz,davies_bouldin,silhouette
abilities,1.0,0.4235364219639201,0.39719946381703597,0.4486986870842141,0.41462376574736126,-0.4197310180456248,0.6652706843718079
v_measure,0.4235364219639201,1.0,0.9938880612896361,0.9544073207065333,0.7420059161944882,-0.7368815306726962,0.5081058076101044
mutual_info,0.39719946381703597,0.9938880612896361,1.0,0.9478697595233029,0.735843033939044,-0.7330510099338152,0.4988785087635555
adjusted_rand_score,0.4486986870842141,0.9544073207065333,0.9478697595233029,1.0,0.7157540807306902,-0.7099657382808255,0.5388521207408561
calinski_harabasz,0.41462376574736126,0.7420059161944882,0.735843033939044,0.7157540807306902,1.0,-0.9953013278855976,0.4539836567926456
davies_bouldin,-0.4197310180456248,-0.7368815306726962,-0.7330510099338152,-0.7099657382808255,-0.9953013278855976,1.0,-0.4537963908750426
silhouette,0.6652706843718079,0.5081058076101044,0.4988785087635555,0.5388521207408561,0.4539836567926456,-0.4537963908750426,1.0
