,abilities,v_measure,mutual_info,adjusted_rand_score,calinski_harabasz,davies_bouldin,silhouette
abilities,1.0,0.12674347834508717,0.0956069822832962,0.07714931454372523,0.20261159726241956,-0.25955939936667916,0.48294119649971057
v_measure,0.12674347834508717,1.0,0.9983740255920422,0.9346732385014174,0.7369066216602298,-0.7189110737240679,0.44123142676209975
mutual_info,0.0956069822832962,0.9983740255920422,1.0,0.9354632754097798,0.7328222838444977,-0.7144176630897575,0.42733282019759466
adjusted_rand_score,0.07714931454372523,0.9346732385014174,0.9354632754097798,1.0,0.6652819573580225,-0.6328150605611818,0.4284115141831689
calinski_harabasz,0.20261159726241956,0.7369066216602298,0.7328222838444977,0.6652819573580225,1.0,-0.989274404984848,0.4451632673907862
davies_bouldin,-0.25955939936667916,-0.7189110737240679,-0.7144176630897575,-0.6328150605611818,-0.989274404984848,1.0,-0.4550035751983384
silhouette,0.48294119649971057,0.44123142676209975,0.42733282019759466,0.4284115141831689,0.4451632673907862,-0.4550035751983384,1.0
