,abilities,v_measure,mutual_info,adjusted_rand_score,calinski_harabasz,davies_bouldin,silhouette
abilities,1.0,0.7786853614612812,0.8311625667588002,0.7788139953691793,0.6993503987651145,-0.5199060972472344,0.4851106251607924
v_measure,0.7786853614612812,1.0,0.9695449434182359,0.9780357602263957,0.7478453820427065,-0.7027913558013893,0.6011062516079239
mutual_info,0.8311625667588002,0.9695449434182359,1.0,0.9617301821985653,0.7088277861842026,-0.6077826020187489,0.5285094069303201
adjusted_rand_score,0.7788139953691793,0.9780357602263957,0.9617301821985653,1.0,0.7294828916902496,-0.6631399536917931,0.5730640596861333
calinski_harabasz,0.6993503987651145,0.7478453820427065,0.7088277861842026,0.7294828916902496,1.0,-0.8913686647800361,0.5523218420375611
davies_bouldin,-0.5199060972472344,-0.7027913558013893,-0.6077826020187489,-0.6631399536917931,-0.8913686647800361,1.0,-0.5776627218934911
silhouette,0.4851106251607924,0.6011062516079239,0.5285094069303201,0.5730640596861333,0.5523218420375611,-0.5776627218934911,1.0
