,abilities,v_measure,mutual_info,adjusted_rand_score,calinski_harabasz,davies_bouldin,silhouette
abilities,1.0,0.7531836892204785,0.809525340879856,0.754727296115256,0.6994468741960381,-0.5072999742732184,0.4782930280421919
v_measure,0.7531836892204785,1.0,0.9650758940056599,0.9790005145356316,0.7560779521481863,-0.705685618729097,0.5971507589400566
mutual_info,0.809525340879856,0.9650758940056599,1.0,0.9580010290712632,0.7142397736043221,-0.6048044764599948,0.5179122716748135
adjusted_rand_score,0.754727296115256,0.9790005145356316,0.9580010290712632,1.0,0.7369436583483406,-0.6682531515307435,0.5754116285052739
calinski_harabasz,0.6994468741960381,0.7560779521481863,0.7142397736043221,0.7369436583483406,1.0,-0.8874774890661178,0.5519359403138667
davies_bouldin,-0.5072999742732184,-0.705685618729097,-0.6048044764599948,-0.6682531515307435,-0.8874774890661178,1.0,-0.5751222022125032
silhouette,0.4782930280421919,0.5971507589400566,0.5179122716748135,0.5754116285052739,0.5519359403138667,-0.5751222022125032,1.0
