,abilities,v_measure,mutual_info,adjusted_rand_score,calinski_harabasz,davies_bouldin,silhouette
abilities,1.0,0.8226459994854644,0.8637514773198278,0.8074993568304605,0.7070041162850528,-0.556438127090301,0.45944816053511706
v_measure,0.8226459994854644,1.0,0.9825940844323571,0.9831167995883715,0.8301067661435554,-0.7183239001800875,0.48835863133521995
mutual_info,0.8637514773198278,0.9825940844323571,1.0,0.966788065924494,0.8039683879889681,-0.6583536335564062,0.44150727994802175
adjusted_rand_score,0.8074993568304605,0.9831167995883715,0.966788065924494,1.0,0.8193658348340622,-0.7039812194494469,0.47179701569333676
calinski_harabasz,0.7070041162850528,0.8301067661435554,0.8039683879889681,0.8193658348340622,1.0,-0.898700797530229,0.5383650630306148
davies_bouldin,-0.556438127090301,-0.7183239001800875,-0.6583536335564062,-0.7039812194494469,-0.898700797530229,1.0,-0.5423848726524312
silhouette,0.45944816053511706,0.48835863133521995,0.44150727994802175,0.47179701569333676,0.5383650630306148,-0.5423848726524312,1.0
