,abilities,v_measure,mutual_info,adjusted_rand_score,calinski_harabasz,davies_bouldin,silhouette
abilities,1.0,0.6083333333333333,0.6416440831074978,0.6627597109304426,0.5135953026196929,-0.45709123757904246,0.2530713640469738
v_measure,0.6083333333333333,1.0,0.9948283649503161,0.9339430894308943,0.8150180668473351,-0.7209349593495935,0.33290424570912375
mutual_info,0.6416440831074978,0.9948283649503161,1.0,0.9490740740740741,0.8056910569105691,-0.7019421860885275,0.3041779584462511
adjusted_rand_score,0.6627597109304426,0.9339430894308943,0.9490740740740741,1.0,0.7467253839205059,-0.631639566395664,0.29209575429087625
calinski_harabasz,0.5135953026196929,0.8150180668473351,0.8056910569105691,0.7467253839205059,1.0,-0.8961607949412828,0.2941056910569106
davies_bouldin,-0.45709123757904246,-0.7209349593495935,-0.7019421860885275,-0.631639566395664,-0.8961607949412828,1.0,-0.30433604336043363
silhouette,0.2530713640469738,0.33290424570912375,0.3041779584462511,0.29209575429087625,0.2941056910569106,-0.30433604336043363,1.0
