,abilities,v_measure,mutual_info,adjusted_rand_score,calinski_harabasz,davies_bouldin,silhouette
abilities,1.0,0.4900180668473351,0.5054878048780488,0.5056458897922312,0.4112014453477868,-0.3917118337850045,0.25444896115627824
v_measure,0.4900180668473351,1.0,0.9979223125564589,0.9654923215898825,0.8483062330623307,-0.8079268292682927,0.2832429990966576
mutual_info,0.5054878048780488,0.9979223125564589,1.0,0.968089430894309,0.8451671183378501,-0.8051490514905149,0.27188346883468834
adjusted_rand_score,0.5056458897922312,0.9654923215898825,0.968089430894309,1.0,0.8038392050587172,-0.7421183378500452,0.2830623306233062
calinski_harabasz,0.4112014453477868,0.8483062330623307,0.8451671183378501,0.8038392050587172,1.0,-0.9214995483288166,0.3302393857271906
davies_bouldin,-0.3917118337850045,-0.8079268292682927,-0.8051490514905149,-0.7421183378500452,-0.9214995483288166,1.0,-0.34417344173441733
silhouette,0.25444896115627824,0.2832429990966576,0.27188346883468834,0.2830623306233062,0.3302393857271906,-0.34417344173441733,1.0
