,abilities,v_measure,mutual_info,adjusted_rand_score,calinski_harabasz,davies_bouldin,silhouette
abilities,1.0,0.5607046070460705,0.5789747064137308,0.5826106594399277,0.47190605239385724,-0.40966576332429994,0.23468834688346885
v_measure,0.5607046070460705,1.0,0.9979900632339657,0.9539972899728997,0.8161472448057814,-0.7263324299909666,0.3433378500451671
mutual_info,0.5789747064137308,0.9979900632339657,1.0,0.9598690153568202,0.8122177055103884,-0.7207994579945799,0.3285456187895212
adjusted_rand_score,0.5826106594399277,0.9539972899728997,0.9598690153568202,1.0,0.7775745257452574,-0.6729900632339657,0.33816621499548327
calinski_harabasz,0.47190605239385724,0.8161472448057814,0.8122177055103884,0.7775745257452574,1.0,-0.9014001806684734,0.29532520325203254
davies_bouldin,-0.40966576332429994,-0.7263324299909666,-0.7207994579945799,-0.6729900632339657,-0.9014001806684734,1.0,-0.30004516711833784
silhouette,0.23468834688346885,0.3433378500451671,0.3285456187895212,0.33816621499548327,0.29532520325203254,-0.30004516711833784,1.0
