,abilities,v_measure,mutual_info,adjusted_rand_score,calinski_harabasz,davies_bouldin,silhouette
abilities,1.0,0.9585294570066144,0.9586525149976927,-0.2805414551607445,-0.3149976926626673,0.581295185356099,-0.7647746500538378
v_measure,0.9585294570066144,1.0,0.9985848331025996,-0.3034917704968466,-0.38883248730964465,0.6368558683279495,-0.8222427318874019
mutual_info,0.9586525149976927,0.9985848331025996,1.0,-0.318627903399477,-0.3911705891401323,0.6364866943547146,-0.8229195508383326
adjusted_rand_score,-0.2805414551607445,-0.3034917704968466,-0.318627903399477,1.0,0.5622827257345023,-0.617474234733118,0.41904322411936623
calinski_harabasz,-0.3149976926626673,-0.38883248730964465,-0.3911705891401323,0.5622827257345023,1.0,-0.8372558067989541,0.5382864174742348
davies_bouldin,0.581295185356099,0.6368558683279495,0.6364866943547146,-0.617474234733118,-0.8372558067989541,1.0,-0.7872327334256268
silhouette,-0.7647746500538378,-0.8222427318874019,-0.8229195508383326,0.41904322411936623,0.5382864174742348,-0.7872327334256268,1.0
