,abilities,v_measure,mutual_info,adjusted_rand_score,calinski_harabasz,davies_bouldin,silhouette
abilities,1.0,0.9610102420856611,0.9011638195017204,0.9626396648044693,0.9478584729981379,-0.6466480446927374,0.7580307262569832
v_measure,0.9610102420856611,1.0,0.8287149913812532,0.9898743016759777,0.9206238361266295,-0.7255586592178771,0.818901303538175
mutual_info,0.9011638195017204,0.8287149913812532,1.0,0.8188140467854118,0.894286516668681,-0.5265879634746237,0.5728911834108634
adjusted_rand_score,0.9626396648044693,0.9898743016759777,0.8188140467854118,1.0,0.9074720670391061,-0.7220670391061452,0.8102886405959032
calinski_harabasz,0.9478584729981379,0.9206238361266295,0.894286516668681,0.9074720670391061,1.0,-0.7003026070763501,0.777351024208566
davies_bouldin,-0.6466480446927374,-0.7255586592178771,-0.5265879634746237,-0.7220670391061452,-0.7003026070763501,1.0,-0.8730214152700186
silhouette,0.7580307262569832,0.818901303538175,0.5728911834108634,0.8102886405959032,0.777351024208566,-0.8730214152700186,1.0
