,abilities,v_measure,mutual_info,adjusted_rand_score,calinski_harabasz,davies_bouldin,silhouette
abilities,1.0,0.9629888268156425,0.8731408209208289,0.9663640595903166,0.924231843575419,-0.6577048417132216,0.7921322160148976
v_measure,0.9629888268156425,1.0,0.8294837798747875,0.9894087523277467,0.9024674115456238,-0.7169459962756052,0.8449720670391061
mutual_info,0.8731408209208289,0.8294837798747875,1.0,0.8176415865546062,0.8541108286699903,-0.5202316767024912,0.60265569886634
adjusted_rand_score,0.9663640595903166,0.9894087523277467,0.8176415865546062,1.0,0.8903631284916201,-0.7152001862197392,0.8355446927374302
calinski_harabasz,0.924231843575419,0.9024674115456238,0.8541108286699903,0.8903631284916201,1.0,-0.7053072625698324,0.7985335195530726
davies_bouldin,-0.6577048417132216,-0.7169459962756052,-0.5202316767024912,-0.7152001862197392,-0.7053072625698324,1.0,-0.8923417132216015
silhouette,0.7921322160148976,0.8449720670391061,0.60265569886634,0.8355446927374302,0.7985335195530726,-0.8923417132216015,1.0
