,abilities,v_measure,mutual_info,adjusted_rand_score,calinski_harabasz,davies_bouldin,silhouette
abilities,1.0,0.9605968757286081,0.870485073662303,0.9639776171601772,0.9161809279552343,-0.6149452086733505,0.7723245511774306
v_measure,0.9605968757286081,1.0,0.7972969685106361,0.9893914665423176,0.8983446024714385,-0.7141524830962929,0.8549778503147587
mutual_info,0.870485073662303,0.7972969685106361,1.0,0.7898191814195166,0.8504658011348962,-0.4914731405478384,0.578733616682006
adjusted_rand_score,0.9639776171601772,0.9893914665423176,0.7898191814195166,1.0,0.8836558638377244,-0.7113546281184425,0.8441361622755887
calinski_harabasz,0.9161809279552343,0.8983446024714385,0.8504658011348962,0.8836558638377244,1.0,-0.6634413616227559,0.7793191886220564
davies_bouldin,-0.6149452086733505,-0.7141524830962929,-0.4914731405478384,-0.7113546281184425,-0.6634413616227559,1.0,-0.8812077407321054
silhouette,0.7723245511774306,0.8549778503147587,0.578733616682006,0.8441361622755887,0.7793191886220564,-0.8812077407321054,1.0
