,abilities,v_measure,mutual_info,adjusted_rand_score,calinski_harabasz,davies_bouldin,silhouette
abilities,1.0,0.4677740863787375,0.49967998671686226,0.5312878639828025,0.3786984561266367,-0.3092827828805941,0.13160054719562245
v_measure,0.4677740863787375,1.0,0.9954611855756172,0.9340824701973813,0.8108852843462967,-0.7166699237834668,0.3345124096150088
mutual_info,0.49967998671686226,0.9954611855756172,1.0,0.949056815805815,0.802349044122553,-0.6990262801836418,0.30750589948529744
adjusted_rand_score,0.5312878639828025,0.9340824701973813,0.949056815805815,1.0,0.7451436388508892,-0.6287863982802423,0.28999413718975964
calinski_harabasz,0.3786984561266367,0.8108852843462967,0.802349044122553,0.7451436388508892,1.0,-0.8973031072894274,0.31885870627320695
davies_bouldin,-0.3092827828805941,-0.7166699237834668,-0.6990262801836418,-0.6287863982802423,-0.8973031072894274,1.0,-0.32845417236662106
silhouette,0.13160054719562245,0.3345124096150088,0.30750589948529744,0.28999413718975964,0.31885870627320695,-0.32845417236662106,1.0
