,abilities,v_measure,mutual_info,adjusted_rand_score,calinski_harabasz,davies_bouldin,silhouette
abilities,1.0,0.5426936813318696,0.5605460257347815,0.5694184552464641,0.4590895988407286,-0.40811221474111636,0.24141216246214675
v_measure,0.5426936813318696,1.0,0.9977330467070549,0.953234316982607,0.8124096150087942,-0.7213797146765683,0.3456908344733242
mutual_info,0.5605460257347815,0.9977330467070549,1.0,0.9582177056869259,0.8080125073285128,-0.7160836427594294,0.3314637482900137
adjusted_rand_score,0.5694184552464641,0.953234316982607,0.9582177056869259,1.0,0.7743404338479578,-0.6673636896619113,0.3371702169239789
calinski_harabasz,0.4590895988407286,0.8124096150087942,0.8080125073285128,0.7743404338479578,1.0,-0.9023255813953488,0.32096931795974204
davies_bouldin,-0.40811221474111636,-0.7213797146765683,-0.7160836427594294,-0.6673636896619113,-0.9023255813953488,1.0,-0.3251123705296072
silhouette,0.24141216246214675,0.3456908344733242,0.3314637482900137,0.3371702169239789,0.32096931795974204,-0.3251123705296072,1.0
