,abilities,v_measure,mutual_info,adjusted_rand_score,calinski_harabasz,davies_bouldin,silhouette
abilities,1.0,0.5139339456712918,0.5294703928082861,0.5220832519054134,0.43388704318936877,-0.420265780730897,0.20994723470783663
v_measure,0.5139339456712918,1.0,0.9979089310142661,0.9508305647840531,0.8070353722884502,-0.8062927496580027,0.3098299785030291
mutual_info,0.5294703928082861,0.9979089310142661,1.0,0.9536056282978308,0.8025405511041626,-0.8034590580418214,0.29953097518077
adjusted_rand_score,0.5220832519054134,0.9508305647840531,0.9536056282978308,1.0,0.7551299589603283,-0.7228258745358609,0.33930037131131524
calinski_harabasz,0.43388704318936877,0.8070353722884502,0.8025405511041626,0.7551299589603283,1.0,-0.9463552863005668,0.25305843267539574
davies_bouldin,-0.420265780730897,-0.8062927496580027,-0.8034590580418214,-0.7228258745358609,-0.9463552863005668,1.0,-0.23357435997654877
silhouette,0.20994723470783663,0.3098299785030291,0.29953097518077,0.33930037131131524,0.25305843267539574,-0.23357435997654877,1.0
