,abilities,v_measure,mutual_info,adjusted_rand_score,calinski_harabasz,davies_bouldin,silhouette
abilities,1.0,0.5411178424858315,0.5589603283173734,0.5668164940394762,0.45649794801641586,-0.4055892124291577,0.23588039867109634
v_measure,0.5411178424858315,1.0,0.9974203634942349,0.9532734023842095,0.8124487004103967,-0.7217314832909908,0.34610123119015046
mutual_info,0.5589603283173734,0.9974203634942349,1.0,0.9580418213797147,0.8078952511237053,-0.7166308383818644,0.3319327731092437
adjusted_rand_score,0.5668164940394762,0.9532734023842095,0.9580418213797147,1.0,0.7743404338479578,-0.6674027750635138,0.3384014070744577
calinski_harabasz,0.45649794801641586,0.8124487004103967,0.8078952511237053,0.7743404338479578,1.0,-0.9023451240961501,0.32106703146374826
davies_bouldin,-0.4055892124291577,-0.7217314832909908,-0.7166308383818644,-0.6674027750635138,-0.9023451240961501,1.0,-0.3250537424272034
silhouette,0.23588039867109634,0.34610123119015046,0.3319327731092437,0.3384014070744577,0.32106703146374826,-0.3250537424272034,1.0
