,abilities,v_measure,mutual_info,adjusted_rand_score,calinski_harabasz,davies_bouldin,silhouette
abilities,1.0,0.646519500670005,0.8113693273021241,0.7319980252486071,0.7765709852598914,-0.6987093589110657,0.6807955427039989
v_measure,0.646519500670005,1.0,0.5724865116230303,0.9537343959376543,0.8654347979406164,-0.8098596515974328,0.8820791311093871
mutual_info,0.8113693273021241,0.5724865116230303,1.0,0.5933631911155051,0.6385019575857206,-0.6294742042916774,0.45308036844478833
adjusted_rand_score,0.7319980252486071,0.9537343959376543,0.5933631911155051,1.0,0.861062134142041,-0.7875731715917906,0.8531631285704211
calinski_harabasz,0.7765709852598914,0.8654347979406164,0.6385019575857206,0.861062134142041,1.0,-0.9462585513787997,0.8376472247690246
davies_bouldin,-0.6987093589110657,-0.8098596515974328,-0.6294742042916774,-0.7875731715917906,-0.9462585513787997,1.0,-0.7236758586642217
silhouette,0.6807955427039989,0.8820791311093871,0.45308036844478833,0.8531631285704211,0.8376472247690246,-0.7236758586642217,1.0
