,abilities,v_measure,mutual_info,adjusted_rand_score,calinski_harabasz,davies_bouldin,silhouette
abilities,1.0,0.6487763594047535,0.8027647499437393,0.7260737710698921,0.758375061710981,-0.6922208900486635,0.6862966358699485
v_measure,0.6487763594047535,1.0,0.5839827912084133,0.9548628253050285,0.8475209817335496,-0.7786867903237181,0.8878623316171803
mutual_info,0.8027647499437393,0.5839827912084133,1.0,0.5892724904041418,0.6145219878984185,-0.6017561805060607,0.4571005398335419
adjusted_rand_score,0.7260737710698921,0.9548628253050285,0.5892724904041418,1.0,0.8321461316030749,-0.7516044855067353,0.861062134142041
calinski_harabasz,0.758375061710981,0.8475209817335496,0.6145219878984185,0.8321461316030749,1.0,-0.9530291275830454,0.8291840045137174
davies_bouldin,-0.6922208900486635,-0.7786867903237181,-0.6017561805060607,-0.7516044855067353,-0.9530291275830454,1.0,-0.7240990196769871
silhouette,0.6862966358699485,0.8878623316171803,0.4571005398335419,0.861062134142041,0.8291840045137174,-0.7240990196769871,1.0
