,abilities,v_measure,mutual_info,adjusted_rand_score,calinski_harabasz,davies_bouldin,silhouette
abilities,1.0,0.6888356019465407,0.7459623386698638,0.7992806262782989,0.7468086606953946,-0.6703575710557867,0.7049157204316242
v_measure,0.6888356019465407,1.0,0.5758516115381903,0.9509133225192186,0.8689611397136611,-0.7631708865223218,0.8793991113618732
mutual_info,0.7459623386698638,0.5758516115381903,1.0,0.5978559842019888,0.6377741730728542,-0.6061781507863743,0.4459411806192256
adjusted_rand_score,0.7992806262782989,0.9509133225192186,0.5978559842019888,1.0,0.8554199873051697,-0.7517455391776571,0.8572536850271528
calinski_harabasz,0.7468086606953946,0.8689611397136611,0.6377741730728542,0.8554199873051697,1.0,-0.8974539812398618,0.831440863248466
davies_bouldin,-0.6703575710557867,-0.7631708865223218,-0.6061781507863743,-0.7517455391776571,-0.8974539812398618,1.0,-0.705056774102546
silhouette,0.7049157204316242,0.8793991113618732,0.4459411806192256,0.8572536850271528,0.831440863248466,-0.705056774102546,1.0
