,abilities,v_measure,mutual_info,adjusted_rand_score,calinski_harabasz,davies_bouldin,silhouette
abilities,1.0,0.7917232103183658,0.8209854065800023,0.7932243692130324,0.7396510105801679,-0.7153562550288823,0.5028401926287094
v_measure,0.7917232103183658,1.0,0.9790240448783637,0.9984988411053333,0.8947147197636576,-0.8767128222988146,0.4710756704175624
mutual_info,0.8209854065800023,0.9790240448783637,1.0,0.9776167444231609,0.889774733958671,-0.8559032973616557,0.44348006652413285
adjusted_rand_score,0.7932243692130324,0.9984988411053333,0.9776167444231609,1.0,0.8945706085097695,-0.8760883401986334,0.471063661146405
calinski_harabasz,0.7396510105801679,0.8947147197636576,0.889774733958671,0.8945706085097695,1.0,-0.8757400713350707,0.3831678055458814
davies_bouldin,-0.7153562550288823,-0.8767128222988146,-0.8559032973616557,-0.8760883401986334,-0.8757400713350707,1.0,-0.4545148854915995
silhouette,0.5028401926287094,0.4710756704175624,0.44348006652413285,0.471063661146405,0.3831678055458814,-0.4545148854915995,1.0
