,abilities,v_measure,mutual_info,adjusted_rand_score,calinski_harabasz,davies_bouldin,silhouette
abilities,1.0,0.7449912643567744,0.7739440900448583,0.7380387730473886,0.733643933981352,-0.646287501726115,0.4506211012313955
v_measure,0.7449912643567744,1.0,0.9785861824726538,0.9982108442053567,0.9020407183040244,-0.8526408059606506,0.4160987998246867
mutual_info,0.7739440900448583,0.9785861824726538,1.0,0.9771083186064832,0.8966908970107085,-0.8295382047503191,0.3783331497396916
adjusted_rand_score,0.7380387730473886,0.9982108442053567,0.9771083186064832,1.0,0.9032895250331714,-0.8556427452134079,0.4141775587029221
calinski_harabasz,0.733643933981352,0.9020407183040244,0.8966908970107085,0.9032895250331714,1.0,-0.8458564232494191,0.3252961413072845
davies_bouldin,-0.646287501726115,-0.8526408059606506,-0.8295382047503191,-0.8556427452134079,-0.8458564232494191,1.0,-0.44964847291350213
silhouette,0.4506211012313955,0.4160987998246867,0.3783331497396916,0.4141775587029221,0.3252961413072845,-0.44964847291350213,1.0
