,abilities,v_measure,mutual_info,adjusted_rand_score,calinski_harabasz,davies_bouldin,silhouette
abilities,1.0,0.8303944322548921,0.8507358736702628,0.8312351190960451,0.7742905954199453,-0.7516941341109541,0.5331335701291966
v_measure,0.8303944322548921,1.0,0.9835685212981148,0.9984627486774235,0.8963196041577844,-0.8764073956200347,0.4693120199842672
mutual_info,0.8507358736702628,0.9835685212981148,1.0,0.9821615852890201,0.8917629404311646,-0.8559281600285826,0.44437532718020534
adjusted_rand_score,0.8312351190960451,0.9984627486774235,0.9821615852890201,1.0,0.8959713206550132,-0.8755667113030007,0.4689156973776654
calinski_harabasz,0.7742905954199453,0.8963196041577844,0.8917629404311646,0.8959713206550132,1.0,-0.8764073956200347,0.38214506608379223
davies_bouldin,-0.7516941341109541,-0.8764073956200347,-0.8559281600285826,-0.8755667113030007,-0.8764073956200347,1.0,-0.455152494130222
silhouette,0.5331335701291966,0.4693120199842672,0.44437532718020534,0.4689156973776654,0.38214506608379223,-0.455152494130222,1.0
