,abilities,v_measure,mutual_info,adjusted_rand_score,calinski_harabasz,davies_bouldin,silhouette
abilities,1.0,0.8441887915136771,0.8381802550623527,0.8485820724231856,0.8844033382708912,-0.8859496369088479,0.9074099497814228
v_measure,0.8441887915136771,1.0,0.9965161852328631,0.9902473419424527,0.8261875050710007,-0.8303138537497515,0.7760859719890756
mutual_info,0.8381802550623527,0.9965161852328631,1.0,0.9835541975769525,0.8277083317867137,-0.8319578078985672,0.7765628514404762
adjusted_rand_score,0.8485820724231856,0.9902473419424527,0.9835541975769525,1.0,0.8189192030046427,-0.8195334158915065,0.7717042970897194
calinski_harabasz,0.8844033382708912,0.8261875050710007,0.8277083317867137,0.8189192030046427,1.0,-0.9982802846923661,0.9647675132772138
davies_bouldin,-0.8859496369088479,-0.8303138537497515,-0.8319578078985672,-0.8195334158915065,-0.9982802846923661,1.0,-0.9623685826800101
silhouette,0.9074099497814228,0.7760859719890756,0.7765628514404762,0.7717042970897194,0.9647675132772138,-0.9623685826800101,1.0
