,abilities,v_measure,mutual_info,adjusted_rand_score,calinski_harabasz,davies_bouldin,silhouette
abilities,1.0,0.8468192484647546,0.8409059828304263,0.8511400884461245,0.88646988691788,-0.8880595397232559,0.9083348386863688
v_measure,0.8468192484647546,1.0,0.9964728432689334,0.9902184344643813,0.8260140683489516,-0.8302415884488977,0.7753922251008794
mutual_info,0.8409059828304263,0.9964728432689334,1.0,0.9834097697626077,0.8273988171084665,-0.8317494397754648,0.7761380752861764
adjusted_rand_score,0.8511400884461245,0.9902184344643813,0.9834097697626077,1.0,0.8188902988687903,-0.8195912241632114,0.771675392953867
calinski_harabasz,0.88646988691788,0.8260140683489516,0.8273988171084665,0.8188902988687903,1.0,-0.9982802846923661,0.9647097077206547
davies_bouldin,-0.8880595397232559,-0.8302415884488977,-0.8317494397754648,-0.8195912241632114,-0.9982802846923661,1.0,-0.962310777123451
silhouette,0.9083348386863688,0.7753922251008794,0.7761380752861764,0.771675392953867,0.9647097077206547,-0.962310777123451,1.0
