,abilities,v_measure,mutual_info,adjusted_rand_score,calinski_harabasz,davies_bouldin,silhouette
abilities,1.0,0.7123090227731335,0.8038820024983184,0.7863937734217353,0.8019602190833093,-0.729893341020467,0.7418083981935236
v_measure,0.7123090227731335,1.0,0.6982800038435668,0.9675218602863457,0.8888248294417219,-0.8017680407418084,0.8391467281637359
mutual_info,0.8038820024983184,0.6982800038435668,1.0,0.7130777361391372,0.7297972518497166,-0.6889593542807726,0.5334870760065341
adjusted_rand_score,0.7863937734217353,0.9675218602863457,0.7130777361391372,1.0,0.8807533390986836,-0.7906216969347555,0.8218506774286538
calinski_harabasz,0.8019602190833093,0.8888248294417219,0.7297972518497166,0.8807533390986836,1.0,-0.9172672239838571,0.808013836840588
davies_bouldin,-0.729893341020467,-0.8017680407418084,-0.6889593542807726,-0.7906216969347555,-0.9172672239838571,1.0,-0.6997213414048237
silhouette,0.7418083981935236,0.8391467281637359,0.5334870760065341,0.8218506774286538,0.808013836840588,-0.6997213414048237,1.0
