,abilities,v_measure,mutual_info,adjusted_rand_score,calinski_harabasz,davies_bouldin,silhouette
abilities,1.0,0.6750264245219564,0.8359478225680672,0.7248967041414432,0.784856346689728,-0.7172095704814068,0.715383876237148
v_measure,0.6750264245219564,1.0,0.71131717415485,0.9695397328721053,0.8818103199769386,-0.8231959258191602,0.8409724224079946
mutual_info,0.8359478225680672,0.71131717415485,1.0,0.7146323301843457,0.7247219354915068,-0.6945011653095816,0.5392653807979761
adjusted_rand_score,0.7248967041414432,0.9695397328721053,0.7146323301843457,1.0,0.8796963582204286,-0.8047468050350726,0.8251177092341693
calinski_harabasz,0.784856346689728,0.8818103199769386,0.7247219354915068,0.8796963582204286,1.0,-0.952435860478524,0.8118574036706063
davies_bouldin,-0.7172095704814068,-0.8231959258191602,-0.6945011653095816,-0.8047468050350726,-0.952435860478524,1.0,-0.7187469972134141
silhouette,0.715383876237148,0.8409724224079946,0.5392653807979761,0.8251177092341693,0.8118574036706063,-0.7187469972134141,1.0
