,abilities,v_measure,mutual_info,adjusted_rand_score,calinski_harabasz,davies_bouldin,silhouette
abilities,1.0,0.6418584538509585,0.8460429619579687,0.6515639263921588,0.9211809645437986,-0.8470186902416759,0.7698553788497574
v_measure,0.6418584538509585,1.0,0.6454759531993749,0.9919281218469226,0.6310807890931411,-0.6657858069475808,0.7836928842550329
mutual_info,0.8460429619579687,0.6454759531993749,1.0,0.6278891000116305,0.8366047678265558,-0.7754552916497813,0.6389409476432731
adjusted_rand_score,0.6515639263921588,0.9919281218469226,0.6278891000116305,1.0,0.6360775460071637,-0.6758756546389276,0.7987796088982847
calinski_harabasz,0.9211809645437986,0.6310807890931411,0.8366047678265558,0.6360775460071637,1.0,-0.8502654529563242,0.7916496506956746
davies_bouldin,-0.8470186902416759,-0.6657858069475808,-0.7754552916497813,-0.6758756546389276,-0.8502654529563242,1.0,-0.7685100658242444
silhouette,0.7698553788497574,0.7836928842550329,0.6389409476432731,0.7987796088982847,0.7916496506956746,-0.7685100658242444,1.0
