,abilities,v_measure,mutual_info,adjusted_rand_score,calinski_harabasz,davies_bouldin,silhouette
abilities,1.0,0.9370245699594476,0.9192300065025655,0.9332078772297172,0.9170929523708553,-0.7949057753982348,0.7703093111399719
v_measure,0.9370245699594476,1.0,0.9104528906162819,0.9908823451456439,0.9209096451005857,-0.8523151952079302,0.7880145246362215
mutual_info,0.9192300065025655,0.9104528906162819,1.0,0.90337800326552,0.9034577952281225,-0.7520126502084296,0.6675395591331671
adjusted_rand_score,0.9332078772297172,0.9908823451456439,0.90337800326552,1.0,0.9075512205465291,-0.8424554056561265,0.7747621193246574
calinski_harabasz,0.9170929523708553,0.9209096451005857,0.9034577952281225,0.9075512205465291,1.0,-0.8225237880675342,0.7337326724800551
davies_bouldin,-0.7949057753982348,-0.8523151952079302,-0.7520126502084296,-0.8424554056561265,-0.8225237880675342,1.0,-0.8082641999522914
silhouette,0.7703093111399719,0.7880145246362215,0.6675395591331671,0.7747621193246574,0.7337326724800551,-0.8082641999522914,1.0
