,abilities,v_measure,mutual_info,adjusted_rand_score,calinski_harabasz,davies_bouldin,silhouette
abilities,1.0,0.9428131879790987,0.912924957548932,0.9427070899976128,0.9157051537094507,-0.7733216625553699,0.7490252247950983
v_measure,0.9428131879790987,1.0,0.9033986915234419,0.9944298559719902,0.9237686003023793,-0.8414896156600621,0.7793692475000663
mutual_info,0.912924957548932,0.9033986915234419,1.0,0.8954157870328076,0.899779774821021,-0.7343207744118085,0.6479989671864169
adjusted_rand_score,0.9427070899976128,0.9944298559719902,0.8954157870328076,1.0,0.9143258799501339,-0.8403755868544601,0.7736930054905705
calinski_harabasz,0.9157051537094507,0.9237686003023793,0.899779774821021,0.9143258799501339,1.0,-0.8083870454364606,0.7192116919975597
davies_bouldin,-0.7733216625553699,-0.8414896156600621,-0.7343207744118085,-0.8403755868544601,-0.8083870454364606,1.0,-0.8073260656216016
silhouette,0.7490252247950983,0.7793692475000663,0.6479989671864169,0.7736930054905705,0.7192116919975597,-0.8073260656216016,1.0
