,abilities,v_measure,mutual_info,adjusted_rand_score,calinski_harabasz,davies_bouldin,silhouette
abilities,1.0,0.9707450015990324,0.9769191809880847,0.019921695997813918,-0.45613358095839257,0.41688573749829755,-0.6873598147968305
v_measure,0.9707450015990324,1.0,0.9974917597877643,0.12924076279125016,-0.4811480022509848,0.41027413779242705,-0.6752472063670714
mutual_info,0.9769191809880847,0.9974917597877643,1.0,0.08586037239428662,-0.48262722083768794,0.4107886486051933,-0.6796527052013828
adjusted_rand_score,0.019921695997813918,0.12924076279125016,0.08586037239428662,1.0,0.21030967620173577,-0.19141717853070828,0.217464707234593
calinski_harabasz,-0.45613358095839257,-0.4811480022509848,-0.48262722083768794,0.21030967620173577,1.0,-0.4365141892435083,0.7254441675375835
davies_bouldin,0.41688573749829755,0.41027413779242705,0.4107886486051933,-0.19141717853070828,-0.4365141892435083,1.0,-0.5311841787925075
silhouette,-0.6873598147968305,-0.6752472063670714,-0.6796527052013828,0.217464707234593,0.7254441675375835,-0.5311841787925075,1.0
