,abilities,v_measure,mutual_info,adjusted_rand_score,calinski_harabasz,davies_bouldin,silhouette
abilities,1.0,0.7253762734143937,0.753480118304305,0.7784554715741046,0.69553729871837,-0.5544659875123233,0.5289122576404863
v_measure,0.7253762734143937,1.0,0.9688202431810713,0.9787315149523497,0.8657377587906671,-0.7934143936904371,0.5771804140650674
mutual_info,0.753480118304305,0.9688202431810713,1.0,0.9635096943805456,0.8225435425566875,-0.7348931975024646,0.5217877094972067
adjusted_rand_score,0.7784554715741046,0.9787315149523497,0.9635096943805456,1.0,0.8322444955635886,-0.7246664475846204,0.5339073282944463
calinski_harabasz,0.69553729871837,0.8657377587906671,0.8225435425566875,0.8322444955635886,1.0,-0.8903187643772593,0.5086690765691751
davies_bouldin,-0.5544659875123233,-0.7934143936904371,-0.7348931975024646,-0.7246664475846204,-0.8903187643772593,1.0,-0.56910943148209
silhouette,0.5289122576404863,0.5771804140650674,0.5217877094972067,0.5339073282944463,0.5086690765691751,-0.56910943148209,1.0
