,abilities,v_measure,mutual_info,adjusted_rand_score,calinski_harabasz,davies_bouldin,silhouette
abilities,1.0,0.7447781794281959,0.7724613867893526,0.8008544199802826,0.7121261912586263,-0.5828327308577063,0.5101938876109103
v_measure,0.7447781794281959,1.0,0.9686362142622412,0.9795465001643116,0.8605060795267828,-0.793913900755833,0.5735787052251068
mutual_info,0.7724613867893526,0.9686362142622412,1.0,0.9671376930660532,0.8189155438711797,-0.7345777193558988,0.5218928688793953
adjusted_rand_score,0.8008544199802826,0.9795465001643116,0.9671376930660532,1.0,0.8247255997371016,-0.7256917515609596,0.5297009530069011
calinski_harabasz,0.7121261912586263,0.8605060795267828,0.8189155438711797,0.8247255997371016,1.0,-0.8882155767334867,0.5046204403549129
davies_bouldin,-0.5828327308577063,-0.793913900755833,-0.7345777193558988,-0.7256917515609596,-0.8882155767334867,1.0,-0.5698192573118633
silhouette,0.5101938876109103,0.5735787052251068,0.5218928688793953,0.5297009530069011,0.5046204403549129,-0.5698192573118633,1.0
