,abilities,v_measure,mutual_info,adjusted_rand_score,calinski_harabasz,davies_bouldin,silhouette
abilities,1.0,0.6912257640486362,0.7208544199802827,0.7388629641800855,0.7061321064738745,-0.5520999014130792,0.4724416694051922
v_measure,0.6912257640486362,1.0,0.9666644758462044,0.977443312520539,0.8472297075254683,-0.7947551758133421,0.5673217219848833
mutual_info,0.7208544199802827,0.9666644758462044,1.0,0.9627998685507723,0.8016431153466973,-0.7314229378902399,0.5024120933289516
adjusted_rand_score,0.7388629641800855,0.977443312520539,0.9627998685507723,1.0,0.8092408807098258,-0.729924416694052,0.5232599408478475
calinski_harabasz,0.7061321064738745,0.8472297075254683,0.8016431153466973,0.8092408807098258,1.0,-0.8924219520210319,0.5116924088070982
davies_bouldin,-0.5520999014130792,-0.7947551758133421,-0.7314229378902399,-0.729924416694052,-0.8924219520210319,1.0,-0.5786789352612554
silhouette,0.4724416694051922,0.5673217219848833,0.5024120933289516,0.5232599408478475,0.5116924088070982,-0.5786789352612554,1.0
