,abilities,v_measure,mutual_info,adjusted_rand_score,calinski_harabasz,davies_bouldin,silhouette
abilities,1.0,0.7439369043706868,0.7695957936247124,0.7989352612553401,0.7119947420308905,-0.5805192244495564,0.5117186986526454
v_measure,0.7439369043706868,1.0,0.968609924416694,0.979625369700953,0.8606112389089714,-0.7937561616825501,0.5735524153795597
mutual_info,0.7695957936247124,0.968609924416694,1.0,0.9668222149194874,0.8197042392375945,-0.7346828787380875,0.5218665790338481
adjusted_rand_score,0.7989352612553401,0.979625369700953,0.9668222149194874,1.0,0.8246993098915544,-0.7252185343411107,0.5295432139336181
calinski_harabasz,0.7119947420308905,0.8606112389089714,0.8197042392375945,0.8246993098915544,1.0,-0.8881629970423923,0.5044889911271772
davies_bouldin,-0.5805192244495564,-0.7937561616825501,-0.7346828787380875,-0.7252185343411107,-0.8881629970423923,1.0,-0.5699244166940519
silhouette,0.5117186986526454,0.5735524153795597,0.5218665790338481,0.5295432139336181,0.5044889911271772,-0.5699244166940519,1.0
