,abilities,v_measure,mutual_info,adjusted_rand_score,calinski_harabasz,davies_bouldin,silhouette
abilities,1.0,0.7252974038777522,0.7545842918172856,0.7780085441998028,0.6944331252053895,-0.5530989155438711,0.5297009530069011
v_measure,0.7252974038777522,1.0,0.9700558659217877,0.9786526454157082,0.8652382517252711,-0.7933355241537956,0.57678606638186
mutual_info,0.7545842918172856,0.9700558659217877,1.0,0.9641143608281302,0.8231744988498193,-0.7353664147223135,0.5221820571804141
adjusted_rand_score,0.7780085441998028,0.9786526454157082,0.9641143608281302,1.0,0.8322970752546829,-0.7246664475846204,0.5339336181399934
calinski_harabasz,0.6944331252053895,0.8652382517252711,0.8231744988498193,0.8322970752546829,1.0,-0.8904502136049951,0.5086690765691751
davies_bouldin,-0.5530989155438711,-0.7933355241537956,-0.7353664147223135,-0.7246664475846204,-0.8904502136049951,1.0,-0.56892540256326
silhouette,0.5297009530069011,0.57678606638186,0.5221820571804141,0.5339336181399934,0.5086690765691751,-0.56892540256326,1.0
