,abilities,v_measure,mutual_info,adjusted_rand_score,calinski_harabasz,davies_bouldin,silhouette
abilities,1.0,0.6861853167429597,0.7088905747392724,0.5731142165997408,0.4240766073871409,-0.3880984952120383,0.729890560875513
v_measure,0.6861853167429597,1.0,0.9948101998261649,0.9586290652422103,-0.08437938273376938,0.11225501991578075,0.22868283459991168
mutual_info,0.7088905747392724,0.9948101998261649,1.0,0.9413754877303863,-0.033234599202372844,0.06300868859089037,0.2626218586455545
adjusted_rand_score,0.5731142165997408,0.9586290652422103,0.9413754877303863,1.0,-0.24163346304691588,0.2585973976076052,0.07650871292794774
calinski_harabasz,0.4240766073871409,-0.08437938273376938,-0.033234599202372844,-0.24163346304691588,1.0,-0.9831053351573188,0.7688782489740082
davies_bouldin,-0.3880984952120383,0.11225501991578075,0.06300868859089037,0.2585973976076052,-0.9831053351573188,1.0,-0.7916552667578659
silhouette,0.729890560875513,0.22868283459991168,0.2626218586455545,0.07650871292794774,0.7688782489740082,-0.7916552667578659,1.0
