,abilities,v_measure,mutual_info,adjusted_rand_score,calinski_harabasz,davies_bouldin,silhouette
abilities,1.0,0.6799261245904343,0.7010102058562355,0.5646322493193962,0.42305061559507523,-0.386593707250342,0.7319425444596444
v_measure,0.6799261245904343,1.0,0.9943304759767034,0.9514460172260515,-0.11098950019095324,0.1290146054607937,0.22119232595836508
mutual_info,0.7010102058562355,0.9943304759767034,1.0,0.931850031459401,-0.06002785340469818,0.08226419864422392,0.2507327803741902
adjusted_rand_score,0.5646322493193962,0.9514460172260515,0.931850031459401,1.0,-0.2700890952132335,0.2759717499399242,0.0701130359867201
calinski_harabasz,0.42305061559507523,-0.11098950019095324,-0.06002785340469818,-0.2700890952132335,1.0,-0.98296853625171,0.7714774281805745
davies_bouldin,-0.386593707250342,0.1290146054607937,0.08226419864422392,0.2759717499399242,-0.98296853625171,1.0,-0.7928864569083447
silhouette,0.7319425444596444,0.22119232595836508,0.2507327803741902,0.0701130359867201,0.7714774281805745,-0.7928864569083447,1.0
