,abilities,v_measure,mutual_info,adjusted_rand_score,calinski_harabasz,davies_bouldin,silhouette
abilities,1.0,0.5379375641059359,0.6107376151888958,0.5356363253820057,0.4500170949162349,-0.3289324882308077,0.11073560739552377
v_measure,0.5379375641059359,1.0,0.9833093894189231,0.9900191989059254,0.7493096283828209,-0.7421692133708545,0.42135023538384664
mutual_info,0.6107376151888958,0.9833093894189231,1.0,0.9813829175253487,0.719146040380896,-0.683509597844467,0.3711121265837013
adjusted_rand_score,0.5356363253820057,0.9900191989059254,0.9813829175253487,1.0,0.7401704231649265,-0.7198537727165137,0.4031507245614496
calinski_harabasz,0.4500170949162349,0.7493096283828209,0.719146040380896,0.7401704231649265,1.0,-0.8638850169634169,0.3172553454488073
davies_bouldin,-0.3289324882308077,-0.7421692133708545,-0.683509597844467,-0.7198537727165137,-0.8638850169634169,1.0,-0.39794335007758463
silhouette,0.11073560739552377,0.42135023538384664,0.3711121265837013,0.4031507245614496,0.3172553454488073,-0.39794335007758463,1.0
