,abilities,v_measure,mutual_info,adjusted_rand_score,calinski_harabasz,davies_bouldin,silhouette
abilities,1.0,0.6377192751755516,0.6956447413407675,0.6321655056365382,0.5532572390395287,-0.46937380006837964,0.22761223470004996
v_measure,0.6377192751755516,1.0,0.9832864318964837,0.9922908249364069,0.8407674302395918,-0.8035794124608789,0.31587460221444913
mutual_info,0.6956447413407675,0.9832864318964837,1.0,0.9795484954833442,0.8064592483496831,-0.736317492044289,0.2705993740630671
adjusted_rand_score,0.6321655056365382,0.9922908249364069,0.9795484954833442,1.0,0.8286985137281246,-0.7868881561471004,0.3092875012755755
calinski_harabasz,0.5532572390395287,0.8407674302395918,0.8064592483496831,0.8286985137281246,1.0,-0.9103963390579386,0.29374326065802275
davies_bouldin,-0.46937380006837964,-0.8035794124608789,-0.736317492044289,-0.7868881561471004,-0.9103963390579386,1.0,-0.33457381058832814
silhouette,0.22761223470004996,0.31587460221444913,0.2705993740630671,0.3092875012755755,0.29374326065802275,-0.33457381058832814,1.0
