,abilities,v_measure,mutual_info,adjusted_rand_score,calinski_harabasz,davies_bouldin,silhouette
abilities,1.0,0.5382400126239382,0.6113353935698542,0.5363464219025327,0.4516345369907687,-0.32934013623333247,0.10857901796281198
v_measure,0.5382400126239382,1.0,0.9832599119792883,0.990255897746101,0.7492044288982984,-0.7422612629198116,0.4214817347394998
mutual_info,0.6113353935698542,0.9832599119792883,1.0,0.9815240976586701,0.7191662831840168,-0.6835426392858746,0.3711092116830832
adjusted_rand_score,0.5363464219025327,0.990255897746101,0.9815240976586701,1.0,0.7405912211030166,-0.7198274728453831,0.40328222391710283
calinski_harabasz,0.4516345369907687,0.7492044288982984,0.7191662831840168,0.7405912211030166,1.0,-0.8638850169634169,0.3172553454488073
davies_bouldin,-0.32934013623333247,-0.7422612629198116,-0.6835426392858746,-0.7198274728453831,-0.8638850169634169,1.0,-0.39794335007758463
silhouette,0.10857901796281198,0.4214817347394998,0.3711092116830832,0.40328222391710283,0.3172553454488073,-0.39794335007758463,1.0
