,abilities,v_measure,mutual_info,adjusted_rand_score,calinski_harabasz,davies_bouldin,silhouette
abilities,1.0,0.649646266733293,0.6991952239434027,0.6545906425058517,0.598545617126476,-0.4827209846671751,0.26320911027535965
v_measure,0.649646266733293,1.0,0.9818267890487337,0.9908870946532362,0.7506640717460484,-0.7438918549299108,0.4181285011703443
mutual_info,0.6991952239434027,0.9818267890487337,1.0,0.9811166925282067,0.7204586697525183,-0.6828235541645846,0.36479236251742364
adjusted_rand_score,0.6545906425058517,0.9908870946532362,0.9811166925282067,1.0,0.7403545222628409,-0.7227730584120138,0.40071798648186624
calinski_harabasz,0.598545617126476,0.7506640717460484,0.7204586697525183,0.7403545222628409,1.0,-0.8621755253399258,0.3170186466086316
davies_bouldin,-0.4827209846671751,-0.7438918549299108,-0.6828235541645846,-0.7227730584120138,-0.8621755253399258,1.0,-0.3970097046524472
silhouette,0.26320911027535965,0.4181285011703443,0.36479236251742364,0.40071798648186624,0.3170186466086316,-0.3970097046524472,1.0
