,abilities,v_measure,mutual_info,adjusted_rand_score,calinski_harabasz,davies_bouldin,silhouette
abilities,1.0,0.5379901638481971,0.6110926646163805,0.535899324093312,0.4512663387949399,-0.3278147437077558,0.10705362543723536
v_measure,0.5379901638481971,1.0,0.9832962394401273,0.990255897746101,0.7492438787049943,-0.7423401625332036,0.4218893827420246
mutual_info,0.6110926646163805,0.9832962394401273,1.0,0.9814486674193272,0.7191197404233045,-0.6837199975051986,0.3713554011914223
adjusted_rand_score,0.535899324093312,0.990255897746101,0.9814486674193272,1.0,0.7401309733582305,-0.720077321621124,0.4036504221129317
calinski_harabasz,0.4512663387949399,0.7492438787049943,0.7191197404233045,0.7401309733582305,1.0,-0.8640165163190701,0.3166635983483681
davies_bouldin,-0.3278147437077558,-0.7423401625332036,-0.6837199975051986,-0.720077321621124,-0.8640165163190701,1.0,-0.3981011493043684
silhouette,0.10705362543723536,0.4218893827420246,0.3713554011914223,0.4036504221129317,0.3166635983483681,-0.3981011493043684,1.0
