,abilities,v_measure,mutual_info,adjusted_rand_score,calinski_harabasz,davies_bouldin,silhouette
abilities,1.0,0.7488396080453842,0.7949786381274769,0.7495428758966665,0.6815134324159595,-0.5030474940222233,0.43520558863519154
v_measure,0.7488396080453842,1.0,0.9749107723851865,0.9839420507290544,0.7456280181911951,-0.7212011814899901,0.5506118430306156
mutual_info,0.7949786381274769,0.9749107723851865,1.0,0.9702808985638202,0.7095076510251892,-0.640680767280725,0.4846716012999996
adjusted_rand_score,0.7495428758966665,0.9839420507290544,0.9702808985638202,1.0,0.7328988700829856,-0.6937971775516902,0.5282713676215481
calinski_harabasz,0.6815134324159595,0.7456280181911951,0.7095076510251892,0.7328988700829856,1.0,-0.8870317408223546,0.47313516808101647
davies_bouldin,-0.5030474940222233,-0.7212011814899901,-0.640680767280725,-0.6937971775516902,-0.8870317408223546,1.0,-0.5176051385437667
silhouette,0.43520558863519154,0.5506118430306156,0.4846716012999996,0.5282713676215481,0.47313516808101647,-0.5176051385437667,1.0
