,abilities,v_measure,mutual_info,adjusted_rand_score,calinski_harabasz,davies_bouldin,silhouette
abilities,1.0,0.7316329879506774,0.7803225655211214,0.7326410052041821,0.6798959163580102,-0.4954522012283745,0.4235547845656149
v_measure,0.7316329879506774,1.0,0.9721505930892212,0.983754512635379,0.7505274508884617,-0.7238032725397346,0.5471658305593323
mutual_info,0.7803225655211214,0.9721505930892212,1.0,0.9676496788410146,0.713066716676825,-0.6382624595620986,0.47697969900135967
adjusted_rand_score,0.7326410052041821,0.983754512635379,0.9676496788410146,1.0,0.7357119414881148,-0.6977589197805805,0.5278962914341976
calinski_harabasz,0.6798959163580102,0.7505274508884617,0.713066716676825,0.7357119414881148,1.0,-0.8844296497726101,0.4728304186787941
davies_bouldin,-0.4954522012283745,-0.7238032725397346,-0.6382624595620986,-0.6977589197805805,-0.8844296497726101,1.0,-0.5161751605794928
silhouette,0.4235547845656149,0.5471658305593323,0.47697969900135967,0.5278962914341976,0.4728304186787941,-0.5161751605794928,1.0
