,abilities,v_measure,mutual_info,adjusted_rand_score,calinski_harabasz,davies_bouldin,silhouette
abilities,1.0,0.7752824792535984,0.8155988468377984,0.7615146134186136,0.7050729054339163,-0.5528857424164283,0.44369168737399783
v_measure,0.7752824792535984,1.0,0.982886748048874,0.9878744190850125,0.8366777626705425,-0.7381499367058934,0.41579539593980025
mutual_info,0.8155988468377984,0.982886748048874,1.0,0.9717219433362101,0.8078158334967002,-0.6740980380219279,0.36920083466553094
adjusted_rand_score,0.7615146134186136,0.9878744190850125,0.9717219433362101,1.0,0.8270947248883476,-0.7255774156051723,0.40530735916209637
calinski_harabasz,0.7050729054339163,0.8366777626705425,0.8078158334967002,0.8270947248883476,1.0,-0.8188147592479722,0.4448169159360495
davies_bouldin,-0.5528857424164283,-0.7381499367058934,-0.6740980380219279,-0.7255774156051723,-0.8188147592479722,1.0,-0.5689202494256645
silhouette,0.44369168737399783,0.41579539593980025,0.36920083466553094,0.40530735916209637,0.4448169159360495,-0.5689202494256645,1.0
