,abilities,v_measure,mutual_info,adjusted_rand_score,calinski_harabasz,davies_bouldin,silhouette
abilities,1.0,0.6716860034559368,0.8160582594066335,0.7293260923228833,0.7842508022710442,-0.7161194766724266,0.6850160454208837
v_measure,0.6716860034559368,1.0,0.628012466741428,0.9566773636139225,0.8796593433720069,-0.819797580844236,0.8564551962478401
mutual_info,0.8160582594066335,0.628012466741428,1.0,0.6271484558791658,0.678248526875815,-0.6639306325868989,0.4758231248601032
adjusted_rand_score,0.7293260923228833,0.9566773636139225,0.6271484558791658,1.0,0.8734880276474944,-0.8065909651937793,0.8353492964700074
calinski_harabasz,0.7842508022710442,0.8796593433720069,0.678248526875815,0.8734880276474944,1.0,-0.9570476425573933,0.8105406072574672
davies_bouldin,-0.7161194766724266,-0.819797580844236,-0.6639306325868989,-0.8065909651937793,-0.9570476425573933,1.0,-0.7209331029375463
silhouette,0.6850160454208837,0.8564551962478401,0.4758231248601032,0.8353492964700074,0.8105406072574672,-0.7209331029375463,1.0
