,abilities,v_measure,mutual_info,adjusted_rand_score,calinski_harabasz,davies_bouldin,silhouette
abilities,1.0,0.6711922981979758,0.8300058633260088,0.7415452974574179,0.7911626758824981,-0.7211799555665268,0.6998272031597137
v_measure,0.6711922981979758,1.0,0.6378251615342628,0.9590224635892373,0.8744754381634164,-0.828684275487534,0.8581831646507035
mutual_info,0.8300058633260088,0.6378251615342628,1.0,0.6449841086787209,0.6826920113103063,-0.6707810044234062,0.4850803840986266
adjusted_rand_score,0.7415452974574179,0.9590224635892373,0.6449841086787209,1.0,0.8679338434954332,-0.8078252283386818,0.8375709701308319
calinski_harabasz,0.7911626758824981,0.8744754381634164,0.6826920113103063,0.8679338434954332,1.0,-0.9521105899777833,0.8235003702789435
davies_bouldin,-0.7211799555665268,-0.828684275487534,-0.6707810044234062,-0.8078252283386818,-0.9521105899777833,1.0,-0.7224142187114293
silhouette,0.6998272031597137,0.8581831646507035,0.4850803840986266,0.8375709701308319,0.8235003702789435,-0.7224142187114293,1.0
