,abilities,v_measure,mutual_info,adjusted_rand_score,calinski_harabasz,davies_bouldin,silhouette
abilities,1.0,0.6626758824981486,0.8158982919939136,0.7275981239200198,0.7810417180942977,-0.7140212293260924,0.696988397926438
v_measure,0.6626758824981486,1.0,0.6214281317766048,0.9542088373241175,0.865835596149099,-0.7974574179215008,0.870278943470748
mutual_info,0.8158982919939136,0.6214281317766048,1.0,0.6130963413515536,0.6687650447841187,-0.6402518064406097,0.48571252329743575
adjusted_rand_score,0.7275981239200198,0.9542088373241175,0.6130963413515536,1.0,0.8652184645766477,-0.7854850654159466,0.8549740804739571
calinski_harabasz,0.7810417180942977,0.865835596149099,0.6687650447841187,0.8652184645766477,1.0,-0.9528511478647248,0.8284374228585535
davies_bouldin,-0.7140212293260924,-0.7974574179215008,-0.6402518064406097,-0.7854850654159466,-0.9528511478647248,1.0,-0.7208096766230561
silhouette,0.696988397926438,0.870278943470748,0.48571252329743575,0.8549740804739571,0.8284374228585535,-0.7208096766230561,1.0
