,abilities,v_measure,mutual_info,adjusted_rand_score,calinski_harabasz,davies_bouldin,silhouette
abilities,1.0,0.6309590373865693,0.6569808773263495,0.5119779621849003,0.49816352603002234,-0.4544474608751198,0.783096454806771
v_measure,0.6309590373865693,1.0,0.9955262455590724,0.9378693499440984,0.0402659108526454,-0.00788549072225827,0.2970733859187983
mutual_info,0.6569808773263495,0.9955262455590724,1.0,0.9132397949280486,0.08809139586851468,-0.05286282585897945,0.33722768320919044
adjusted_rand_score,0.5119779621849003,0.9378693499440984,0.9132397949280486,1.0,-0.12375229617032664,0.14698953971642442,0.1351313587315601
calinski_harabasz,0.49816352603002234,0.0402659108526454,0.08809139586851468,-0.12375229617032664,1.0,-0.9818748003832641,0.7531938677738742
davies_bouldin,-0.4544474608751198,-0.00788549072225827,-0.05286282585897945,0.14698953971642442,-0.9818748003832641,1.0,-0.7740737783455764
silhouette,0.783096454806771,0.2970733859187983,0.33722768320919044,0.1351313587315601,0.7531938677738742,-0.7740737783455764,1.0
