,abilities,v_measure,mutual_info,adjusted_rand_score,calinski_harabasz,davies_bouldin,silhouette
abilities,1.0,0.6747716740531395,0.6974345613710248,0.582524853740114,0.4918556371766209,-0.45796071542638134,0.7959517725966145
v_measure,0.6747716740531395,1.0,0.9949144229601107,0.9711422329945043,0.0039726506060937476,0.02263811953422266,0.3055347614385166
mutual_info,0.6974345613710248,0.9949144229601107,1.0,0.9525184999104471,0.050657477237773925,-0.02170178314801676,0.3369371691148348
adjusted_rand_score,0.582524853740114,0.9711422329945043,0.9525184999104471,1.0,-0.11610172884248322,0.13845969588230117,0.18654928748848104
calinski_harabasz,0.4918556371766209,0.0039726506060937476,0.050657477237773925,-0.11610172884248322,1.0,-0.9856275950175662,0.7639731715106994
davies_bouldin,-0.45796071542638134,0.02263811953422266,-0.02170178314801676,0.13845969588230117,-0.9856275950175662,1.0,-0.7831363781539444
silhouette,0.7959517725966145,0.3055347614385166,0.3369371691148348,0.18654928748848104,0.7639731715106994,-0.7831363781539444,1.0
