,abilities,v_measure,mutual_info,adjusted_rand_score,calinski_harabasz,davies_bouldin,silhouette
abilities,1.0,0.6464840061695474,0.6722357137194142,0.5358725600150652,0.4994011497923986,-0.4637096774193548,0.8013414244650271
v_measure,0.6464840061695474,1.0,0.9954939769988751,0.9618789994430715,-0.030323900857569863,0.0524230175457396,0.27750661344376476
mutual_info,0.6722357137194142,0.9954939769988751,1.0,0.9427063443327358,0.016905808971659466,0.007293877393210053,0.3101796298559081
adjusted_rand_score,0.5358725600150652,0.9618789994430715,0.9427063443327358,1.0,-0.1681239271512025,0.1818581069042335,0.14610532211109606
calinski_harabasz,0.4994011497923986,-0.030323900857569863,0.016905808971659466,-0.1681239271512025,1.0,-0.9854679016288725,0.7639731715106994
davies_bouldin,-0.4637096774193548,0.0524230175457396,0.007293877393210053,0.1818581069042335,-0.9854679016288725,1.0,-0.7828569147237304
silhouette,0.8013414244650271,0.27750661344376476,0.3101796298559081,0.14610532211109606,0.7639731715106994,-0.7828569147237304,1.0
