,abilities,v_measure,mutual_info,adjusted_rand_score,calinski_harabasz,davies_bouldin,silhouette
abilities,1.0,0.6748315632582566,0.6958558865379738,0.5569329664677509,0.4912168636218461,-0.4557250079846694,0.7969099329287768
v_measure,0.6748315632582566,1.0,0.9960535464156131,0.9623980599437983,0.0024953835465412987,0.022119079756542072,0.3090482614720468
mutual_info,0.6958558865379738,0.9960535464156131,1.0,0.9455440756810759,0.04536192241804608,-0.01896408122234614,0.3371170181464482
adjusted_rand_score,0.5569329664677509,0.9623980599437983,0.9455440756810759,1.0,-0.14452828693596606,0.16193556127411002,0.16007905151098228
calinski_harabasz,0.4912168636218461,0.0024953835465412987,0.04536192241804608,-0.14452828693596606,1.0,-0.9852682848930054,0.7638134781220057
davies_bouldin,-0.4557250079846694,0.022119079756542072,-0.01896408122234614,0.16193556127411002,-0.9852682848930054,1.0,-0.7826572979878633
silhouette,0.7969099329287768,0.3090482614720468,0.3371170181464482,0.16007905151098228,0.7638134781220057,-0.7826572979878633,1.0
