,abilities,v_measure,mutual_info,adjusted_rand_score,calinski_harabasz,davies_bouldin,silhouette
abilities,1.0,0.3057132885060279,0.35353792427598096,0.08953376983023147,0.734722388536303,-0.714565121941484,0.9004510437871712
v_measure,0.3057132885060279,1.0,0.9959063275890451,0.9373359551511014,-0.1076792577848156,0.06871912595979983,0.1254029243117695
mutual_info,0.35353792427598096,0.9959063275890451,1.0,0.9117269325380016,-0.05804771227733842,0.02102657070107924,0.16475805779164748
adjusted_rand_score,0.08953376983023147,0.9373359551511014,0.9117269325380016,1.0,-0.30113364226449674,0.2405596361488586,-0.05841848958829413
calinski_harabasz,0.734722388536303,-0.1076792577848156,-0.05804771227733842,-0.30113364226449674,1.0,-0.9626791202650381,0.7988664032251627
davies_bouldin,-0.714565121941484,0.06871912595979983,0.02102657070107924,0.2405596361488586,-0.9626791202650381,1.0,-0.7995050492954936
silhouette,0.9004510437871712,0.1254029243117695,0.16475805779164748,-0.05841848958829413,0.7988664032251627,-0.7995050492954936,1.0
