,abilities,v_measure,mutual_info,adjusted_rand_score,calinski_harabasz,davies_bouldin,silhouette
abilities,1.0,0.8867334936890974,0.8233432998998116,0.9616914211508806,0.4808862916971025,-0.4974433893352812,0.5000405811216622
v_measure,0.8867334936890974,1.0,0.9604843291475454,0.8908729360852662,0.5658861252174268,-0.608579197773991,0.5468122239801784
mutual_info,0.8233432998998116,0.9604843291475454,1.0,0.8145713677315981,0.5808156197675399,-0.6250813885793578,0.5544186016687495
adjusted_rand_score,0.9616914211508806,0.8908729360852662,0.8145713677315981,1.0,0.4928983037091145,-0.4959824689554419,0.5159483808132457
calinski_harabasz,0.4808862916971025,0.5658861252174268,0.5808156197675399,0.4928983037091145,1.0,-0.9808457105754403,0.9845791737683629
davies_bouldin,-0.4974433893352812,-0.608579197773991,-0.6250813885793578,-0.4959824689554419,-0.9808457105754403,1.0,-0.959581202824446
silhouette,0.5000405811216622,0.5468122239801784,0.5544186016687495,0.5159483808132457,0.9845791737683629,-0.959581202824446,1.0
