,abilities,v_measure,mutual_info,adjusted_rand_score,calinski_harabasz,davies_bouldin,silhouette
abilities,1.0,0.8774806224506024,0.8135967086017966,0.948906295168809,0.47244541839136434,-0.4932229526824121,0.49208668127587046
v_measure,0.8774806224506024,1.0,0.9630835256407988,0.8899350649350649,0.5374781872045037,-0.5824438948021019,0.5189724447275138
mutual_info,0.8135967086017966,0.9630835256407988,1.0,0.8160664739911534,0.5514134026851949,-0.5970599385975648,0.5269657028460074
adjusted_rand_score,0.948906295168809,0.8899350649350649,0.8160664739911534,1.0,0.46329288622218473,-0.4686498116760502,0.493811128201782
calinski_harabasz,0.47244541839136434,0.5374781872045037,0.5514134026851949,0.46329288622218473,1.0,-0.9785731677623569,0.9832805778751724
davies_bouldin,-0.4932229526824121,-0.5824438948021019,-0.5970599385975648,-0.4686498116760502,-0.9785731677623569,1.0,-0.9584449314179044
silhouette,0.49208668127587046,0.5189724447275138,0.5269657028460074,0.493811128201782,0.9832805778751724,-0.9584449314179044,1.0
