,abilities,v_measure,mutual_info,adjusted_rand_score,calinski_harabasz,davies_bouldin,silhouette
abilities,1.0,0.932148364580797,0.8638026674993139,0.9414008603197792,0.48721694667640614,-0.5149744338933528,0.48575602629656683
v_measure,0.932148364580797,1.0,0.9600424344217177,0.8922165408651895,0.5562048535021508,-0.5985715445174905,0.5394854313773233
mutual_info,0.8638026674993139,0.9600424344217177,1.0,0.8154797465551533,0.5698043921751773,-0.6143914234328985,0.544140454329203
adjusted_rand_score,0.9414008603197792,0.8922165408651895,0.8154797465551533,1.0,0.4828341855368882,-0.48543137732326924,0.5075075075075075
calinski_harabasz,0.48721694667640614,0.5562048535021508,0.5698043921751773,0.4828341855368882,1.0,-0.9808457105754403,0.9821443064686308
davies_bouldin,-0.5149744338933528,-0.5985715445174905,-0.6143914234328985,-0.48543137732326924,-0.9808457105754403,1.0,-0.957146335524714
silhouette,0.48575602629656683,0.5394854313773233,0.544140454329203,0.5075075075075075,0.9821443064686308,-0.957146335524714,1.0
