,abilities,v_measure,mutual_info,adjusted_rand_score,calinski_harabasz,davies_bouldin,silhouette
abilities,1.0,0.8826752168301084,0.8238783689151501,0.9634769905040176,0.47682817953088225,-0.4964694424153884,0.49922895868841816
v_measure,0.8826752168301084,1.0,0.9668618025472234,0.8892496253416706,0.5673471048866627,-0.6139361232278565,0.5494095211699314
mutual_info,0.8238783689151501,0.9668618025472234,1.0,0.8183555249594886,0.5783554677686105,-0.6248123316309395,0.5521219589792183
adjusted_rand_score,0.9634769905040176,0.8892496253416706,0.8183555249594886,1.0,0.4924113302491681,-0.4984173362551741,0.5221167113059005
calinski_harabasz,0.47682817953088225,0.5673471048866627,0.5783554677686105,0.4924113302491681,1.0,-0.9790601412223033,0.9810080350620891
davies_bouldin,-0.4964694424153884,-0.6139361232278565,-0.6248123316309395,-0.4984173362551741,-0.9790601412223033,1.0,-0.9573086600113627
silhouette,0.49922895868841816,0.5494095211699314,0.5521219589792183,0.5221167113059005,0.9810080350620891,-0.9573086600113627,1.0
