,abilities,v_measure,mutual_info,adjusted_rand_score,calinski_harabasz,davies_bouldin,silhouette
abilities,1.0,0.8849391354237115,0.8733046097661988,0.8951214143848222,0.8681274900398407,-0.8720546385885032,0.8879908935685829
v_measure,0.8849391354237115,1.0,0.9935306707879978,0.9806312998014013,0.8253132553634832,-0.8331969636101101,0.7947603282777291
mutual_info,0.8733046097661988,0.9935306707879978,1.0,0.9676983362404104,0.8277898994121905,-0.8357884194931638,0.796279715320954
adjusted_rand_score,0.8951214143848222,0.9806312998014013,0.9676983362404104,1.0,0.8114092203043544,-0.812348367815711,0.7893250242797265
calinski_harabasz,0.8681274900398407,0.8253132553634832,0.8277898994121905,0.8114092203043544,1.0,-0.9962435970404098,0.9787990893568583
davies_bouldin,-0.8720546385885032,-0.8331969636101101,-0.8357884194931638,-0.812348367815711,-0.9962435970404098,1.0,-0.9745873648264086
silhouette,0.8879908935685829,0.7947603282777291,0.796279715320954,0.7893250242797265,0.9787990893568583,-0.9745873648264086,1.0
