,abilities,v_measure,mutual_info,adjusted_rand_score,calinski_harabasz,davies_bouldin,silhouette
abilities,1.0,0.8517746553191937,0.8363535617805308,0.8804962557067058,0.8794992175273866,-0.8748043818466353,0.9095746194337744
v_measure,0.8517746553191937,1.0,0.9899100611387184,0.9721249917884268,0.8466808539259646,-0.846652396934941,0.8133434889417859
mutual_info,0.8363535617805308,0.9899100611387184,1.0,0.9530118349590632,0.846200381311498,-0.8467695616312071,0.8061727753279565
adjusted_rand_score,0.8804962557067058,0.9721249917884268,0.9530118349590632,1.0,0.8206554611698498,-0.8161595764637998,0.8054605090620605
calinski_harabasz,0.8794992175273866,0.8466808539259646,0.846200381311498,0.8206554611698498,1.0,-0.9971546450419689,0.9755584009105136
davies_bouldin,-0.8748043818466353,-0.846652396934941,-0.8467695616312071,-0.8161595764637998,-0.9971546450419689,1.0,-0.9700384122919334
silhouette,0.9095746194337744,0.8133434889417859,0.8061727753279565,0.8054605090620605,0.9755584009105136,-0.9700384122919334,1.0
