,abilities,v_measure,mutual_info,adjusted_rand_score,calinski_harabasz,davies_bouldin,silhouette
abilities,1.0,0.853197504870375,0.8376626765158617,0.8807381229219047,0.8785317968416559,-0.8740930431071277,0.9086641058472045
v_measure,0.853197504870375,1.0,0.9898246737644486,0.9718119492992313,0.8469654238362009,-0.8467377679080118,0.8133150319507623
mutual_info,0.8376626765158617,0.9898246737644486,1.0,0.952841072360035,0.8462857583594544,-0.8467411026152216,0.806201234343942
adjusted_rand_score,0.8807381229219047,0.9718119492992313,0.952841072360035,1.0,0.8206554611698498,-0.8161595764637998,0.8054605090620605
calinski_harabasz,0.8785317968416559,0.8469654238362009,0.8462857583594544,0.8206554611698498,1.0,-0.9971546450419689,0.9755584009105136
davies_bouldin,-0.8740930431071277,-0.8467377679080118,-0.8467411026152216,-0.8161595764637998,-0.9971546450419689,1.0,-0.9700384122919334
silhouette,0.9086641058472045,0.8133150319507623,0.806201234343942,0.8054605090620605,0.9755584009105136,-0.9700384122919334,1.0
