,abilities,v_measure,mutual_info,adjusted_rand_score,calinski_harabasz,davies_bouldin,silhouette
abilities,1.0,0.883231472987619,0.8717532953732698,0.8942961029354483,0.8677575412635173,-0.8706602162777461,0.8873363688104724
v_measure,0.883231472987619,1.0,0.9933313952952897,0.9808305370080308,0.8253417164040848,-0.8327415869604854,0.7951303218055491
mutual_info,0.8717532953732698,0.9933313952952897,1.0,0.9676414044365427,0.8286438339404083,-0.8362011545151358,0.7972902045126783
adjusted_rand_score,0.8942961029354483,0.9808305370080308,0.9676414044365427,1.0,0.8116368924283196,-0.8121776137227371,0.7886704669233264
calinski_harabasz,0.8677575412635173,0.8253417164040848,0.8286438339404083,0.8116368924283196,1.0,-0.9966420034149118,0.9793397837222538
davies_bouldin,-0.8706602162777461,-0.8327415869604854,-0.8362011545151358,-0.8121776137227371,-0.9966420034149118,1.0,-0.974957313602732
silhouette,0.8873363688104724,0.7951303218055491,0.7972902045126783,0.7886704669233264,0.9793397837222538,-0.974957313602732,1.0
