,abilities,v_measure,mutual_info,adjusted_rand_score,calinski_harabasz,davies_bouldin,silhouette
abilities,1.0,0.8849106743831099,0.8735750223668011,0.8959324963264483,0.869578827546955,-0.8725384177575413,0.8879339783722254
v_measure,0.8849106743831099,1.0,0.9934879688967032,0.9804605250528616,0.8259393982567171,-0.8332823467319147,0.7965249127950246
mutual_info,0.8735750223668011,0.9934879688967032,1.0,0.9677552680442779,0.8285869049718604,-0.83608729657804,0.7975748493554176
adjusted_rand_score,0.8959324963264483,0.9804605250528616,0.9677552680442779,1.0,0.8118645645522848,-0.8123199088002153,0.7887273849543177
calinski_harabasz,0.869578827546955,0.8259393982567171,0.8285869049718604,0.8118645645522848,1.0,-0.9966420034149118,0.9794820717131474
davies_bouldin,-0.8725384177575413,-0.8332823467319147,-0.83608729657804,-0.8123199088002153,-0.9966420034149118,1.0,-0.9751849743881617
silhouette,0.8879339783722254,0.7965249127950246,0.7975748493554176,0.7887273849543177,0.9794820717131474,-0.9751849743881617,1.0
