,abilities,v_measure,mutual_info,adjusted_rand_score,calinski_harabasz,davies_bouldin,silhouette
abilities,1.0,0.6101950301780852,0.4300914953357195,0.9588215600937395,0.06126548376297288,-0.0050217609641781055,0.19685302979578173
v_measure,0.6101950301780852,1.0,0.8812000411657764,0.6728048906133675,0.37130660546913385,-0.37097179338124464,0.30986858734146383
mutual_info,0.4300914953357195,0.8812000411657764,1.0,0.44751631633880284,0.3652510556415538,-0.3719529098735089,0.225014755837893
adjusted_rand_score,0.9588215600937395,0.6728048906133675,0.44751631633880284,1.0,0.07532641446267158,-0.022430532306662202,0.2283227318379645
calinski_harabasz,0.06126548376297288,0.37130660546913385,0.3652510556415538,0.07532641446267158,1.0,-0.966521593572146,0.9313692668228992
davies_bouldin,-0.0050217609641781055,-0.37097179338124464,-0.3719529098735089,-0.022430532306662202,-0.966521593572146,1.0,-0.8664211583528624
silhouette,0.19685302979578173,0.30986858734146383,0.225014755837893,0.2283227318379645,0.9313692668228992,-0.8664211583528624,1.0
