,abilities,v_measure,mutual_info,adjusted_rand_score,calinski_harabasz,davies_bouldin,silhouette
abilities,1.0,0.7904091213950369,0.6691300577324429,0.9574111334674715,-0.06539235412474849,0.034875922199865864,-0.03051643192488263
v_measure,0.7904091213950369,1.0,0.9263715253475251,0.7686116700201208,0.12206572769953052,-0.20992622401073105,0.09825620389000671
mutual_info,0.6691300577324429,0.9263715253475251,1.0,0.6204355240455148,0.15565459561304254,-0.2441443171751498,0.11972138799579217
adjusted_rand_score,0.9574111334674715,0.7686116700201208,0.6204355240455148,1.0,-0.03252850435949028,0.026156941649899398,0.03118712273641851
calinski_harabasz,-0.06539235412474849,0.12206572769953052,0.15565459561304254,-0.03252850435949028,1.0,-0.960429242119383,0.9765258215962441
davies_bouldin,0.034875922199865864,-0.20992622401073105,-0.2441443171751498,0.026156941649899398,-0.960429242119383,1.0,-0.9248826291079812
silhouette,-0.03051643192488263,0.09825620389000671,0.11972138799579217,0.03118712273641851,0.9765258215962441,-0.9248826291079812,1.0
