,abilities,v_measure,mutual_info,adjusted_rand_score,calinski_harabasz,davies_bouldin,silhouette
abilities,1.0,0.8074117576798915,0.6780294035441918,0.9513749161636486,-0.055667337357478204,0.012743125419181758,-0.019114688128772636
v_measure,0.8074117576798915,1.0,0.9264491987242053,0.7765573935234844,0.1160392391099657,-0.2129621873838966,0.09038316456686636
mutual_info,0.6780294035441918,0.9264491987242053,1.0,0.6234579433778069,0.1422216208028555,-0.23893903943620232,0.10276225729793101
adjusted_rand_score,0.9513749161636486,0.7765573935234844,0.6234579433778069,1.0,-0.034875922199865864,0.023809523809523808,0.03722334004024145
calinski_harabasz,-0.055667337357478204,0.1160392391099657,0.1422216208028555,-0.034875922199865864,1.0,-0.9557344064386318,0.9694835680751174
davies_bouldin,0.012743125419181758,-0.2129621873838966,-0.23893903943620232,0.023809523809523808,-0.9557344064386318,1.0,-0.9198524480214622
silhouette,-0.019114688128772636,0.09038316456686636,0.10276225729793101,0.03722334004024145,0.9694835680751174,-0.9198524480214622,1.0
