,abilities,v_measure,mutual_info,adjusted_rand_score,calinski_harabasz,davies_bouldin,silhouette
abilities,1.0,0.6952463240399303,0.7917393115578665,0.7132056840448675,0.7692438245413729,-0.7190687053523213,0.7035779858978909
v_measure,0.6952463240399303,1.0,0.9054202089087066,0.9837686883804175,0.8869054047799053,-0.836853717618379,0.6686775801151004
mutual_info,0.7917393115578665,0.9054202089087066,1.0,0.9083208615555521,0.8391989261413605,-0.7972320367827442,0.5707651242806228
adjusted_rand_score,0.7132056840448675,0.9837686883804175,0.9083208615555521,1.0,0.8870905528211933,-0.8234922006387607,0.6761760757872649
calinski_harabasz,0.7692438245413729,0.8869054047799053,0.8391989261413605,0.8870905528211933,1.0,-0.9241201610787959,0.6589264499405983
davies_bouldin,-0.7190687053523213,-0.836853717618379,-0.7972320367827442,-0.8234922006387607,-0.9241201610787959,1.0,-0.6046163578294478
silhouette,0.7035779858978909,0.6686775801151004,0.5707651242806228,0.6761760757872649,0.6589264499405983,-0.6046163578294478,1.0
