,abilities,v_measure,mutual_info,adjusted_rand_score,calinski_harabasz,davies_bouldin,silhouette
abilities,1.0,0.691265641152238,0.7935043394643068,0.705614614352059,0.7634116612408005,-0.7207350377239135,0.7018499375125361
v_measure,0.691265641152238,1.0,0.9048408872014675,0.9850955826763149,0.8866585407248546,-0.8434881890978662,0.6703747704935739
mutual_info,0.7935043394643068,0.9048408872014675,1.0,0.9052111861407264,0.8365361620306789,-0.7978707811230674,0.5718495660729472
adjusted_rand_score,0.705614614352059,0.9850955826763149,0.9052111861407264,1.0,0.88770771295882,-0.8288923518429945,0.677934982179501
calinski_harabasz,0.7634116612408005,0.8866585407248546,0.8365361620306789,0.88770771295882,1.0,-0.934889605480382,0.6605310662984278
davies_bouldin,-0.7207350377239135,-0.8434881890978662,-0.7978707811230674,-0.8288923518429945,-0.934889605480382,1.0,-0.6090907688272414
silhouette,0.7018499375125361,0.6703747704935739,0.5718495660729472,0.677934982179501,0.6605310662984278,-0.6090907688272414,1.0
