,abilities,v_measure,mutual_info,adjusted_rand_score,calinski_harabasz,davies_bouldin,silhouette
abilities,1.0,0.7479517997932513,0.8471051109220252,0.7500192862543008,0.7626402110687671,-0.707095798682363,0.6548840510391434
v_measure,0.7479517997932513,1.0,0.9072941176740573,0.9847870026075016,0.8730193016833043,-0.8333050468270254,0.6451020628577601
mutual_info,0.8471051109220252,0.9072941176740573,1.0,0.9078649952054147,0.8226036644410647,-0.7850028929838223,0.5484744455322323
adjusted_rand_score,0.7500192862543008,0.9847870026075016,0.9078649952054147,1.0,0.8653356579698517,-0.8145125206362921,0.6524771265023992
calinski_harabasz,0.7626402110687671,0.8730193016833043,0.8226036644410647,0.8653356579698517,1.0,-0.9580948266551463,0.5962229799577246
davies_bouldin,-0.707095798682363,-0.8333050468270254,-0.7850028929838223,-0.8145125206362921,-0.9580948266551463,1.0,-0.5624026044157808
silhouette,0.6548840510391434,0.6451020628577601,0.5484744455322323,0.6524771265023992,0.5962229799577246,-0.5624026044157808,1.0
