,abilities,v_measure,mutual_info,adjusted_rand_score,calinski_harabasz,davies_bouldin,silhouette
abilities,1.0,0.9082789089512101,0.8425854782942759,0.9527468305800999,0.8453707260852862,-0.5416826738378794,0.6667306953515175
v_measure,0.9082789089512101,1.0,0.9053015751056473,0.9702266615443719,0.9269112562427968,-0.7223396081444488,0.7140799077986938
mutual_info,0.8425854782942759,0.9053015751056473,1.0,0.890703034959662,0.8136765270841337,-0.5875912408759124,0.572512485593546
adjusted_rand_score,0.9527468305800999,0.9702266615443719,0.890703034959662,1.0,0.8825393776411833,-0.6414713791778717,0.6759508259700345
calinski_harabasz,0.8453707260852862,0.9269112562427968,0.8136765270841337,0.8825393776411833,1.0,-0.8567038033038802,0.8078179024202843
davies_bouldin,-0.5416826738378794,-0.7223396081444488,-0.5875912408759124,-0.6414713791778717,-0.8567038033038802,1.0,-0.7966769112562428
silhouette,0.6667306953515175,0.7140799077986938,0.572512485593546,0.6759508259700345,0.8078179024202843,-0.7966769112562428,1.0
