,abilities,v_measure,mutual_info,adjusted_rand_score,calinski_harabasz,davies_bouldin,silhouette
abilities,1.0,0.8493084902036112,0.7704571648098348,0.882443334613907,0.8009988474836727,-0.5518632347291587,0.688340376488667
v_measure,0.8493084902036112,1.0,0.8978102189781022,0.9782942758355744,0.8864771417595083,-0.746062235881675,0.7531694199001152
mutual_info,0.7704571648098348,0.8978102189781022,1.0,0.9020361121782559,0.7789089512101421,-0.6155397618132924,0.6284095274683058
adjusted_rand_score,0.882443334613907,0.9782942758355744,0.9020361121782559,1.0,0.8388398002305033,-0.6580868228966577,0.7076450249711871
calinski_harabasz,0.8009988474836727,0.8864771417595083,0.7789089512101421,0.8388398002305033,1.0,-0.864483288513254,0.7987898578563196
davies_bouldin,-0.5518632347291587,-0.746062235881675,-0.6155397618132924,-0.6580868228966577,-0.864483288513254,1.0,-0.8032078371110257
silhouette,0.688340376488667,0.7531694199001152,0.6284095274683058,0.7076450249711871,0.7987898578563196,-0.8032078371110257,1.0
