,abilities,v_measure,mutual_info,adjusted_rand_score,calinski_harabasz,davies_bouldin,silhouette
abilities,1.0,0.847867844794468,0.773146369573569,0.8784095274683058,0.818190549366116,-0.5332308874375721,0.6974644640799078
v_measure,0.847867844794468,1.0,0.9026123703419132,0.9753169419900115,0.9072224356511718,-0.746062235881675,0.7686323472915866
mutual_info,0.773146369573569,0.9026123703419132,1.0,0.8903188628505571,0.7921628889742605,-0.6167883211678832,0.6356127545140223
adjusted_rand_score,0.8784095274683058,0.9753169419900115,0.8903188628505571,1.0,0.8645793315405301,-0.6623127160968114,0.7296388782174414
calinski_harabasz,0.818190549366116,0.9072224356511718,0.7921628889742605,0.8645793315405301,1.0,-0.8707260852862082,0.8140606991932385
davies_bouldin,-0.5332308874375721,-0.746062235881675,-0.6167883211678832,-0.6623127160968114,-0.8707260852862082,1.0,-0.8006146753745678
silhouette,0.6974644640799078,0.7686323472915866,0.6356127545140223,0.7296388782174414,0.8140606991932385,-0.8006146753745678,1.0
