,abilities,v_measure,mutual_info,adjusted_rand_score,calinski_harabasz,davies_bouldin,silhouette
abilities,1.0,0.9591079769209635,0.9616265225753274,-0.07741359379029128,-0.3587782763989376,0.6410385566443814,-0.7567084897884422
v_measure,0.9591079769209635,1.0,0.9986720395640627,-0.11743694840295887,-0.4151936990566902,0.7045516988735232,-0.7973715541716274
mutual_info,0.9616265225753274,0.9986720395640627,1.0,-0.13879952841075,-0.41432365601245535,0.7018499862624783,-0.7938913819946881
adjusted_rand_score,-0.07741359379029128,-0.11743694840295887,-0.13879952841075,1.0,0.45312482138712346,-0.4107202145549379,0.27221834267162764
calinski_harabasz,-0.3587782763989376,-0.4151936990566902,-0.41432365601245535,0.45312482138712346,1.0,-0.8348291968128949,0.5617730561406722
davies_bouldin,0.6410385566443814,0.7045516988735232,0.7018499862624783,-0.4107202145549379,-0.8348291968128949,1.0,-0.7950361754739445
silhouette,-0.7567084897884422,-0.7973715541716274,-0.7938913819946881,0.27221834267162764,0.5617730561406722,-0.7950361754739445,1.0
