,abilities,v_measure,mutual_info,adjusted_rand_score,calinski_harabasz,davies_bouldin,silhouette
abilities,1.0,0.697150267398257,0.7123116499945279,0.6108675517134918,0.3362148811361531,-0.2953380673047237,0.6076566841617783
v_measure,0.697150267398257,1.0,0.9923911537589216,0.9623020165752381,-0.2275463893146658,0.2416252432532666,0.06465157927067981
mutual_info,0.7123116499945279,0.9923911537589216,1.0,0.9439738127446593,-0.1844510969973669,0.20443690858077834,0.08396515888139111
adjusted_rand_score,0.6108675517134918,0.9623020165752381,0.9439738127446593,1.0,-0.36190182154986106,0.35930842852732325,-0.04205001543686323
calinski_harabasz,0.3362148811361531,-0.2275463893146658,-0.1844510969973669,-0.36190182154986106,1.0,-0.9793763507255325,0.7957394257486878
davies_bouldin,-0.2953380673047237,0.2416252432532666,0.20443690858077834,0.35930842852732325,-0.9793763507255325,1.0,-0.8240197591849336
silhouette,0.6076566841617783,0.06465157927067981,0.08396515888139111,-0.04205001543686323,0.7957394257486878,-0.8240197591849336,1.0
