,abilities,v_measure,mutual_info,adjusted_rand_score,calinski_harabasz,davies_bouldin,silhouette
abilities,1.0,0.7511809568556064,0.7699493325310268,0.664340845940105,0.32905217659771535,-0.2889163322012967,0.5918493362148811
v_measure,0.7511809568556064,1.0,0.9921069386218615,0.9646484922316715,-0.16036308630941307,0.18666831340521975,0.12751242711934463
mutual_info,0.7699493325310268,0.9921069386218615,1.0,0.9458669595936267,-0.10778051798905765,0.1388758168571651,0.152812952804026
adjusted_rand_score,0.664340845940105,0.9646484922316715,0.9458669595936267,1.0,-0.292868169188021,0.3117628897807965,0.005125038592158074
calinski_harabasz,0.32905217659771535,-0.16036308630941307,-0.10778051798905765,-0.292868169188021,1.0,-0.9808582895955542,0.8038900895338067
davies_bouldin,-0.2889163322012967,0.18666831340521975,0.1388758168571651,0.3117628897807965,-0.9808582895955542,1.0,-0.8278481012658228
silhouette,0.5918493362148811,0.12751242711934463,0.152812952804026,0.005125038592158074,0.8038900895338067,-0.8278481012658228,1.0
