,abilities,v_measure,mutual_info,adjusted_rand_score,calinski_harabasz,davies_bouldin,silhouette
abilities,1.0,0.8259783913565426,0.842593037214886,0.8525810324129652,0.7548139255702281,-0.6653061224489796,0.5074189675870349
v_measure,0.8259783913565426,1.0,0.9932773109243698,0.9616806722689075,0.8975270108043217,-0.8535414165666266,0.5758943577430973
mutual_info,0.842593037214886,0.9932773109243698,1.0,0.9636974789915966,0.8846578631452581,-0.8355822328931573,0.552749099639856
adjusted_rand_score,0.8525810324129652,0.9616806722689075,0.9636974789915966,1.0,0.8537334933973589,-0.7718127250900361,0.567250900360144
calinski_harabasz,0.7548139255702281,0.8975270108043217,0.8846578631452581,0.8537334933973589,1.0,-0.9376710684273709,0.586266506602641
davies_bouldin,-0.6653061224489796,-0.8535414165666266,-0.8355822328931573,-0.7718127250900361,-0.9376710684273709,1.0,-0.5347899159663866
silhouette,0.5074189675870349,0.5758943577430973,0.552749099639856,0.567250900360144,0.586266506602641,-0.5347899159663866,1.0
