,abilities,v_measure,mutual_info,adjusted_rand_score,calinski_harabasz,davies_bouldin,silhouette
abilities,1.0,0.6616499605482334,0.7026797977731669,0.7545223413892866,0.69391273853707,-0.42447178468102514,0.3147666501066659
v_measure,0.6616499605482334,1.0,0.91525176071773,0.9175896431806891,0.8122095911628043,-0.6888862912417079,0.6464537245389989
mutual_info,0.7026797977731669,0.91525176071773,1.0,0.8492650282007073,0.739384552441626,-0.5951956515386189,0.48560741108740757
adjusted_rand_score,0.7545223413892866,0.9175896431806891,0.8492650282007073,1.0,0.7205061515532306,-0.5508343318039686,0.5091031298401473
calinski_harabasz,0.69391273853707,0.8122095911628043,0.739384552441626,0.7205061515532306,1.0,-0.8814109120663959,0.7293316578509016
davies_bouldin,-0.42447178468102514,-0.6888862912417079,-0.5951956515386189,-0.5508343318039686,-0.8814109120663959,1.0,-0.7862590958239575
silhouette,0.3147666501066659,0.6464537245389989,0.48560741108740757,0.5091031298401473,0.7293316578509016,-0.7862590958239575,1.0
