,abilities,v_measure,mutual_info,adjusted_rand_score,calinski_harabasz,davies_bouldin,silhouette
abilities,1.0,0.8290516206482593,0.8426890756302521,0.8521008403361344,0.7431932773109243,-0.6460984393757503,0.5014645858343337
v_measure,0.8290516206482593,1.0,0.9899159663865547,0.9618727490996398,0.8974309723889555,-0.8542136854741896,0.5774309723889556
mutual_info,0.8426890756302521,0.9899159663865547,1.0,0.9602400960384153,0.8808163265306123,-0.8397118847539016,0.5539015606242497
adjusted_rand_score,0.8521008403361344,0.9618727490996398,0.9602400960384153,1.0,0.8527731092436974,-0.7721008403361345,0.570516206482593
calinski_harabasz,0.7431932773109243,0.8974309723889555,0.8808163265306123,0.8527731092436974,1.0,-0.9367106842737095,0.5860744297719087
davies_bouldin,-0.6460984393757503,-0.8542136854741896,-0.8397118847539016,-0.7721008403361345,-0.9367106842737095,1.0,-0.5339255702280913
silhouette,0.5014645858343337,0.5774309723889556,0.5539015606242497,0.570516206482593,0.5860744297719087,-0.5339255702280913,1.0
