,abilities,v_measure,mutual_info,adjusted_rand_score,calinski_harabasz,davies_bouldin,silhouette
abilities,1.0,0.713223617727732,0.8837595459270658,0.7184206727298975,0.9244983398296521,-0.8467590587555941,0.7701024974736538
v_measure,0.713223617727732,1.0,0.7383732501952209,0.9928540493720225,0.7231124584957414,-0.7306193157210914,0.7746499206005486
mutual_info,0.8837595459270658,0.7383732501952209,1.0,0.7242605288369411,0.8735088736361413,-0.8213892581851026,0.6690007426488939
adjusted_rand_score,0.7184206727298975,0.9928540493720225,0.7242605288369411,1.0,0.7232568211346904,-0.7353111014869351,0.7871372888696405
calinski_harabasz,0.9244983398296521,0.7231124584957414,0.8735088736361413,0.7232568211346904,1.0,-0.8741879601559116,0.7753717337952938
davies_bouldin,-0.8467590587555941,-0.7306193157210914,-0.8213892581851026,-0.7353111014869351,-0.8741879601559116,1.0,-0.7355276454453588
silhouette,0.7701024974736538,0.7746499206005486,0.6690007426488939,0.7871372888696405,0.7753717337952938,-0.7355276454453588,1.0
