,abilities,v_measure,mutual_info,adjusted_rand_score,calinski_harabasz,davies_bouldin,silhouette
abilities,1.0,0.6806813670648526,0.8296732051082831,0.7071709552852864,0.7984770291241113,-0.7283193186329352,0.7314951820708073
v_measure,0.6806813670648526,1.0,0.7878809752803049,0.9745930924970226,0.8898552816774333,-0.837814428525028,0.8002814969865387
mutual_info,0.8296732051082831,0.7878809752803049,1.0,0.7913456160950596,0.7742389520722084,-0.7408556942217076,0.5759965354529644
adjusted_rand_score,0.7071709552852864,0.9745930924970226,0.7913456160950596,1.0,0.8870403118120467,-0.8181818181818182,0.7901764769569454
calinski_harabasz,0.7984770291241113,0.8898552816774333,0.7742389520722084,0.8870403118120467,1.0,-0.9506297592839872,0.7901764769569454
davies_bouldin,-0.7283193186329352,-0.837814428525028,-0.7408556942217076,-0.8181818181818182,-0.9506297592839872,1.0,-0.712223465300083
silhouette,0.7314951820708073,0.8002814969865387,0.5759965354529644,0.7901764769569454,0.7901764769569454,-0.712223465300083,1.0
