,abilities,v_measure,mutual_info,adjusted_rand_score,calinski_harabasz,davies_bouldin,silhouette
abilities,1.0,0.8192510801728277,0.8810475402403677,0.7922227556409025,0.7157945271243399,-0.5250120019203073,0.5615938550168027
v_measure,0.8192510801728277,1.0,0.9575486984450879,0.9742198751800288,0.7665386461833893,-0.7357177148343735,0.6033125300048008
mutual_info,0.8810475402403677,0.9575486984450879,1.0,0.9396656225547471,0.7146509200097054,-0.6040879031628459,0.5137123585626665
adjusted_rand_score,0.7922227556409025,0.9742198751800288,0.9396656225547471,1.0,0.7516562650024003,-0.7073451752280365,0.5729716754680749
calinski_harabasz,0.7157945271243399,0.7665386461833893,0.7146509200097054,0.7516562650024003,1.0,-0.8691310609697551,0.6257801248199713
davies_bouldin,-0.5250120019203073,-0.7357177148343735,-0.6040879031628459,-0.7073451752280365,-0.8691310609697551,1.0,-0.6346135381661065
silhouette,0.5615938550168027,0.6033125300048008,0.5137123585626665,0.5729716754680749,0.6257801248199713,-0.6346135381661065,1.0
