,abilities,v_measure,mutual_info,adjusted_rand_score,calinski_harabasz,davies_bouldin,silhouette
abilities,1.0,0.8074411905904945,0.8614911911604056,0.7953432549207873,0.7375420067210754,-0.527604416706673,0.529284685549688
v_measure,0.8074411905904945,1.0,0.9651927612064642,0.9685549687950072,0.7777724435909745,-0.7317330772923668,0.6450792126740278
mutual_info,0.8614911911604056,0.9651927612064642,1.0,0.9478611562126554,0.74089010599573,-0.6244658896245763,0.5628210674305303
adjusted_rand_score,0.7953432549207873,0.9685549687950072,0.9478611562126554,1.0,0.7541046567450792,-0.6837253960633701,0.6094095055208834
calinski_harabasz,0.7375420067210754,0.7777724435909745,0.74089010599573,0.7541046567450792,1.0,-0.884445511281805,0.6481997119539126
davies_bouldin,-0.527604416706673,-0.7317330772923668,-0.6244658896245763,-0.6837253960633701,-0.884445511281805,1.0,-0.6480076812289967
silhouette,0.529284685549688,0.6450792126740278,0.5628210674305303,0.6094095055208834,0.6481997119539126,-0.6480076812289967,1.0
