,abilities,v_measure,mutual_info,adjusted_rand_score,calinski_harabasz,davies_bouldin,silhouette
abilities,1.0,0.8066250600096015,0.860956084508535,0.7958233317330773,0.7394143062890063,-0.528756601056169,0.5304848775804129
v_measure,0.8066250600096015,1.0,0.9646059122863768,0.9689390302448392,0.7754200672107537,-0.7311569851176188,0.642726836293807
mutual_info,0.860956084508535,0.9646059122863768,1.0,0.9485471501781378,0.7390871230383861,-0.6234352309046107,0.5599443104617223
adjusted_rand_score,0.7958233317330773,0.9689390302448392,0.9485471501781378,1.0,0.7542966874699952,-0.6825252040326453,0.6094095055208834
calinski_harabasz,0.7394143062890063,0.7754200672107537,0.7390871230383861,0.7542966874699952,1.0,-0.8843494959193471,0.6485357657225156
davies_bouldin,-0.528756601056169,-0.7311569851176188,-0.6234352309046107,-0.6825252040326453,-0.8843494959193471,1.0,-0.6476236197791647
silhouette,0.5304848775804129,0.642726836293807,0.5599443104617223,0.6094095055208834,0.6485357657225156,-0.6476236197791647,1.0
