,abilities,v_measure,mutual_info,adjusted_rand_score,calinski_harabasz,davies_bouldin,silhouette
abilities,1.0,0.7684109457513202,0.8299567930868939,0.7661065770523283,0.7526164186269804,-0.5214114258281325,0.5301488238118099
v_measure,0.7684109457513202,1.0,0.9582813250120019,0.970139222275564,0.7887181949111858,-0.7366298607777244,0.6415746519443111
mutual_info,0.8299567930868939,0.9582813250120019,1.0,0.943734997599616,0.7477196351416227,-0.6196831493038886,0.5476236197791646
adjusted_rand_score,0.7661065770523283,0.970139222275564,0.943734997599616,1.0,0.7652424387902065,-0.6922707633221316,0.614690350456073
calinski_harabasz,0.7526164186269804,0.7887181949111858,0.7477196351416227,0.7652424387902065,1.0,-0.8797407585213635,0.6480556889102257
davies_bouldin,-0.5214114258281325,-0.7366298607777244,-0.6196831493038886,-0.6922707633221316,-0.8797407585213635,1.0,-0.643350936149784
silhouette,0.5301488238118099,0.6415746519443111,0.5476236197791646,0.614690350456073,0.6480556889102257,-0.643350936149784,1.0
