,abilities,v_measure,mutual_info,adjusted_rand_score,calinski_harabasz,davies_bouldin,silhouette
abilities,1.0,0.8109755793906902,0.8029735318269596,0.8118870040999866,0.8107544303797468,-0.8153721518987341,0.8169113924050633
v_measure,0.8109755793906902,1.0,0.9953967495069704,0.9862673809789049,0.705625009937245,-0.7109720348984503,0.7110733043105943
mutual_info,0.8029735318269596,0.9953967495069704,1.0,0.9770647580884966,0.7073771042133847,-0.712805612021508,0.7120865372931933
adjusted_rand_score,0.8118870040999866,0.9862673809789049,0.9770647580884966,1.0,0.6963689856672797,-0.6967740633158559,0.7079339525341292
calinski_harabasz,0.8107544303797468,0.705625009937245,0.7073771042133847,0.6963689856672797,1.0,-0.9972860759493671,0.9334278481012658
davies_bouldin,-0.8153721518987341,-0.7109720348984503,-0.712805612021508,-0.6967740633158559,-0.9972860759493671,1.0,-0.9297215189873418
silhouette,0.8169113924050633,0.7110733043105943,0.7120865372931933,0.7079339525341292,0.9334278481012658,-0.9297215189873418,1.0
