,abilities,v_measure,mutual_info,adjusted_rand_score,calinski_harabasz,davies_bouldin,silhouette
abilities,1.0,0.8615891120849379,0.8533430802738435,0.8672685580750543,0.8767189873417721,-0.8793113924050633,0.9021772151898734
v_measure,0.8615891120849379,1.0,0.9954210260423351,0.9865339179364034,0.8299387344471918,-0.8361270162829239,0.7866005053553786
mutual_info,0.8533430802738435,0.9954210260423351,1.0,0.9772136922123061,0.831373405728288,-0.8377242521736837,0.78651232294255
adjusted_rand_score,0.8672685580750543,0.9865339179364034,0.9772136922123061,1.0,0.8201064375799992,-0.8211495336527909,0.7814106114233307
calinski_harabasz,0.8767189873417721,0.8299387344471918,0.831373405728288,0.8201064375799992,1.0,-0.9973873417721519,0.9693367088607595
davies_bouldin,-0.8793113924050633,-0.8361270162829239,-0.8377242521736837,-0.8211495336527909,-0.9973873417721519,1.0,-0.9661974683544304
silhouette,0.9021772151898734,0.7866005053553786,0.78651232294255,0.7814106114233307,0.9693367088607595,-0.9661974683544304,1.0
