,abilities,v_measure,mutual_info,adjusted_rand_score,calinski_harabasz,davies_bouldin,silhouette
abilities,1.0,0.8626626928944103,0.8541577224855184,0.8682508912698192,0.8772455696202531,-0.8801012658227848,0.9011645569620254
v_measure,0.8626626928944103,1.0,0.9953956769401786,0.9862705721266875,0.8298982219638155,-0.8360459913161713,0.7855269245459063
mutual_info,0.8541577224855184,0.9953956769401786,1.0,0.9769856626576108,0.8316612290119351,-0.8378905597126346,0.7865466941486572
adjusted_rand_score,0.8682508912698192,0.9862705721266875,0.9769856626576108,1.0,0.820065928994648,-0.821331822286871,0.7812283227892506
calinski_harabasz,0.8772455696202531,0.8298982219638155,0.8316612290119351,0.820065928994648,1.0,-0.997306329113924,0.9693772151898734
davies_bouldin,-0.8801012658227848,-0.8360459913161713,-0.8378905597126346,-0.821331822286871,-0.997306329113924,1.0,-0.9660556962025316
silhouette,0.9011645569620254,0.7855269245459063,0.7865466941486572,0.7812283227892506,0.9693772151898734,-0.9660556962025316,1.0
