,abilities,v_measure,mutual_info,adjusted_rand_score,calinski_harabasz,davies_bouldin,silhouette
abilities,1.0,0.7655949436658422,0.8967388824502505,0.7646789411010351,0.8908938938262172,-0.777044975725932,0.716451406063937
v_measure,0.7655949436658422,1.0,0.8346539650581462,0.994641384995878,0.7802420509574046,-0.7119629934963818,0.7252450306860859
mutual_info,0.8967388824502505,0.8346539650581462,1.0,0.8236614308094519,0.8780644215322689,-0.7760958190708312,0.6590482304352557
adjusted_rand_score,0.7646789411010351,0.994641384995878,0.8236614308094519,1.0,0.7869287931175233,-0.7150316020884858,0.7326646514610241
calinski_harabasz,0.8908938938262172,0.7802420509574046,0.8780644215322689,0.7869287931175233,1.0,-0.8389571430757067,0.7223513517081585
davies_bouldin,-0.777044975725932,-0.7119629934963818,-0.7760958190708312,-0.7150316020884858,-0.8389571430757067,1.0,-0.7200696161949254
silhouette,0.716451406063937,0.7252450306860859,0.6590482304352557,0.7326646514610241,0.7223513517081585,-0.7200696161949254,1.0
