,abilities,v_measure,mutual_info,adjusted_rand_score,calinski_harabasz,davies_bouldin,silhouette
abilities,1.0,0.7042753440655842,0.8212919920309601,0.7311136046165472,0.7915683894753716,-0.7343653392566809,0.7156793148457716
v_measure,0.7042753440655842,1.0,0.8590304334882869,0.979344615173235,0.8942957246559344,-0.8359934965307197,0.7170990863083652
mutual_info,0.8212919920309601,0.8590304334882869,1.0,0.8684650438526186,0.8213835901898372,-0.7797064279007992,0.5707252284229087
adjusted_rand_score,0.7311136046165472,0.979344615173235,0.8684650438526186,1.0,0.8951201080858274,-0.8215209874281527,0.7177860724999428
calinski_harabasz,0.7915683894753716,0.8942957246559344,0.8213835901898372,0.8951201080858274,1.0,-0.9278206508049188,0.7219537887288465
davies_bouldin,-0.7343653392566809,-0.8359934965307197,-0.7797064279007992,-0.8215209874281527,-0.9278206508049188,1.0,-0.651011014678605
silhouette,0.7156793148457716,0.7170990863083652,0.5707252284229087,0.7177860724999428,0.7219537887288465,-0.651011014678605,1.0
