,abilities,v_measure,mutual_info,adjusted_rand_score,calinski_harabasz,davies_bouldin,silhouette
abilities,1.0,0.6834367629210653,0.8186543924469547,0.7001076278366805,0.7754013144335798,-0.7309304082987932,0.6989168517712794
v_measure,0.6834367629210653,1.0,0.8576532016538462,0.9774668529162563,0.8913645835718702,-0.8454281068950514,0.7167784927522957
mutual_info,0.8186543924469547,0.8576532016538462,1.0,0.8543784924838018,0.8188375929599642,-0.7814188881777794,0.5699596960365956
adjusted_rand_score,0.7001076278366805,0.9774668529162563,0.8543784924838018,1.0,0.8936087384643568,-0.8289404382971902,0.7184730586915203
calinski_harabasz,0.7754013144335798,0.8913645835718702,0.8188375929599642,0.8936087384643568,1.0,-0.945132702832673,0.7238773500652637
davies_bouldin,-0.7309304082987932,-0.8454281068950514,-0.7814188881777794,-0.8289404382971902,-0.945132702832673,1.0,-0.6588884563420275
silhouette,0.6989168517712794,0.7167784927522957,0.5699596960365956,0.7184730586915203,0.7238773500652637,-0.6588884563420275,1.0
