,abilities,v_measure,mutual_info,adjusted_rand_score,calinski_harabasz,davies_bouldin,silhouette
abilities,1.0,0.687238086514461,0.8202709047104436,0.7049165311777233,0.7813551947605853,-0.7342279420183654,0.6978176738647554
v_measure,0.687238086514461,1.0,0.8626355382591404,0.9783370354255879,0.8883876434083675,-0.8435503446380728,0.715633515766333
mutual_info,0.8202709047104436,0.8626355382591404,1.0,0.8642843239972519,0.8175229284802579,-0.7792802592768396,0.5713500578594519
adjusted_rand_score,0.7049165311777233,0.9783370354255879,0.8642843239972519,1.0,0.8915019808101857,-0.8255055073393025,0.7176028761821888
calinski_harabasz,0.7813551947605853,0.8883876434083675,0.8175229284802579,0.8915019808101857,1.0,-0.944674712038288,0.7236941537475097
davies_bouldin,-0.7342279420183654,-0.8435503446380728,-0.7792802592768396,-0.8255055073393025,-0.944674712038288,1.0,-0.6584304655476425
silhouette,0.6978176738647554,0.715633515766333,0.5713500578594519,0.7176028761821888,0.7236941537475097,-0.6584304655476425,1.0
