,abilities,v_measure,mutual_info,adjusted_rand_score,calinski_harabasz,davies_bouldin,silhouette
abilities,1.0,0.6649139823370259,0.8273221535737493,0.7163714329470622,0.7780386951860738,-0.7129000969932104,0.7126959007606309
v_measure,0.6649139823370259,1.0,0.6912218906200521,0.9664097197406708,0.8774822604522946,-0.822859768237276,0.8475675123793966
mutual_info,0.8273221535737493,0.6912218906200521,1.0,0.6942338619307303,0.7122035890724038,-0.6894861783393222,0.5300048499569705
adjusted_rand_score,0.7163714329470622,0.9664097197406708,0.6942338619307303,1.0,0.8745214150798918,-0.804175812956251,0.8312318137730359
calinski_harabasz,0.7780386951860738,0.8774822604522946,0.7122035890724038,0.8745214150798918,1.0,-0.948848843738833,0.8122415641431415
davies_bouldin,-0.7129000969932104,-0.822859768237276,-0.6894861783393222,-0.804175812956251,-0.948848843738833,1.0,-0.7198427689009138
silhouette,0.7126959007606309,0.8475675123793966,0.5300048499569705,0.8312318137730359,0.8122415641431415,-0.7198427689009138,1.0
