,abilities,v_measure,mutual_info,adjusted_rand_score,calinski_harabasz,davies_bouldin,silhouette
abilities,1.0,0.668997906988616,0.8349797077534397,0.7213742406452601,0.777119812139466,-0.7131042932257899,0.7073867987135637
v_measure,0.668997906988616,1.0,0.6932639050679695,0.9681453877175966,0.8797284190106692,-0.8205115115626117,0.8502220634029302
mutual_info,0.8349797077534397,0.6932639050679695,1.0,0.6972968836026064,0.712816193406779,-0.6839727393299452,0.5302601017629602
adjusted_rand_score,0.7213742406452601,0.9681453877175966,0.6972968836026064,1.0,0.8756444943590791,-0.8002960845372403,0.8318444024707744
calinski_harabasz,0.777119812139466,0.8797284190106692,0.712816193406779,0.8756444943590791,1.0,-0.9528306702741335,0.8131604471897493
davies_bouldin,-0.7131042932257899,-0.8205115115626117,-0.6839727393299452,-0.8002960845372403,-0.9528306702741335,1.0,-0.720557455714942
silhouette,0.7073867987135637,0.8502220634029302,0.5302601017629602,0.8318444024707744,0.8131604471897493,-0.720557455714942,1.0
