,abilities,v_measure,mutual_info,adjusted_rand_score,calinski_harabasz,davies_bouldin,silhouette
abilities,1.0,0.7132063913420797,0.804992597886569,0.7939660013272755,0.7926387258155086,-0.7248455765991118,0.7398539996937057
v_measure,0.7132063913420797,1.0,0.6879881566185104,0.9670223084384093,0.8884067588952984,-0.7988667109091837,0.8498136709377712
mutual_info,0.804992597886569,0.6879881566185104,1.0,0.7043238552248711,0.7204553575986523,-0.6795140129664607,0.5259584460666701
adjusted_rand_score,0.7939660013272755,0.9670223084384093,0.7043238552248711,1.0,0.8792179284292205,-0.7880443105824697,0.8323548930522232
calinski_harabasz,0.7926387258155086,0.8884067588952984,0.7204553575986523,0.8792179284292205,1.0,-0.9157690540609525,0.8069324620960743
davies_bouldin,-0.7248455765991118,-0.7988667109091837,-0.6795140129664607,-0.7880443105824697,-0.9157690540609525,1.0,-0.7054469345040584
silhouette,0.7398539996937057,0.8498136709377712,0.5259584460666701,0.8323548930522232,0.8069324620960743,-0.7054469345040584,1.0
