,abilities,v_measure,mutual_info,adjusted_rand_score,calinski_harabasz,davies_bouldin,silhouette
abilities,1.0,0.2914650739534767,0.3312125265739004,0.08030285327101774,0.7338205203156971,-0.7153463899444606,0.8814381759719381
v_measure,0.2914650739534767,1.0,0.9964601436820195,0.9448172033234055,-0.1764576917134589,0.12488854522861108,0.07048368037129712
mutual_info,0.3312125265739004,0.9964601436820195,1.0,0.9266710980057387,-0.12977024976875304,0.07769832808516863,0.10370503503837455
adjusted_rand_score,0.08030285327101774,0.9448172033234055,0.9266710980057387,1.0,-0.35991580978258847,0.2863949958122173,-0.10851262881034505
calinski_harabasz,0.7338205203156971,-0.1764576917134589,-0.12977024976875304,-0.35991580978258847,1.0,-0.9510084770534931,0.8005846243788366
davies_bouldin,-0.7153463899444606,0.12488854522861108,0.07769832808516863,0.2863949958122173,-0.9510084770534931,1.0,-0.794153756211634
silhouette,0.8814381759719381,0.07048368037129712,0.10370503503837455,-0.10851262881034505,0.8005846243788366,-0.794153756211634,1.0
