,abilities,v_measure,mutual_info,adjusted_rand_score,calinski_harabasz,davies_bouldin,silhouette
abilities,1.0,0.6704194908859126,0.6847855341458722,0.5659395295952341,0.44128654970760234,-0.4053216374269006,0.7501754385964913
v_measure,0.6704194908859126,1.0,0.9957996924861671,0.9657985942702715,-0.08714342156678093,0.1088707914406461,0.24174988795052949
mutual_info,0.6847855341458722,0.9957996924861671,1.0,0.9534868020728716,-0.04914532643004571,0.07343991900713799,0.2647232473099067
adjusted_rand_score,0.5659395295952341,0.9657985942702715,0.9534868020728716,1.0,-0.22270308243243273,0.23866892841564022,0.10526931417499445
calinski_harabasz,0.44128654970760234,-0.08714342156678093,-0.04914532643004571,-0.22270308243243273,1.0,-0.9845029239766082,0.7678947368421053
davies_bouldin,-0.4053216374269006,0.1088707914406461,0.07343991900713799,0.23866892841564022,-0.9845029239766082,1.0,-0.7884795321637427
silhouette,0.7501754385964913,0.24174988795052949,0.2647232473099067,0.10526931417499445,0.7678947368421053,-0.7884795321637427,1.0
