,abilities,v_measure,mutual_info,adjusted_rand_score,calinski_harabasz,davies_bouldin,silhouette
abilities,1.0,0.6857318310030546,0.7149216207522202,0.5867216404023832,0.4046783625730994,-0.3716959064327485,0.7232163742690059
v_measure,0.6857318310030546,1.0,0.9953025914527331,0.9677749510190953,-0.12444990289322418,0.14290100456747803,0.1938973933470323
mutual_info,0.7149216207522202,0.9953025914527331,1.0,0.9505777837906999,-0.07088922318275107,0.09108474919270078,0.23543885684642837
adjusted_rand_score,0.5867216404023832,0.9677749510190953,0.9505777837906999,1.0,-0.24720382496694482,0.2560638626964201,0.07506177178733704
calinski_harabasz,0.4046783625730994,-0.12444990289322418,-0.07088922318275107,-0.24720382496694482,1.0,-0.9866081871345029,0.7546198830409356
davies_bouldin,-0.3716959064327485,0.14290100456747803,0.09108474919270078,0.2560638626964201,-0.9866081871345029,1.0,-0.7709356725146199
silhouette,0.7232163742690059,0.1938973933470323,0.23543885684642837,0.07506177178733704,0.7546198830409356,-0.7709356725146199,1.0
