,abilities,v_measure,mutual_info,adjusted_rand_score,calinski_harabasz,davies_bouldin,silhouette
abilities,1.0,0.6734022522952453,0.6854294872021325,0.5588923338407414,0.4395906432748538,-0.4043859649122807,0.7523391812865498
v_measure,0.6734022522952453,1.0,0.9967364473487228,0.962640191600137,-0.08006667390934435,0.1027298120684904,0.24356293900326118
mutual_info,0.6854294872021325,0.9967364473487228,1.0,0.9517890083627366,-0.04832574981298717,0.07262034239007946,0.26182545855673545
adjusted_rand_score,0.5588923338407414,0.962640191600137,0.9517890083627366,1.0,-0.22896075833061294,0.24211942260248726,0.0951517634237311
calinski_harabasz,0.4395906432748538,-0.08006667390934435,-0.04832574981298717,-0.22896075833061294,1.0,-0.9842690058479532,0.7678947368421053
davies_bouldin,-0.4043859649122807,0.1027298120684904,0.07262034239007946,0.24211942260248726,-0.9842690058479532,1.0,-0.7887134502923977
silhouette,0.7523391812865498,0.24356293900326118,0.26182545855673545,0.0951517634237311,0.7678947368421053,-0.7887134502923977,1.0
