,abilities,v_measure,mutual_info,adjusted_rand_score,calinski_harabasz,davies_bouldin,silhouette
abilities,1.0,0.813332661747299,0.868731898847987,0.7993300929307176,0.7423628075654167,-0.524517087667162,0.5406855214445816
v_measure,0.813332661747299,1.0,0.963480671163127,0.9670083360616516,0.7848742035409374,-0.7319364343818471,0.6419774850781979
mutual_info,0.868731898847987,0.963480671163127,1.0,0.9452965633450698,0.7468328935302628,-0.6208034260488804,0.557637577838787
adjusted_rand_score,0.7993300929307176,0.9670083360616516,0.9452965633450698,1.0,0.7601430478253205,-0.6817185886619488,0.6058629460800362
calinski_harabasz,0.7423628075654167,0.7848742035409374,0.7468328935302628,0.7601430478253205,1.0,-0.8843528848817589,0.6582970257133502
davies_bouldin,-0.524517087667162,-0.7319364343818471,-0.6208034260488804,-0.6817185886619488,-0.8843528848817589,1.0,-0.6500365174906187
silhouette,0.5406855214445816,0.6419774850781979,0.557637577838787,0.6058629460800362,0.6582970257133502,-0.6500365174906187,1.0
