,abilities,v_measure,mutual_info,adjusted_rand_score,calinski_harabasz,davies_bouldin,silhouette
abilities,1.0,0.8546352028609565,0.9022842319993956,0.8196287808195029,0.7905155262296321,-0.49278464754325435,0.5144432971516357
v_measure,0.8546352028609565,1.0,0.9697786284534213,0.9741607273276752,0.844611781298008,-0.702168383408467,0.5439595033621276
mutual_info,0.9022842319993956,0.9697786284534213,1.0,0.9434356662553203,0.8138363512730753,-0.6084317626614955,0.47374518346890976
adjusted_rand_score,0.8196287808195029,0.9741607273276752,0.9434356662553203,1.0,0.8291485128566751,-0.6847910947691843,0.5295539829249251
calinski_harabasz,0.7905155262296321,0.844611781298008,0.8138363512730753,0.8291485128566751,1.0,-0.8343365149721712,0.6270179061626413
davies_bouldin,-0.49278464754325435,-0.702168383408467,-0.6084317626614955,-0.6847910947691843,-0.8343365149721712,1.0,-0.6862517943939356
silhouette,0.5144432971516357,0.5439595033621276,0.47374518346890976,0.5295539829249251,0.6270179061626413,-0.6862517943939356,1.0
