,abilities,v_measure,mutual_info,adjusted_rand_score,calinski_harabasz,davies_bouldin,silhouette
abilities,1.0,0.8125771274586345,0.8681274409703784,0.7995819376936056,0.7439746140479009,-0.5270355352960435,0.5401314629662276
v_measure,0.8125771274586345,1.0,0.9630776992447213,0.9681668219709371,0.782607600674944,-0.7312816379983378,0.6392575616390057
mutual_info,0.8681274409703784,0.9630776992447213,1.0,0.946303993141084,0.7451202628770386,-0.620148596681471,0.5548671458997477
adjusted_rand_score,0.7995819376936056,0.9681668219709371,0.946303993141084,1.0,0.7601430478253205,-0.6815674818042159,0.605762208174881
calinski_harabasz,0.7439746140479009,0.782607600674944,0.7451202628770386,0.7601430478253205,1.0,-0.8848062054549576,0.6587503462865489
davies_bouldin,-0.5270355352960435,-0.7312816379983378,-0.620148596681471,-0.6815674818042159,-0.8848062054549576,1.0,-0.6499861485380412
silhouette,0.5401314629662276,0.6392575616390057,0.5548671458997477,0.605762208174881,0.6587503462865489,-0.6499861485380412,1.0
