,abilities,v_measure,mutual_info,adjusted_rand_score,calinski_harabasz,davies_bouldin,silhouette
abilities,1.0,0.8124763895534792,0.8682348200569169,0.7995819376936056,0.7436724003324351,-0.5261288941496461,0.5401818319188052
v_measure,0.8124763895534792,1.0,0.9629788198554411,0.9686705114967135,0.782607600674944,-0.7309290553302944,0.6389049789709623
mutual_info,0.8682348200569169,0.9629788198554411,1.0,0.9465081723625557,0.7449819930994535,-0.6198655148966177,0.5540332938776538
adjusted_rand_score,0.7995819376936056,0.9686705114967135,0.9465081723625557,1.0,0.7608482131614073,-0.6820711713299922,0.606165159795502
calinski_harabasz,0.7436724003324351,0.782607600674944,0.7449819930994535,0.7608482131614073,1.0,-0.8842521469766036,0.6580955499030398
davies_bouldin,-0.5261288941496461,-0.7309290553302944,-0.6198655148966177,-0.6820711713299922,-0.8842521469766036,1.0,-0.6497846727277307
silhouette,0.5401818319188052,0.6389049789709623,0.5540332938776538,0.606165159795502,0.6580955499030398,-0.6497846727277307,1.0
