,abilities,v_measure,mutual_info,adjusted_rand_score,calinski_harabasz,davies_bouldin,silhouette
abilities,1.0,0.8818305168373011,0.7713087455285556,0.9097076600468731,0.8390280004934008,-0.5126433945972616,0.7160478598741828
v_measure,0.8818305168373011,1.0,0.872825952880227,0.9736030590847415,0.9031700999136548,-0.7027260392253608,0.7695818428518564
mutual_info,0.7713087455285556,0.872825952880227,1.0,0.8623411866288393,0.761317380041939,-0.5423707906747256,0.602689034168003
adjusted_rand_score,0.9097076600468731,0.9736030590847415,0.8623411866288393,1.0,0.8609843345257185,-0.6173677069199457,0.7320833847292463
calinski_harabasz,0.8390280004934008,0.9031700999136548,0.761317380041939,0.8609843345257185,1.0,-0.8475391636857037,0.8517330701862588
davies_bouldin,-0.5126433945972616,-0.7027260392253608,-0.5423707906747256,-0.6173677069199457,-0.8475391636857037,1.0,-0.8181818181818182
silhouette,0.7160478598741828,0.7695818428518564,0.602689034168003,0.7320833847292463,0.8517330701862588,-0.8181818181818182,1.0
