,abilities,v_measure,mutual_info,adjusted_rand_score,calinski_harabasz,davies_bouldin,silhouette
abilities,1.0,0.898236092265943,0.8006660910324411,0.9162452201800912,0.8458122610090045,-0.5271987171580116,0.6996422844455409
v_measure,0.898236092265943,1.0,0.8783767114839028,0.9806340199827309,0.9180954730479832,-0.7297397310965832,0.7605772788947823
mutual_info,0.8006660910324411,0.8783767114839028,1.0,0.870975700012335,0.777106204514617,-0.5660540273837424,0.588133711607253
adjusted_rand_score,0.9162452201800912,0.9806340199827309,0.870975700012335,1.0,0.8846675712347354,-0.6749722462069816,0.729246330331812
calinski_harabasz,0.8458122610090045,0.9180954730479832,0.777106204514617,0.8846675712347354,1.0,-0.8585173307018625,0.8511163192302948
davies_bouldin,-0.5271987171580116,-0.7297397310965832,-0.5660540273837424,-0.6749722462069816,-0.8585173307018625,1.0,-0.8133711607252991
silhouette,0.6996422844455409,0.7605772788947823,0.588133711607253,0.729246330331812,0.8511163192302948,-0.8133711607252991,1.0
