,abilities,v_measure,mutual_info,adjusted_rand_score,calinski_harabasz,davies_bouldin,silhouette
abilities,1.0,0.8801036141606019,0.7736523991612188,0.9074873566054027,0.8384112495374367,-0.5131367953620328,0.7182681633156531
v_measure,0.8801036141606019,1.0,0.8756630072776613,0.9738497594671272,0.9028000493400765,-0.7006290859750832,0.7687183915135068
mutual_info,0.7736523991612188,0.8756630072776613,1.0,0.8618477858640681,0.7602072283212039,-0.540890588380412,0.6012088318736895
adjusted_rand_score,0.9074873566054027,0.9738497594671272,0.8618477858640681,1.0,0.8606142839521401,-0.6172443567287529,0.731713334155668
calinski_harabasz,0.8384112495374367,0.9028000493400765,0.7602072283212039,0.8606142839521401,1.0,-0.846799062538547,0.8514863698038732
davies_bouldin,-0.5131367953620328,-0.7006290859750832,-0.540890588380412,-0.6172443567287529,-0.846799062538547,1.0,-0.8184285185642037
silhouette,0.7182681633156531,0.7687183915135068,0.6012088318736895,0.731713334155668,0.8514863698038732,-0.8184285185642037,1.0
