,abilities,v_measure,mutual_info,adjusted_rand_score,calinski_harabasz,davies_bouldin,silhouette
abilities,1.0,0.8840508202787715,0.7718021462933268,0.9089675588997163,0.8081904526952016,-0.5246083631429629,0.7053163932404095
v_measure,0.8840508202787715,1.0,0.8690020969532503,0.9777969655852966,0.8768965091895893,-0.7035894905637103,0.7508326137905513
mutual_info,0.7718021462933268,0.8690020969532503,1.0,0.879486863204638,0.7418280498334773,-0.5395337362772912,0.5949179721228568
adjusted_rand_score,0.9089675588997163,0.9777969655852966,0.879486863204638,1.0,0.8213889231528309,-0.6108301467867275,0.6993955840631553
calinski_harabasz,0.8081904526952016,0.8768965091895893,0.7418280498334773,0.8213889231528309,1.0,-0.831626989021833,0.8331071913161465
davies_bouldin,-0.5246083631429629,-0.7035894905637103,-0.5395337362772912,-0.6108301467867275,-0.831626989021833,1.0,-0.8207721721968669
silhouette,0.7053163932404095,0.7508326137905513,0.5949179721228568,0.6993955840631553,0.8331071913161465,-0.8207721721968669,1.0
