,abilities,v_measure,mutual_info,adjusted_rand_score,calinski_harabasz,davies_bouldin,silhouette
abilities,1.0,0.7926091042199349,0.8043226469109902,0.8425664896523088,0.7793221005703797,-0.5857426954260364,0.5572892764264953
v_measure,0.7926091042199349,1.0,0.9541510959592648,0.978277497322931,0.9244738739920015,-0.8411241504403505,0.6098253895408553
mutual_info,0.8043226469109902,0.9541510959592648,1.0,0.9472453506414039,0.8655565025459473,-0.763806027229616,0.526606787735746
adjusted_rand_score,0.8425664896523088,0.978277497322931,0.9472453506414039,1.0,0.89178085185428,-0.7817259992569767,0.562359317292773
calinski_harabasz,0.7793221005703797,0.9244738739920015,0.8655565025459473,0.89178085185428,1.0,-0.8873227124718635,0.6346073996372298
davies_bouldin,-0.5857426954260364,-0.8411241504403505,-0.763806027229616,-0.7817259992569767,-0.8873227124718635,1.0,-0.655193513844271
silhouette,0.5572892764264953,0.6098253895408553,0.526606787735746,0.562359317292773,0.6346073996372298,-0.655193513844271,1.0
