,abilities,v_measure,mutual_info,adjusted_rand_score,calinski_harabasz,davies_bouldin,silhouette
abilities,1.0,0.7811140977731157,0.7905985707729627,0.8356170370856006,0.7578618413863939,-0.5671671146659674,0.6054983719049805
v_measure,0.7811140977731157,1.0,0.9508730522957233,0.9757861841386394,0.8993422059048494,-0.808431128302629,0.6647654013418125
mutual_info,0.7905985707729627,0.9508730522957233,1.0,0.9448851592036539,0.839638103979545,-0.7289713498983806,0.5861797679145087
adjusted_rand_score,0.8356170370856006,0.9757861841386394,0.9448851592036539,1.0,0.8642015778316834,-0.733779147271575,0.6204025437618829
calinski_harabasz,0.7578618413863939,0.8993422059048494,0.839638103979545,0.8642015778316834,1.0,-0.9041062960291965,0.6437859218951463
davies_bouldin,-0.5671671146659674,-0.808431128302629,-0.7289713498983806,-0.733779147271575,-0.9041062960291965,1.0,-0.6690487117288402
silhouette,0.6054983719049805,0.6647654013418125,0.5861797679145087,0.6204025437618829,0.6437859218951463,-0.6690487117288402,1.0
