,abilities,v_measure,mutual_info,adjusted_rand_score,calinski_harabasz,davies_bouldin,silhouette
abilities,1.0,0.8014816757359208,0.7937891999388098,0.859000415218864,0.7644179287134771,-0.5988548700802028,0.60204549924605
v_measure,0.8014816757359208,1.0,0.9501300290653205,0.977490766843681,0.8910815358727245,-0.8100920037588234,0.6585589720055071
mutual_info,0.7937891999388098,0.9501300290653205,1.0,0.9499114928210843,0.8341746978736423,-0.7285779846587557,0.584868550449092
adjusted_rand_score,0.859000415218864,0.977490766843681,0.9499114928210843,1.0,0.8515701829148364,-0.7346532922485194,0.611923337485522
calinski_harabasz,0.7644179287134771,0.8910815358727245,0.8341746978736423,0.8515701829148364,1.0,-0.9015712755960577,0.6367927620795909
davies_bouldin,-0.5988548700802028,-0.8100920037588234,-0.7285779846587557,-0.7346532922485194,-0.9015712755960577,1.0,-0.6709718306781179
silhouette,0.60204549924605,0.6585589720055071,0.584868550449092,0.611923337485522,0.6367927620795909,-0.6709718306781179,1.0
