,abilities,v_measure,mutual_info,adjusted_rand_score,calinski_harabasz,davies_bouldin,silhouette
abilities,1.0,0.37835867483680097,0.35085592957180267,0.366839963764913,0.47171393161770064,-0.47419260771305677,0.6886163155208865
v_measure,0.37835867483680097,1.0,0.9935662015984252,0.9347142609789215,0.7117816184271782,-0.7068424242808465,0.40289061329053705
mutual_info,0.35085592957180267,0.9935662015984252,1.0,0.9278977153636554,0.7049651659890673,-0.7023771011596242,0.3941239993260147
adjusted_rand_score,0.366839963764913,0.9347142609789215,0.9278977153636554,1.0,0.6827661310435618,-0.6776264530019915,0.42687577748453165
calinski_harabasz,0.47171393161770064,0.7117816184271782,0.7049651659890673,0.6827661310435618,1.0,-0.9951884522854851,0.5273565648465408
davies_bouldin,-0.47419260771305677,-0.7068424242808465,-0.7023771011596242,-0.6776264530019915,-0.9951884522854851,1.0,-0.5254064299774003
silhouette,0.6886163155208865,0.40289061329053705,0.3941239993260147,0.42687577748453165,0.5273565648465408,-0.5254064299774003,1.0
