,abilities,v_measure,mutual_info,adjusted_rand_score,calinski_harabasz,davies_bouldin,silhouette
abilities,1.0,0.1447176552316526,0.11119718568432478,0.0743593015325306,0.2179428758908554,-0.27741829648396915,0.48083407761150504
v_measure,0.1447176552316526,1.0,0.9980860720730573,0.9341426514281548,0.7436476979836214,-0.7248004084175872,0.45510553760613415
mutual_info,0.11119718568432478,0.9980860720730573,1.0,0.9358196168498569,0.7390725822379013,-0.719350370138821,0.43881010542815096
adjusted_rand_score,0.0743593015325306,0.9341426514281548,0.9358196168498569,1.0,0.6661805987035001,-0.6312019249344288,0.4269986512320289
calinski_harabasz,0.2179428758908554,0.7436476979836214,0.7390725822379013,0.6661805987035001,1.0,-0.9889178499170661,0.45258188578823616
davies_bouldin,-0.27741829648396915,-0.7248004084175872,-0.719350370138821,-0.6312019249344288,-0.9889178499170661,1.0,-0.46253394819823923
silhouette,0.48083407761150504,0.45510553760613415,0.43881010542815096,0.4269986512320289,0.45258188578823616,-0.46253394819823923,1.0
