,abilities,v_measure,mutual_info,adjusted_rand_score,calinski_harabasz,davies_bouldin,silhouette
abilities,1.0,0.44327393188538133,0.41595319573570877,0.45630550383135593,0.4244387641235834,-0.4281932464925914,0.664844102416787
v_measure,0.44327393188538133,1.0,0.9937484052054095,0.9588269602303795,0.7490841490664035,-0.7434158967462174,0.5246322927220541
mutual_info,0.41595319573570877,0.9937484052054095,1.0,0.952028578719061,0.7425046021609785,-0.73949733002969,0.5148085370931784
adjusted_rand_score,0.45630550383135593,0.9588269602303795,0.952028578719061,1.0,0.7241693551059711,-0.7176627117673652,0.5454462610489115
calinski_harabasz,0.4244387641235834,0.7490841490664035,0.7425046021609785,0.7241693551059711,1.0,-0.9947328132973682,0.4612706860100605
davies_bouldin,-0.4281932464925914,-0.7434158967462174,-0.73949733002969,-0.7176627117673652,-0.9947328132973682,1.0,-0.46101552817671504
silhouette,0.664844102416787,0.5246322927220541,0.5148085370931784,0.5454462610489115,0.4612706860100605,-0.46101552817671504,1.0
