,abilities,v_measure,mutual_info,adjusted_rand_score,calinski_harabasz,davies_bouldin,silhouette
abilities,1.0,0.6508093623494239,0.679920248382178,0.5416285769148965,0.49708151626970815,-0.4606843341160684,0.8023817510902381
v_measure,0.6508093623494239,1.0,0.9953171374294609,0.9653841963080768,-0.017931728654867113,0.04004025846507745,0.30010903401705097
mutual_info,0.679920248382178,0.9953171374294609,1.0,0.9444348117842281,0.02989158407268789,-0.005152563902479047,0.33708173751592563
adjusted_rand_score,0.5416285769148965,0.9653841963080768,0.9444348117842281,1.0,-0.14933785135563096,0.16398144837163295,0.1700703667184929
calinski_harabasz,0.49708151626970815,-0.017931728654867113,0.02989158407268789,-0.14933785135563096,1.0,-0.9853740355585374,0.7567930224756793
davies_bouldin,-0.4606843341160684,0.04004025846507745,-0.005152563902479047,0.16398144837163295,-0.9853740355585374,1.0,-0.775779939617578
silhouette,0.8023817510902381,0.30010903401705097,0.33708173751592563,0.1700703667184929,0.7567930224756793,-0.775779939617578,1.0
