,abilities,v_measure,mutual_info,adjusted_rand_score,calinski_harabasz,davies_bouldin,silhouette
abilities,1.0,0.6729738589487241,0.6916519745217322,0.5808507790499935,0.49629735239377304,-0.4600340492785837,0.8022039769149679
v_measure,0.6729738589487241,1.0,0.9963158714589719,0.9717588052362249,0.02239369294129803,0.006290363185757874,0.3252201638545964
mutual_info,0.6916519745217322,0.9963158714589719,1.0,0.9573509002777728,0.058389639391571053,-0.02769270048752292,0.3505056708978355
adjusted_rand_score,0.5808507790499935,0.9717588052362249,0.9573509002777728,1.0,-0.08596613368500602,0.1103385809521892,0.21557790246237998
calinski_harabasz,0.49629735239377304,0.02239369294129803,0.058389639391571053,-0.08596613368500602,1.0,-0.9856424018785642,0.7569272056356927
davies_bouldin,-0.4600340492785837,0.006290363185757874,-0.02769270048752292,0.1103385809521892,-0.9856424018785642,1.0,-0.7750083864475008
silhouette,0.8022039769149679,0.3252201638545964,0.3505056708978355,0.21557790246237998,0.7569272056356927,-0.7750083864475008,1.0
