,abilities,v_measure,mutual_info,adjusted_rand_score,calinski_harabasz,davies_bouldin,silhouette
abilities,1.0,0.6383726770467102,0.09209645139160876,0.7612589988280596,0.6906077348066298,-0.5342374016407165,0.7622635191695966
v_measure,0.6383726770467102,1.0,-0.012726055101385938,0.8881634019755567,0.6852502929850997,-0.5308890005022602,0.9022266867570735
mutual_info,0.09209645139160876,-0.012726055101385938,1.0,-0.018251842184882464,0.14886135506752762,-0.12910248004169156,-0.10231078509140537
adjusted_rand_score,0.7612589988280596,0.8881634019755567,-0.018251842184882464,1.0,0.6735308890005023,-0.5037669512807634,0.8379373848987108
calinski_harabasz,0.6906077348066298,0.6852502929850997,0.14886135506752762,0.6735308890005023,1.0,-0.9219822534739662,0.792399129415704
davies_bouldin,-0.5342374016407165,-0.5308890005022602,-0.12910248004169156,-0.5037669512807634,-0.9219822534739662,1.0,-0.6263184329482672
silhouette,0.7622635191695966,0.9022266867570735,-0.10231078509140537,0.8379373848987108,0.792399129415704,-0.6263184329482672,1.0
