,abilities,v_measure,mutual_info,adjusted_rand_score,calinski_harabasz,davies_bouldin,silhouette
abilities,1.0,0.6380378369328645,0.097454790381666,0.7636028796249791,0.6912774150343212,-0.5372509626653273,0.7609241587142139
v_measure,0.6380378369328645,1.0,-0.012726055101385938,0.8881634019755567,0.6852502929850997,-0.5308890005022602,0.9022266867570735
mutual_info,0.097454790381666,-0.012726055101385938,1.0,-0.018251842184882464,0.14886135506752762,-0.12910248004169156,-0.10231078509140537
adjusted_rand_score,0.7636028796249791,0.8881634019755567,-0.018251842184882464,1.0,0.6735308890005023,-0.5037669512807634,0.8379373848987108
calinski_harabasz,0.6912774150343212,0.6852502929850997,0.14886135506752762,0.6735308890005023,1.0,-0.9219822534739662,0.792399129415704
davies_bouldin,-0.5372509626653273,-0.5308890005022602,-0.12910248004169156,-0.5037669512807634,-0.9219822534739662,1.0,-0.6263184329482672
silhouette,0.7609241587142139,0.9022266867570735,-0.10231078509140537,0.8379373848987108,0.792399129415704,-0.6263184329482672,1.0
