,abilities,v_measure,mutual_info,adjusted_rand_score,calinski_harabasz,davies_bouldin,silhouette
abilities,1.0,0.5001640921227022,0.4667596522532366,0.5081342742669956,0.48265353961556495,-0.48241912798874825,0.6999765588373184
v_measure,0.5001640921227022,1.0,0.992615687561536,0.9639926860143466,0.7645397221913561,-0.7570618160030337,0.514627628543376
mutual_info,0.4667596522532366,0.992615687561536,1.0,0.9557878944160533,0.7564992149104952,-0.75429569396472,0.503211514707285
adjusted_rand_score,0.5081342742669956,0.9639926860143466,0.9557878944160533,1.0,0.742903021840818,-0.7338779626480151,0.5356079609526192
calinski_harabasz,0.48265353961556495,0.7645397221913561,0.7564992149104952,0.742903021840818,1.0,-0.9921003281762776,0.4618143459915612
davies_bouldin,-0.48241912798874825,-0.7570618160030337,-0.75429569396472,-0.7338779626480151,-0.9921003281762776,1.0,-0.4607126113455227
silhouette,0.6999765588373184,0.514627628543376,0.503211514707285,0.5356079609526192,0.4618143459915612,-0.4607126113455227,1.0
