,abilities,v_measure,mutual_info,adjusted_rand_score,calinski_harabasz,davies_bouldin,silhouette
abilities,1.0,0.49977730387158203,0.4663728640021165,0.5078412528646319,0.4803563056727614,-0.48014533520862634,0.6999531176746366
v_measure,0.49977730387158203,1.0,0.992615687561536,0.9639926860143466,0.7645397221913561,-0.7570618160030337,0.514627628543376
mutual_info,0.4663728640021165,0.992615687561536,1.0,0.9557878944160533,0.7564992149104952,-0.75429569396472,0.503211514707285
adjusted_rand_score,0.5078412528646319,0.9639926860143466,0.9557878944160533,1.0,0.742903021840818,-0.7338779626480151,0.5356079609526192
calinski_harabasz,0.4803563056727614,0.7645397221913561,0.7564992149104952,0.742903021840818,1.0,-0.9921003281762776,0.4618143459915612
davies_bouldin,-0.48014533520862634,-0.7570618160030337,-0.75429569396472,-0.7338779626480151,-0.9921003281762776,1.0,-0.4607126113455227
silhouette,0.6999531176746366,0.514627628543376,0.503211514707285,0.5356079609526192,0.4618143459915612,-0.4607126113455227,1.0
