,abilities,v_measure,mutual_info,adjusted_rand_score,calinski_harabasz,davies_bouldin,silhouette
abilities,1.0,0.37567836881237077,0.344804548231054,0.3492820727041227,0.4324919860129705,-0.43453137911774714,0.7029459853964203
v_measure,0.37567836881237077,1.0,0.9927324729519054,0.919588329758179,0.6977981736356547,-0.6925822398297341,0.42564364096224216
mutual_info,0.344804548231054,0.9927324729519054,1.0,0.9114533881914407,0.6892885827522877,-0.6887611287719136,0.41495390695999607
adjusted_rand_score,0.3492820727041227,0.919588329758179,0.9114533881914407,1.0,0.6668776491861752,-0.6606068074195067,0.39842701557494453
calinski_harabasz,0.4324919860129705,0.6977981736356547,0.6892885827522877,0.6668776491861752,1.0,-0.9926160337552743,0.5709095171120487
davies_bouldin,-0.43453137911774714,-0.6925822398297341,-0.6887611287719136,-0.6606068074195067,-0.9926160337552743,1.0,-0.570112517580872
silhouette,0.7029459853964203,0.42564364096224216,0.41495390695999607,0.39842701557494453,0.5709095171120487,-0.570112517580872,1.0
