,abilities,v_measure,mutual_info,adjusted_rand_score,calinski_harabasz,davies_bouldin,silhouette
abilities,1.0,0.8424369556295317,0.8675569669361591,0.8420539012266861,0.8578138538009029,-0.7362944046696156,0.5033243649961239
v_measure,0.8424369556295317,1.0,0.9682377701930593,0.9977016735829267,0.9255780017328652,-0.8685393770805783,0.5387295362305623
mutual_info,0.8675569669361591,0.9682377701930593,1.0,0.9666032822751395,0.918828752741301,-0.8356250996235,0.49651907835091663
adjusted_rand_score,0.8420539012266861,0.9977016735829267,0.9666032822751395,1.0,0.9194308906014866,-0.8666788271238999,0.5416662866523781
calinski_harabasz,0.8578138538009029,0.9255780017328652,0.918828752741301,0.9194308906014866,1.0,-0.8822928542113183,0.4661133658625564
davies_bouldin,-0.7362944046696156,-0.8685393770805783,-0.8356250996235,-0.8666788271238999,-0.8822928542113183,1.0,-0.5566236490492042
silhouette,0.5033243649961239,0.5387295362305623,0.49651907835091663,0.5416662866523781,0.4661133658625564,-0.5566236490492042,1.0
