,abilities,v_measure,mutual_info,adjusted_rand_score,calinski_harabasz,davies_bouldin,silhouette
abilities,1.0,0.8799285690434694,0.8073181341488878,0.9627819548872181,0.3986842105263158,-0.42218045112781954,0.4231203007518797
v_measure,0.8799285690434694,1.0,0.958894072649215,0.8747591531817528,0.5006814235520788,-0.555007284789755,0.4799097707259084
mutual_info,0.8073181341488878,0.958894072649215,1.0,0.7892585883308071,0.5155435970255218,-0.5700984750176405,0.48704337628136324
adjusted_rand_score,0.9627819548872181,0.8747591531817528,0.7892585883308071,1.0,0.41597744360902256,-0.42218045112781954,0.449812030075188
calinski_harabasz,0.3986842105263158,0.5006814235520788,0.5155435970255218,0.41597744360902256,1.0,-0.975187969924812,0.9785714285714285
davies_bouldin,-0.42218045112781954,-0.555007284789755,-0.5700984750176405,-0.42218045112781954,-0.975187969924812,1.0,-0.9507518796992481
silhouette,0.4231203007518797,0.4799097707259084,0.48704337628136324,0.449812030075188,0.9785714285714285,-0.9507518796992481,1.0
