,abilities,v_measure,mutual_info,adjusted_rand_score,calinski_harabasz,davies_bouldin,silhouette
abilities,1.0,0.8712406015037594,0.7984764815087857,0.9578947368421052,0.3868421052631579,-0.4039473684210526,0.40093984962406015
v_measure,0.8712406015037594,1.0,0.9542400641897315,0.8727443609022556,0.4860902255639098,-0.5355263157894737,0.4704887218045113
mutual_info,0.7984764815087857,0.9542400641897315,1.0,0.7851199424141636,0.5033157795445297,-0.5545785528302274,0.4792363851204221
adjusted_rand_score,0.9578947368421052,0.8727443609022556,0.7851199424141636,1.0,0.40075187969924814,-0.4037593984962406,0.4347744360902256
calinski_harabasz,0.3868421052631579,0.4860902255639098,0.5033157795445297,0.40075187969924814,1.0,-0.9778195488721805,0.9851503759398497
davies_bouldin,-0.4039473684210526,-0.5355263157894737,-0.5545785528302274,-0.4037593984962406,-0.9778195488721805,1.0,-0.9562030075187969
silhouette,0.40093984962406015,0.4704887218045113,0.4792363851204221,0.4347744360902256,0.9851503759398497,-0.9562030075187969,1.0
