,abilities,v_measure,mutual_info,adjusted_rand_score,calinski_harabasz,davies_bouldin,silhouette
abilities,1.0,0.877484845181567,0.8064154898063967,0.9609022556390977,0.4039473684210526,-0.42199248120300753,0.4272556390977444
v_measure,0.877484845181567,1.0,0.956963760123599,0.872879365595674,0.5023732323795497,-0.5512477096175975,0.4821655158292029
mutual_info,0.8064154898063967,0.956963760123599,1.0,0.7881669647833661,0.5217761252719098,-0.5721006659282053,0.49402707948946634
adjusted_rand_score,0.9609022556390977,0.872879365595674,0.7881669647833661,1.0,0.41635338345864664,-0.4193609022556391,0.44492481203007517
calinski_harabasz,0.4039473684210526,0.5023732323795497,0.5217761252719098,0.41635338345864664,1.0,-0.9778195488721805,0.9821428571428571
davies_bouldin,-0.42199248120300753,-0.5512477096175975,-0.5721006659282053,-0.4193609022556391,-0.9778195488721805,1.0,-0.9531954887218045
silhouette,0.4272556390977444,0.4821655158292029,0.49402707948946634,0.44492481203007517,0.9821428571428571,-0.9531954887218045,1.0
