,abilities,v_measure,mutual_info,adjusted_rand_score,calinski_harabasz,davies_bouldin,silhouette
abilities,1.0,0.8950163268828125,0.8444226261962811,0.954221635883905,0.5779683377308708,-0.5912928759894459,0.5936675461741425
v_measure,0.8950163268828125,1.0,0.9688770511199836,0.9106500878992649,0.6382796269839397,-0.6729773413073742,0.620271117458659
mutual_info,0.8444226261962811,0.9688770511199836,1.0,0.8506932546250034,0.6490430456802964,-0.6852806773368084,0.6248186179609159
adjusted_rand_score,0.954221635883905,0.9106500878992649,0.8506932546250034,1.0,0.5781002638522428,-0.5802110817941952,0.5948548812664908
calinski_harabasz,0.5779683377308708,0.6382796269839397,0.6490430456802964,0.5781002638522428,1.0,-0.9844327176781003,0.9853562005277045
davies_bouldin,-0.5912928759894459,-0.6729773413073742,-0.6852806773368084,-0.5802110817941952,-0.9844327176781003,1.0,-0.9651715039577836
silhouette,0.5936675461741425,0.620271117458659,0.6248186179609159,0.5948548812664908,0.9853562005277045,-0.9651715039577836,1.0
