,abilities,v_measure,mutual_info,adjusted_rand_score,calinski_harabasz,davies_bouldin,silhouette
abilities,1.0,0.8210554076776213,0.7497115465566783,0.9580751483190507,0.6249176005273567,-0.6031641397495056,0.6793671720500989
v_measure,0.8210554076776213,1.0,0.9528489043427297,0.8697056598547457,0.7388509842834828,-0.7377962362688026,0.7051649695646338
mutual_info,0.7497115465566783,0.9528489043427297,1.0,0.7817600830705796,0.7356655830228078,-0.7377757747274268,0.6720301144303904
adjusted_rand_score,0.9580751483190507,0.8697056598547457,0.7817600830705796,1.0,0.6208305866842452,-0.6,0.6705339485827291
calinski_harabasz,0.6249176005273567,0.7388509842834828,0.7356655830228078,0.6208305866842452,1.0,-0.98681608437706,0.9698088332234673
davies_bouldin,-0.6031641397495056,-0.7377962362688026,-0.7377757747274268,-0.6,-0.98681608437706,1.0,-0.9433091628213579
silhouette,0.6793671720500989,0.7051649695646338,0.6720301144303904,0.6705339485827291,0.9698088332234673,-0.9433091628213579,1.0
