,abilities,v_measure,mutual_info,adjusted_rand_score,calinski_harabasz,davies_bouldin,silhouette
abilities,1.0,0.8963060686015831,0.84810098155872,0.9580474934036939,0.5594986807387863,-0.5729551451187335,0.5799472295514512
v_measure,0.8963060686015831,1.0,0.9705311232545508,0.908311345646438,0.6133245382585752,-0.6478891820580475,0.6121372031662269
mutual_info,0.84810098155872,0.9705311232545508,1.0,0.8501469839266826,0.6270667257423657,-0.6621127663032746,0.6209947187148636
adjusted_rand_score,0.9580474934036939,0.908311345646438,0.8501469839266826,1.0,0.5517150395778364,-0.553825857519789,0.5853562005277045
calinski_harabasz,0.5594986807387863,0.6133245382585752,0.6270667257423657,0.5517150395778364,1.0,-0.9844327176781003,0.9861477572559367
davies_bouldin,-0.5729551451187335,-0.6478891820580475,-0.6621127663032746,-0.553825857519789,-0.9844327176781003,1.0,-0.9658311345646438
silhouette,0.5799472295514512,0.6121372031662269,0.6209947187148636,0.5853562005277045,0.9861477572559367,-0.9658311345646438,1.0
