,abilities,v_measure,mutual_info,adjusted_rand_score,calinski_harabasz,davies_bouldin,silhouette
abilities,1.0,0.828469387755102,0.8405102040816327,0.8514285714285714,0.7560204081632653,-0.66,0.5164285714285715
v_measure,0.828469387755102,1.0,0.9909183673469387,0.961530612244898,0.8994897959183673,-0.8557142857142858,0.5804081632653061
mutual_info,0.8405102040816327,0.9909183673469387,1.0,0.9594897959183674,0.8820408163265306,-0.838469387755102,0.5543877551020409
adjusted_rand_score,0.8514285714285714,0.961530612244898,0.9594897959183674,1.0,0.8561224489795919,-0.7723469387755102,0.573469387755102
calinski_harabasz,0.7560204081632653,0.8994897959183673,0.8820408163265306,0.8561224489795919,1.0,-0.9373469387755102,0.601326530612245
davies_bouldin,-0.66,-0.8557142857142858,-0.838469387755102,-0.7723469387755102,-0.9373469387755102,1.0,-0.5459183673469388
silhouette,0.5164285714285715,0.5804081632653061,0.5543877551020409,0.573469387755102,0.601326530612245,-0.5459183673469388,1.0
