,abilities,v_measure,mutual_info,adjusted_rand_score,calinski_harabasz,davies_bouldin,silhouette
abilities,1.0,0.8355102040816327,0.8518367346938776,0.8601020408163266,0.7516326530612245,-0.661734693877551,0.5269387755102041
v_measure,0.8355102040816327,1.0,0.9928571428571429,0.9618367346938775,0.8990816326530612,-0.8566326530612245,0.5830612244897959
mutual_info,0.8518367346938776,0.9928571428571429,1.0,0.963469387755102,0.8828571428571429,-0.8403061224489796,0.56
adjusted_rand_score,0.8601020408163266,0.9618367346938775,0.963469387755102,1.0,0.8540816326530613,-0.7737755102040816,0.5773469387755102
calinski_harabasz,0.7516326530612245,0.8990816326530612,0.8828571428571429,0.8540816326530613,1.0,-0.9340816326530612,0.6001020408163266
davies_bouldin,-0.661734693877551,-0.8566326530612245,-0.8403061224489796,-0.7737755102040816,-0.9340816326530612,1.0,-0.5483673469387755
silhouette,0.5269387755102041,0.5830612244897959,0.56,0.5773469387755102,0.6001020408163266,-0.5483673469387755,1.0
