,abilities,v_measure,mutual_info,adjusted_rand_score,calinski_harabasz,davies_bouldin,silhouette
abilities,1.0,0.9085286174753898,0.7275023956790662,0.9353602230159421,0.8616604233818277,-0.47608676713999476,0.7496297586897813
v_measure,0.9085286174753898,1.0,0.8210645526613817,0.9693353079536545,0.886923948079101,-0.6187821238783866,0.7592124749542644
mutual_info,0.7275023956790662,0.8210645526613817,1.0,0.8060806690478265,0.6886488370067079,-0.3968115689519993,0.5269622789441589
adjusted_rand_score,0.9353602230159421,0.9693353079536545,0.8060806690478265,1.0,0.8386619043470686,-0.5318407526788048,0.7243662339925081
calinski_harabasz,0.8616604233818277,0.886923948079101,0.6886488370067079,0.8386619043470686,1.0,-0.7945814095304469,0.8924993466329819
davies_bouldin,-0.47608676713999476,-0.6187821238783866,-0.3968115689519993,-0.5318407526788048,-0.7945814095304469,1.0,-0.83988152278073
silhouette,0.7496297586897813,0.7592124749542644,0.5269622789441589,0.7243662339925081,0.8924993466329819,-0.83988152278073,1.0
