,abilities,v_measure,mutual_info,adjusted_rand_score,calinski_harabasz,davies_bouldin,silhouette
abilities,1.0,0.9083543862705811,0.7280250892934924,0.9367540726544124,0.8600923425385486,-0.47469291750152454,0.749107065075355
v_measure,0.9083543862705811,1.0,0.8207160902517641,0.9689868455440369,0.8843104800069692,-0.6172140430351076,0.7588640125446467
mutual_info,0.7280250892934924,0.8207160902517641,1.0,0.8088683683247669,0.6907396114644133,-0.3995992682289398,0.527659203763394
adjusted_rand_score,0.9367540726544124,0.9689868455440369,0.8088683683247669,1.0,0.8390103667566862,-0.531666521473996,0.7257600836309783
calinski_harabasz,0.8600923425385486,0.8843104800069692,0.6907396114644133,0.8390103667566862,1.0,-0.795278334349682,0.8930220402474083
davies_bouldin,-0.47469291750152454,-0.6172140430351076,-0.3995992682289398,-0.531666521473996,-0.795278334349682,1.0,-0.8397072915759213
silhouette,0.749107065075355,0.7588640125446467,0.527659203763394,0.7257600836309783,0.8930220402474083,-0.8397072915759213,1.0
