,abilities,v_measure,mutual_info,adjusted_rand_score,calinski_harabasz,davies_bouldin,silhouette
abilities,1.0,0.9095740047042425,0.7299416325463891,0.9367540726544124,0.8600923425385486,-0.47469291750152454,0.749107065075355
v_measure,0.9095740047042425,1.0,0.8299503441066295,0.9689868455440369,0.8862270232598658,-0.6222667479745623,0.7614774806167784
mutual_info,0.7299416325463891,0.8299503441066295,1.0,0.8137468420594128,0.6917849986932659,-0.40099311786741004,0.5294015158114819
adjusted_rand_score,0.9367540726544124,0.9689868455440369,0.8137468420594128,1.0,0.8395330603711124,-0.5309695966547608,0.7257600836309783
calinski_harabasz,0.8600923425385486,0.8862270232598658,0.6917849986932659,0.8395330603711124,1.0,-0.795278334349682,0.8930220402474083
davies_bouldin,-0.47469291750152454,-0.6222667479745623,-0.40099311786741004,-0.5309695966547608,-0.795278334349682,1.0,-0.8397072915759213
silhouette,0.749107065075355,0.7614774806167784,0.5294015158114819,0.7257600836309783,0.8930220402474083,-0.8397072915759213,1.0
