,abilities,v_measure,mutual_info,adjusted_rand_score,calinski_harabasz,davies_bouldin,silhouette
abilities,1.0,0.9034759125359352,0.7161773673664953,0.910793623137904,0.8588727241048871,-0.46598135726108547,0.7468420594128409
v_measure,0.9034759125359352,1.0,0.8242007143479397,0.97856956180852,0.8900601097656591,-0.6294102273717223,0.7625228678456312
mutual_info,0.7161773673664953,0.8242007143479397,1.0,0.8140953044690304,0.6923076923076923,-0.4138862270232599,0.5320149838836136
adjusted_rand_score,0.910793623137904,0.97856956180852,0.8140953044690304,1.0,0.8492900078404042,-0.5916020559282168,0.7438801289310916
calinski_harabasz,0.8588727241048871,0.8900601097656591,0.6923076923076923,0.8492900078404042,1.0,-0.7884833173621396,0.8879693353079536
davies_bouldin,-0.46598135726108547,-0.6294102273717223,-0.4138862270232599,-0.5916020559282168,-0.7884833173621396,1.0,-0.8451084589249934
silhouette,0.7468420594128409,0.7625228678456312,0.5320149838836136,0.7438801289310916,0.8879693353079536,-0.8451084589249934,1.0
