,abilities,v_measure,mutual_info,adjusted_rand_score,calinski_harabasz,davies_bouldin,silhouette
abilities,1.0,0.7740818107300563,0.7743991115576826,0.8204077315634998,0.7638224173034718,-0.5626008091171104,0.6473201300933393
v_measure,0.7740818107300563,1.0,0.9453184907057299,0.9773129908247178,0.9032232475739708,-0.8048599910098099,0.7003622517782068
mutual_info,0.7743991115576826,0.9453184907057299,1.0,0.9372273196012586,0.8357439382321056,-0.719188767550702,0.6165948332848569
adjusted_rand_score,0.8204077315634998,0.9773129908247178,0.9372273196012586,1.0,0.8695893598455803,-0.7335201882651577,0.6609640656812713
calinski_harabasz,0.7638224173034718,0.9032232475739708,0.8357439382321056,0.8695893598455803,1.0,-0.9093577302414131,0.692852798857717
davies_bouldin,-0.5626008091171104,-0.8048599910098099,-0.719188767550702,-0.7335201882651577,-0.9093577302414131,1.0,-0.7026891245141331
silhouette,0.6473201300933393,0.7003622517782068,0.6165948332848569,0.6609640656812713,0.692852798857717,-0.7026891245141331,1.0
