,abilities,v_measure,mutual_info,adjusted_rand_score,calinski_harabasz,davies_bouldin,silhouette
abilities,1.0,0.7753877071423473,0.7721088885744285,0.8211325145818597,0.7665296085919214,-0.565252455858067,0.6451604374084754
v_measure,0.7753877071423473,1.0,0.9437848700388694,0.977577408181073,0.904492450884476,-0.8045955736534546,0.7011555038472725
mutual_info,0.7721088885744285,0.9437848700388694,1.0,0.9357994658769402,0.8339987836801608,-0.7171263121711309,0.6151669795605383
adjusted_rand_score,0.8211325145818597,0.977577408181073,0.9357994658769402,1.0,0.869324942489225,-0.7333086543800735,0.6607525317961871
calinski_harabasz,0.7665296085919214,0.904492450884476,0.8339987836801608,0.869324942489225,1.0,-0.9088288955287025,0.692747031915175
davies_bouldin,-0.565252455858067,-0.8045955736534546,-0.7171263121711309,-0.7333086543800735,-0.9088288955287025,1.0,-0.702636241042862
silhouette,0.6451604374084754,0.7011555038472725,0.6151669795605383,0.6607525317961871,0.692747031915175,-0.702636241042862,1.0
