,abilities,v_measure,mutual_info,adjusted_rand_score,calinski_harabasz,davies_bouldin,silhouette
abilities,1.0,0.7738702768449721,0.7716491710515878,0.8198260133795182,0.7642983685449113,-0.5628652264734657,0.6475845474496946
v_measure,0.7738702768449721,1.0,0.9428329675559903,0.9774716412385309,0.9042280335281208,-0.8048599910098099,0.7011555038472725
mutual_info,0.7716491710515878,0.9428329675559903,1.0,0.9360109997620244,0.8344747349216003,-0.7177609138263835,0.615801581215791
adjusted_rand_score,0.8198260133795182,0.9774716412385309,0.9360109997620244,1.0,0.8694835929030381,-0.7331500039662604,0.6609111822100002
calinski_harabasz,0.7642983685449113,0.9042280335281208,0.8344747349216003,0.8694835929030381,1.0,-0.9095163806552262,0.692852798857717
davies_bouldin,-0.5628652264734657,-0.8048599910098099,-0.7177609138263835,-0.7331500039662604,-0.9095163806552262,1.0,-0.7029006583992173
silhouette,0.6475845474496946,0.7011555038472725,0.615801581215791,0.6609111822100002,0.692852798857717,-0.7029006583992173,1.0
