,abilities,v_measure,mutual_info,adjusted_rand_score,calinski_harabasz,davies_bouldin,silhouette
abilities,1.0,0.5638478811151949,0.5951295556752689,0.4651900774836059,0.4886169607285145,-0.4584803642572567,0.7844336937962436
v_measure,0.5638478811151949,1.0,0.9947602652227856,0.9658445646959555,-0.032743961195418406,0.055441318043176924,0.26035789397278364
mutual_info,0.5951295556752689,0.9947602652227856,1.0,0.9429044565894158,0.017056175873758336,0.006933520576394249,0.3002484916541649
adjusted_rand_score,0.4651900774836059,0.9658445646959555,0.9429044565894158,1.0,-0.15540487706703557,0.17124276995006923,0.14158763179351744
calinski_harabasz,0.4886169607285145,-0.032743961195418406,0.017056175873758336,-0.15540487706703557,1.0,-0.9892145702902675,0.7470973249857712
davies_bouldin,-0.4584803642572567,0.055441318043176924,0.006933520576394249,0.17124276995006923,-0.9892145702902675,1.0,-0.7597324985771201
silhouette,0.7844336937962436,0.26035789397278364,0.3002484916541649,0.14158763179351744,0.7470973249857712,-0.7597324985771201,1.0
