,abilities,v_measure,mutual_info,adjusted_rand_score,calinski_harabasz,davies_bouldin,silhouette
abilities,1.0,0.6592100883246474,0.6858296471782913,0.5410316622069048,0.4893318819978846,-0.45459913631725546,0.7968468757093786
v_measure,0.6592100883246474,1.0,0.9954785926235196,0.9617828505311399,-0.013063152849503362,0.03489199432133142,0.30884822379697274
mutual_info,0.6858296471782913,0.9954785926235196,1.0,0.9418820851200588,0.035757272319591686,-0.012175415305954158,0.3442296072407367
adjusted_rand_score,0.5410316622069048,0.9617828505311399,0.9418820851200588,1.0,-0.14556993576670543,0.16069611775302098,0.17249254754291332
calinski_harabasz,0.4893318819978846,-0.013063152849503362,0.035757272319591686,-0.14556993576670543,1.0,-0.9852589641434263,0.7507114399544679
davies_bouldin,-0.45459913631725546,0.03489199432133142,-0.012175415305954158,0.16069611775302098,-0.9852589641434263,1.0,-0.7695503699487763
silhouette,0.7968468757093786,0.30884822379697274,0.3442296072407367,0.17249254754291332,0.7507114399544679,-0.7695503699487763,1.0
