,abilities,v_measure,mutual_info,adjusted_rand_score,calinski_harabasz,davies_bouldin,silhouette
abilities,1.0,0.3815804464419243,0.42164219870847475,0.16768750345599415,0.6890880637359511,-0.6687437757860293,0.8802390098164746
v_measure,0.3815804464419243,1.0,0.9962565475875472,0.9401603599207398,-0.058391668302235626,0.041417677004826486,0.19008593774801852
mutual_info,0.42164219870847475,0.9962565475875472,1.0,0.9169828260333237,-0.014602696907169454,-0.0003842814975570909,0.22456272105391778
adjusted_rand_score,0.16768750345599415,0.9401603599207398,0.9169828260333237,1.0,-0.24633814990981526,0.21088275718859198,-0.001565045425094125
calinski_harabasz,0.6890880637359511,-0.058391668302235626,-0.014602696907169454,-0.24633814990981526,1.0,-0.9694124342011666,0.7869967278417983
davies_bouldin,-0.6687437757860293,0.041417677004826486,-0.0003842814975570909,0.21088275718859198,-0.9694124342011666,1.0,-0.7930857874519847
silhouette,0.8802390098164746,0.19008593774801852,0.22456272105391778,-0.001565045425094125,0.7869967278417983,-0.7930857874519847,1.0
