,abilities,v_measure,mutual_info,adjusted_rand_score,calinski_harabasz,davies_bouldin,silhouette
abilities,1.0,0.5114673792028501,0.28437813337403506,0.7390336228011579,0.31596526386105545,0.23625027833444667,0.4887552883544867
v_measure,0.5114673792028501,1.0,0.8319786266917737,0.772879091516366,0.21621019817412604,0.12536183478067245,0.295479848586061
mutual_info,0.28437813337403506,0.8319786266917737,1.0,0.6046097354036846,0.17080503390593962,0.36187507183461787,-0.0006680770556946791
adjusted_rand_score,0.7390336228011579,0.772879091516366,0.6046097354036846,1.0,0.09730572255622356,0.30883990202627476,0.2522823424627032
calinski_harabasz,0.31596526386105545,0.21621019817412604,0.17080503390593962,0.09730572255622356,1.0,-0.3342240035626809,0.813849922066355
davies_bouldin,0.23625027833444667,0.12536183478067245,0.36187507183461787,0.30883990202627476,-0.3342240035626809,1.0,-0.49632598530394123
silhouette,0.4887552883544867,0.295479848586061,-0.0006680770556946791,0.2522823424627032,0.813849922066355,-0.49632598530394123,1.0
