,abilities,v_measure,mutual_info,adjusted_rand_score,calinski_harabasz,davies_bouldin,silhouette
abilities,1.0,0.3311066577599644,0.11957247828991316,0.6664439991093297,0.3965709196170118,0.09596971721220218,0.6049877532843465
v_measure,0.3311066577599644,1.0,0.7742150968603875,0.7710977510576709,0.32309062569583613,0.0839456691160098,0.28879982186595415
mutual_info,0.11957247828991316,0.7742150968603875,1.0,0.5564462257849031,0.229124916499666,0.41126697840124693,-0.06078824315297261
adjusted_rand_score,0.6664439991093297,0.7710977510576709,0.5564462257849031,1.0,0.1952794477844578,0.23847695390781562,0.30527722110888444
calinski_harabasz,0.3965709196170118,0.32309062569583613,0.229124916499666,0.1952794477844578,1.0,-0.27187708750835005,0.8267646403918949
davies_bouldin,0.09596971721220218,0.0839456691160098,0.41126697840124693,0.23847695390781562,-0.27187708750835005,1.0,-0.4589178356713427
silhouette,0.6049877532843465,0.28879982186595415,-0.06078824315297261,0.30527722110888444,0.8267646403918949,-0.4589178356713427,1.0
