,abilities,v_measure,mutual_info,adjusted_rand_score,calinski_harabasz,davies_bouldin,silhouette
abilities,1.0,0.5208194166109997,0.28224551698593153,0.7238922289022489,0.3141839234023603,0.23714094856379425,0.4767312402582944
v_measure,0.5208194166109997,1.0,0.8338160774098988,0.7808951235804943,0.21398352260075706,0.12625250501002003,0.2941438432420396
mutual_info,0.28224551698593153,0.8338160774098988,1.0,0.6088216242482644,0.17442639289659384,0.3281354747594926,0.007351303915182116
adjusted_rand_score,0.7238922289022489,0.7808951235804943,0.6088216242482644,1.0,0.11155644622578491,0.26430639055889554,0.25539968826541976
calinski_harabasz,0.3141839234023603,0.21398352260075706,0.17442639289659384,0.11155644622578491,1.0,-0.3368960142507237,0.8396793587174348
davies_bouldin,0.23714094856379425,0.12625250501002003,0.3281354747594926,0.26430639055889554,-0.3368960142507237,1.0,-0.49498997995991983
silhouette,0.4767312402582944,0.2941438432420396,0.007351303915182116,0.25539968826541976,0.8396793587174348,-0.49498997995991983,1.0
