,abilities,v_measure,mutual_info,adjusted_rand_score,calinski_harabasz,davies_bouldin,silhouette
abilities,1.0,0.7156726164562472,0.7484327383543753,0.7707444492816717,0.6905746626033957,-0.5689377448846321,0.48863735306922074
v_measure,0.7156726164562472,1.0,0.9728123639529821,0.9800609490639965,0.85690030474532,-0.7953199825859817,0.5255986068785372
mutual_info,0.7484327383543753,0.9728123639529821,1.0,0.97154984762734,0.8195254680017414,-0.7414018284719199,0.4778624292555507
adjusted_rand_score,0.7707444492816717,0.9800609490639965,0.97154984762734,1.0,0.8221811057901611,-0.7309969525468002,0.48138876795820634
calinski_harabasz,0.6905746626033957,0.85690030474532,0.8195254680017414,0.8221811057901611,1.0,-0.8888114932520679,0.45322159338267304
davies_bouldin,-0.5689377448846321,-0.7953199825859817,-0.7414018284719199,-0.7309969525468002,-0.8888114932520679,1.0,-0.5218328254244667
silhouette,0.48863735306922074,0.5255986068785372,0.4778624292555507,0.48138876795820634,0.45322159338267304,-0.5218328254244667,1.0
