,abilities,v_measure,mutual_info,adjusted_rand_score,calinski_harabasz,davies_bouldin,silhouette
abilities,1.0,0.6978667827601219,0.739660426643448,0.7590335219851981,0.6298432738354375,-0.4673269481932956,0.5341750108837614
v_measure,0.6978667827601219,1.0,0.9680670439703962,0.9741184153243361,0.8707662168045276,-0.781671745755333,0.5287331301697866
mutual_info,0.739660426643448,0.9680670439703962,1.0,0.9663038746190683,0.8275359164127122,-0.714671310404876,0.46384414453635175
adjusted_rand_score,0.7590335219851981,0.9741184153243361,0.9663038746190683,1.0,0.8318023508924685,-0.7080757509795386,0.4740313452329125
calinski_harabasz,0.6298432738354375,0.8707662168045276,0.8275359164127122,0.8318023508924685,1.0,-0.9099912929908577,0.4584893339138006
davies_bouldin,-0.4673269481932956,-0.781671745755333,-0.714671310404876,-0.7080757509795386,-0.9099912929908577,1.0,-0.522616456247279
silhouette,0.5341750108837614,0.5287331301697866,0.46384414453635175,0.4740313452329125,0.4584893339138006,-0.522616456247279,1.0
