,abilities,v_measure,mutual_info,adjusted_rand_score,calinski_harabasz,davies_bouldin,silhouette
abilities,1.0,0.6999129299085765,0.7306486721811057,0.7514366565084893,0.6772529386155856,-0.541597736177623,0.5030256856769699
v_measure,0.6999129299085765,1.0,0.9743796255986069,0.9793861558554636,0.8614061819764911,-0.7957771005659556,0.5290814105354811
mutual_info,0.7306486721811057,0.9743796255986069,1.0,0.9692207226817589,0.8226817588158467,-0.7420766216804527,0.47790596430126253
adjusted_rand_score,0.7514366565084893,0.9793861558554636,0.9692207226817589,1.0,0.8284936874183718,-0.7300391815411407,0.4845450587723117
calinski_harabasz,0.6772529386155856,0.8614061819764911,0.8226817588158467,0.8284936874183718,1.0,-0.8902481497605572,0.4566608619939051
davies_bouldin,-0.541597736177623,-0.7957771005659556,-0.7420766216804527,-0.7300391815411407,-0.8902481497605572,1.0,-0.5211362646930779
silhouette,0.5030256856769699,0.5290814105354811,0.47790596430126253,0.4845450587723117,0.4566608619939051,-0.5211362646930779,1.0
