,abilities,v_measure,mutual_info,adjusted_rand_score,calinski_harabasz,davies_bouldin,silhouette
abilities,1.0,0.6989480787439081,0.7305764615718842,0.7515060486944575,0.6777572799255772,-0.5440821946216534,0.5032787509801936
v_measure,0.6989480787439081,1.0,0.9735959947757945,0.9794296909011755,0.8613191118850675,-0.7954070526774053,0.5289508053983457
mutual_info,0.7305764615718842,0.9735959947757945,1.0,0.9692207226817589,0.8226817588158467,-0.7415542011319112,0.4778841967784066
adjusted_rand_score,0.7515060486944575,0.9794296909011755,0.9692207226817589,1.0,0.8284936874183718,-0.7299085764040052,0.484479756203744
calinski_harabasz,0.6777572799255772,0.8613191118850675,0.8226817588158467,0.8284936874183718,1.0,-0.8905746626033957,0.4567043970396169
davies_bouldin,-0.5440821946216534,-0.7954070526774053,-0.7415542011319112,-0.7299085764040052,-0.8905746626033957,1.0,-0.5211797997387897
silhouette,0.5032787509801936,0.5289508053983457,0.4778841967784066,0.484479756203744,0.4567043970396169,-0.5211797997387897,1.0
