,abilities,v_measure,mutual_info,adjusted_rand_score,calinski_harabasz,davies_bouldin,silhouette
abilities,1.0,0.956013916500994,0.8687906590999889,0.9495526838966203,0.922962226640159,-0.5685884691848907,0.7404324055666004
v_measure,0.956013916500994,1.0,0.7803750251933215,0.9792495029821073,0.9002236580516899,-0.676814115308151,0.8297713717693836
mutual_info,0.8687906590999889,0.7803750251933215,1.0,0.7723143406206339,0.8566366581427334,-0.4513353619722833,0.5422699598079157
adjusted_rand_score,0.9495526838966203,0.9792495029821073,0.7723143406206339,1.0,0.8696570576540755,-0.6610337972166997,0.794358846918489
calinski_harabasz,0.922962226640159,0.9002236580516899,0.8566366581427334,0.8696570576540755,1.0,-0.6445079522862823,0.7545974155069582
davies_bouldin,-0.5685884691848907,-0.676814115308151,-0.4513353619722833,-0.6610337972166997,-0.6445079522862823,1.0,-0.8855616302186878
silhouette,0.7404324055666004,0.8297713717693836,0.5422699598079157,0.794358846918489,0.7545974155069582,-0.8855616302186878,1.0
