,abilities,v_measure,mutual_info,adjusted_rand_score,calinski_harabasz,davies_bouldin,silhouette
abilities,1.0,0.33743473314415096,0.3771570936222708,0.1007025314773191,0.7366753207086133,-0.7155620036652413,0.9022984117287721
v_measure,0.33743473314415096,1.0,0.9970012804560356,0.9215422362189284,-0.07285153842591684,0.041694905639990135,0.15309132249408466
mutual_info,0.3771570936222708,0.9970012804560356,1.0,0.9011661652717545,-0.029756963177368607,-0.001336962402064058,0.1878050185642269
adjusted_rand_score,0.1007025314773191,0.9215422362189284,0.9011661652717545,1.0,-0.2859570083409977,0.2295445001864047,-0.04889084040064724
calinski_harabasz,0.7366753207086133,-0.07285153842591684,-0.029756963177368607,-0.2859570083409977,1.0,-0.9633857666463043,0.7981826511912035
davies_bouldin,-0.7155620036652413,0.041694905639990135,-0.001336962402064058,0.2295445001864047,-0.9633857666463043,1.0,-0.7997098350641417
silhouette,0.9022984117287721,0.15309132249408466,0.1878050185642269,-0.04889084040064724,0.7981826511912035,-0.7997098350641417,1.0
