,abilities,v_measure,mutual_info,adjusted_rand_score,calinski_harabasz,davies_bouldin,silhouette
abilities,1.0,0.5508415569788687,0.4623880526675553,0.5645753801238392,0.5616806722689076,-0.5703241296518607,0.7958223289315727
v_measure,0.5508415569788687,1.0,0.9678255858624664,0.9827122550902805,0.8934668301934297,-0.8710893421320441,0.6100026412956646
mutual_info,0.4623880526675553,0.9678255858624664,1.0,0.9477525931617364,0.8583159262000086,-0.8488078947919522,0.5720665563847321
adjusted_rand_score,0.5645753801238392,0.9827122550902805,0.9477525931617364,1.0,0.8863598168177106,-0.8619654736091616,0.6121155371641216
calinski_harabasz,0.5616806722689076,0.8934668301934297,0.8583159262000086,0.8863598168177106,1.0,-0.9750300120048019,0.6198799519807923
davies_bouldin,-0.5703241296518607,-0.8710893421320441,-0.8488078947919522,-0.8619654736091616,-0.9750300120048019,1.0,-0.6150780312124849
silhouette,0.7958223289315727,0.6100026412956646,0.5720665563847321,0.6121155371641216,0.6198799519807923,-0.6150780312124849,1.0
