,abilities,v_measure,mutual_info,adjusted_rand_score,calinski_harabasz,davies_bouldin,silhouette
abilities,1.0,0.549833129405287,0.45830632201258154,0.5620303010095614,0.5578391356542617,-0.5590876350540216,0.794093637454982
v_measure,0.549833129405287,1.0,0.9680176719170188,0.9828082981175567,0.8935628709147231,-0.8701289349191091,0.6095224376891971
mutual_info,0.45830632201258154,0.9680176719170188,1.0,0.9477525931617364,0.8587961298064761,-0.8495762205623002,0.5722586378273192
adjusted_rand_score,0.5620303010095614,0.9828082981175567,0.9477525931617364,1.0,0.8862637760964172,-0.8605248627897591,0.6118274150002412
calinski_harabasz,0.5578391356542617,0.8935628709147231,0.8587961298064761,0.8862637760964172,1.0,-0.9734933973589436,0.6196878751500601
davies_bouldin,-0.5590876350540216,-0.8701289349191091,-0.8495762205623002,-0.8605248627897591,-0.9734933973589436,1.0,-0.6145978391356542
silhouette,0.794093637454982,0.6095224376891971,0.5722586378273192,0.6118274150002412,0.6196878751500601,-0.6145978391356542,1.0
