,abilities,v_measure,mutual_info,adjusted_rand_score,calinski_harabasz,davies_bouldin,silhouette
abilities,1.0,0.8272939801285798,0.7497187277060927,0.8831677381648159,0.8453535943892461,-0.7917592051431911,0.8284628872004676
v_measure,0.8272939801285798,1.0,0.9594821667033382,0.9787258912916423,0.8773816481589714,-0.8699006428988896,0.6666277030976038
mutual_info,0.7497187277060927,0.9594821667033382,1.0,0.9230117331747003,0.8525840530432763,-0.8606204065852437,0.6024342846096706
adjusted_rand_score,0.8831677381648159,0.9787258912916423,0.9230117331747003,1.0,0.8708942139099941,-0.8632378725891292,0.7052016364699006
calinski_harabasz,0.8453535943892461,0.8773816481589714,0.8525840530432763,0.8708942139099941,1.0,-0.9548801870251316,0.786791350087668
davies_bouldin,-0.7917592051431911,-0.8699006428988896,-0.8606204065852437,-0.8632378725891292,-0.9548801870251316,1.0,-0.7128579777907657
silhouette,0.8284628872004676,0.6666277030976038,0.6024342846096706,0.7052016364699006,0.786791350087668,-0.7128579777907657,1.0
