,abilities,v_measure,mutual_info,adjusted_rand_score,calinski_harabasz,davies_bouldin,silhouette
abilities,1.0,0.9300204960890116,0.9181427973598545,0.927301627138495,0.9099845233613586,-0.816790061488267,0.7384448069603046
v_measure,0.9300204960890116,1.0,0.9307054193212134,0.9933492282595056,0.9268833396076464,-0.8725477893503994,0.7401179570836993
mutual_info,0.9181427973598545,0.9307054193212134,1.0,0.927638290882487,0.9146345066114482,-0.7978525409204876,0.649685028055162
adjusted_rand_score,0.927301627138495,0.9933492282595056,0.927638290882487,1.0,0.9186849040030116,-0.8640983812272556,0.7304973438741791
calinski_harabasz,0.9099845233613586,0.9268833396076464,0.9146345066114482,0.9186849040030116,1.0,-0.8497929476722299,0.6908436859497218
davies_bouldin,-0.816790061488267,-0.8725477893503994,-0.7978525409204876,-0.8640983812272556,-0.8497929476722299,1.0,-0.7578533483916844
silhouette,0.7384448069603046,0.7401179570836993,0.649685028055162,0.7304973438741791,0.6908436859497218,-0.7578533483916844,1.0
