,abilities,v_measure,mutual_info,adjusted_rand_score,calinski_harabasz,davies_bouldin,silhouette
abilities,1.0,0.9242148431778713,0.9107201090795541,0.9245496202372733,0.8885610863515577,-0.8014353566421861,0.7086184169229803
v_measure,0.9242148431778713,1.0,0.9249537190460357,0.996317452346578,0.9237545247211935,-0.8693532525683677,0.7188709643671667
mutual_info,0.9107201090795541,0.9249537190460357,1.0,0.9222665478429242,0.9061855076743034,-0.7864594344606685,0.6096309731809127
adjusted_rand_score,0.9245496202372733,0.996317452346578,0.9222665478429242,1.0,0.9186910216977382,-0.868055991463185,0.7166949134810537
calinski_harabasz,0.8885610863515577,0.9237545247211935,0.9061855076743034,0.9186910216977382,1.0,-0.8588496223296299,0.6622099470633774
davies_bouldin,-0.8014353566421861,-0.8693532525683677,-0.7864594344606685,-0.868055991463185,-0.8588496223296299,1.0,-0.7151884167137447
silhouette,0.7086184169229803,0.7188709643671667,0.6096309731809127,0.7166949134810537,0.6622099470633774,-0.7151884167137447,1.0
