,abilities,v_measure,mutual_info,adjusted_rand_score,calinski_harabasz,davies_bouldin,silhouette
abilities,1.0,0.9249688895901402,0.9195263170777811,0.9222081630169503,0.9116881216054764,-0.812950317423433,0.7393936859241221
v_measure,0.9249688895901402,1.0,0.931450849837799,0.993223742000251,0.9262977370644581,-0.8689923453381855,0.7426276822687916
mutual_info,0.9195263170777811,0.931450849837799,1.0,0.9280740521160271,0.9151541303979438,-0.7954770633145283,0.6571751740141355
adjusted_rand_score,0.9222081630169503,0.993223742000251,0.9280740521160271,1.0,0.9173463839042958,-0.8673610239678755,0.733090726565441
calinski_harabasz,0.9116881216054764,0.9262977370644581,0.9151541303979438,0.9173463839042958,1.0,-0.8527627891412557,0.6989166352951018
davies_bouldin,-0.812950317423433,-0.8689923453381855,-0.7954770633145283,-0.8673610239678755,-0.8527627891412557,1.0,-0.7529175555276697
silhouette,0.7393936859241221,0.7426276822687916,0.6571751740141355,0.733090726565441,0.6989166352951018,-0.7529175555276697,1.0
