,abilities,v_measure,mutual_info,adjusted_rand_score,calinski_harabasz,davies_bouldin,silhouette
abilities,1.0,0.780161943319838,0.7867722200966359,0.7137651821862349,-0.1736842105263158,0.20445344129554655,-0.09757085020242914
v_measure,0.780161943319838,1.0,0.9785237505578985,0.942914979757085,-0.5441295546558704,0.5356275303643725,-0.457085020242915
mutual_info,0.7867722200966359,0.9785237505578985,1.0,0.9161688426714518,-0.5057675861900675,0.5018958762232619,-0.4277220642276195
adjusted_rand_score,0.7137651821862349,0.942914979757085,0.9161688426714518,1.0,-0.7133603238866397,0.6708502024291498,-0.531578947368421
calinski_harabasz,-0.1736842105263158,-0.5441295546558704,-0.5057675861900675,-0.7133603238866397,1.0,-0.9550607287449393,0.8315789473684211
davies_bouldin,0.20445344129554655,0.5356275303643725,0.5018958762232619,0.6708502024291498,-0.9550607287449393,1.0,-0.8967611336032388
silhouette,-0.09757085020242914,-0.457085020242915,-0.4277220642276195,-0.531578947368421,0.8315789473684211,-0.8967611336032388,1.0
