,abilities,v_measure,mutual_info,adjusted_rand_score,calinski_harabasz,davies_bouldin,silhouette
abilities,1.0,0.7732793522267206,0.7814740906683758,0.7165991902834008,-0.17246963562753037,0.21012145748987854,-0.09554655870445344
v_measure,0.7732793522267206,1.0,0.9842294284037171,0.9530364372469635,-0.5748987854251012,0.5765182186234817,-0.47327935222672063
mutual_info,0.7814740906683758,0.9842294284037171,1.0,0.9361387151318171,-0.5528394284180713,0.5479488474073696,-0.45686177608305045
adjusted_rand_score,0.7165991902834008,0.9530364372469635,0.9361387151318171,1.0,-0.7121457489878542,0.6732793522267206,-0.5068825910931174
calinski_harabasz,-0.17246963562753037,-0.5748987854251012,-0.5528394284180713,-0.7121457489878542,1.0,-0.9534412955465587,0.8388663967611336
davies_bouldin,0.21012145748987854,0.5765182186234817,0.5479488474073696,0.6732793522267206,-0.9534412955465587,1.0,-0.9020242914979757
silhouette,-0.09554655870445344,-0.47327935222672063,-0.45686177608305045,-0.5068825910931174,0.8388663967611336,-0.9020242914979757,1.0
