,abilities,v_measure,mutual_info,adjusted_rand_score,calinski_harabasz,davies_bouldin,silhouette
abilities,1.0,0.7813765182186235,0.7980791768814093,0.7234817813765182,-0.18421052631578946,0.20647773279352227,-0.07125506072874493
v_measure,0.7813765182186235,1.0,0.9788844030124103,0.9623481781376518,-0.5506072874493927,0.5506072874493927,-0.45870445344129557
mutual_info,0.7980791768814093,0.9788844030124103,1.0,0.939614489644591,-0.5188946365320696,0.5172583901417438,-0.4401502789976404
adjusted_rand_score,0.7234817813765182,0.9623481781376518,0.939614489644591,1.0,-0.6781376518218624,0.6558704453441295,-0.5174089068825911
calinski_harabasz,-0.18421052631578946,-0.5506072874493927,-0.5188946365320696,-0.6781376518218624,1.0,-0.9530364372469635,0.8226720647773279
davies_bouldin,0.20647773279352227,0.5506072874493927,0.5172583901417438,0.6558704453441295,-0.9530364372469635,1.0,-0.888663967611336
silhouette,-0.07125506072874493,-0.45870445344129557,-0.4401502789976404,-0.5174089068825911,0.8226720647773279,-0.888663967611336,1.0
