,abilities,v_measure,mutual_info,adjusted_rand_score,calinski_harabasz,davies_bouldin,silhouette
abilities,1.0,0.7910931174089069,0.821395687943552,0.7234817813765182,-0.18421052631578946,0.21862348178137653,-0.09959514170040486
v_measure,0.7910931174089069,1.0,0.977657218219666,0.9489878542510122,-0.5421052631578948,0.534008097165992,-0.4319838056680162
mutual_info,0.821395687943552,0.977657218219666,1.0,0.9199795329606815,-0.49026032470136804,0.4800337847618318,-0.39413084926972725
adjusted_rand_score,0.7234817813765182,0.9489878542510122,0.9199795329606815,1.0,-0.7020242914979757,0.6659919028340081,-0.5060728744939271
calinski_harabasz,-0.18421052631578946,-0.5421052631578948,-0.49026032470136804,-0.7020242914979757,1.0,-0.9518218623481781,0.8279352226720648
davies_bouldin,0.21862348178137653,0.534008097165992,0.4800337847618318,0.6659919028340081,-0.9518218623481781,1.0,-0.891497975708502
silhouette,-0.09959514170040486,-0.4319838056680162,-0.39413084926972725,-0.5060728744939271,0.8279352226720648,-0.891497975708502,1.0
