,abilities,v_measure,mutual_info,adjusted_rand_score,calinski_harabasz,davies_bouldin,silhouette
abilities,1.0,0.5037096935516681,0.4502114363685155,0.5266125422150438,0.48159965034965035,-0.48627622377622376,0.7361013986013986
v_measure,0.5037096935516681,1.0,0.9845269576239701,0.9655571825075945,0.8403466027221265,-0.8291574247491795,0.5546947564635533
mutual_info,0.4502114363685155,0.9845269576239701,1.0,0.9489039928316979,0.824087328480188,-0.8185364472201713,0.5337587554907346
adjusted_rand_score,0.5266125422150438,0.9655571825075945,0.9489039928316979,1.0,0.8110624259960544,-0.7980375235119208,0.5708666152525782
calinski_harabasz,0.48159965034965035,0.8403466027221265,0.824087328480188,0.8110624259960544,1.0,-0.9884178321678322,0.5407779720279721
davies_bouldin,-0.48627622377622376,-0.8291574247491795,-0.8185364472201713,-0.7980375235119208,-0.9884178321678322,1.0,-0.5365821678321678
silhouette,0.7361013986013986,0.5546947564635533,0.5337587554907346,0.5708666152525782,0.5407779720279721,-0.5365821678321678,1.0
