,abilities,v_measure,mutual_info,adjusted_rand_score,calinski_harabasz,davies_bouldin,silhouette
abilities,1.0,0.1263850340140535,0.07601271989578305,0.04873571258020738,0.23687402341962865,-0.342253351856703,0.5494279751631039
v_measure,0.1263850340140535,1.0,0.9963391584324544,0.930500917912405,0.8274053438309064,-0.7832595753539272,0.4308583294671505
mutual_info,0.07601271989578305,0.9963391584324544,1.0,0.9306407025075645,0.8201547355682398,-0.7753081579738137,0.40847102107203886
adjusted_rand_score,0.04873571258020738,0.930500917912405,0.9306407025075645,1.0,0.7379336724721178,-0.6648964654176306,0.38920395584481277
calinski_harabasz,0.23687402341962865,0.8274053438309064,0.8201547355682398,0.7379336724721178,1.0,-0.9718962389912367,0.5186083611967045
davies_bouldin,-0.342253351856703,-0.7832595753539272,-0.7753081579738137,-0.6648964654176306,-0.9718962389912367,1.0,-0.5375773071963985
silhouette,0.5494279751631039,0.4308583294671505,0.40847102107203886,0.38920395584481277,0.5186083611967045,-0.5375773071963985,1.0
