,abilities,v_measure,mutual_info,adjusted_rand_score,calinski_harabasz,davies_bouldin,silhouette
abilities,1.0,0.4999289752131528,0.4463433025770866,0.5238371015850355,0.48203671328671327,-0.4840472027972028,0.7284527972027972
v_measure,0.4999289752131528,1.0,0.9843084118276985,0.9657320191446117,0.8401717718162992,-0.8288077629375249,0.5544762178312692
mutual_info,0.4463433025770866,0.9843084118276985,1.0,0.9489477019909522,0.8241310362066447,-0.8198913867403329,0.5339335863965619
adjusted_rand_score,0.5238371015850355,0.9657320191446117,0.9489477019909522,1.0,0.8108438873637703,-0.7974256153415253,0.5705606611673804
calinski_harabasz,0.48203671328671327,0.8401717718162992,0.8241310362066447,0.8108438873637703,1.0,-0.9879807692307693,0.5409090909090909
davies_bouldin,-0.4840472027972028,-0.8288077629375249,-0.8198913867403329,-0.7974256153415253,-0.9879807692307693,1.0,-0.536451048951049
silhouette,0.7284527972027972,0.5544762178312692,0.5339335863965619,0.5705606611673804,0.5409090909090909,-0.536451048951049,1.0
