,abilities,v_measure,mutual_info,adjusted_rand_score,calinski_harabasz,davies_bouldin,silhouette
abilities,1.0,0.5016554304081974,0.4487253736689835,0.5260443417711052,0.47941433566433567,-0.48173076923076924,0.7346590909090909
v_measure,0.5016554304081974,1.0,0.9854011408090565,0.9656008916668488,0.839953233184015,-0.8286766397581544,0.5546073410106397
mutual_info,0.4487253736689835,0.9854011408090565,1.0,0.9494285027427497,0.8243495748389289,-0.8193231862963941,0.534152125028846
adjusted_rand_score,0.5260443417711052,0.9656008916668488,0.9494285027427497,1.0,0.8109313028166839,-0.7977315694267231,0.5709540307054918
calinski_harabasz,0.47941433566433567,0.839953233184015,0.8243495748389289,0.8109313028166839,1.0,-0.9881118881118881,0.5409527972027972
davies_bouldin,-0.48173076923076924,-0.8286766397581544,-0.8193231862963941,-0.7977315694267231,-0.9881118881118881,1.0,-0.5365821678321678
silhouette,0.7346590909090909,0.5546073410106397,0.534152125028846,0.5709540307054918,0.5409527972027972,-0.5365821678321678,1.0
