,abilities,v_measure,mutual_info,adjusted_rand_score,calinski_harabasz,davies_bouldin,silhouette
abilities,1.0,0.5836041365164132,0.6045385574910305,0.5044658520353591,0.5267116337372411,-0.4976272906345132,0.8225840148033188
v_measure,0.5836041365164132,1.0,0.9969281781004141,0.9783036151304795,0.013625289639428356,0.00670817929126292,0.31526204121897483
mutual_info,0.6045385574910305,0.9969281781004141,1.0,0.9652802351654942,0.049527866558249936,-0.028216327896033875,0.3417907993924865
adjusted_rand_score,0.5044658520353591,0.9783036151304795,0.9652802351654942,1.0,-0.07797518235936372,0.09477902070130508,0.2214122092008995
calinski_harabasz,0.5267116337372411,0.013625289639428356,0.049527866558249936,-0.07797518235936372,1.0,-0.9883752163791559,0.750790903121829
davies_bouldin,-0.4976272906345132,0.00670817929126292,-0.028216327896033875,0.09477902070130508,-0.9883752163791559,1.0,-0.7656091446308124
silhouette,0.8225840148033188,0.31526204121897483,0.3417907993924865,0.2214122092008995,0.750790903121829,-0.7656091446308124,1.0
