,abilities,v_measure,mutual_info,adjusted_rand_score,calinski_harabasz,davies_bouldin,silhouette
abilities,1.0,0.3313200203658839,0.3741525378350216,0.18352409252419463,0.6808770974501799,-0.6601807017858493,0.8788358091162506
v_measure,0.3313200203658839,1.0,0.9957834079559201,0.9655458015729556,-0.06327900300357851,0.05152004666191601,0.18195791136048453
mutual_info,0.3741525378350216,0.9957834079559201,1.0,0.9450690666237221,-0.01997723978256272,0.009828175119026934,0.2204212668873945
adjusted_rand_score,0.18352409252419463,0.9655458015729556,0.9450690666237221,1.0,-0.19543077167827785,0.17493490141522172,0.04400605854077359
calinski_harabasz,0.6808770974501799,-0.06327900300357851,-0.01997723978256272,-0.19543077167827785,1.0,-0.9800946028619604,0.7866213050420042
davies_bouldin,-0.6601807017858493,0.05152004666191601,0.009828175119026934,0.17493490141522172,-0.9800946028619604,1.0,-0.7946640404673441
silhouette,0.8788358091162506,0.18195791136048453,0.2204212668873945,0.04400605854077359,0.7866213050420042,-0.7946640404673441,1.0
