,abilities,v_measure,mutual_info,adjusted_rand_score,calinski_harabasz,davies_bouldin,silhouette
abilities,1.0,0.5944536275636347,0.6136379480053955,0.5132035493178406,0.5290042417970982,-0.4992258820316259,0.8214902610420275
v_measure,0.5944536275636347,1.0,0.9973910344254199,0.9751995194981457,0.036838884974900725,-0.013975943195865719,0.33622104883209475
mutual_info,0.6136379480053955,0.9973910344254199,1.0,0.9624139454108953,0.07030168885239067,-0.046847886943895085,0.36068244889134266
adjusted_rand_score,0.5132035493178406,0.9751995194981457,0.9624139454108953,1.0,-0.05395564018508744,0.07340832362617761,0.24107299448206404
calinski_harabasz,0.5290042417970982,0.036838884974900725,0.07030168885239067,-0.05395564018508744,1.0,-0.9884945979824509,0.7518504148510714
davies_bouldin,-0.4992258820316259,-0.013975943195865719,-0.046847886943895085,0.07340832362617761,-0.9884945979824509,1.0,-0.766206052647287
silhouette,0.8214902610420275,0.33622104883209475,0.36068244889134266,0.24107299448206404,0.7518504148510714,-0.766206052647287,1.0
