,abilities,v_measure,mutual_info,adjusted_rand_score,calinski_harabasz,davies_bouldin,silhouette
abilities,1.0,0.727583646028768,0.771849593495935,0.7286585365853658,0.6719824890556598,-0.5032051282051282,0.3928822701688555
v_measure,0.727583646028768,1.0,0.9754338649155723,0.9863782051282052,0.7406777673545967,-0.7361436835522202,0.5162992495309568
mutual_info,0.771849593495935,0.9754338649155723,1.0,0.9719160412757973,0.7035256410256411,-0.659396497811132,0.45219668542839275
adjusted_rand_score,0.7286585365853658,0.9863782051282052,0.9719160412757973,1.0,0.7278377110694184,-0.7144308943089431,0.5008403689806129
calinski_harabasz,0.6719824890556598,0.7406777673545967,0.7035256410256411,0.7278377110694184,1.0,-0.872791588492808,0.42735694183864914
davies_bouldin,-0.5032051282051282,-0.7361436835522202,-0.659396497811132,-0.7144308943089431,-0.872791588492808,1.0,-0.48608505315822387
silhouette,0.3928822701688555,0.5162992495309568,0.45219668542839275,0.5008403689806129,0.42735694183864914,-0.48608505315822387,1.0
