,abilities,v_measure,mutual_info,adjusted_rand_score,calinski_harabasz,davies_bouldin,silhouette
abilities,1.0,0.7474593495934959,0.7904745153220762,0.7481629143214509,0.6741322701688556,-0.5108270794246405,0.4009537210756723
v_measure,0.7474593495934959,1.0,0.9778963414634146,0.9865736397748592,0.7360655096935584,-0.7342870544090057,0.5197388993120701
mutual_info,0.7904745153220762,0.9778963414634146,1.0,0.9741049093183239,0.7009459036898061,-0.6618980612883052,0.46032676672920575
adjusted_rand_score,0.7481629143214509,0.9865736397748592,0.9741049093183239,1.0,0.7235967792370231,-0.7106394621638524,0.5003713258286429
calinski_harabasz,0.6741322701688556,0.7360655096935584,0.7009459036898061,0.7235967792370231,1.0,-0.8751563477173233,0.42737648530331457
davies_bouldin,-0.5108270794246405,-0.7342870544090057,-0.6618980612883052,-0.7106394621638524,-0.8751563477173233,1.0,-0.4872967479674797
silhouette,0.4009537210756723,0.5197388993120701,0.46032676672920575,0.5003713258286429,0.42737648530331457,-0.4872967479674797,1.0
