,abilities,v_measure,mutual_info,adjusted_rand_score,calinski_harabasz,davies_bouldin,silhouette
abilities,1.0,0.6925261289686452,0.7761914152369683,0.7114835995530139,0.7572602379543811,-0.7209491881943075,0.7016761979885624
v_measure,0.6925261289686452,1.0,0.9204101755077894,0.9865641227897193,0.8762900151186486,-0.8293564714389009,0.6500887398935121
mutual_info,0.7761914152369683,0.9204101755077894,1.0,0.9255899559587195,0.8354302241503977,-0.7960165647801223,0.5670544928679419
adjusted_rand_score,0.7114835995530139,0.9865641227897193,0.9255899559587195,1.0,0.8775520936041543,-0.8162098205482153,0.6577400907118911
calinski_harabasz,0.7572602379543811,0.8762900151186486,0.8354302241503977,0.8775520936041543,1.0,-0.9199368960757247,0.6169854729507658
davies_bouldin,-0.7209491881943075,-0.8293564714389009,-0.7960165647801223,-0.8162098205482153,-0.9199368960757247,1.0,-0.5810951160191941
silhouette,0.7016761979885624,0.6500887398935121,0.5670544928679419,0.6577400907118911,0.6169854729507658,-0.5810951160191941,1.0
