,abilities,v_measure,mutual_info,adjusted_rand_score,calinski_harabasz,davies_bouldin,silhouette
abilities,1.0,0.7344113587063695,0.8311498793966419,0.7522957490187444,0.7633339906658778,-0.6845592585288898,0.6350226779727864
v_measure,0.7344113587063695,1.0,0.9154336122830542,0.9833890974319959,0.9017945178465786,-0.8166305133767173,0.5843291921383028
mutual_info,0.8311498793966419,0.9154336122830542,1.0,0.919107593605385,0.8589157885927272,-0.7684005022219662,0.5033228378655895
adjusted_rand_score,0.7522957490187444,0.9833890974319959,0.919107593605385,1.0,0.8945302999621377,-0.7916044935719144,0.596625232545806
calinski_harabasz,0.7633339906658778,0.9017945178465786,0.8589157885927272,0.8945302999621377,1.0,-0.915782554394268,0.543758627489647
davies_bouldin,-0.6845592585288898,-0.8166305133767173,-0.7684005022219662,-0.7916044935719144,-0.915782554394268,1.0,-0.5545125879182279
silhouette,0.6350226779727864,0.5843291921383028,0.5033228378655895,0.596625232545806,0.543758627489647,-0.5545125879182279,1.0
