,abilities,v_measure,mutual_info,adjusted_rand_score,calinski_harabasz,davies_bouldin,silhouette
abilities,1.0,0.6929468217971472,0.7808373157160461,0.7064352856109906,0.7506080326036942,-0.718293564714389,0.6975481496088871
v_measure,0.6929468217971472,1.0,0.9219018070389604,0.9867481759021889,0.8738184447511996,-0.8351409978308026,0.6501413264970749
mutual_info,0.7808373157160461,0.9219018070389604,1.0,0.9229403992863519,0.8340684550791849,-0.7992164544736821,0.5684386277558406
adjusted_rand_score,0.7064352856109906,0.9867481759021889,0.9229403992863519,1.0,0.8754223361598633,-0.8212581344902387,0.6580556103332676
calinski_harabasz,0.7506080326036942,0.8738184447511996,0.8340684550791849,0.8754223361598633,1.0,-0.9290606717938605,0.6183527246433971
davies_bouldin,-0.718293564714389,-0.8351409978308026,-0.7992164544736821,-0.8212581344902387,-0.9290606717938605,1.0,-0.5850916978899625
silhouette,0.6975481496088871,0.6501413264970749,0.5684386277558406,0.6580556103332676,0.6183527246433971,-0.5850916978899625,1.0
