,abilities,v_measure,mutual_info,adjusted_rand_score,calinski_harabasz,davies_bouldin,silhouette
abilities,1.0,0.7520299007604073,0.23664368161534471,0.8809124887227735,0.6610387936589767,-0.5264853718262663,0.8154401340378915
v_measure,0.7520299007604073,1.0,0.20970548474300973,0.9072045366670963,0.7924990333805902,-0.5865446578167289,0.9172573785281608
mutual_info,0.23664368161534471,0.20970548474300973,1.0,0.22530128293225632,0.37610362905968187,-0.3141071089850736,0.1305664757496428
adjusted_rand_score,0.8809124887227735,0.9072045366670963,0.22530128293225632,1.0,0.7711045237788374,-0.5935043175666967,0.8729217682691068
calinski_harabasz,0.6610387936589767,0.7924990333805902,0.37610362905968187,0.7711045237788374,1.0,-0.8432787730377626,0.8162134295656657
davies_bouldin,-0.5264853718262663,-0.5865446578167289,-0.3141071089850736,-0.5935043175666967,-0.8432787730377626,1.0,-0.6362933367702024
silhouette,0.8154401340378915,0.9172573785281608,0.1305664757496428,0.8729217682691068,0.8162134295656657,-0.6362933367702024,1.0
