,abilities,v_measure,mutual_info,adjusted_rand_score,calinski_harabasz,davies_bouldin,silhouette
abilities,1.0,0.6213429565665679,0.3900489849366462,0.7556386132233536,0.7012501611032349,-0.5775228766593633,0.7159427761309447
v_measure,0.6213429565665679,1.0,0.2106212958977131,0.9087511277226447,0.7615672122696224,-0.6404175795849981,0.915195257120763
mutual_info,0.3900489849366462,0.2106212958977131,1.0,0.19347770204557369,0.34867234112809914,-0.3226347023451505,0.1303170931166389
adjusted_rand_score,0.7556386132233536,0.9087511277226447,0.19347770204557369,1.0,0.751256605232633,-0.6277870859646861,0.87472612450058
calinski_harabasz,0.7012501611032349,0.7615672122696224,0.34867234112809914,0.751256605232633,1.0,-0.9340121149632684,0.8247196803711818
davies_bouldin,-0.5775228766593633,-0.6404175795849981,-0.3226347023451505,-0.6277870859646861,-0.9340121149632684,1.0,-0.6767624693903853
silhouette,0.7159427761309447,0.915195257120763,0.1303170931166389,0.87472612450058,0.8247196803711818,-0.6767624693903853,1.0
