,abilities,v_measure,mutual_info,adjusted_rand_score,calinski_harabasz,davies_bouldin,silhouette
abilities,1.0,0.6553679597886326,0.37584584727142983,0.7824461915195257,0.7123340636679985,-0.5679855651501482,0.752287665936332
v_measure,0.6553679597886326,1.0,0.23857704502723479,0.922928212398505,0.7553808480474288,-0.6584611418997294,0.9159685526485372
mutual_info,0.37584584727142983,0.23857704502723479,1.0,0.2468260622512991,0.34246310569279464,-0.3371785790336284,0.14049107459734517
adjusted_rand_score,0.7824461915195257,0.922928212398505,0.2468260622512991,1.0,0.7370795205567727,-0.6319113287794819,0.8636422219358165
calinski_harabasz,0.7123340636679985,0.7553808480474288,0.34246310569279464,0.7370795205567727,1.0,-0.9278257507410749,0.8267818017785797
davies_bouldin,-0.5679855651501482,-0.6584611418997294,-0.3371785790336284,-0.6319113287794819,-0.9278257507410749,1.0,-0.680886712205181
silhouette,0.752287665936332,0.9159685526485372,0.14049107459734517,0.8636422219358165,0.8267818017785797,-0.680886712205181,1.0
