,abilities,v_measure,mutual_info,adjusted_rand_score,calinski_harabasz,davies_bouldin,silhouette
abilities,1.0,0.6262404949091378,0.43242894979274593,0.7491944838252352,0.6860420157236757,-0.5468488207243202,0.711818533316149
v_measure,0.6262404949091378,1.0,0.2414126446980069,0.9177729088800103,0.758989560510375,-0.6478927696868153,0.9177729088800103
mutual_info,0.43242894979274593,0.2414126446980069,1.0,0.24850164387493717,0.34658761430482676,-0.32454727140927997,0.14294000158573927
adjusted_rand_score,0.7491944838252352,0.9177729088800103,0.24850164387493717,1.0,0.7391416419641706,-0.6141255316406753,0.8644155174635907
calinski_harabasz,0.6860420157236757,0.758989560510375,0.34658761430482676,0.7391416419641706,1.0,-0.9378785926021395,0.8239463848434077
davies_bouldin,-0.5468488207243202,-0.6478927696868153,-0.32454727140927997,-0.6141255316406753,-0.9378785926021395,1.0,-0.6783090604459338
silhouette,0.711818533316149,0.9177729088800103,0.14294000158573927,0.8644155174635907,0.8239463848434077,-0.6783090604459338,1.0
