,abilities,v_measure,mutual_info,adjusted_rand_score,calinski_harabasz,davies_bouldin,silhouette
abilities,1.0,0.6097741577193632,0.6301678390719486,0.6372639763050721,0.49386029865481923,-0.4086140935456004,0.23519067012217698
v_measure,0.6097741577193632,1.0,0.9970072812538566,0.9546155744785881,0.8343206219918549,-0.7355609033691225,0.38828211773417254
mutual_info,0.6301678390719486,0.9970072812538566,1.0,0.9599531037887202,0.8281500678760952,-0.7288349993829446,0.37288658521535234
adjusted_rand_score,0.6372639763050721,0.9546155744785881,0.9599531037887202,1.0,0.8009687769961743,-0.6845612736023695,0.3858756016290263
calinski_harabasz,0.49386029865481923,0.8343206219918549,0.8281500678760952,0.8009687769961743,1.0,-0.9069171911637665,0.3703875107984697
davies_bouldin,-0.4086140935456004,-0.7355609033691225,-0.7288349993829446,-0.6845612736023695,-0.9069171911637665,1.0,-0.3704800691102061
silhouette,0.23519067012217698,0.38828211773417254,0.37288658521535234,0.3858756016290263,0.3703875107984697,-0.3704800691102061,1.0
