,abilities,v_measure,mutual_info,adjusted_rand_score,calinski_harabasz,davies_bouldin,silhouette
abilities,1.0,0.6044366284092312,0.6263112427495989,0.6328828828828829,0.4923176601258793,-0.411421695668271,0.23694927804516847
v_measure,0.6044366284092312,1.0,0.9965136369245958,0.9544304578551154,0.8341355053683821,-0.7360545476983833,0.38763420955201777
mutual_info,0.6263112427495989,0.9965136369245958,1.0,0.9582870541774652,0.8270393681352586,-0.7275083302480563,0.3706651857336789
adjusted_rand_score,0.6328828828828829,0.9544304578551154,0.9582870541774652,1.0,0.8008762186844378,-0.6850240651610514,0.384086140935456
calinski_harabasz,0.4923176601258793,0.8341355053683821,0.8270393681352586,0.8008762186844378,1.0,-0.9075959521165,0.37026409971615454
davies_bouldin,-0.411421695668271,-0.7360545476983833,-0.7275083302480563,-0.6850240651610514,-0.9075959521165,1.0,-0.37115883006293965
silhouette,0.23694927804516847,0.38763420955201777,0.3706651857336789,0.384086140935456,0.37026409971615454,-0.37115883006293965,1.0
