,abilities,v_measure,mutual_info,adjusted_rand_score,calinski_harabasz,davies_bouldin,silhouette
abilities,1.0,0.6905467110946563,0.7231580895964458,0.7499691472294212,0.5804640256695052,-0.49490929285449836,0.2953227199802542
v_measure,0.6905467110946563,1.0,0.9943230902135012,0.9363507342959397,0.8321917808219178,-0.7290509687769962,0.37230038257435516
mutual_info,0.7231580895964458,0.9943230902135012,1.0,0.9502653338269776,0.8213933111193386,-0.7062507713192645,0.341478464766136
adjusted_rand_score,0.7499691472294212,0.9363507342959397,0.9502653338269776,1.0,0.7702394174996915,-0.6428174750092558,0.33126619770455384
calinski_harabasz,0.5804640256695052,0.8321917808219178,0.8213933111193386,0.7702394174996915,1.0,-0.8994508206836974,0.36677773664075036
davies_bouldin,-0.49490929285449836,-0.7290509687769962,-0.7062507713192645,-0.6428174750092558,-0.8994508206836974,1.0,-0.3749537208441318
silhouette,0.2953227199802542,0.37230038257435516,0.341478464766136,0.33126619770455384,0.36677773664075036,-0.3749537208441318,1.0
