,abilities,v_measure,mutual_info,adjusted_rand_score,calinski_harabasz,davies_bouldin,silhouette
abilities,1.0,0.6329445884240404,0.6525052449709984,0.6465506602492904,0.5713007528076022,-0.5145933604837715,0.2224793286437122
v_measure,0.6329445884240404,1.0,0.996791311859805,0.9469949401456251,0.8597433049487844,-0.8292916203875108,0.3825126496359373
mutual_info,0.6525052449709984,0.996791311859805,1.0,0.9508823892385536,0.8540355423917068,-0.8200357892138714,0.36258175984203384
adjusted_rand_score,0.6465506602492904,0.9469949401456251,0.9508823892385536,1.0,0.8118598050104899,-0.7416697519437245,0.4100333209922251
calinski_harabasz,0.5713007528076022,0.8597433049487844,0.8540355423917068,0.8118598050104899,1.0,-0.9405775638652351,0.3721152659508824
davies_bouldin,-0.5145933604837715,-0.8292916203875108,-0.8200357892138714,-0.7416697519437245,-0.9405775638652351,1.0,-0.3717758854745156
silhouette,0.2224793286437122,0.3825126496359373,0.36258175984203384,0.4100333209922251,0.3721152659508824,-0.3717758854745156,1.0
