,abilities,v_measure,mutual_info,adjusted_rand_score,calinski_harabasz,davies_bouldin,silhouette
abilities,1.0,0.71001221001221,0.3339438339438339,0.7106227106227107,0.7124542124542125,-0.7008547008547008,0.8052503052503053
v_measure,0.71001221001221,1.0,0.7954822954822954,0.9871794871794872,0.9798534798534798,-0.8321123321123322,0.8247863247863247
mutual_info,0.3339438339438339,0.7954822954822954,1.0,0.7637362637362637,0.7545787545787546,-0.6923076923076923,0.6074481074481074
adjusted_rand_score,0.7106227106227107,0.9871794871794872,0.7637362637362637,1.0,0.9932844932844933,-0.8247863247863247,0.8290598290598291
calinski_harabasz,0.7124542124542125,0.9798534798534798,0.7545787545787546,0.9932844932844933,1.0,-0.8290598290598291,0.8388278388278388
davies_bouldin,-0.7008547008547008,-0.8321123321123322,-0.6923076923076923,-0.8247863247863247,-0.8290598290598291,1.0,-0.8186813186813187
silhouette,0.8052503052503053,0.8247863247863247,0.6074481074481074,0.8290598290598291,0.8388278388278388,-0.8186813186813187,1.0
