,abilities,v_measure,mutual_info,adjusted_rand_score,calinski_harabasz,davies_bouldin,silhouette
abilities,1.0,0.76007326007326,0.3907203907203907,0.7478632478632479,0.7442002442002442,-0.7527472527472527,0.8101343101343101
v_measure,0.76007326007326,1.0,0.793040293040293,0.9841269841269841,0.9774114774114774,-0.8296703296703297,0.8321123321123322
mutual_info,0.3907203907203907,0.793040293040293,1.0,0.7551892551892552,0.7503052503052503,-0.681929181929182,0.6135531135531136
adjusted_rand_score,0.7478632478632479,0.9841269841269841,0.7551892551892552,1.0,0.9841269841269841,-0.8302808302808303,0.8174603174603174
calinski_harabasz,0.7442002442002442,0.9774114774114774,0.7503052503052503,0.9841269841269841,1.0,-0.836996336996337,0.8376068376068376
davies_bouldin,-0.7527472527472527,-0.8296703296703297,-0.681929181929182,-0.8302808302808303,-0.836996336996337,1.0,-0.815018315018315
silhouette,0.8101343101343101,0.8321123321123322,0.6135531135531136,0.8174603174603174,0.8376068376068376,-0.815018315018315,1.0
