,abilities,v_measure,mutual_info,adjusted_rand_score,calinski_harabasz,davies_bouldin,silhouette
abilities,1.0,0.7014652014652014,0.326007326007326,0.6904761904761905,0.6971916971916972,-0.6636141636141636,0.7918192918192918
v_measure,0.7014652014652014,1.0,0.8076923076923077,0.9896214896214897,0.9768009768009768,-0.8107448107448108,0.818070818070818
mutual_info,0.326007326007326,0.8076923076923077,1.0,0.7771672771672772,0.7564102564102564,-0.7246642246642246,0.605006105006105
adjusted_rand_score,0.6904761904761905,0.9896214896214897,0.7771672771672772,1.0,0.9871794871794872,-0.7973137973137974,0.8162393162393162
calinski_harabasz,0.6971916971916972,0.9768009768009768,0.7564102564102564,0.9871794871794872,1.0,-0.8046398046398047,0.8333333333333334
davies_bouldin,-0.6636141636141636,-0.8107448107448108,-0.7246642246642246,-0.7973137973137974,-0.8046398046398047,1.0,-0.800976800976801
silhouette,0.7918192918192918,0.818070818070818,0.605006105006105,0.8162393162393162,0.8333333333333334,-0.800976800976801,1.0
