,abilities,v_measure,mutual_info,adjusted_rand_score,calinski_harabasz,davies_bouldin,silhouette
abilities,1.0,0.12393392334990751,0.06960981930506091,0.05817773863515888,0.23416555057225272,-0.34328494894454875,0.5689363066074454
v_measure,0.12393392334990751,1.0,0.9955004002886764,0.938271322266743,0.8346956072583119,-0.7894176506893518,0.4240266507371674
mutual_info,0.06960981930506091,0.9955004002886764,1.0,0.9406349874191068,0.8263552670380587,-0.7791262209453956,0.39606613306567057
adjusted_rand_score,0.05817773863515888,0.938271322266743,0.9406349874191068,1.0,0.7565308980617276,-0.6860210872590576,0.37979233706415405
calinski_harabasz,0.23416555057225272,0.8346956072583119,0.8263552670380587,0.7565308980617276,1.0,-0.9706835171257695,0.5229117300616203
davies_bouldin,-0.34328494894454875,-0.7894176506893518,-0.7791262209453956,-0.6860210872590576,-0.9706835171257695,1.0,-0.549017812170887
silhouette,0.5689363066074454,0.4240266507371674,0.39606613306567057,0.37979233706415405,0.5229117300616203,-0.549017812170887,1.0
