,abilities,v_measure,mutual_info,adjusted_rand_score,calinski_harabasz,davies_bouldin,silhouette
abilities,1.0,0.5106631412056923,0.45498357342213513,0.5431734151582628,0.47783882783882786,-0.47962454212454214,0.7482142857142857
v_measure,0.5106631412056923,1.0,0.98360693271058,0.9660690981523457,0.8472589494104038,-0.8360406154408548,0.5562919975348986
mutual_info,0.45498357342213513,0.98360693271058,1.0,0.9486228449756164,0.8301796083057436,-0.8260127985456254,0.5338553295958007
adjusted_rand_score,0.5431734151582628,0.9660690981523457,0.9486228449756164,1.0,0.817633389907146,-0.8037134979612567,0.5684719029875518
calinski_harabasz,0.47783882783882786,0.8472589494104038,0.8301796083057436,0.817633389907146,1.0,-0.9873626373626374,0.550412087912088
davies_bouldin,-0.47962454212454214,-0.8360406154408548,-0.8260127985456254,-0.8037134979612567,-0.9873626373626374,1.0,-0.5455128205128205
silhouette,0.7482142857142857,0.5562919975348986,0.5338553295958007,0.5684719029875518,0.550412087912088,-0.5455128205128205,1.0
