,abilities,v_measure,mutual_info,adjusted_rand_score,calinski_harabasz,davies_bouldin,silhouette
abilities,1.0,0.5417873373447605,0.48688744150902263,0.5605604460125273,0.5164835164835165,-0.5215659340659341,0.7869505494505494
v_measure,0.5417873373447605,1.0,0.9841571464548181,0.962636507246045,0.8608386085569549,-0.8490252865172382,0.5300655914448865
mutual_info,0.48688744150902263,0.9841571464548181,1.0,0.945511573067149,0.8445380556649427,-0.8393182156939051,0.5093235957705001
adjusted_rand_score,0.5605604460125273,0.962636507246045,0.945511573067149,1.0,0.8298400852201788,-0.8169736375722703,0.5426573106732667
calinski_harabasz,0.5164835164835165,0.8608386085569549,0.8445380556649427,0.8298400852201788,1.0,-0.9873626373626374,0.6106227106227107
davies_bouldin,-0.5215659340659341,-0.8490252865172382,-0.8393182156939051,-0.8169736375722703,-0.9873626373626374,1.0,-0.6093406593406593
silhouette,0.7869505494505494,0.5300655914448865,0.5093235957705001,0.5426573106732667,0.6106227106227107,-0.6093406593406593,1.0
