,abilities,v_measure,mutual_info,adjusted_rand_score,calinski_harabasz,davies_bouldin,silhouette
abilities,1.0,0.5080989505840812,0.4533809542836282,0.5383197686244987,0.47893772893772896,-0.48122710622710624,0.7516025641025641
v_measure,0.5080989505840812,1.0,0.9847059092886417,0.9661148888430982,0.8469842147009455,-0.8352164113124798,0.5560630519436833
mutual_info,0.4533809542836282,0.9847059092886417,1.0,0.9491723332646473,0.8306374994881742,-0.8254175400084657,0.5347711119606618
adjusted_rand_score,0.5383197686244987,0.9661148888430982,0.9491723332646473,1.0,0.8177707572618752,-0.8039882326707151,0.5689755832882254
calinski_harabasz,0.47893772893772896,0.8469842147009455,0.8306374994881742,0.8177707572618752,1.0,-0.9875457875457876,0.5503663003663004
davies_bouldin,-0.48122710622710624,-0.8352164113124798,-0.8254175400084657,-0.8039882326707151,-0.9875457875457876,1.0,-0.5458791208791208
silhouette,0.7516025641025641,0.5560630519436833,0.5347711119606618,0.5689755832882254,0.5503663003663004,-0.5458791208791208,1.0
