,abilities,v_measure,mutual_info,adjusted_rand_score,calinski_harabasz,davies_bouldin,silhouette
abilities,1.0,0.507572375724286,0.452854379423833,0.5382052958288911,0.4793956043956044,-0.4816849816849817,0.7524267399267399
v_measure,0.507572375724286,1.0,0.9847059092886417,0.9661148888430982,0.8469842147009455,-0.8352164113124798,0.5560630519436833
mutual_info,0.452854379423833,0.9847059092886417,1.0,0.9491723332646473,0.8306374994881742,-0.8254175400084657,0.5347711119606618
adjusted_rand_score,0.5382052958288911,0.9661148888430982,0.9491723332646473,1.0,0.8177707572618752,-0.8039882326707151,0.5689755832882254
calinski_harabasz,0.4793956043956044,0.8469842147009455,0.8306374994881742,0.8177707572618752,1.0,-0.9875457875457876,0.5503663003663004
davies_bouldin,-0.4816849816849817,-0.8352164113124798,-0.8254175400084657,-0.8039882326707151,-0.9875457875457876,1.0,-0.5458791208791208
silhouette,0.7524267399267399,0.5560630519436833,0.5347711119606618,0.5689755832882254,0.5503663003663004,-0.5458791208791208,1.0
