,abilities,v_measure,mutual_info,adjusted_rand_score,calinski_harabasz,davies_bouldin,silhouette
abilities,1.0,0.7324478178368121,0.7530249322246267,0.797438330170778,0.6095825426944972,-0.08657495256166983,0.5396110056925996
v_measure,0.7324478178368121,1.0,0.8960854344714604,0.875,0.5585863377609108,-0.32732447817836813,0.5533681214421252
mutual_info,0.7530249322246267,0.8960854344714604,1.0,0.781494683915539,0.5202847121514198,-0.11103203159455745,0.36725979681276694
adjusted_rand_score,0.797438330170778,0.875,0.781494683915539,1.0,0.49027514231499053,-0.2075426944971537,0.5111480075901328
calinski_harabasz,0.6095825426944972,0.5585863377609108,0.5202847121514198,0.49027514231499053,1.0,-0.6408918406072106,0.87073055028463
davies_bouldin,-0.08657495256166983,-0.32732447817836813,-0.11103203159455745,-0.2075426944971537,-0.6408918406072106,1.0,-0.6923624288425048
silhouette,0.5396110056925996,0.5533681214421252,0.36725979681276694,0.5111480075901328,0.87073055028463,-0.6923624288425048,1.0
