,abilities,v_measure,mutual_info,adjusted_rand_score,calinski_harabasz,davies_bouldin,silhouette
abilities,1.0,0.5965370018975332,0.5550284629981025,0.7734819734345351,0.6309297912713473,-0.21774193548387097,0.668168880455408
v_measure,0.5965370018975332,1.0,0.8688330170777988,0.872865275142315,0.610056925996205,-0.3548387096774194,0.5412713472485768
mutual_info,0.5550284629981025,0.8688330170777988,1.0,0.7545066413662239,0.5571631878557874,-0.08420303605313093,0.3325426944971537
adjusted_rand_score,0.7734819734345351,0.872865275142315,0.7545066413662239,1.0,0.5263282732447818,-0.25830170777988615,0.534629981024668
calinski_harabasz,0.6309297912713473,0.610056925996205,0.5571631878557874,0.5263282732447818,1.0,-0.610056925996205,0.8678842504743833
davies_bouldin,-0.21774193548387097,-0.3548387096774194,-0.08420303605313093,-0.25830170777988615,-0.610056925996205,1.0,-0.6705407969639469
silhouette,0.668168880455408,0.5412713472485768,0.3325426944971537,0.534629981024668,0.8678842504743833,-0.6705407969639469,1.0
