,abilities,v_measure,mutual_info,adjusted_rand_score,calinski_harabasz,davies_bouldin,silhouette
abilities,1.0,0.4730608892246931,0.43805495549400086,0.4850622281184561,0.4532525149336302,-0.45719606376250577,0.7186509168275534
v_measure,0.4730608892246931,1.0,0.9915769998539364,0.9633136958956132,0.7634192655442461,-0.7557511139316622,0.5195842159333043
mutual_info,0.43805495549400086,0.9915769998539364,1.0,0.9543794731973319,0.7545582903474825,-0.7511015362872066,0.506974366614833
adjusted_rand_score,0.4850622281184561,0.9633136958956132,0.9543794731973319,1.0,0.7424596511365167,-0.7335013025859425,0.538791109972443
calinski_harabasz,0.4532525149336302,0.7634192655442461,0.7545582903474825,0.7424596511365167,1.0,-0.9926484907497566,0.46584712755598834
davies_bouldin,-0.45719606376250577,-0.7557511139316622,-0.7511015362872066,-0.7335013025859425,-0.9926484907497566,1.0,-0.4656280428432327
silhouette,0.7186509168275534,0.5195842159333043,0.506974366614833,0.538791109972443,0.46584712755598834,-0.4656280428432327,1.0
