,abilities,v_measure,mutual_info,adjusted_rand_score,calinski_harabasz,davies_bouldin,silhouette
abilities,1.0,0.36747262913221507,0.3339033697123002,0.38168905226581207,0.43331568474320387,-0.4373809480421065,0.6623944887810636
v_measure,0.36747262913221507,1.0,0.9916258915747705,0.9396772073322135,0.7107559732266153,-0.7050353583209469,0.3508440950125385
mutual_info,0.3339033697123002,0.9916258915747705,1.0,0.9306701721074028,0.701578646335394,-0.6994851447103408,0.3392568069482909
adjusted_rand_score,0.38168905226581207,0.9396772073322135,0.9306701721074028,1.0,0.7020411641362778,-0.6957363162189667,0.42248566806522897
calinski_harabasz,0.43331568474320387,0.7107559732266153,0.701578646335394,0.7020411641362778,1.0,-0.9933544303797468,0.5178188899707887
davies_bouldin,-0.4373809480421065,-0.7050353583209469,-0.6994851447103408,-0.6957363162189667,-0.9933544303797468,1.0,-0.515603700097371
silhouette,0.6623944887810636,0.3508440950125385,0.3392568069482909,0.42248566806522897,0.5178188899707887,-0.515603700097371,1.0
