,abilities,v_measure,mutual_info,adjusted_rand_score,calinski_harabasz,davies_bouldin,silhouette
abilities,1.0,0.15847453505524006,0.12033159666613465,0.08524442499361289,0.24587968965532167,-0.3193514622671792,0.5390851334383607
v_measure,0.15847453505524006,1.0,0.9977115045302494,0.9392847578937118,0.7562563905059917,-0.7304761675079442,0.43407663482359327
mutual_info,0.12033159666613465,0.9977115045302494,1.0,0.9402069396416315,0.7505964573529582,-0.7242550413707355,0.41635018126430084
adjusted_rand_score,0.08524442499361289,0.9392847578937118,0.9402069396416315,1.0,0.6841983545529977,-0.6394542092551588,0.3999220995391167
calinski_harabasz,0.24587968965532167,0.7562563905059917,0.7505964573529582,0.6841983545529977,1.0,-0.9841281433335768,0.45205579493171694
davies_bouldin,-0.3193514622671792,-0.7304761675079442,-0.7242550413707355,-0.6394542092551588,-0.9841281433335768,1.0,-0.46744078482923146
silhouette,0.5390851334383607,0.43407663482359327,0.41635018126430084,0.3999220995391167,0.45205579493171694,-0.46744078482923146,1.0
