,abilities,v_measure,mutual_info,adjusted_rand_score,calinski_harabasz,davies_bouldin,silhouette
abilities,1.0,0.4740865163653064,0.4389103923012311,0.4896662529750007,0.4535053554040896,-0.4581304771178189,0.7188656280428433
v_measure,0.4740865163653064,1.0,0.9914065923365305,0.9631189444471493,0.7633462355288881,-0.7561892940238099,0.519876335994736
mutual_info,0.4389103923012311,0.9914065923365305,1.0,0.9539169385072301,0.7544852603321245,-0.7511258796256591,0.5072177999993595
adjusted_rand_score,0.4896662529750007,0.9631189444471493,0.9539169385072301,1.0,0.7424353077980641,-0.7337934226473742,0.5389371700031589
calinski_harabasz,0.4535053554040896,0.7633462355288881,0.7544852603321245,0.7424353077980641,1.0,-0.9931110029211295,0.46601752677702046
davies_bouldin,-0.4581304771178189,-0.7561892940238099,-0.7511258796256591,-0.7337934226473742,-0.9931110029211295,1.0,-0.46587147030185005
silhouette,0.7188656280428433,0.519876335994736,0.5072177999993595,0.5389371700031589,0.46601752677702046,-0.46587147030185005,1.0
