,abilities,v_measure,mutual_info,adjusted_rand_score,calinski_harabasz,davies_bouldin,silhouette
abilities,1.0,0.894270435446906,0.8750190985485103,0.946829640947288,0.8744079449961802,-0.7014514896867838,0.7103132161955691
v_measure,0.894270435446906,1.0,0.9786096256684492,0.9758594346829641,0.9477463712757831,-0.8594346829640948,0.6910618792971734
mutual_info,0.8750190985485103,0.9786096256684492,1.0,0.9618029029793735,0.9113827349121467,-0.8108479755538579,0.6495034377387319
adjusted_rand_score,0.946829640947288,0.9758594346829641,0.9618029029793735,1.0,0.9343009931245225,-0.7964858670741024,0.6849503437738732
calinski_harabasz,0.8744079449961802,0.9477463712757831,0.9113827349121467,0.9343009931245225,1.0,-0.9269671504965623,0.7741787624140566
davies_bouldin,-0.7014514896867838,-0.8594346829640948,-0.8108479755538579,-0.7964858670741024,-0.9269671504965623,1.0,-0.6858670741023682
silhouette,0.7103132161955691,0.6910618792971734,0.6495034377387319,0.6849503437738732,0.7741787624140566,-0.6858670741023682,1.0
