,abilities,v_measure,mutual_info,adjusted_rand_score,calinski_harabasz,davies_bouldin,silhouette
abilities,1.0,0.8964094728800611,0.8912146676852559,0.9526355996944232,0.8169595110771581,-0.6427807486631016,0.7310924369747899
v_measure,0.8964094728800611,1.0,0.9905271199388846,0.9624140565317036,0.9138273491214668,-0.8383498854087089,0.7084797555385791
mutual_info,0.8912146676852559,0.9905271199388846,1.0,0.9633307868601986,0.893353705118411,-0.8175706646294881,0.6901451489686784
adjusted_rand_score,0.9526355996944232,0.9624140565317036,0.9633307868601986,1.0,0.869213139801375,-0.7246753246753247,0.6898395721925134
calinski_harabasz,0.8169595110771581,0.9138273491214668,0.893353705118411,0.869213139801375,1.0,-0.9239113827349121,0.7757066462948816
davies_bouldin,-0.6427807486631016,-0.8383498854087089,-0.8175706646294881,-0.7246753246753247,-0.9239113827349121,1.0,-0.7014514896867838
silhouette,0.7310924369747899,0.7084797555385791,0.6901451489686784,0.6898395721925134,0.7757066462948816,-0.7014514896867838,1.0
