,abilities,v_measure,mutual_info,adjusted_rand_score,calinski_harabasz,davies_bouldin,silhouette
abilities,1.0,0.9052711993888465,0.8829640947288007,0.9556913674560733,0.8579067990832697,-0.6742551566080978,0.6944232238349886
v_measure,0.9052711993888465,1.0,0.9761650114591292,0.9657754010695188,0.9080213903743316,-0.8187929717341482,0.679755538579068
mutual_info,0.8829640947288007,0.9761650114591292,1.0,0.9511077158135982,0.8771581359816654,-0.7888464476699771,0.6433919022154316
adjusted_rand_score,0.9556913674560733,0.9657754010695188,0.9511077158135982,1.0,0.8744079449961802,-0.7090909090909091,0.653781512605042
calinski_harabasz,0.8579067990832697,0.9080213903743316,0.8771581359816654,0.8744079449961802,1.0,-0.894270435446906,0.7686783804430863
davies_bouldin,-0.6742551566080978,-0.8187929717341482,-0.7888464476699771,-0.7090909090909091,-0.894270435446906,1.0,-0.6904507257448433
silhouette,0.6944232238349886,0.679755538579068,0.6433919022154316,0.653781512605042,0.7686783804430863,-0.6904507257448433,1.0
