,abilities,v_measure,mutual_info,adjusted_rand_score,calinski_harabasz,davies_bouldin,silhouette
abilities,1.0,0.895187165775401,0.869213139801375,0.946218487394958,0.8429335370511841,-0.6757830404889228,0.7362872421695951
v_measure,0.895187165775401,1.0,0.9783040488922842,0.9636363636363636,0.9153552330022918,-0.8362108479755539,0.706646294881589
mutual_info,0.869213139801375,0.9783040488922842,1.0,0.948663101604278,0.8857142857142857,-0.8090145148968678,0.6773109243697479
adjusted_rand_score,0.946218487394958,0.9636363636363636,0.948663101604278,1.0,0.86707410236822,-0.7136745607333843,0.681283422459893
calinski_harabasz,0.8429335370511841,0.9153552330022918,0.8857142857142857,0.86707410236822,1.0,-0.9217723453017571,0.7778456837280366
davies_bouldin,-0.6757830404889228,-0.8362108479755539,-0.8090145148968678,-0.7136745607333843,-0.9217723453017571,1.0,-0.6858670741023682
silhouette,0.7362872421695951,0.706646294881589,0.6773109243697479,0.681283422459893,0.7778456837280366,-0.6858670741023682,1.0
