,abilities,v_measure,mutual_info,adjusted_rand_score,calinski_harabasz,davies_bouldin,silhouette
abilities,1.0,0.893353705118411,0.86646294881589,0.9391902215431627,0.8276546982429336,-0.6684491978609626,0.7530939648586708
v_measure,0.893353705118411,1.0,0.9783040488922842,0.9654698242933537,0.9040488922841864,-0.8258212375859435,0.708785332314744
mutual_info,0.86646294881589,0.9783040488922842,1.0,0.9511077158135982,0.8750190985485103,-0.7986249045072574,0.679449961802903
adjusted_rand_score,0.9391902215431627,0.9654698242933537,0.9511077158135982,1.0,0.8566844919786096,-0.707257448433919,0.6766997708174178
calinski_harabasz,0.8276546982429336,0.9040488922841864,0.8750190985485103,0.8566844919786096,1.0,-0.9245225362872421,0.7726508785332314
davies_bouldin,-0.6684491978609626,-0.8258212375859435,-0.7986249045072574,-0.707257448433919,-0.9245225362872421,1.0,-0.6864782276546982
silhouette,0.7530939648586708,0.708785332314744,0.679449961802903,0.6766997708174178,0.7726508785332314,-0.6864782276546982,1.0
