,abilities,v_measure,mutual_info,adjusted_rand_score,calinski_harabasz,davies_bouldin,silhouette
abilities,1.0,0.7317815314445579,0.7348324492542103,0.6515212981744422,0.17565922920892496,-0.14036511156186612,0.41379310344827586
v_measure,0.7317815314445579,1.0,0.9917183697282191,0.968507532053234,-0.33277549614270197,0.3364267969232985,-0.06683908928925346
mutual_info,0.7348324492542103,0.9917183697282191,1.0,0.9556887303371148,-0.30125081322122815,0.30938173935405483,-0.05041174202352536
adjusted_rand_score,0.6515212981744422,0.968507532053234,0.9556887303371148,1.0,-0.463894523326572,0.4553752535496957,-0.17403651115618662
calinski_harabasz,0.17565922920892496,-0.33277549614270197,-0.30125081322122815,-0.463894523326572,1.0,-0.9742393509127789,0.8241379310344827
davies_bouldin,-0.14036511156186612,0.3364267969232985,0.30938173935405483,0.4553752535496957,-0.9742393509127789,1.0,-0.8586206896551725
silhouette,0.41379310344827586,-0.06683908928925346,-0.05041174202352536,-0.17403651115618662,0.8241379310344827,-0.8586206896551725,1.0
