,abilities,v_measure,mutual_info,adjusted_rand_score,calinski_harabasz,davies_bouldin,silhouette
abilities,1.0,0.7622090379495292,0.7764403041038234,0.6821501014198783,0.16815415821501015,-0.14178498985801216,0.41318458417849896
v_measure,0.7622090379495292,1.0,0.988747366062653,0.9660733315328364,-0.3017394395076313,0.3114762415892221,-0.05547948686073086
mutual_info,0.7764403041038234,0.988747366062653,1.0,0.9503645634001893,-0.2559928576161634,0.2678188916597615,-0.03272549075857764
adjusted_rand_score,0.6821501014198783,0.9660733315328364,0.9503645634001893,1.0,-0.4389452332657201,0.440973630831643,-0.1720081135902637
calinski_harabasz,0.16815415821501015,-0.3017394395076313,-0.2559928576161634,-0.4389452332657201,1.0,-0.9752535496957404,0.8202839756592292
davies_bouldin,-0.14178498985801216,0.3114762415892221,0.2678188916597615,0.440973630831643,-0.9752535496957404,1.0,-0.8563894523326572
silhouette,0.41318458417849896,-0.05547948686073086,-0.03272549075857764,-0.1720081135902637,0.8202839756592292,-0.8563894523326572,1.0
