,abilities,v_measure,mutual_info,adjusted_rand_score,calinski_harabasz,davies_bouldin,silhouette
abilities,1.0,0.8440377889058228,0.7580305149735159,0.9555608365019012,0.24453422053231938,-0.27423954372623577,0.27495247148288976
v_measure,0.8440377889058228,1.0,0.9500928083496698,0.8342938639881433,0.3744281392147329,-0.44073435999601535,0.3465034763408953
mutual_info,0.7580305149735159,0.9500928083496698,1.0,0.7332862671526604,0.3894839777186584,-0.45693584557647127,0.35391412147617857
adjusted_rand_score,0.9555608365019012,0.8342938639881433,0.7332862671526604,1.0,0.26283269961977185,-0.27067490494296575,0.30727186311787075
calinski_harabasz,0.24453422053231938,0.3744281392147329,0.3894839777186584,0.26283269961977185,1.0,-0.9686311787072244,0.971958174904943
davies_bouldin,-0.27423954372623577,-0.44073435999601535,-0.45693584557647127,-0.27067490494296575,-0.9686311787072244,1.0,-0.9370247148288974
silhouette,0.27495247148288976,0.3465034763408953,0.35391412147617857,0.30727186311787075,0.971958174904943,-0.9370247148288974,1.0
