,abilities,v_measure,mutual_info,adjusted_rand_score,calinski_harabasz,davies_bouldin,silhouette
abilities,1.0,0.8992395437262357,0.8109913056836014,0.9296577946768061,0.2571292775665399,-0.29348859315589354,0.2606939163498099
v_measure,0.8992395437262357,1.0,0.9492095364263918,0.8348384030418251,0.37167300380228135,-0.43393536121673004,0.35456273764258556
mutual_info,0.8109913056836014,0.9492095364263918,1.0,0.7342694822506413,0.3907460309725185,-0.45474035811504965,0.3632689128128071
adjusted_rand_score,0.9296577946768061,0.8348384030418251,0.7342694822506413,1.0,0.2606939163498099,-0.2644961977186312,0.30655893536121676
calinski_harabasz,0.2571292775665399,0.37167300380228135,0.3907460309725185,0.2606939163498099,1.0,-0.971958174904943,0.9807509505703422
davies_bouldin,-0.29348859315589354,-0.43393536121673004,-0.45474035811504965,-0.2644961977186312,-0.971958174904943,1.0,-0.9443916349809885
silhouette,0.2606939163498099,0.35456273764258556,0.3632689128128071,0.30655893536121676,0.9807509505703422,-0.9443916349809885,1.0
