,abilities,v_measure,mutual_info,adjusted_rand_score,calinski_harabasz,davies_bouldin,silhouette
abilities,1.0,0.8480779528960802,0.7540149437853255,0.9541349809885932,0.2461977186311787,-0.2709125475285171,0.27281368821292773
v_measure,0.8480779528960802,1.0,0.942128596750367,0.8402352816208748,0.37157625875102185,-0.43407997224735617,0.3455528495196583
mutual_info,0.7540149437853255,0.942128596750367,1.0,0.7284410026410055,0.3932439508052195,-0.45807091789198434,0.35648884469547576
adjusted_rand_score,0.9541349809885932,0.8402352816208748,0.7284410026410055,1.0,0.2647338403041825,-0.26924904942965777,0.30038022813688214
calinski_harabasz,0.2461977186311787,0.37157625875102185,0.3932439508052195,0.2647338403041825,1.0,-0.971958174904943,0.9774239543726235
davies_bouldin,-0.2709125475285171,-0.43407997224735617,-0.45807091789198434,-0.26924904942965777,-0.971958174904943,1.0,-0.9408269961977186
silhouette,0.27281368821292773,0.3455528495196583,0.35648884469547576,0.30038022813688214,0.9774239543726235,-0.9408269961977186,1.0
