,abilities,v_measure,mutual_info,adjusted_rand_score,calinski_harabasz,davies_bouldin,silhouette
abilities,1.0,0.8451021846370683,0.8562367864693446,0.8684989429175476,0.786046511627907,-0.6631430584918957,0.5704016913319239
v_measure,0.8451021846370683,1.0,0.9873150105708245,0.9594080338266385,0.9193798449612403,-0.8738548273431994,0.6339675828047922
mutual_info,0.8562367864693446,0.9873150105708245,1.0,0.9570119802677942,0.8988019732205779,-0.8535588442565186,0.6045102184637068
adjusted_rand_score,0.8684989429175476,0.9594080338266385,0.9570119802677942,1.0,0.8747004933051444,-0.7788583509513742,0.6231148696264975
calinski_harabasz,0.786046511627907,0.9193798449612403,0.8988019732205779,0.8747004933051444,1.0,-0.9350246652572234,0.6721634954193094
davies_bouldin,-0.6631430584918957,-0.8738548273431994,-0.8535588442565186,-0.7788583509513742,-0.9350246652572234,1.0,-0.5994362226920367
silhouette,0.5704016913319239,0.6339675828047922,0.6045102184637068,0.6231148696264975,0.6721634954193094,-0.5994362226920367,1.0
