,abilities,v_measure,mutual_info,adjusted_rand_score,calinski_harabasz,davies_bouldin,silhouette
abilities,1.0,0.7272104180945853,0.770995444099504,0.817441438535661,0.7235818247792606,-0.4153932991976777,0.3448373180663629
v_measure,0.7272104180945853,1.0,0.8899326694351489,0.909285167116881,0.8659033181469984,-0.7023747127363625,0.6585090513244366
mutual_info,0.770995444099504,0.8899326694351489,1.0,0.8151030117324517,0.788090150385034,-0.5889206950772085,0.45748498165544493
adjusted_rand_score,0.817441438535661,0.909285167116881,0.8151030117324517,1.0,0.7801072450913196,-0.5539249284360763,0.5115913397572874
calinski_harabasz,0.7235818247792606,0.8659033181469984,0.788090150385034,0.7801072450913196,1.0,-0.8692900052413014,0.7497076966495988
davies_bouldin,-0.4153932991976777,-0.7023747127363625,-0.5889206950772085,-0.5539249284360763,-0.8692900052413014,1.0,-0.8444542998830786
silhouette,0.3448373180663629,0.6585090513244366,0.45748498165544493,0.5115913397572874,0.7497076966495988,-0.8444542998830786,1.0
