,abilities,v_measure,mutual_info,adjusted_rand_score,calinski_harabasz,davies_bouldin,silhouette
abilities,1.0,0.8054968287526427,0.8144754929472486,0.8790697674418605,0.7016208597603947,-0.5878787878787879,0.5293868921775898
v_measure,0.8054968287526427,1.0,0.9846012902973099,0.9375616631430584,0.91092318534179,-0.8525722339675829,0.5911205073995772
mutual_info,0.8144754929472486,0.9846012902973099,1.0,0.9440783683932978,0.8931956734112165,-0.8023538536994398,0.5447690196835019
adjusted_rand_score,0.8790697674418605,0.9375616631430584,0.9440783683932978,1.0,0.8269203664552501,-0.7114869626497533,0.5315010570824524
calinski_harabasz,0.7016208597603947,0.91092318534179,0.8931956734112165,0.8269203664552501,1.0,-0.8993657505285412,0.6562367864693446
davies_bouldin,-0.5878787878787879,-0.8525722339675829,-0.8023538536994398,-0.7114869626497533,-0.8993657505285412,1.0,-0.604369274136716
silhouette,0.5293868921775898,0.5911205073995772,0.5447690196835019,0.5315010570824524,0.6562367864693446,-0.604369274136716,1.0
