,abilities,v_measure,mutual_info,adjusted_rand_score,calinski_harabasz,davies_bouldin,silhouette
abilities,1.0,0.49363252674714914,0.4188102026607947,0.5204011692119875,0.5119047619047619,-0.5170995670995671,0.7760461760461761
v_measure,0.49363252674714914,1.0,0.9744570315318566,0.9724366837434159,0.8622966202083139,-0.8444027567816833,0.5825606988169966
mutual_info,0.4188102026607947,0.9744570315318566,1.0,0.9451619885994661,0.8351672143679385,-0.8283127102327372,0.5528337966727555
adjusted_rand_score,0.5204011692119875,0.9724366837434159,0.9451619885994661,1.0,0.8350229090177237,-0.813882175211261,0.5904253404037011
calinski_harabasz,0.5119047619047619,0.8622966202083139,0.8351672143679385,0.8350229090177237,1.0,-0.9807359307359307,0.5825396825396826
davies_bouldin,-0.5170995670995671,-0.8444027567816833,-0.8283127102327372,-0.813882175211261,-0.9807359307359307,1.0,-0.5772727272727273
silhouette,0.7760461760461761,0.5825606988169966,0.5528337966727555,0.5904253404037011,0.5825396825396826,-0.5772727272727273,1.0
