,abilities,v_measure,mutual_info,adjusted_rand_score,calinski_harabasz,davies_bouldin,silhouette
abilities,1.0,-0.03806602925082954,-0.09518483118453472,-0.10488904931958433,0.15239469671454522,-0.3066820609034493,0.5518833886563718
v_measure,-0.03806602925082954,1.0,0.9955797717534957,0.9548242765389334,0.8394999402757399,-0.7698358294745962,0.40050514188076575
mutual_info,-0.09518483118453472,0.9955797717534957,1.0,0.9548054198966782,0.8309279887036505,-0.7605044302033503,0.37514658446762983
adjusted_rand_score,-0.10488904931958433,0.9548242765389334,0.9548054198966782,1.0,0.7719589445650564,-0.6820133506153364,0.3559805161978049
calinski_harabasz,0.15239469671454522,0.8394999402757399,0.8309279887036505,0.7719589445650564,1.0,-0.9544150821227697,0.5494001992351076
davies_bouldin,-0.3066820609034493,-0.7698358294745962,-0.7605044302033503,-0.6820133506153364,-0.9544150821227697,1.0,-0.5824072737768797
silhouette,0.5518833886563718,0.40050514188076575,0.37514658446762983,0.3559805161978049,0.5494001992351076,-0.5824072737768797,1.0
