,abilities,v_measure,mutual_info,adjusted_rand_score,calinski_harabasz,davies_bouldin,silhouette
abilities,1.0,0.8013287959812024,0.7824663749797439,0.8435909901150543,0.7935504780424566,-0.5693404634581105,0.6632636525684654
v_measure,0.8013287959812024,1.0,0.931745260087506,0.9761464916545131,0.9043266893534273,-0.7880408361691784,0.7403338194782045
mutual_info,0.7824663749797439,0.931745260087506,1.0,0.9235780262518231,0.8212283260411603,-0.6886728245017015,0.6411602657591963
adjusted_rand_score,0.8435909901150543,0.9761464916545131,0.9235780262518231,1.0,0.8687408847836655,-0.7127207907956571,0.6970993356020094
calinski_harabasz,0.7935504780424566,0.9043266893534273,0.8212283260411603,0.8687408847836655,1.0,-0.8975206611570248,0.7408523740074542
davies_bouldin,-0.5693404634581105,-0.7880408361691784,-0.6886728245017015,-0.7127207907956571,-0.8975206611570248,1.0,-0.7476584022038567
silhouette,0.6632636525684654,0.7403338194782045,0.6411602657591963,0.6970993356020094,0.7408523740074542,-0.7476584022038567,1.0
