,abilities,v_measure,mutual_info,adjusted_rand_score,calinski_harabasz,davies_bouldin,silhouette
abilities,1.0,0.8096904877653541,0.7844757737805866,0.8514341273699563,0.7945227677847999,-0.5681088964511425,0.6613838923999352
v_measure,0.8096904877653541,1.0,0.9344028520499109,0.9764705882352941,0.9044563279857397,-0.7897909577053962,0.7409171933236104
mutual_info,0.7844757737805866,0.9344028520499109,1.0,0.92448549667801,0.8236266407389402,-0.6880246313401394,0.6425862907146329
adjusted_rand_score,0.8514341273699563,0.9764705882352941,0.92448549667801,1.0,0.8688057040998217,-0.7124615135310323,0.6974234321827905
calinski_harabasz,0.7945227677847999,0.9044563279857397,0.8236266407389402,0.8688057040998217,1.0,-0.8974558418408686,0.7410468319559229
davies_bouldin,-0.5681088964511425,-0.7897909577053962,-0.6880246313401394,-0.7124615135310323,-0.8974558418408686,1.0,-0.7466861124615135
silhouette,0.6613838923999352,0.7409171933236104,0.6425862907146329,0.6974234321827905,0.7410468319559229,-0.7466861124615135,1.0
