,abilities,v_measure,mutual_info,adjusted_rand_score,calinski_harabasz,davies_bouldin,silhouette
abilities,1.0,0.8178577216010371,0.7813644466050883,0.8619996759034192,0.7887538486468968,-0.5898881866796305,0.6584670231729055
v_measure,0.8178577216010371,1.0,0.9299951385512882,0.9789337222492303,0.8909739102252471,-0.7899854156538648,0.7306757413709285
mutual_info,0.7813644466050883,0.9299951385512882,1.0,0.9333009236752552,0.8139685626316643,-0.6884783665532329,0.6391508669583535
adjusted_rand_score,0.8619996759034192,0.9789337222492303,0.9333009236752552,1.0,0.8487765354075515,-0.7102576567817209,0.6819316156214552
calinski_harabasz,0.7887538486468968,0.8909739102252471,0.8139685626316643,0.8487765354075515,1.0,-0.8907794522767785,0.7313239345324907
davies_bouldin,-0.5898881866796305,-0.7899854156538648,-0.6884783665532329,-0.7102576567817209,-0.8907794522767785,1.0,-0.7484362339977313
silhouette,0.6584670231729055,0.7306757413709285,0.6391508669583535,0.6819316156214552,0.7313239345324907,-0.7484362339977313,1.0
