,abilities,v_measure,mutual_info,adjusted_rand_score,calinski_harabasz,davies_bouldin,silhouette
abilities,1.0,0.8036104945228619,0.7956375894350368,0.8476559336056032,0.7600512081893783,-0.5291286522920042,0.6582184123115469
v_measure,0.8036104945228619,1.0,0.929930319235132,0.9792578188300114,0.8935018635553394,-0.7902446929184898,0.7250364608653379
mutual_info,0.7956375894350368,0.929930319235132,1.0,0.9279857397504456,0.8110516934046346,-0.6818019769891428,0.6125749473343056
adjusted_rand_score,0.8476559336056032,0.9792578188300114,0.9279857397504456,1.0,0.8588235294117647,-0.7252957381299627,0.6853022200615784
calinski_harabasz,0.7600512081893783,0.8935018635553394,0.8110516934046346,0.8588235294117647,1.0,-0.8927240317614649,0.7351482741857074
davies_bouldin,-0.5291286522920042,-0.7902446929184898,-0.6818019769891428,-0.7252957381299627,-0.8927240317614649,1.0,-0.7379355047804246
silhouette,0.6582184123115469,0.7250364608653379,0.6125749473343056,0.6853022200615784,0.7351482741857074,-0.7379355047804246,1.0
