,abilities,v_measure,mutual_info,adjusted_rand_score,calinski_harabasz,davies_bouldin,silhouette
abilities,1.0,0.5171154231462787,0.5323736571983416,0.5323736571983416,0.42564308062204276,-0.37914399765732165,0.20741950896228595
v_measure,0.5171154231462787,1.0,0.998489588952422,0.9530693710216852,0.7824545720758904,-0.6967772760199128,0.3081238537059014
mutual_info,0.5323736571983416,0.998489588952422,1.0,0.9576160165220474,0.7799577701400984,-0.6926930012484009,0.2954394833777723
adjusted_rand_score,0.5323736571983416,0.9530693710216852,0.9576160165220474,1.0,0.7406254334725583,-0.6449917543886688,0.2963642248354731
calinski_harabasz,0.42564308062204276,0.7824545720758904,0.7799577701400984,0.7406254334725583,1.0,-0.8925450426151689,0.31126797466208406
davies_bouldin,-0.37914399765732165,-0.6967772760199128,-0.6926930012484009,-0.6449917543886688,-0.8925450426151689,1.0,-0.3284065163448053
silhouette,0.20741950896228595,0.3081238537059014,0.2954394833777723,0.2963642248354731,0.31126797466208406,-0.3284065163448053,1.0
