,abilities,v_measure,mutual_info,adjusted_rand_score,calinski_harabasz,davies_bouldin,silhouette
abilities,1.0,0.9560175655276519,0.930491206603756,0.9577329490874159,0.9498421847125017,-0.7535336901331138,0.7662961438177577
v_measure,0.9560175655276519,1.0,0.8896520024819023,0.9936873885000687,0.9269932756964457,-0.8143268834911486,0.8184438040345822
mutual_info,0.930491206603756,0.8896520024819023,1.0,0.8847457698378218,0.9046816588211632,-0.6862506533572389,0.6703917745992602
adjusted_rand_score,0.9577329490874159,0.9936873885000687,0.8847457698378218,1.0,0.9197886647454371,-0.8116508851379168,0.8148758062302731
calinski_harabasz,0.9498421847125017,0.9269932756964457,0.9046816588211632,0.9197886647454371,1.0,-0.82063949499108,0.7630712227254014
davies_bouldin,-0.7535336901331138,-0.8143268834911486,-0.6862506533572389,-0.8116508851379168,-0.82063949499108,1.0,-0.8253739536160285
silhouette,0.7662961438177577,0.8184438040345822,0.6703917745992602,0.8148758062302731,0.7630712227254014,-0.8253739536160285,1.0
