,abilities,v_measure,mutual_info,adjusted_rand_score,calinski_harabasz,davies_bouldin,silhouette
abilities,1.0,0.9616071428571429,0.9367626551607952,0.9638736263736264,0.9146291208791208,-0.7387362637362638,0.7784340659340659
v_measure,0.9616071428571429,1.0,0.9199829614261591,0.995260989010989,0.9158653846153846,-0.8002747252747253,0.8302197802197803
mutual_info,0.9367626551607952,0.9199829614261591,1.0,0.9159088794082845,0.8979552976345998,-0.696115607155829,0.714966868018198
adjusted_rand_score,0.9638736263736264,0.995260989010989,0.9159088794082845,1.0,0.9076236263736264,-0.7978708791208792,0.8228021978021978
calinski_harabasz,0.9146291208791208,0.9158653846153846,0.8979552976345998,0.9076236263736264,1.0,-0.7775412087912088,0.778021978021978
davies_bouldin,-0.7387362637362638,-0.8002747252747253,-0.696115607155829,-0.7978708791208792,-0.7775412087912088,1.0,-0.8438186813186813
silhouette,0.7784340659340659,0.8302197802197803,0.714966868018198,0.8228021978021978,0.778021978021978,-0.8438186813186813,1.0
