,abilities,v_measure,mutual_info,adjusted_rand_score,calinski_harabasz,davies_bouldin,silhouette
abilities,1.0,0.9582132564841499,0.9164847871556995,0.9604775627830383,0.9193083573487032,-0.7577192260189378,0.7918210511870454
v_measure,0.9582132564841499,1.0,0.8999665665659622,0.9936187731576781,0.9129957458487717,-0.8116508851379168,0.8296281048442432
mutual_info,0.9164847871556995,0.8999665665659622,1.0,0.892882392463669,0.8846923960624812,-0.6969445038782907,0.6873722296034848
adjusted_rand_score,0.9604775627830383,0.9936187731576781,0.892882392463669,1.0,0.9060655962673254,-0.8117195004803074,0.8247564155345135
calinski_harabasz,0.9193083573487032,0.9129957458487717,0.8846923960624812,0.9060655962673254,1.0,-0.7885275147522987,0.7770001372306847
davies_bouldin,-0.7577192260189378,-0.8116508851379168,-0.6969445038782907,-0.8117195004803074,-0.7885275147522987,1.0,-0.8493207081103334
silhouette,0.7918210511870454,0.8296281048442432,0.6873722296034848,0.8247564155345135,0.7770001372306847,-0.8493207081103334,1.0
