,abilities,v_measure,mutual_info,adjusted_rand_score,calinski_harabasz,davies_bouldin,silhouette
abilities,1.0,0.9567723342939481,0.9086487726460027,0.9580760257993688,0.9187594346095787,-0.7736379854535474,0.8078770413064361
v_measure,0.9567723342939481,1.0,0.8805220397770562,0.9936187731576781,0.9077123644846988,-0.8159050363661314,0.8344997941539728
mutual_info,0.9086487726460027,0.8805220397770562,1.0,0.8746896252312256,0.8801769264903208,-0.6944714668979267,0.6839110003238192
adjusted_rand_score,0.9580760257993688,0.9936187731576781,0.8746896252312256,1.0,0.9005077535336902,-0.8174145738987237,0.8304514889529299
calinski_harabasz,0.9187594346095787,0.9077123644846988,0.8801769264903208,0.9005077535336902,1.0,-0.7914779744750926,0.7795389048991355
davies_bouldin,-0.7736379854535474,-0.8159050363661314,-0.6944714668979267,-0.8174145738987237,-0.7914779744750926,1.0,-0.8480170166049129
silhouette,0.8078770413064361,0.8344997941539728,0.6839110003238192,0.8304514889529299,0.7795389048991355,-0.8480170166049129,1.0
