,abilities,v_measure,mutual_info,adjusted_rand_score,calinski_harabasz,davies_bouldin,silhouette
abilities,1.0,0.6765801972963098,0.6985385458531238,0.6616063354891953,0.6533065400073073,-0.5520277676287907,0.21899890390938984
v_measure,0.6765801972963098,1.0,0.9959079283887468,0.9457704217641686,0.893569601753745,-0.8790281329923274,0.3245889660211911
mutual_info,0.6985385458531238,0.9959079283887468,1.0,0.9546305684593381,0.8894775301424918,-0.8695286810376325,0.3021921812203142
adjusted_rand_score,0.6616063354891953,0.9457704217641686,0.9546305684593381,1.0,0.8399784433894742,-0.789886644960289,0.32939650527959136
calinski_harabasz,0.6533065400073073,0.893569601753745,0.8894775301424918,0.8399784433894742,1.0,-0.9290464011691634,0.3307636097917428
davies_bouldin,-0.5520277676287907,-0.8790281329923274,-0.8695286810376325,-0.789886644960289,-0.9290464011691634,1.0,-0.3419802703690172
silhouette,0.21899890390938984,0.3245889660211911,0.3021921812203142,0.32939650527959136,0.3307636097917428,-0.3419802703690172,1.0
