,abilities,v_measure,mutual_info,adjusted_rand_score,calinski_harabasz,davies_bouldin,silhouette
abilities,1.0,0.7206065034709536,0.7523200584581659,0.7724881256850566,0.6013883814395323,-0.5039093898428937,0.29364267446108877
v_measure,0.7206065034709536,1.0,0.9950310559006211,0.9366824990865912,0.8425283156740957,-0.7544026306174644,0.40266715381804896
mutual_info,0.7523200584581659,0.9950310559006211,1.0,0.9508951406649616,0.8333576909024479,-0.7319327731092437,0.37369382535622947
adjusted_rand_score,0.7724881256850566,0.9366824990865912,0.9508951406649616,1.0,0.782974059188893,-0.6694190719766168,0.3636828644501279
calinski_harabasz,0.6013883814395323,0.8425283156740957,0.8333576909024479,0.782974059188893,1.0,-0.9133723054439167,0.41998538545853126
davies_bouldin,-0.5039093898428937,-0.7544026306174644,-0.7319327731092437,-0.6694190719766168,-0.9133723054439167,1.0,-0.40347095359883084
silhouette,0.29364267446108877,0.40266715381804896,0.37369382535622947,0.3636828644501279,0.41998538545853126,-0.40347095359883084,1.0
