,abilities,v_measure,mutual_info,adjusted_rand_score,calinski_harabasz,davies_bouldin,silhouette
abilities,1.0,0.6654731457800511,0.6856777493606138,0.685239313116551,0.5470953598830837,-0.4570697844355133,0.28103763244428204
v_measure,0.6654731457800511,1.0,0.9960906101571063,0.9544026306174643,0.844282060650347,-0.7602849835586408,0.41501644135915233
mutual_info,0.6856777493606138,0.9960906101571063,1.0,0.9576543660942638,0.837851662404092,-0.7534892217756668,0.4001826817683595
adjusted_rand_score,0.685239313116551,0.9544026306174643,0.9576543660942638,1.0,0.8125319693094629,-0.7101936426744611,0.41402995981001095
calinski_harabasz,0.5470953598830837,0.844282060650347,0.837851662404092,0.8125319693094629,1.0,-0.9221775666788454,0.42309097552064306
davies_bouldin,-0.4570697844355133,-0.7602849835586408,-0.7534892217756668,-0.7101936426744611,-0.9221775666788454,1.0,-0.39609061015710634
silhouette,0.28103763244428204,0.41501644135915233,0.4001826817683595,0.41402995981001095,0.42309097552064306,-0.39609061015710634,1.0
