,abilities,v_measure,mutual_info,adjusted_rand_score,calinski_harabasz,davies_bouldin,silhouette
abilities,1.0,0.7044334975369458,0.3393541324575807,0.692391899288451,0.6945812807881774,-0.6798029556650246,0.7941981390257252
v_measure,0.7044334975369458,1.0,0.8111658456486043,0.9945265462506842,0.9857690202517789,-0.8456486042692939,0.8133552271483306
mutual_info,0.3393541324575807,0.8111658456486043,1.0,0.7941981390257252,0.7799671592775042,-0.7334428024083196,0.6130268199233716
adjusted_rand_score,0.692391899288451,0.9945265462506842,0.7941981390257252,1.0,0.9928845101258894,-0.8379857690202518,0.8122605363984674
calinski_harabasz,0.6945812807881774,0.9857690202517789,0.7799671592775042,0.9928845101258894,1.0,-0.8407224958949097,0.8221127531472359
davies_bouldin,-0.6798029556650246,-0.8456486042692939,-0.7334428024083196,-0.8379857690202518,-0.8407224958949097,1.0,-0.8029556650246306
silhouette,0.7941981390257252,0.8133552271483306,0.6130268199233716,0.8122605363984674,0.8221127531472359,-0.8029556650246306,1.0
