,abilities,v_measure,mutual_info,adjusted_rand_score,calinski_harabasz,davies_bouldin,silhouette
abilities,1.0,0.6891078270388615,0.3399014778325123,0.6792556102900931,0.6841817186644773,-0.6513409961685823,0.7920087575259989
v_measure,0.6891078270388615,1.0,0.8275862068965517,0.9906951286261632,0.9786535303776683,-0.8297755883962781,0.80623973727422
mutual_info,0.3399014778325123,0.8275862068965517,1.0,0.8002189381499726,0.7810618500273673,-0.752599890530925,0.6141215106732348
adjusted_rand_score,0.6792556102900931,0.9906951286261632,0.8002189381499726,1.0,0.9879584017515052,-0.8177339901477833,0.8045977011494253
calinski_harabasz,0.6841817186644773,0.9786535303776683,0.7810618500273673,0.9879584017515052,1.0,-0.8248494800218938,0.8188286808976464
davies_bouldin,-0.6513409961685823,-0.8297755883962781,-0.752599890530925,-0.8177339901477833,-0.8248494800218938,1.0,-0.789272030651341
silhouette,0.7920087575259989,0.80623973727422,0.6141215106732348,0.8045977011494253,0.8188286808976464,-0.789272030651341,1.0
