,abilities,v_measure,mutual_info,adjusted_rand_score,calinski_harabasz,davies_bouldin,silhouette
abilities,1.0,-0.2010958904109589,-0.3610958904109589,-0.3287671232876712,0.22794520547945205,-0.7046575342465753,0.7386301369863014
v_measure,-0.2010958904109589,1.0,0.9621917808219178,0.9347945205479452,0.812054794520548,-0.28164383561643835,0.1232876712328767
mutual_info,-0.3610958904109589,0.9621917808219178,1.0,0.9189041095890411,0.743013698630137,-0.21698630136986302,0.030684931506849315
adjusted_rand_score,-0.3287671232876712,0.9347945205479452,0.9189041095890411,1.0,0.7391780821917808,-0.10301369863013699,0.054246575342465755
calinski_harabasz,0.22794520547945205,0.812054794520548,0.743013698630137,0.7391780821917808,1.0,-0.6558904109589041,0.6350684931506849
davies_bouldin,-0.7046575342465753,-0.28164383561643835,-0.21698630136986302,-0.10301369863013699,-0.6558904109589041,1.0,-0.7934246575342466
silhouette,0.7386301369863014,0.1232876712328767,0.030684931506849315,0.054246575342465755,0.6350684931506849,-0.7934246575342466,1.0
