,abilities,v_measure,mutual_info,adjusted_rand_score,calinski_harabasz,davies_bouldin,silhouette
abilities,1.0,0.9177193925547641,0.8925259366189304,0.9180217712673028,0.8841553554629754,-0.8044953635264077,0.732529229942212
v_measure,0.9177193925547641,1.0,0.9347357869464996,0.9968082247009811,0.9208775702190566,-0.8622160999865609,0.700510684047843
mutual_info,0.8925259366189304,0.9347357869464996,1.0,0.9314992489022131,0.9037189640220877,-0.8062182554379584,0.6236404244084452
adjusted_rand_score,0.9180217712673028,0.9968082247009811,0.9314992489022131,1.0,0.9174170138422255,-0.8620817094476548,0.6990995833893294
calinski_harabasz,0.8841553554629754,0.9208775702190566,0.9037189640220877,0.9174170138422255,1.0,-0.8555637683107109,0.6452425749227254
davies_bouldin,-0.8044953635264077,-0.8622160999865609,-0.8062182554379584,-0.8620817094476548,-0.8555637683107109,1.0,-0.7063230748555301
silhouette,0.732529229942212,0.700510684047843,0.6236404244084452,0.6990995833893294,0.6452425749227254,-0.7063230748555301,1.0
