,abilities,v_measure,mutual_info,adjusted_rand_score,calinski_harabasz,davies_bouldin,silhouette
abilities,1.0,0.9101263271065717,0.8983508499714659,0.9102271200107512,0.8781077812122027,-0.7919634457734176,0.7260112888052681
v_measure,0.9101263271065717,1.0,0.9424820215179223,0.9968082247009811,0.9220198897997581,-0.8666845854051874,0.7054831339873673
mutual_info,0.8983508499714659,0.9424820215179223,1.0,0.9400377816881911,0.9088863664789277,-0.8054023091360342,0.6296698937915699
adjusted_rand_score,0.9102271200107512,0.9968082247009811,0.9400377816881911,1.0,0.91862652869238,-0.8663486090579223,0.7042736191372128
calinski_harabasz,0.8781077812122027,0.9220198897997581,0.9088863664789277,0.91862652869238,1.0,-0.8535815078618465,0.6464520897728799
davies_bouldin,-0.7919634457734176,-0.8666845854051874,-0.8054023091360342,-0.8663486090579223,-0.8535815078618465,1.0,-0.7045088025802984
silhouette,0.7260112888052681,0.7054831339873673,0.6296698937915699,0.7042736191372128,0.6464520897728799,-0.7045088025802984,1.0
