,abilities,v_measure,mutual_info,adjusted_rand_score,calinski_harabasz,davies_bouldin,silhouette
abilities,1.0,0.8943548387096775,0.8435483870967742,0.9399193548387097,0.864516129032258,-0.6826612903225806,0.7951612903225806
v_measure,0.8943548387096775,1.0,0.9701612903225807,0.9649193548387097,0.9133064516129032,-0.8120967741935484,0.7221774193548387
mutual_info,0.8435483870967742,0.9701612903225807,1.0,0.9375,0.8653225806451613,-0.7661290322580645,0.6754032258064516
adjusted_rand_score,0.9399193548387097,0.9649193548387097,0.9375,1.0,0.8681451612903226,-0.6798387096774193,0.6858870967741936
calinski_harabasz,0.864516129032258,0.9133064516129032,0.8653225806451613,0.8681451612903226,1.0,-0.902016129032258,0.8145161290322581
davies_bouldin,-0.6826612903225806,-0.8120967741935484,-0.7661290322580645,-0.6798387096774193,-0.902016129032258,1.0,-0.7205645161290323
silhouette,0.7951612903225806,0.7221774193548387,0.6754032258064516,0.6858870967741936,0.8145161290322581,-0.7205645161290323,1.0
