,abilities,v_measure,mutual_info,adjusted_rand_score,calinski_harabasz,davies_bouldin,silhouette
abilities,1.0,0.907258064516129,0.8766129032258064,0.9508064516129032,0.9145161290322581,-0.7314516129032258,0.8145161290322581
v_measure,0.907258064516129,1.0,0.9810483870967742,0.9528225806451613,0.9362903225806452,-0.8036290322580645,0.7137096774193549
mutual_info,0.8766129032258064,0.9810483870967742,1.0,0.9375,0.9032258064516129,-0.7637096774193548,0.6725806451612903
adjusted_rand_score,0.9508064516129032,0.9528225806451613,0.9375,1.0,0.8862903225806451,-0.665725806451613,0.7084677419354839
calinski_harabasz,0.9145161290322581,0.9362903225806452,0.9032258064516129,0.8862903225806451,1.0,-0.8858870967741935,0.817741935483871
davies_bouldin,-0.7314516129032258,-0.8036290322580645,-0.7637096774193548,-0.665725806451613,-0.8858870967741935,1.0,-0.7149193548387097
silhouette,0.8145161290322581,0.7137096774193549,0.6725806451612903,0.7084677419354839,0.817741935483871,-0.7149193548387097,1.0
