,abilities,v_measure,mutual_info,adjusted_rand_score,calinski_harabasz,davies_bouldin,silhouette
abilities,1.0,0.775,0.6784958195586073,0.6951612903225807,0.7737903225806452,-0.8524193548387097,0.8334677419354839
v_measure,0.775,1.0,0.9591692759703699,0.9439516129032258,0.8987903225806452,-0.7544354838709677,0.6346774193548387
mutual_info,0.6784958195586073,0.9591692759703699,1.0,0.9111805671873243,0.8904123444786953,-0.6599455623819678,0.578082470928537
adjusted_rand_score,0.6951612903225807,0.9439516129032258,0.9111805671873243,1.0,0.802016129032258,-0.5806451612903226,0.5375
calinski_harabasz,0.7737903225806452,0.8987903225806452,0.8904123444786953,0.802016129032258,1.0,-0.8,0.7725806451612903
davies_bouldin,-0.8524193548387097,-0.7544354838709677,-0.6599455623819678,-0.5806451612903226,-0.8,1.0,-0.7016129032258065
silhouette,0.8334677419354839,0.6346774193548387,0.578082470928537,0.5375,0.7725806451612903,-0.7016129032258065,1.0
