,abilities,v_measure,mutual_info,adjusted_rand_score,calinski_harabasz,davies_bouldin,silhouette
abilities,1.0,0.8939516129032258,0.8665322580645162,0.907258064516129,0.910483870967742,-0.7669354838709678,0.8520161290322581
v_measure,0.8939516129032258,1.0,0.9887096774193549,0.964516129032258,0.9169354838709678,-0.7987903225806452,0.722983870967742
mutual_info,0.8665322580645162,0.9887096774193549,1.0,0.9600806451612903,0.896774193548387,-0.7681451612903226,0.6983870967741935
adjusted_rand_score,0.907258064516129,0.964516129032258,0.9600806451612903,1.0,0.8733870967741936,-0.6745967741935484,0.6975806451612904
calinski_harabasz,0.910483870967742,0.9169354838709678,0.896774193548387,0.8733870967741936,1.0,-0.8995967741935483,0.8181451612903226
davies_bouldin,-0.7669354838709678,-0.7987903225806452,-0.7681451612903226,-0.6745967741935484,-0.8995967741935483,1.0,-0.7116935483870968
silhouette,0.8520161290322581,0.722983870967742,0.6983870967741935,0.6975806451612904,0.8181451612903226,-0.7116935483870968,1.0
