,abilities,v_measure,mutual_info,adjusted_rand_score,calinski_harabasz,davies_bouldin,silhouette
abilities,1.0,0.7903351716149177,0.8072574349676412,0.7935080959935534,0.7210344740751933,-0.5863614615597693,0.5123265593916043
v_measure,0.7903351716149177,1.0,0.9949132482183778,0.9493339376998816,0.8589811387273047,-0.7535695399259651,0.570647931303669
mutual_info,0.8072574349676412,0.9949132482183778,1.0,0.9532623202639067,0.8481529047367228,-0.7440507667900582,0.5478834579839339
adjusted_rand_score,0.7935080959935534,0.9493339376998816,0.9532623202639067,1.0,0.8004079474201103,-0.6562665256478054,0.5769937800609403
calinski_harabasz,0.7210344740751933,0.8589811387273047,0.8481529047367228,0.8004079474201103,1.0,-0.8702122837500944,0.5880738334466521
davies_bouldin,-0.5863614615597693,-0.7535695399259651,-0.7440507667900582,-0.6562665256478054,-0.8702122837500944,1.0,-0.5089521794968649
silhouette,0.5123265593916043,0.570647931303669,0.5478834579839339,0.5769937800609403,0.5880738334466521,-0.5089521794968649,1.0
