,abilities,v_measure,mutual_info,adjusted_rand_score,calinski_harabasz,davies_bouldin,silhouette
abilities,1.0,0.7632394046989499,0.7843418700108282,0.7909899020422553,0.6758580745889048,-0.6023268112109995,0.41215280400896476
v_measure,0.7632394046989499,1.0,0.9953665231296115,0.954269597844426,0.8763566769912619,-0.8105814509833548,0.46417869104278414
mutual_info,0.7843418700108282,0.9953665231296115,1.0,0.9580972526503991,0.8686006396212637,-0.8036815995567979,0.44690388053687896
adjusted_rand_score,0.7909899020422553,0.954269597844426,0.9580972526503991,1.0,0.8432172445921785,-0.7526629901034978,0.4552139205761628
calinski_harabasz,0.6758580745889048,0.8763566769912619,0.8686006396212637,0.8432172445921785,1.0,-0.926015461710861,0.4698698093727179
davies_bouldin,-0.6023268112109995,-0.8105814509833548,-0.8036815995567979,-0.7526629901034978,-0.926015461710861,1.0,-0.426607237289416
silhouette,0.41215280400896476,0.46417869104278414,0.44690388053687896,0.4552139205761628,0.4698698093727179,-0.426607237289416,1.0
