,abilities,v_measure,mutual_info,adjusted_rand_score,calinski_harabasz,davies_bouldin,silhouette
abilities,1.0,0.7652539598599885,0.7830324091561532,0.7909395381632294,0.6748507970083856,-0.6013698975095062,0.414570270202211
v_measure,0.7652539598599885,1.0,0.9951147037344816,0.9542192339654,0.8764070408702879,-0.8116390924429,0.4653874241394072
mutual_info,0.7830324091561532,0.9951147037344816,1.0,0.9573921583440357,0.8683488202261338,-0.8025735942182267,0.44755861096421645
adjusted_rand_score,0.7909395381632294,0.9542192339654,0.9573921583440357,1.0,0.8433179723502304,-0.7533177205308352,0.45783284228551285
calinski_harabasz,0.6748507970083856,0.8764070408702879,0.8683488202261338,0.8433179723502304,1.0,-0.9264687366220946,0.47027272040492557
davies_bouldin,-0.6013698975095062,-0.8116390924429,-0.8025735942182267,-0.7533177205308352,-0.9264687366220946,1.0,-0.4264057817733122
silhouette,0.414570270202211,0.4653874241394072,0.44755861096421645,0.45783284228551285,0.47027272040492557,-0.4264057817733122,1.0
