,abilities,v_measure,mutual_info,adjusted_rand_score,calinski_harabasz,davies_bouldin,silhouette
abilities,1.0,0.7642466822794691,0.7838885950995945,0.7925511822920601,0.6720807836619577,-0.6012691697514543,0.4184482888872101
v_measure,0.7642466822794691,1.0,0.9970788950164942,0.9542192339654,0.8765077686283398,-0.8116390924429,0.4653874241394072
mutual_info,0.7838885950995945,0.9970788950164942,1.0,0.9593563496260482,0.8699604643549647,-0.8036815995567979,0.4492206189720732
adjusted_rand_score,0.7925511822920601,0.9542192339654,0.9593563496260482,1.0,0.843972702777568,-0.7537709954420689,0.4585379365918763
calinski_harabasz,0.6720807836619577,0.8765077686283398,0.8699604643549647,0.843972702777568,1.0,-0.9272241948074841,0.47042381204200345
davies_bouldin,-0.6012691697514543,-0.8116390924429,-0.8036815995567979,-0.7537709954420689,-0.9272241948074841,1.0,-0.42670796504746794
silhouette,0.4184482888872101,0.4653874241394072,0.4492206189720732,0.4585379365918763,0.47042381204200345,-0.42670796504746794,1.0
