,abilities,v_measure,mutual_info,adjusted_rand_score,calinski_harabasz,davies_bouldin,silhouette
abilities,1.0,0.6736175533416691,0.8305737623953867,0.7250030250473924,0.7961521397168556,-0.7212923002460372,0.7320211349977817
v_measure,0.6736175533416691,1.0,0.7586568520248071,0.9668454805791957,0.886258218045416,-0.8334207235913362,0.8214818698826282
mutual_info,0.8305737623953867,0.7586568520248071,1.0,0.7733790462397603,0.7562367653045409,-0.7256630030718435,0.5688010488199176
adjusted_rand_score,0.7250030250473924,0.9668454805791957,0.7733790462397603,1.0,0.887548904932844,-0.8151091033759529,0.8085750010083491
calinski_harabasz,0.7961521397168556,0.886258218045416,0.7562367653045409,0.887548904932844,1.0,-0.9491792038075263,0.8093816803129916
davies_bouldin,-0.7212923002460372,-0.8334207235913362,-0.7256630030718435,-0.8151091033759529,-0.9491792038075263,1.0,-0.7184689226797887
silhouette,0.7320211349977817,0.8214818698826282,0.5688010488199176,0.8085750010083491,0.8093816803129916,-0.7184689226797887,1.0
