,abilities,v_measure,mutual_info,adjusted_rand_score,calinski_harabasz,davies_bouldin,silhouette
abilities,1.0,0.6748275722986327,0.8495482420592738,0.697414592828621,0.7828419311902554,-0.7137095147823983,0.7186302585407172
v_measure,0.6748275722986327,1.0,0.7506453700846589,0.9710402129633364,0.8915016335255919,-0.8374541201145485,0.8259992739886258
mutual_info,0.8495482420592738,0.7506453700846589,1.0,0.7526621496926241,0.7550016140378638,-0.726161665643961,0.5684091647089207
adjusted_rand_score,0.697414592828621,0.9710402129633364,0.7526621496926241,1.0,0.8873875690719154,-0.8132537409752753,0.8135764126971322
calinski_harabasz,0.7828419311902554,0.8915016335255919,0.7550016140378638,0.8873875690719154,1.0,-0.9499052151817046,0.8077683217037067
davies_bouldin,-0.7137095147823983,-0.8374541201145485,-0.726161665643961,-0.8132537409752753,-0.9499052151817046,1.0,-0.7183882547493244
silhouette,0.7186302585407172,0.8259992739886258,0.5684091647089207,0.8135764126971322,0.8077683217037067,-0.7183882547493244,1.0
