,abilities,v_measure,mutual_info,adjusted_rand_score,calinski_harabasz,davies_bouldin,silhouette
abilities,1.0,0.704029363126689,0.8186584923163797,0.7814705763723632,0.8071229782599927,-0.7258903722824991,0.749042068325737
v_measure,0.704029363126689,1.0,0.7546888234582342,0.9671681523010527,0.893195660065341,-0.8186584923163797,0.8228532247005204
mutual_info,0.8186584923163797,0.7546888234582342,1.0,0.781067236720042,0.7600129068688742,-0.7245190174646069,0.5677005606421167
adjusted_rand_score,0.7814705763723632,0.9671681523010527,0.781067236720042,1.0,0.8919856411083774,-0.8066389706772072,0.8091396765215988
calinski_harabasz,0.8071229782599927,0.893195660065341,0.7600129068688742,0.8919856411083774,1.0,-0.9218327753801476,0.8056709555116364
davies_bouldin,-0.7258903722824991,-0.8186584923163797,-0.7245190174646069,-0.8066389706772072,-0.9218327753801476,1.0,-0.706368733110152
silhouette,0.749042068325737,0.8228532247005204,0.5677005606421167,0.8091396765215988,0.8056709555116364,-0.706368733110152,1.0
