,abilities,v_measure,mutual_info,adjusted_rand_score,calinski_harabasz,davies_bouldin,silhouette
abilities,1.0,0.8980641258318209,0.8381069419237169,0.9591651542649727,0.51346037507562,-0.528886872353297,0.5314579552329098
v_measure,0.8980641258318209,1.0,0.9631116970752138,0.8994252873563219,0.587870538415003,-0.6270417422867514,0.5825771324863884
mutual_info,0.8381069419237169,0.9631116970752138,1.0,0.8297077120073633,0.5989180611526019,-0.6407628732583996,0.5817412576299689
adjusted_rand_score,0.9591651542649727,0.8994252873563219,0.8297077120073633,1.0,0.5195099818511797,-0.5223835450695705,0.5477918935269207
calinski_harabasz,0.51346037507562,0.587870538415003,0.5989180611526019,0.5195099818511797,1.0,-0.9821536600120992,0.9736842105263158
davies_bouldin,-0.528886872353297,-0.6270417422867514,-0.6407628732583996,-0.5223835450695705,-0.9821536600120992,1.0,-0.9503932244404114
silhouette,0.5314579552329098,0.5825771324863884,0.5817412576299689,0.5477918935269207,0.9736842105263158,-0.9503932244404114,1.0
