,abilities,v_measure,mutual_info,adjusted_rand_score,calinski_harabasz,davies_bouldin,silhouette
abilities,1.0,0.8962831329430518,0.835370453110698,0.956291591046582,0.5186025408348457,-0.5341802782819117,0.5391712038717483
v_measure,0.8962831329430518,1.0,0.9635237591292802,0.8986274442087652,0.5943963402744168,-0.6331152876307147,0.5798011120717498
mutual_info,0.835370453110698,0.9635237591292802,1.0,0.8284840765156194,0.6101632361112019,-0.6501950297243516,0.5846609403689875
adjusted_rand_score,0.956291591046582,0.8986274442087652,0.8284840765156194,1.0,0.5248033877797943,-0.5267695099818511,0.544010889292196
calinski_harabasz,0.5186025408348457,0.5943963402744168,0.6101632361112019,0.5248033877797943,1.0,-0.9821536600120992,0.9844222625529341
davies_bouldin,-0.5341802782819117,-0.6331152876307147,-0.6501950297243516,-0.5267695099818511,-0.9821536600120992,1.0,-0.9611312764670297
silhouette,0.5391712038717483,0.5798011120717498,0.5846609403689875,0.544010889292196,0.9844222625529341,-0.9611312764670297,1.0
