,abilities,v_measure,mutual_info,adjusted_rand_score,calinski_harabasz,davies_bouldin,silhouette
abilities,1.0,0.48695639307964067,0.4466741209718391,0.5071863870867204,0.47367641614216954,-0.47542391706775267,0.7099148463532026
v_measure,0.48695639307964067,1.0,0.9896626284766447,0.9623233908948194,0.7815945561622553,-0.7739231528711371,0.5295934009466851
mutual_info,0.4466741209718391,0.9896626284766447,1.0,0.9514232398329433,0.7708723631453257,-0.7679696700081459,0.5151391738962385
adjusted_rand_score,0.5071863870867204,0.9623233908948194,0.9514232398329433,1.0,0.7613941814729018,-0.7521825736600148,0.5406117871408778
calinski_harabasz,0.47367641614216954,0.7815945561622553,0.7708723631453257,0.7613941814729018,1.0,-0.9919141058867086,0.4718696778970752
davies_bouldin,-0.47542391706775267,-0.7739231528711371,-0.7679696700081459,-0.7521825736600148,-0.9919141058867086,1.0,-0.4685523880044428
silhouette,0.7099148463532026,0.5295934009466851,0.5151391738962385,0.5406117871408778,0.4718696778970752,-0.4685523880044428,1.0
