,abilities,v_measure,mutual_info,adjusted_rand_score,calinski_harabasz,davies_bouldin,silhouette
abilities,1.0,0.14235992833208758,0.10257853346109432,0.08165109081302527,0.2498056145979734,-0.3235906132300422,0.5287579327904693
v_measure,0.14235992833208758,1.0,0.9975413963683758,0.9440445510826743,0.7722213584648382,-0.7450292139665367,0.43125319362829223
mutual_info,0.10257853346109432,0.9975413963683758,1.0,0.9444888770401967,0.7658528278906173,-0.7380978830159891,0.4132139605134059
adjusted_rand_score,0.08165109081302527,0.9440445510826743,0.9444888770401967,1.0,0.7081509787809316,-0.6649634551659821,0.3946119270221931
calinski_harabasz,0.2498056145979734,0.7722213584648382,0.7658528278906173,0.7081509787809316,1.0,-0.9835606700137735,0.4571170450674605
davies_bouldin,-0.3235906132300422,-0.7450292139665367,-0.7380978830159891,-0.6649634551659821,-0.9835606700137735,1.0,-0.46976496201181855
silhouette,0.5287579327904693,0.43125319362829223,0.4132139605134059,0.3946119270221931,0.4571170450674605,-0.46976496201181855,1.0
