,abilities,v_measure,mutual_info,adjusted_rand_score,calinski_harabasz,davies_bouldin,silhouette
abilities,1.0,0.4848978504976611,0.4438750954467014,0.5087117819496261,0.47495001851166235,-0.47495001851166235,0.7052054794520548
v_measure,0.4848978504976611,1.0,0.9892183288409704,0.9621752910162613,0.7817722720686132,-0.7739231528711371,0.5299784520771272
mutual_info,0.4438750954467014,0.9892183288409704,1.0,0.9507716003672877,0.7705761699680624,-0.7679696700081459,0.5143098329999015
adjusted_rand_score,0.5087117819496261,0.9621752910162613,0.9507716003672877,1.0,0.7613645621551755,-0.751915999800478,0.5402859746458882
calinski_harabasz,0.47495001851166235,0.7817722720686132,0.7705761699680624,0.7613645621551755,1.0,-0.9914698259903739,0.4718696778970752
davies_bouldin,-0.47495001851166235,-0.7739231528711371,-0.7679696700081459,-0.751915999800478,-0.9914698259903739,1.0,-0.46825620140688634
silhouette,0.7052054794520548,0.5299784520771272,0.5143098329999015,0.5402859746458882,0.4718696778970752,-0.46825620140688634,1.0
