,abilities,v_measure,mutual_info,adjusted_rand_score,calinski_harabasz,davies_bouldin,silhouette
abilities,1.0,0.7716488843929532,0.7873380031683622,0.826389021434161,0.7527532303933732,-0.5768136964861719,0.5800584047487259
v_measure,0.7716488843929532,1.0,0.9589258106999027,0.9763327162025461,0.8942225106407344,-0.8028362567518562,0.6421277651594679
mutual_info,0.7873380031683622,0.9589258106999027,1.0,0.9514057221384536,0.8411238142499953,-0.7297730612868131,0.5699425495772336
adjusted_rand_score,0.826389021434161,0.9763327162025461,0.9514057221384536,1.0,0.8615082167465119,-0.7297730612868131,0.5974653102513695
calinski_harabasz,0.7527532303933732,0.8942225106407344,0.8411238142499953,0.8615082167465119,1.0,-0.9006355810890768,0.6083064531521386
davies_bouldin,-0.5768136964861719,-0.8028362567518562,-0.7297730612868131,-0.7297730612868131,-0.9006355810890768,1.0,-0.641631515660489
silhouette,0.5800584047487259,0.6421277651594679,0.5699425495772336,0.5974653102513695,0.6083064531521386,-0.641631515660489,1.0
