,abilities,v_measure,mutual_info,adjusted_rand_score,calinski_harabasz,davies_bouldin,silhouette
abilities,1.0,0.7732903250434219,0.7887504055885328,0.826389021434161,0.7539747676216288,-0.5772717729467677,0.5803637890557899
v_measure,0.7732903250434219,1.0,0.9588494646231367,0.976599927471227,0.8953295287538412,-0.80352337144275,0.6427003607352128
mutual_info,0.7887504055885328,0.9588494646231367,1.0,0.9514820682152196,0.8416582367873571,-0.7313763288988987,0.5703624529994465
adjusted_rand_score,0.826389021434161,0.976599927471227,0.9514820682152196,1.0,0.8617372549768099,-0.729925753440345,0.5975034832897524
calinski_harabasz,0.7539747676216288,0.8953295287538412,0.8416582367873571,0.8617372549768099,1.0,-0.9005210619739278,0.6081919340369897
davies_bouldin,-0.5772717729467677,-0.80352337144275,-0.7313763288988987,-0.729925753440345,-0.9005210619739278,1.0,-0.641746034775638
silhouette,0.5803637890557899,0.6427003607352128,0.5703624529994465,0.5975034832897524,0.6081919340369897,-0.641746034775638,1.0
