,abilities,v_measure,mutual_info,adjusted_rand_score,calinski_harabasz,davies_bouldin,silhouette
abilities,1.0,0.7867654075926174,0.7931021319641937,0.8448647720115282,0.7597007233790773,-0.603191266008818,0.5713167789590212
v_measure,0.7867654075926174,1.0,0.9570935048575191,0.9777069455843338,0.8872368446166473,-0.8029126028286221,0.6368217128242323
mutual_info,0.7931021319641937,0.9570935048575191,1.0,0.9556429293989656,0.8363903574905045,-0.7301166186322601,0.5690645696944249
adjusted_rand_score,0.8448647720115282,0.9777069455843338,0.9556429293989656,1.0,0.8501326513083809,-0.7292386387494513,0.5899070486515374
calinski_harabasz,0.7597007233790773,0.8872368446166473,0.8363903574905045,0.8501326513083809,1.0,-0.8946042410245644,0.6021987670108603
davies_bouldin,-0.603191266008818,-0.8029126028286221,-0.7301166186322601,-0.7292386387494513,-0.8946042410245644,1.0,-0.6420895921210849
silhouette,0.5713167789590212,0.6368217128242323,0.5690645696944249,0.5899070486515374,0.6021987670108603,-0.6420895921210849,1.0
