,abilities,v_measure,mutual_info,adjusted_rand_score,calinski_harabasz,davies_bouldin,silhouette
abilities,1.0,0.7745118622716776,0.7898192506632565,0.8278014238543316,0.7555398621953314,-0.576126581795278,0.5780352337144276
v_measure,0.7745118622716776,1.0,0.9586585994312218,0.9764472353176951,0.8947569331780963,-0.803599717519516,0.6428148798503617
mutual_info,0.7898192506632565,0.9586585994312218,1.0,0.9514057221384536,0.8411238142499953,-0.7290477735575364,0.5701715878075315
adjusted_rand_score,0.8278014238543316,0.9764472353176951,0.9514057221384536,1.0,0.8615082167465119,-0.7291241196343022,0.5975416563281354
calinski_harabasz,0.7555398621953314,0.8947569331780963,0.8411238142499953,0.8615082167465119,1.0,-0.9003301967820129,0.6082682801137557
davies_bouldin,-0.576126581795278,-0.803599717519516,-0.7290477735575364,-0.7291241196343022,-0.9003301967820129,1.0,-0.6413261313534251
silhouette,0.5780352337144276,0.6428148798503617,0.5701715878075315,0.5975416563281354,0.6082682801137557,-0.6413261313534251,1.0
