,abilities,v_measure,mutual_info,adjusted_rand_score,calinski_harabasz,davies_bouldin,silhouette
abilities,1.0,0.7615894039735099,0.768959962425028,0.7071376011773363,-0.10706401766004416,0.14201618837380428,-0.0025754231052244297
v_measure,0.7615894039735099,1.0,0.9856752731349455,0.9573215599705666,-0.5562913907284768,0.5559234731420162,-0.4264164827078734
mutual_info,0.768959962425028,0.9856752731349455,1.0,0.941999087543536,-0.5333676562476367,0.5270753244251455,-0.4117775972071449
adjusted_rand_score,0.7071376011773363,0.9573215599705666,0.941999087543536,1.0,-0.6810154525386314,0.6438557763061075,-0.459896983075791
calinski_harabasz,-0.10706401766004416,-0.5562913907284768,-0.5333676562476367,-0.6810154525386314,1.0,-0.9576894775570273,0.8384841795437822
davies_bouldin,0.14201618837380428,0.5559234731420162,0.5270753244251455,0.6438557763061075,-0.9576894775570273,1.0,-0.8958793230316409
silhouette,-0.0025754231052244297,-0.4264164827078734,-0.4117775972071449,-0.459896983075791,0.8384841795437822,-0.8958793230316409,1.0
