,abilities,v_measure,mutual_info,adjusted_rand_score,calinski_harabasz,davies_bouldin,silhouette
abilities,1.0,-0.1733382298934998,-0.1250241744282101,-0.39478516342269554,0.7866323907455013,-0.8145427836944547,0.7557840616966581
v_measure,-0.1733382298934998,1.0,0.9917109293140324,0.897172236503856,-0.5148733015056922,0.2754315093646713,-0.4939405067939772
mutual_info,-0.1250241744282101,0.9917109293140324,1.0,0.8751692209974707,-0.47575570800115347,0.20357918667956335,-0.4750181022523145
adjusted_rand_score,-0.39478516342269554,0.897172236503856,0.8751692209974707,1.0,-0.749173705471906,0.44326110907087773,-0.5813441057656996
calinski_harabasz,0.7866323907455013,-0.5148733015056922,-0.47575570800115347,-0.749173705471906,1.0,-0.7462357693720162,0.8060962174072714
davies_bouldin,-0.8145427836944547,0.2754315093646713,0.20357918667956335,0.44326110907087773,-0.7462357693720162,1.0,-0.6929856775615131
silhouette,0.7557840616966581,-0.4939405067939772,-0.4750181022523145,-0.5813441057656996,0.8060962174072714,-0.6929856775615131,1.0
