,abilities,v_measure,mutual_info,adjusted_rand_score,calinski_harabasz,davies_bouldin,silhouette
abilities,1.0,0.015785413356381346,0.05105643294640959,-0.21006408734868265,0.7661998575836696,-0.8003797768810824,0.821030144789936
v_measure,0.015785413356381346,1.0,0.993457661830721,0.9002433105876129,-0.3877514694383298,0.21589223229517043,-0.27215002124949195
mutual_info,0.05105643294640959,0.993457661830721,1.0,0.8760522212552937,-0.34358956157642073,0.16031005869187348,-0.254330063418362
adjusted_rand_score,-0.21006408734868265,0.9002433105876129,0.8760522212552937,1.0,-0.6370757180156658,0.40446237835271776,-0.43009731782577737
calinski_harabasz,0.7661998575836696,-0.3877514694383298,-0.34358956157642073,-0.6370757180156658,1.0,-0.8328981723237598,0.8231663897460242
davies_bouldin,-0.8003797768810824,0.21589223229517043,0.16031005869187348,0.40446237835271776,-0.8328981723237598,1.0,-0.7538571089484928
silhouette,0.821030144789936,-0.27215002124949195,-0.254330063418362,-0.43009731782577737,0.8231663897460242,-0.7538571089484928,1.0
